Input,Input_delayed,Liquid_levels,Error,Derivative_error,Integral_error,Valve_Positions
0,0,0,0,0,0,0
0,0,0,0,0,0,0
0.6,0,0,0.6,42221246506598.4,0,100
0.6,0,1.47208319822494e-30,0.6,0,1.70530256582424e-14,100
0.6,0,5.10960978950746e-05,0.599948903902105,-0.000304330499212929,0.100735178953274,100
0.6,0,0.000185332593153772,0.599814667406846,-0.000879415007906505,0.192303955562385,100
0.6,0,0.000471269953637734,0.599528730046362,-0.00148794760331586,0.307544319812064,100
0.6,0,0.00096915988286521,0.599030840117135,-0.00221109412728788,0.442492255824215,100
0.6,0,0.00117633038087188,0.598823669619128,-0.00272474276502517,0.48803064451368,100
0.6,0,0.00117633038087196,0.598823669619128,-0.00390625,0.488030644513697,99.9999999999999
0.6,0.6,0.00204704632160842,0.597952953678392,-0.00323776178352287,0.648956705211036,69.5180646264198
0.6,0.6,0.00308012682530079,0.596919873174699,-0.00384151526079592,0.809625633922161,60.4819771447618
0.6,0.6,0.0046414542115455,0.595358545788454,-0.00440420430789189,1.02096833457262,57.4990663691607
0.6,0.6,0.0069414581497747,0.593058541850225,-0.00506454393274339,1.29083364379569,56.8903343323394
0.6,0.6,0.0106114643953709,0.589388535604629,-0.00588977167619548,1.65926411223488,56.8680747722791
0.6,0.6,0.0167283072890536,0.583271692710946,-0.0069641549918746,2.17433494957185,57.0390184897389
0.6,0.6,0.0234069179857013,0.576593082014299,-0.00808887057269072,2.6532182407063,57.2511945693027
0.6,0.6,0.0309077810952088,0.569092218904791,-0.00908475035185546,3.12624333630332,57.6649791001842
0.6,0.6,0.0384264708400278,0.561573529159972,-0.00995560331169158,3.55323423983094,57.7975330052182
0.6,0.6,0.0456095957923733,0.554390404207627,-0.0106756410477253,3.92869885693251,57.3305944561137
0.6,0.6,0.0531596020261422,0.546840397973858,-0.0112989903559678,4.29664374806249,56.9795593183389
0.6,0.6,0.0619270980642118,0.538072901935788,-0.0118983749030749,4.69638875814426,56.875155442451
0.6,0.6,0.0719855074018474,0.528014492598153,-0.0124958099736943,5.12549121759,57.0406147878284
0.6,0.6,0.0822143077591981,0.517785692240802,-0.0130489477799698,5.53540963956599,57.2558356614482
0.6,0.6,0.0916445634554262,0.508355436544574,-0.0135091315917636,5.89358420875857,56.8111477118144
0.6,0.6,0.100704122665743,0.499295877334257,-0.0138858949614212,6.22230746733683,56.2170937351167
0.6,0.6,0.110606499218059,0.489393500781941,-0.014223718896171,6.56647781720343,55.8969846202713
0.6,0.6,0.12203695474746,0.47796304525254,-0.0145513954926299,6.94643556128392,55.8325489451359
0.6,0.6,0.134141667262308,0.465858332737692,-0.0148575188894594,7.33092767991926,56.0595947556171
0.6,0.6,0.145317311757673,0.454682688242327,-0.0151086374836496,7.67139470536303,55.8734404594002
0.6,0.6,0.15536478913678,0.44463521086322,-0.015297609061279,7.9667376285639,55.107478225616
0.6,0.6,0.165551096832926,0.434448903167074,-0.0154481861752533,8.25657061280341,54.5757336483413
0.6,0.6,0.177170759171086,0.422829240828914,-0.0155788942780899,8.57628119555617,54.3145291778238
0.6,0.6,0.190092331424019,0.409907668575981,-0.0156902778123823,8.91918387354037,54.3812074464906
0.6,0.6,0.202526712675956,0.397473287324044,-0.0157687816332922,9.23751641536153,54.5157080342704
0.6,0.6,0.213346349061165,0.386653650938835,-0.0158086329649817,9.50585199904134,53.7980693553739
0.6,0.6,0.223436440894937,0.376563559105063,-0.0158231958450123,9.74919580643792,53.0337395054291
0.6,0.6,0.234455553895825,0.365544446104175,-0.0158183739340014,10.0076725536127,52.6078446481849
0.6,0.6,0.247129046046458,0.352870953953542,-0.0157891741738896,10.2959960196528,52.4614523674352
0.6,0.6,0.260167271951618,0.339832728048382,-0.0157314472683688,10.5830498701961,52.7018563481381
0.6,0.6,0.271637857823841,0.328362142176159,-0.015650431763272,10.8279158666351,52.3650212717674
0.6,0.6,0.281594574896734,0.318405425103266,-0.0155604915279295,11.0348376864517,51.3982856015209
0.6,0.6,0.291666163737298,0.308333836262702,-0.0154641845484691,11.2389272599581,50.7932716639235
0.6,0.6,0.303270643523194,0.296729356476806,-0.0153439421581738,11.467722970909,50.476356228357
0.6,0.6,0.316073398601255,0.283926601398745,-0.015189757162931,11.712418145553,50.5625247801117
0.6,0.6,0.327962626337059,0.272037373662941,-0.015013792416671,11.9325410336196,50.7243461065908
0.6,0.6,0.337902108668623,0.262097891331377,-0.0148394309441614,12.1114185860898,49.7949960570137
0.6,0.6,0.347052232599031,0.252947767400969,-0.0146774618298161,12.2719570104008,48.9516744560921
0.6,0.6,0.357177416029619,0.242822583970381,-0.0145038526126799,12.4449990762422,48.5016925225354
0.6,0.6,0.36890292555879,0.23109707444121,-0.0142931402387138,12.639378859107,48.3596659474623
0.6,0.6,0.380732318556632,0.219267681443368,-0.0140509335396107,12.8289453803401,48.7175085063124
0.6,0.6,0.390745952710733,0.209254047289267,-0.0138096099870037,12.9843021971389,48.2807467325567
0.6,0.6,0.399222651876872,0.200777348123128,-0.013594199946402,13.112134518387,47.1831349554056
0.6,0.6,0.407850664208827,0.192149335791173,-0.013389554665884,13.2387253318519,46.5727439164082
0.6,0.6,0.417939739862424,0.182060260137575,-0.0131553920724731,13.3822067123423,46.2644896911497
0.6,0.6,0.429029603009679,0.170970396990321,-0.0128786652668237,13.5341875887883,46.4465426047753
0.6,0.6,0.439025577221803,0.160974422778197,-0.0125901490088075,13.6659491687835,46.6994009689754
0.6,0.6,0.447111660949418,0.152888339050582,-0.012329088319707,13.7688660426645,45.6009843613876
0.6,0.6,0.454503053053617,0.145496946946383,-0.0121016039475512,13.8599831792596,44.7380351832089
0.6,0.6,0.462809548269936,0.137190451730064,-0.0118645664249402,13.9589291205329,44.3127384269855
0.6,0.6,0.472500366669261,0.127499633330739,-0.0115831305167504,14.0696359808957,44.2274674471224
0.6,0.6,0.482115019264987,0.117884980735013,-0.0112712841787805,14.1742779893552,44.7605950273528
0.6,0.6,0.489990512929379,0.110009487070621,-0.0109758409048134,14.2560288577026,44.2541452102409
0.6,0.6,0.496526320211859,0.103473679788141,-0.0107249928628334,14.3210707594151,43.0782927565646
0.6,0.6,0.503230002290295,0.0967699977097046,-0.0104923862863748,14.385031671735,42.5004350275416
0.6,0.6,0.511168881548384,0.088831118451616,-0.0102272835128107,14.4570534394656,42.237999479818
0.6,0.6,0.519862215188242,0.0801377848117584,-0.0099177558227713,14.5310879610961,42.5534085811998
0.6,0.6,0.527499052309732,0.0725009476902678,-0.00960411932369784,14.5917609344845,42.9255375559116
0.6,0.6,0.533509317629817,0.0664906823701829,-0.00933040740663086,14.6365201566758,41.6995656959693
0.6,0.6,0.5389743660644,0.0610256339356002,-0.0090991740527059,14.6748075862098,40.8515344276117
0.6,0.6,0.545192456820771,0.0548075431792294,-0.00885896316061983,14.7154487796678,40.4762428839581
0.6,0.6,0.55247805839685,0.0475219416031504,-0.0085735852045904,14.7589091859804,40.4730738303795
0.6,0.6,0.559597105836205,0.0404028941637945,-0.00826176520823102,14.7967737916166,41.1961279747552
0.6,0.6,0.565269068846097,0.0347309311539032,-0.00797343603686573,14.8234883964522,40.6474595503211
0.6,0.6,0.569898472237327,0.0301015277626732,-0.00773566275728511,14.8428821431507,39.4332225960614
0.6,0.6,0.574670786677992,0.0253292133220081,-0.00751808616286938,14.8604679806728,38.9048493556084
0.6,0.6,0.580363924280154,0.0196360757198458,-0.00726898226565085,14.8780629953643,38.7058099733616
0.6,0.6,0.586562746252625,0.0134372537473753,-0.00697912824601517,14.8927320696175,39.1597585240587
0.6,0.6,0.590830004858287,0.00916999514171268,-0.00671367269117504,14.8999101315454,38.2872938827768
0.6,0.6,0.59496076996347,0.00503923003652995,-0.00649892763553713,14.9044189722975,37.7625699176562
0.6,0.6,0.599808957165488,0.000191042834512323,-0.00626389356972689,14.9064306414607,37.5723556000474
0.6,0.6,0.605073778300161,-0.00507377830016098,-0.00599266330856151,14.9042687087383,37.9730039806364
0.6,0.6,0.609645631009584,-0.00964563100958427,-0.00572113484737771,14.8983762130097,38.4740107767681
0.6,0.6,0.613185618338793,-0.0131856183387932,-0.00548672553717078,14.8910051131158,37.3059736900861
0.6,0.6,0.616351838440843,-0.0163518384408431,-0.00529271534235697,14.8821649930884,36.5012775500254
0.6,0.6,0.619910198551285,-0.0199101985512846,-0.00509433209116327,14.8694922018598,36.1953328711901
0.6,0.6,0.624036844338121,-0.024036844338121,-0.00486085415047879,14.8508231480171,36.2736307874997
0.6,0.6,0.628024164413943,-0.0280241644139432,-0.00460813184927517,14.8282859046164,37.1057727715452
0.6,0.6,0.631150882269669,-0.0311508822696687,-0.00437602258755319,14.8071385440162,36.673000886414
0.6,0.6,0.633654484731137,-0.0336544847311369,-0.00418692313062849,14.7877587752105,35.49658829951
0.6,0.6,0.636191376198252,-0.0361913761982524,-0.00401757263798054,14.7657012246882,35.0269246911425
0.6,0.6,0.639176170607305,-0.039176170607305,-0.00382551329396753,14.736288782975,34.9068915614188
0.6,0.6,0.642381975046809,-0.0423819750468089,-0.00360373961418384,14.6999986555884,35.4471863773669
0.6,0.6,0.644549648485903,-0.0445496484859031,-0.00340121791816391,14.6722920508201,34.6629397751623
0.6,0.6,0.646614395315491,-0.0466143953154912,-0.00323971950138445,14.643236472013,34.2122347014327
0.6,0.6,0.64898748807114,-0.0489874880711397,-0.00306487972916513,14.6062157955901,34.1088616746026
0.6,0.6,0.651499813284098,-0.0514998132840977,-0.00286569364810369,14.5621556335705,34.6011181251311
0.6,0.6,0.653627655111169,-0.0536276551111691,-0.00266840063122409,14.5202327058126,35.1646353388784
0.6,0.6,0.65524050691031,-0.0552405069103098,-0.00249843900178196,14.4850892590845,34.082286953753
0.6,0.6,0.656656091070444,-0.0566560910704436,-0.00235983720432376,14.4515242540079,33.3521698708426
0.6,0.6,0.658209185574272,-0.0582091855742716,-0.00221943078575035,14.4113286737305,33.1232254628326
0.6,0.6,0.659953389155207,-0.059953389155207,-0.00205576643833308,14.3611915987257,33.2941420484006
0.6,0.6,0.661577104860897,-0.0615771048608971,-0.00188093090227363,14.308727296418,34.2020400608681
0.6,0.6,0.662805074975898,-0.0628050749758977,-0.00172077466372116,14.2643428341787,33.8342869748766
0.6,0.6,0.663758017844129,-0.0637580178441286,-0.0015912814101312,14.2264437783776,32.7367357457823
0.6,0.6,0.664693286654139,-0.0646932866541394,-0.0014773500715057,14.1857806866273,32.3364371850019
0.6,0.6,0.665746797666914,-0.0657467976669144,-0.00134888328973829,14.1348354965616,32.2983097740701
0.6,0.6,0.666814852686951,-0.066814852686951,-0.00120237343152969,14.0759502992564,32.9278098411749
0.6,0.6,0.667495592623256,-0.0674955926232564,-0.00106842719745238,14.033159958133,32.2038881297618
0.6,0.6,0.668109671527954,-0.0681096715279541,-0.000963802133780427,13.9899568485232,31.8148005922038
0.6,0.6,0.668768798574149,-0.0687687985741485,-0.000851563782250189,13.9369778758731,31.7857625770993
0.6,0.6,0.669404389505023,-0.0694043895050228,-0.000725009154224317,13.8764048663505,32.3602166969058
0.6,0.6,0.669883528343075,-0.0698835283430745,-0.000600652369162695,13.82084627781,33.0010111146307
0.6,0.6,0.670201830247765,-0.0702018302477647,-0.000492921317630381,13.7756145680392,31.979573671102
0.6,0.6,0.670446274669056,-0.0704462746690558,-0.000407542645681256,13.7334321058335,31.3029188186519
0.6,0.6,0.670671649263706,-0.0706716492637062,-0.000322191371368774,13.6840722891891,31.1364018025769
0.6,0.6,0.670861127728703,-0.0708611277287033,-0.000223376806244123,13.6240393412837,31.3813051388052
0.6,0.6,0.670964088812428,-0.0709640888124284,-0.000119247906135632,13.562807698298,32.3637785197019
0.6,0.6,0.670980706596614,-0.0709807065966144,-2.32771669608994e-05,13.5121383092433,32.060668774051
0.6,0.6,0.670948640843784,-0.0709486408437842,5.35383062909932e-05,13.4696340502136,31.0122154604637
0.6,0.6,0.670873572646602,-0.070873572646602,0.000118614927693846,13.4247543504942,30.6633260847006
0.6,0.6,0.670723863644963,-0.0707238636449633,0.000191753168082848,13.3694754477277,30.6879266318247
0.6,0.6,0.670480447222203,-0.0704804472222033,0.000274034474287134,13.3067574947677,31.3863654648579
0.6,0.6,0.670257182116884,-0.0702571821168837,0.000350300317052008,13.2619063805335,30.7141343257596
0.6,0.6,0.669997418441766,-0.0699974184417657,0.000407566142600758,13.2172088962351,30.3742498843112
0.6,0.6,0.669635026932047,-0.0696350269320474,0.000468196150652743,13.1631671331565,30.4034264329524
0.6,0.6,0.669165717518763,-0.0691657175187625,0.000535496441818432,13.1023414602272,31.0411930892249
0.6,0.6,0.66868642004262,-0.06868642004262,0.000600996215588163,13.0473717316054,31.7359781507248
0.6,0.6,0.66826080836626,-0.0682608083662603,0.000659015249797019,13.0031490204184,30.7621576054343
0.6,0.6,0.667839401118474,-0.0678394011184741,0.000702319495201968,12.962316617803,30.1279329567715
0.6,0.6,0.667318465900619,-0.0673184659006189,0.000744575335609162,12.9150340759688,30.0087342423486
0.6,0.6,0.666645818197223,-0.0666458181972234,0.00079308650059663,12.8582215238267,30.3094868285362
0.6,0.6,0.665918269126573,-0.0659182691265729,0.000842888028640421,12.8010084863521,31.3448581514166
0.6,0.6,0.665282950879491,-0.0652829508794913,0.000890009751946233,12.754180923746,31.0855130065943
0.6,0.6,0.664727561872387,-0.0647275618723874,0.000927082577128698,12.7152378663611,30.0757688293338
0.6,0.6,0.664122564624339,-0.0641225646243394,0.000955657133068633,12.6744516046124,29.7651648795401
0.6,0.6,0.663351285278477,-0.063351285278477,0.000987806084532075,12.6246844182752,29.8355032346737
0.6,0.6,0.662442858137251,-0.0624428581372515,0.00102290887246125,12.5688256849504,30.5838544765279
0.6,0.6,0.661769056313203,-0.0617690563132034,0.00105716797841222,12.5292413862134,29.9466589811185
0.6,0.6,0.661080565236605,-0.0610805652366052,0.00108021482522764,12.4900909000803,29.6409973221882
0.6,0.6,0.66022619421453,-0.0602261942145305,0.00110387003999837,12.4431456640617,29.7106452677448
0.6,0.6,0.659236689913393,-0.0592366899133926,0.00112911953883574,12.3907996659252,30.3925426124775
0.6,0.6,0.658316961473152,-0.0583169614731519,0.0011532496468729,12.3439257532815,31.1263506599059
0.6,0.6,0.657557004741593,-0.0575570047415931,0.00117663415267114,12.3065064454878,30.1840009571091
0.6,0.6,0.656842445194278,-0.0568424451942777,0.00119082930963207,12.2721836322111,29.5777858868791
0.6,0.6,0.656000453278363,-0.0560004532783628,0.00120348753067761,12.2327093991166,29.4903197139792
0.6,0.6,0.654967685824534,-0.0549676858245339,0.00121775409814113,12.1856536457853,29.828251328633
0.6,0.6,0.653905222304986,-0.0539052223049861,0.00123092732392955,12.1386686933542,30.8998171744056
0.6,0.6,0.653016162429981,-0.0530161624299809,0.00124542353434234,12.1005067085338,30.6702080770642
0.6,0.6,0.652263580667139,-0.052263580667139,0.00125617075696323,12.0689702133866,29.6846050448756
0.6,0.6,0.651465442315089,-0.0514654423150885,0.00126073141720576,12.0361361393166,29.3985576862771
0.6,0.6,0.650476882080266,-0.0504768820802656,0.00126613429922002,11.9963394679707,29.4982408577509
0.6,0.6,0.649348399483459,-0.0493483994834595,0.00127074746978579,11.9520158594473,30.2784984033381
0.6,0.6,0.648533735168454,-0.0485337351684536,0.00127811092261877,11.9208215690676,29.6639063542425
0.6,0.6,0.647718225343228,-0.0477182253432284,0.00127943742707778,11.8901464643657,29.3799570908055
0.6,0.6,0.646727681392038,-0.0467276813920383,0.00127982110647296,11.8535976782903,29.4750382245588
0.6,0.6,0.645607014210363,-0.0456070142103627,0.00127885732901165,11.8131424866652,30.1843941679182
0.6,0.6,0.644588256033121,-0.0445882560331206,0.00127746580509167,11.777180327205,30.9418828752079
0.6,0.6,0.643761710198908,-0.0437617101989083,0.00127969438434453,11.7486493035068,30.0188479707183
0.6,0.6,0.642995835450825,-0.0429958354508245,0.00127626869240577,11.7226186798263,29.4297915806694
0.6,0.6,0.642106470514277,-0.042106470514277,0.00127116879259282,11.6928485253741,29.3614854321197
0.6,0.6,0.641033585918636,-0.0410335859186359,0.0012650921929729,11.6575954505758,29.7216730136156
0.6,0.6,0.639948882708562,-0.0399488827085623,0.00125675262510715,11.6226501491174,30.8144672095471
0.6,0.6,0.639054914016292,-0.0390549140162918,0.00125231019398676,11.5944537505485,30.6019691548124
0.6,0.6,0.638307231372148,-0.0383072313721483,0.00124793813114219,11.571279459559,29.6305861299734
0.6,0.6,0.637522912051449,-0.0375229120514493,0.00123884592292761,11.5472757900561,29.3587498433071
0.6,0.6,0.636563181793198,-0.0365631817931984,0.00122920364442637,11.5183544739319,29.4752033602747
0.6,0.6,0.635482576827358,-0.0354825768273578,0.0012168794553664,11.4863679653893,30.273483617403
0.6,0.6,0.634711639264919,-0.0347116392649195,0.00120949483967222,11.463997922798,29.6713585585177
0.6,0.6,0.633947353414904,-0.0339473534149037,0.00119905921914727,11.4421167942734,29.3993534679609
0.6,0.6,0.633028660833975,-0.0330286608339749,0.00118699679069164,11.4161993469396,29.5082928971155
0.6,0.6,0.632001463188582,-0.0320014631885821,0.00117221468404776,11.387709119515,30.2324469347863
0.6,0.6,0.631078313165336,-0.0310783131653359,0.00115758429944538,11.3625598162394,31.002642682828
0.6,0.6,0.630336162162229,-0.0303361621622293,0.00114901326177419,11.3427275443046,30.0896599829418
0.6,0.6,0.629654014490913,-0.0296540144909134,0.00113672368317091,11.3247282464489,29.5094369317822
0.6,0.6,0.6288684389142,-0.0288684389141995,0.00112282113597047,11.3042566503909,29.4509220619905
0.6,0.6,0.627929782632493,-0.0279297826324926,0.00110683114774182,11.2801743565511,29.8223095895479
0.6,0.6,0.626990553128403,-0.026990553128403,0.00108821773430605,11.2564770731414,30.9256785213198
0.6,0.6,0.62622320924917,-0.02622320924917,0.00107492406579504,11.2374861026973,30.7215746662072
0.6,0.6,0.625585941192211,-0.0255859411922109,0.00106363038433786,11.2219665778039,29.7569311936857
0.6,0.6,0.624922182331599,-0.0249221823315992,0.00104840848986174,11.2059787052284,29.4917774973201
0.6,0.6,0.62411630611989,-0.0241163061198896,0.00103215522598501,11.1868360972129,29.6159886219559
0.6,0.6,0.623217131261194,-0.0232171312611941,0.00101258189218518,11.1658227699333,30.422419562667
0.6,0.6,0.622580318570434,-0.0225803185704343,0.000999062092760833,11.1512280633693,29.8258473827496
0.6,0.6,0.62195318765674,-0.0219531876567401,0.00098387285957316,11.1370358061405,29.5590368221519
0.6,0.6,0.621204823273556,-0.0212048232735557,0.000966927051823178,11.1203358011499,29.6738576016053
0.6,0.6,0.620375062026589,-0.0203750620265895,0.000946914974724401,11.1021206903289,30.4040960468379
0.6,0.6,0.619635417232168,-0.0196354172321683,0.000927483098160702,11.0861703551855,31.179310622255
0.6,0.6,0.619044303696421,-0.0190443036964206,0.000915167520584796,11.0736803275966,30.2702398796307
0.6,0.6,0.618504244846016,-0.0185042448460163,0.000899937540860585,11.0624145837934,29.6933492207477
0.6,0.6,0.617886282901014,-0.0178862829010138,0.000883248141805103,11.0496852966782,29.6383921460652
0.6,0.6,0.617153314876666,-0.0171533148766662,0.000864296085462798,11.0348295593047,30.0136753014689
0.6,0.6,0.616425879760421,-0.0164258797604211,0.000842834287746666,11.0203422285398,31.1204899719596
0.6,0.6,0.61583530810046,-0.0158353081004599,0.000827295252176039,11.0088299304903,30.9189887634288
0.6,0.6,0.615347357494529,-0.0153473574945294,0.000814404967494454,10.9994894792234,29.9563753008322
0.6,0.6,0.614842190277553,-0.014842190277553,0.000797906027115568,10.989933523617,29.6930964893555
0.6,0.6,0.614232845646649,-0.0142328456466486,0.000780440407386623,10.9785844146792,29.8193244485147
0.6,0.6,0.613558178076771,-0.013558178076771,0.000759764716991253,10.9662480981808,30.6276518325914
0.6,0.6,0.613082970422126,-0.013082970422126,0.000745525933306602,10.9577585936071,30.032242985956
0.6,0.6,0.612617689117659,-0.0126176891176587,0.000729953053938708,10.9495684463096,29.7663960137312
0.6,0.6,0.612066009581763,-0.0120660095817634,0.000712800913499449,10.9400176676619,29.8821415187036
0.6,0.6,0.611458908259046,-0.0114589082590463,0.00069282086286285,10.9297131811634,30.6131020817565
0.6,0.6,0.610921646477659,-0.0109216464776591,0.000673704573979195,10.9207925522303,31.3886921440815
0.6,0.6,0.610494130787015,-0.0104941307870151,0.000661881535507652,10.9138779374715,30.479812259147
0.6,0.6,0.61010571731411,-0.0101057173141099,0.000647237256210204,10.9076976625555,29.9029340628232
0.6,0.6,0.609664021938427,-0.0096640219384273,0.000631311177707316,10.9007826754862,29.8478169897025
0.6,0.6,0.609143777982814,-0.00914377798281363,0.000613459438818274,10.8928095875146,30.2226786327426
0.6,0.6,0.608631592250423,-0.00863159225042287,0.000593440036969709,10.885142182764,31.3287954516605
0.6,0.6,0.608217962140902,-0.00821796214090165,0.000579428483853035,10.8791306809724,31.1265827759703
0.6,0.6,0.607877673325195,-0.00787767332519529,0.000567950492319524,10.8743098658676,30.1632759105446
0.6,0.6,0.607527629222664,-0.00752762922266448,0.000552889200651333,10.8694339176356,29.8991309501485
0.6,0.6,0.607108200129778,-0.00710820012977842,0.000537199517359341,10.8637215608398,30.0241406329506
0.6,0.6,0.606647526056122,-0.00664752605612196,0.000518781425649975,10.8576167395744,30.8308824872527
0.6,0.6,0.6063245192763,-0.00632451927629996,0.000506745765804744,10.8534835922916,30.2342393275785
0.6,0.6,0.606010199553287,-0.00601019955328697,0.000493117168727937,10.8495531798999,29.9670582118612
0.6,0.6,0.605640077216412,-0.00564007721641213,0.000478219177287451,10.8450459533842,30.0810646455547
0.6,0.6,0.605236116153743,-0.00523611615374298,0.000460999339789688,10.8402831641578,30.8099012009447
0.6,0.6,0.60488139323881,-0.00488139323881043,0.000444808705634044,10.8362521177916,31.5834240579111
0.6,0.6,0.60460003169292,-0.00460003169292034,0.000435604385111039,10.833191672042,30.6728234889671
0.6,0.6,0.604346011266071,-0.00434601126607082,0.000423288770405672,10.8305081038531,30.0942721872479
0.6,0.6,0.604059257187218,-0.00405925718721822,0.000409854713127533,10.8275685666332,30.0371262509895
0.6,0.6,0.603724238068278,-0.00372423806827837,0.000395047233776573,10.824269858831,30.40943094604
0.6,0.6,0.603397579280412,-0.00339757928041173,0.000378481383077156,10.8211996705366,31.5128295411826
0.6,0.6,0.603135074285439,-0.00313507428543891,0.000367726773073764,10.8188704471737,31.308316602878
0.6,0.6,0.602919971495019,-0.00291997149501866,0.000359011168367172,10.8170574732818,30.3430464562966
0.6,0.6,0.602700544326695,-0.00270054432669453,0.000346581199849805,10.815278893396,30.0767722693447
0.6,0.6,0.602439804423506,-0.00243980442350566,0.000333952445746556,10.8132732557051,30.1991000011234
0.6,0.6,0.602156359621746,-0.00215635962174576,0.000319197776687627,10.8112349916012,31.002718941904
0.6,0.6,0.601958409267243,-0.00195840926724278,0.000310552062244642,10.8099246221885,30.4038033042673
0.6,0.6,0.601767321993308,-0.00176732199330798,0.000299784999820566,10.8087378555913,30.1343167729382
0.6,0.6,0.601544359067855,-0.00154435906785488,0.000288080932565814,10.807457322284,30.2454871255248
0.6,0.6,0.601303713450459,-0.00130371345045888,0.000274624459276037,10.8062116886332,30.9710664347872
0.6,0.6,0.601094554925679,-0.00109455492567945,0.000262276752895016,10.8052583910051,31.7415883241637
0.6,0.6,0.600928941136899,-0.000928941136899009,0.000256403326268116,10.8046064190188,30.8285531456956
0.6,0.6,0.600780729558035,-0.000780729558034543,0.000246973151962757,10.804094081558,30.2477201663352
0.6,0.6,0.600615223404751,-0.000615223404750731,0.00023655621764987,10.8036064387935,30.1878969103195
0.6,0.6,0.60042411794602,-0.000424117946020486,0.000225347540371967,10.8031671787764,30.5569390482103
0.6,0.6,0.600240486417427,-0.000240486417427133,0.000212763818309996,10.8028832791308,31.6569962967758
0.6,0.6,0.600093661298165,-9.36612981653484e-05,0.000205678077776057,10.8027663437479,31.4497214026376
0.6,0.6,0.599973822199138,2.61778008620039e-05,0.000200013836524041,10.8027470209795,30.4821352085606
0.6,0.6,0.599853249223763,0.00014675077623727,0.000190442673487316,10.8028023131848,30.2134068396614
0.6,0.6,0.599711862879735,0.000288137120264653,0.00018108590529172,10.8029729796926,30.3327083792596
0.6,0.6,0.599560745582398,0.000439254417601842,0.000170178958620041,10.8032980819904,31.1328876551995
0.6,0.6,0.599455550006202,0.000544449993797991,0.000165034760223925,10.8036125340236,30.5315129530389
0.6,0.6,0.59935536134992,0.00064463865007991,0.000157179716719391,10.8039920577009,30.2595720319864
0.6,0.6,0.599240287151136,0.000759712848863892,0.000148682514011783,10.80453635793,30.3677724727635
0.6,0.6,0.599118528524655,0.000881471475344786,0.000138950856156904,10.8052573758898,31.090004268546
0.6,0.6,0.599014576856065,0.000985423143935016,0.000130351429292529,10.8060045649232,31.8574964065513
0.6,0.6,0.598932104255117,0.00106789574488286,0.000127684062291316,10.8066691241246,30.9420299432834
0.6,0.6,0.598859490553576,0.00114050944642408,0.000121000158076723,10.8073323503428,30.3589481325326
0.6,0.6,0.598780132669372,0.00121986733062773,0.00011342537959118,10.8081586382192,30.2965184396527
0.6,0.6,0.598690604490112,0.00130939550988807,0.000105569781975302,10.8092323319824,30.6624272730582
0.6,0.6,0.598607186019046,0.0013928139809537,9.66524641278958e-05,10.8104011132243,31.7593240383748
0.6,0.6,0.598540864239101,0.00145913576089851,9.29060095502894e-05,10.8114212622154,31.5494652130366
0.6,0.6,0.598486945511252,0.00151305448874839,8.99913860420624e-05,10.8123124815987,30.5797320924021
0.6,0.6,0.598434412997718,0.00156558700228215,8.29740542186589e-05,10.8132875187428,30.3087519565693
0.6,0.6,0.59837467255788,0.00162532744212041,7.65148302609784e-05,10.8145339342525,30.4253053035127
0.6,0.6,0.598313416871928,0.00168658312807157,6.89823923241929e-05,10.8160063158995,31.2223981830824
0.6,0.6,0.598270786456495,0.0017292135435053,6.68801795669834e-05,10.8170958083435,30.6188376428106
0.6,0.6,0.598231564269372,0.00176843573062835,6.1533224368334e-05,10.8182110030362,30.3447338963938
0.6,0.6,0.598188395831878,0.00181160416812176,5.57761204246908e-05,10.8195971011675,30.450340814599
0.6,0.6,0.598145283671579,0.00185471632842049,4.91995781735021e-05,10.8212051902992,31.169679834194
0.6,0.6,0.598110397102728,0.00188960289727202,4.37464319987185e-05,10.8227008188699,31.9345807229129
0.6,0.6,0.598082139982349,0.0019178600176506,4.37476596001541e-05,10.8239318068086,31.0170492847198
0.6,0.6,0.598058535703577,0.00194146429642328,3.93330823457375e-05,10.8250903367585,30.4320720681951
0.6,0.6,0.598034684005825,0.00196531599417482,3.40909757620137e-05,10.8264574923849,30.367462107618
0.6,0.6,0.598010118442912,0.00198988155708824,2.89672095358227e-05,10.8281356381574,30.7307722636674
0.6,0.6,0.597990256593316,0.00200974340668403,2.30128536899978e-05,10.8298641198503,31.8250730653826
0.6,0.6,0.597974592076372,0.0020254079236276,2.19434360625988e-05,10.8313064864567,31.6131079902366
0.6,0.6,0.597961879486612,0.00203812051338759,2.12175503445402e-05,10.8325245868581,30.6416356755872
0.6,0.6,0.597951610007216,0.00204838999278412,1.62204345171318e-05,10.8338186063251,30.3688437857143
0.6,0.6,0.597942210519415,0.00205778948058477,1.20387502089833e-05,10.8354222006403,30.4832016770358
0.6,0.6,0.597935870514267,0.00206412948573276,7.13972574630352e-06,10.8372540395905,31.2778495479762
0.6,0.6,0.597931157120912,0.00206884287908793,7.39454590377316e-06,10.8385720354042,30.6725696005863
0.6,0.6,0.597928621415178,0.00207137858482165,3.97810898296385e-06,10.839891957956,30.3967751235144
0.6,0.6,0.597928376022323,0.00207162397767713,3.17061788879021e-07,10.8414957974435,30.5003681726683
0.6,0.6,0.597931760582017,0.00206823941798295,-3.86245848199803e-06,10.843311201341,31.2174784961322
0.6,0.6,0.597937297148203,0.00206270285179688,-6.94264403679413e-06,10.8449608721001,31.9803985823765
0.6,0.6,0.597940489555984,0.00205951044401609,-4.94248370175625e-06,10.8462934491238,31.0612980180529
0.6,0.6,0.597945090846868,0.00205490915313167,-7.66737808224654e-06,10.8475284738168,30.4748890265998
0.6,0.6,0.597952914645864,0.002047085354136,-1.11824716358973e-05,10.8489638450648,30.4086419091789
0.6,0.6,0.597965038561678,0.00203496143832238,-1.4296274726629e-05,10.8506956473636,30.770014241824
0.6,0.6,0.597980647951835,0.00201935204816517,-1.80857600207115e-05,10.8524475954099,31.8623943358881
0.6,0.6,0.597992935504872,0.00200706449512777,-1.72128597292792e-05,10.8538867706587,31.6488812052801
0.6,0.6,0.598002738056575,0.00199726194342464,-1.63606406087284e-05,10.855087093026,30.6761377151163
0.6,0.6,0.598015343024525,0.00198465697547545,-1.99092896684388e-05,10.8563479538997,30.4020290807553
0.6,0.6,0.598032884897862,0.00196711510213787,-2.24674193047801e-05,10.8578911799128,30.5148012405005
0.6,0.6,0.59805553003282,0.00194446996718012,-2.55015670972143e-05,10.8596295030001,31.307696120723
0.6,0.6,0.598070565782622,0.00192943421737768,-2.3588639591133e-05,10.8608648856833,30.7011913728299
0.6,0.6,0.598086918957684,0.00191308104231613,-2.5655464992835e-05,10.8620898819546,30.4241993019574
0.6,0.6,0.598108481320411,0.00189151867958881,-2.78598226523448e-05,10.8635626877046,30.5263746585359
0.6,0.6,0.598135106371221,0.00186489362877917,-3.03845015257197e-05,10.8652099772814,31.2419274540345
0.6,0.6,0.598160496378532,0.00183950362146812,-3.18381071138416e-05,10.8666894882942,32.0034734870741
0.6,0.6,0.598178890037982,0.00182110996201845,-2.84770507249358e-05,10.8678729473285,31.0832909620888
0.6,0.6,0.598196928536143,0.00180307146385683,-3.00585162713287e-05,10.868960840377,30.4959002822737
0.6,0.6,0.598219605300124,0.00178039469987601,-3.24116540453951e-05,10.8702147674924,30.4285371968063
0.6,0.6,0.598248593066014,0.00175140693398579,-3.4181784680715e-05,10.8717131659129,30.7885977361551
0.6,0.6,0.598280125154117,0.00171987484588332,-3.65345345149332e-05,10.8732134251173,31.8796877751852
0.6,0.6,0.598304669132206,0.00169533086779416,-3.43821141088753e-05,10.8744343928832,31.6651421433575
0.6,0.6,0.598324140022941,0.00167585997705899,-3.24972761428202e-05,10.8754450144959,30.6915557983562
0.6,0.6,0.598346364988949,0.0016536350110512,-3.51038789196663e-05,10.8764993122151,30.4165791794251
0.6,0.6,0.5983749511223,0.00162504887769965,-3.66127742271489e-05,10.8777797169197,30.5283129333464
0.6,0.6,0.598409094835133,0.00159090516486715,-3.84505643326369e-05,10.8792091011559,31.3200689531329
0.6,0.6,0.5984317115075,0.0015682884924999,-3.5481870116144e-05,10.8802166709785,30.7127742223838
0.6,0.6,0.598455101750249,0.00154489824975079,-3.66954758742874e-05,10.8812091963903,30.4350145114029
0.6,0.6,0.5984845007536,0.00151549924640026,-3.7985216997833e-05,10.8823939618337,30.5362874388433
0.6,0.6,0.598519094983005,0.0014809050169946,-3.94789272895242e-05,10.8837081962618,31.2508569695393
0.6,0.6,0.598550936262627,0.00144906373737264,-3.99277586344904e-05,10.8848788649556,32.0115429568386
0.6,0.6,0.598574016593596,0.00142598340640354,-3.57329515979411e-05,10.8858085952838,31.090688150055
0.6,0.6,0.598595992165872,0.00140400783412797,-3.66190727887376e-05,10.8866581667604,30.5026915364952
0.6,0.6,0.598622768176058,0.00137723182394189,-3.82706621394867e-05,10.8876314253061,30.43464444429
0.6,0.6,0.598656042216725,0.00134395778327534,-3.92360735035054e-05,10.8887860532749,30.7939077382305
0.6,0.6,0.598691200792571,0.00130879920742899,-4.07363516774807e-05,10.8899330356496,31.8842212804771
0.6,0.6,0.598718207526272,0.00128179247372773,-3.78320333866992e-05,10.8908596461175,31.6690597420982
0.6,0.6,0.598739385104532,0.00126061489546814,-3.53457682774874e-05,10.8916219669436,30.6949744685683
0.6,0.6,0.598763068956765,0.00123693104323463,-3.74081591382186e-05,10.8924128845514,30.419487879664
0.6,0.6,0.598792985030388,0.00120701496961206,-3.83161457589461e-05,10.8933673873109,30.5306168354883
0.6,0.6,0.598828039065696,0.00117196093430438,-3.94757146716905e-05,10.894425111166,31.3217165555166
0.6,0.6,0.598850931690782,0.00114906830921779,-3.5914794552847e-05,10.8951655354032,30.7139710894759
0.6,0.6,0.598874295926701,0.00112570407329871,-3.66546750206387e-05,10.895890836197,30.435777151415
0.6,0.6,0.598903274241774,0.00109672575822584,-3.74416635187438e-05,10.8967512983595,30.536544585269
0.6,0.6,0.59893690129615,0.00106309870385035,-3.83751878504541e-05,10.8976989604806,31.2505698439549
0.6,0.6,0.598967432575981,0.00103256742401869,-3.8285068735779e-05,10.8985369361087,32.010785695293
0.6,0.6,0.598989166680757,0.0010108333192429,-3.3648724869715e-05,10.8991980679833,31.0895674667253
0.6,0.6,0.599009673071751,0.000990326928249186,-3.41708968670963e-05,10.8997989331529,30.5012465752055
0.6,0.6,0.599034482269315,0.000965517730685206,-3.54595179853334e-05,10.9004834329392,30.4328373650825
0.6,0.6,0.599065023912688,0.000934976087311523,-3.60140863627098e-05,10.9012900402736,30.7916842095883
0.6,0.6,0.599097031879307,0.000902968120692904,-3.70859105189844e-05,10.9020853738882,31.8815984041313
0.6,0.6,0.599121167396725,0.000878832603274704,-3.38099271915116e-05,10.9027232891951,31.6661248414152
0.6,0.6,0.599139759777073,0.000860240222926856,-3.10310249773895e-05,10.90324494147,30.6917901035231
0.6,0.6,0.599160546693696,0.00083945330630375,-3.28325084247444e-05,10.9037832822026,30.4160517925306
0.6,0.6,0.599186668893144,0.000813331106855775,-3.34569975826877e-05,10.9044289121221,30.5268867951207
0.6,0.6,0.599217129389578,0.000782870610422259,-3.43027519196549e-05,10.9051390670036,31.3176736229758
0.6,0.6,0.599236553616133,0.000763446383866495,-3.04734428671456e-05,10.9056325773521,30.7097172639659
0.6,0.6,0.599256315425881,0.000743684574118553,-3.10030558270344e-05,10.906113218195,30.4313234944608
0.6,0.6,0.599280750489886,0.000719249510113928,-3.15715197442215e-05,10.9066797594651,30.5318627657706
0.6,0.6,0.59930902562533,0.000690974374669695,-3.22675792176061e-05,10.9072989795543,31.2456482405167
0.6,0.6,0.599334509279593,0.000665490720406892,-3.19555375065878e-05,10.9078421983051,32.0056623979544
0.6,0.6,0.599352041102618,0.000647958897382339,-2.71427552628036e-05,10.9082675829281,31.0842920768983
0.6,0.6,0.59936855836858,0.00063144163142026,-2.75236041335566e-05,10.9086518755531,30.4958385398728
0.6,0.6,0.599388621055944,0.000611378944056384,-2.86753822022596e-05,10.9090869364478,30.4272849380955
0.6,0.6,0.599413282653822,0.000586717346177879,-2.90804560987021e-05,10.9095957013028,30.7859711109959
0.6,0.6,0.599439177618897,0.00056082238110311,-3.00031043430759e-05,10.910093090259,31.8757373014691
0.6,0.6,0.599458169133286,0.000541830866713666,-2.66040171185566e-05,10.9104885933689,31.6601527867416
0.6,0.6,0.599472388844428,0.000527611155572316,-2.373295946684e-05,10.9108096370806,30.6857326590575
0.6,0.6,0.599488505759038,0.000511494240961974,-2.54563359268076e-05,10.9111388594981,30.4099114852194
0.6,0.6,0.599508806398792,0.000491193601207751,-2.60008142475213e-05,10.9115306974465,30.5206544271916
0.6,0.6,0.599532573112502,0.000467426887498124,-2.67646224885029e-05,10.9119577642105,31.311349619237
0.6,0.6,0.599547005534857,0.000452994465143242,-2.28057921817118e-05,10.9122496649218,30.6842631214903
0.6,0.6,0.599551290837788,0.00044870916221218,-2.16295482332315e-05,10.9123389962301,30.3919286593995
0.6,0.6,0.599573207238575,0.000426792761425321,-2.48577881242794e-05,10.9127257756341,30.8451351470795
0.6,0.6,0.599589192274103,0.000410807725896523,-2.29436497250948e-05,10.9130182000375,30.6840407747696
0.6,0.6,0.599604904997776,0.000395095002224011,-2.25527949262194e-05,10.9132994199217,30.5623532837368
0.6,0.6,0.599622333309487,0.000377666690512757,-2.26773504146596e-05,10.9135970121914,30.6996518868344
0.6,0.6,0.599640463610619,0.000359536389381243,-2.26750209801104e-05,10.9138928810758,31.0839253918894
0.6,0.6,0.599656537819462,0.000343462180538046,-2.15581190326733e-05,10.9141562865192,31.2051641055616
0.6,0.6,0.59966985936892,0.000330140631080056,-1.97454052971031e-05,10.9143843581067,30.824449157502
0.6,0.6,0.599682971324057,0.000317028675942965,-1.9606414916483e-05,10.9146012548325,30.5664303176514
0.6,0.6,0.599697582023889,0.00030241797611108,-1.98667177147558e-05,10.9148295385594,30.5827695403435
0.6,0.6,0.59971365840791,0.000286341592089845,-2.00204535296214e-05,10.915066832022,30.8995631628663
0.6,0.6,0.5997290832791,0.000270916720899961,-1.96765674785936e-05,10.915286679838,31.2908159106854
0.6,0.6,0.599741423637837,0.000258576362163199,-1.7631206300328e-05,10.9154731085933,31.0422718191416
0.6,0.6,0.599752341324406,0.000247658675594176,-1.66979220433575e-05,10.9156392030632,30.6348427892886
0.6,0.6,0.599764229469495,0.000235770530504498,-1.70910532709397e-05,10.9158077670391,30.5208504732118
0.6,0.6,0.599777806930724,0.0002221930692764,-1.73323704902323e-05,10.915987797475,30.7027658285381
0.6,0.6,0.599792049767151,0.00020795023284903,-1.75060640718727e-05,10.9161640813728,31.1979741917033
0.6,0.6,0.599804012226002,0.000195987773998207,-1.61428613640971e-05,10.9163151937486,31.2926500649045
0.6,0.6,0.599813294491814,0.000186705508185669,-1.40901738019278e-05,10.916442059028,30.7901244750821
0.6,0.6,0.599822742907949,0.00017725709205052,-1.43204572341145e-05,10.9165625684096,30.5177345739398
0.6,0.6,0.59983371326173,0.000166286738269794,-1.47429100535146e-05,10.9166908619911,30.5581814087652
0.6,0.6,0.599846093750172,0.00015390624982814,-1.50712122808977e-05,10.9168233743676,30.9631523366461
0.6,0.6,0.599857769412633,0.000142230587367065,-1.48004795219909e-05,10.9169418104198,31.4403747425502
0.6,0.6,0.59986617846783,0.000133821532169787,-1.22489474792621e-05,10.9170377243601,31.0526250847617
0.6,0.6,0.599873570207321,0.000126429792678739,-1.15671318239942e-05,10.9171214190959,30.5848747774454
0.6,0.6,0.599882095965901,0.000117904034098615,-1.22546190438886e-05,10.9172068028931,30.4828247323072
0.6,0.6,0.599892203480715,0.000107796519284831,-1.26299505868156e-05,10.9172977914749,30.7132763208335
0.6,0.6,0.599903003904345,9.69960956550553e-05,-1.30465087642452e-05,10.9173840622922,31.3432739092869
0.6,0.6,0.599911343712323,8.86562876767361e-05,-1.1353127450204e-05,10.917453831547,31.3858072353447
0.6,0.6,0.599917181070574,8.28189294260762e-05,-9.09422258737745e-06,10.917509636117,30.7519068092215
0.6,0.6,0.599923551290705,7.64487092949073e-05,-9.77835905006874e-06,10.9175619045784,30.4734598782507
0.6,0.6,0.599931361404694,6.86385953058144e-05,-1.03540143832382e-05,10.9176170812621,30.537932014424
0.6,0.6,0.599940522599727,5.94774002729004e-05,-1.08956250544833e-05,10.9176720565761,31.0438209917991
0.6,0.6,0.599949012326346,5.09876736544124e-05,-1.07122288380001e-05,10.9177176951817,31.6137141354723
0.6,0.6,0.599954087745536,4.59122544639312e-05,-7.5526386032361e-06,10.9177514314,31.0564904222821
0.6,0.6,0.599958616908981,4.13830910193091e-05,-7.25139671499318e-06,10.9177791804879,30.5389363210364
0.6,0.6,0.5999643484468,3.56515532001778e-05,-8.22336539071073e-06,10.9178063806134,30.4505000706945
0.6,0.6,0.599971493012088,2.85069879119026e-05,-8.73502124398398e-06,10.9178333255483,30.730047616517
0.6,0.6,0.599979435217031,2.05647829687461e-05,-9.44133199942184e-06,10.9178557022241,31.5129656085774
0.6,0.6,0.599984761399561,1.52386004392824e-05,-7.32649315163765e-06,10.9178704298136,31.4769800313759
0.6,0.6,0.599987839278149,1.21607218512843e-05,-4.92128557957515e-06,10.917879729106,30.7148657082031
0.6,0.6,0.599991763281962,8.2367180378462e-06,-6.09033324088753e-06,10.9178866480951,30.4366670882347
0.6,0.6,0.599996961153229,3.03884677077537e-06,-6.79597166607119e-06,10.9178914026289,30.5223825028544
0.6,0.6,0.600003465060954,-3.46506095405541e-06,-7.56895116732204e-06,10.9178924645365,31.1344752984338
0.6,0.6,0.600009404608364,-9.40460836429402e-06,-7.47230127051571e-06,10.9178894622321,31.7959582360528
0.6,0.6,0.600011806177552,-1.18061775515876e-05,-3.64989841084875e-06,10.9178836741147,31.0558868957629
0.6,0.6,0.600014140151299,-1.41401512989692e-05,-3.815676646264e-06,10.9178761807219,30.5010445432947
0.6,0.6,0.600017658036103,-1.76580361032075e-05,-5.03393482210882e-06,10.9178653965398,30.4250895595738
0.6,0.6,0.600022391762038,-2.23917620382208e-05,-5.67357299213187e-06,10.9178494293954,30.7496183624557
0.6,0.6,0.600028092461705,-2.80924617049871e-05,-6.68548044266119e-06,10.917829884718,31.6890123422703
0.6,0.6,0.600031041819814,-3.10418198136153e-05,-4.09955888324753e-06,10.9178104456677,31.558223544144
0.6,0.6,0.600032032192453,-3.20321924535127e-05,-1.62091870104196e-06,10.9177918720987,30.6838858975855
0.6,0.6,0.600034104106969,-3.4104106969024e-05,-3.24459819212525e-06,10.9177710719504,30.4088187635155
0.6,0.6,0.600037243050065,-3.72430500645837e-05,-4.05420984624049e-06,10.9177438854225,30.5109851047367
0.6,0.6,0.600041662361758,-4.16623617577327e-05,-5.05008746726478e-06,10.9177107329443,31.2222461646418
0.6,0.6,0.600045671059253,-4.56710592532383e-05,-5.03419863696941e-06,10.9176783040216,31.9658905292222
0.6,0.6,0.600046045110532,-4.6045110532078e-05,-5.78968159386885e-07,10.9176498748818,31.0542470866174
0.6,0.6,0.600046778659231,-4.67786592314168e-05,-1.22016400314989e-06,10.917622380913,30.4731015962516
0.6,0.6,0.600048624364609,-4.86243646093953e-05,-2.63461317554548e-06,10.9175892702862,30.4065608109726
0.6,0.6,0.600051494553708,-5.14945537083422e-05,-3.38553070233326e-06,10.9175476025376,30.7673229529728
0.6,0.6,0.600055528605454,-5.55286054537696e-05,-4.68143081383968e-06,10.9175036888574,31.8472954628919
0.6,0.6,0.600056708488482,-5.6708488481827e-05,-1.6543862818295e-06,10.917465596168,31.6245575555873
0.6,0.6,0.600056203171971,-5.62031719707479e-05,8.42603282288142e-07,10.9174324076055,30.6616758476688
0.6,0.6,0.600056937704246,-5.69377042463071e-05,-1.15813835513454e-06,10.9173968234559,30.3895510462514
0.6,0.6,0.600058538906692,-5.85389066917186e-05,-2.04922545519641e-06,10.9173521362299,30.5026515154596
0.6,0.6,0.600061408472581,-6.14084725812925e-05,-3.23456880801561e-06,10.9173004081828,31.2939822345552
0.6,0.6,0.60006123318628,-6.12331862795967e-05,2.7507321492014e-07,10.9172620305216,30.6837529774307
0.6,0.6,0.60006158184321,-6.15818432098125e-05,-5.47140203032689e-07,10.9172232163438,30.4048633061254
0.6,0.6,0.600062701338091,-6.27013380906094e-05,-1.44677478611974e-06,10.9171755654436,30.5052090638656
0.6,0.6,0.600064929645078,-6.49296450779824e-05,-2.54276260955698e-06,10.9171210191396,31.2187066525784
0.6,0.6,0.600067049833202,-6.70498332020486e-05,-2.65784927576862e-06,10.9170707490881,31.9815711924704
0.6,0.6,0.600065896111675,-6.58961116748458e-05,1.7858946672886e-06,10.9170290184428,31.0605698251419
0.6,0.6,0.600065248370137,-6.52483701369944e-05,1.07955886956506e-06,10.9169900850348,30.4711490526974
0.6,0.6,0.600065546685381,-6.55466853810571e-05,-4.26508798829731e-07,10.9169446511478,30.4024281931003
0.6,0.6,0.600066613776028,-6.66137760275687e-05,-1.25843699605403e-06,10.916889389248,30.7607170737204
0.6,0.6,0.600068914348942,-6.8914348942406e-05,-2.66497478715039e-06,10.9168331027211,31.8513328171611
0.6,0.6,0.600068717689332,-6.87176893323649e-05,2.75405315873184e-07,10.9167859169848,31.6388036662771
0.6,0.6,0.600067054467743,-6.70544677426888e-05,2.77590207403179e-06,10.9167459167734,30.6632794346781
0.6,0.6,0.600066618771054,-6.66187710536281e-05,6.88377715182011e-07,10.91670390944,30.387004871758
0.6,0.6,0.60006683532381,-6.68353238101327e-05,-2.77431035789182e-07,10.9166522516364,30.497595726161
0.6,0.6,0.60006820399004,-6.82039900400389e-05,-1.54123497744866e-06,10.9165937693496,31.2877766866328
0.6,0.6,0.600067002950755,-6.7002950755346e-05,1.88383731570026e-06,10.9165513676904,30.6814737734272
0.6,0.6,0.600066356466494,-6.63564664937777e-05,1.01401443855919e-06,10.9165091751219,30.4036802716355
0.6,0.6,0.600066313488191,-6.63134881907501e-05,5.5529803025521e-08,10.9164582717791,30.5046811063546
0.6,0.6,0.600067285342897,-6.72853428970166e-05,-1.10928101806604e-06,10.916401131185,31.2183565425493
0.6,0.6,0.600068308462896,-6.83084628957387e-05,-1.28315816809061e-06,10.9163494429966,31.9768064884779
0.6,0.6,0.600066312510989,-6.63125109886531e-05,3.08993015196612e-06,10.9163071744622,31.0571541293717
0.6,0.6,0.600064913135436,-6.49131354362176e-05,2.33132710404562e-06,10.9162682019435,30.4698054754556
0.6,0.6,0.600064366931075,-6.43669310752548e-05,7.80580912443555e-07,10.9162232808557,30.4017755600445
0.6,0.6,0.600064459667784,-6.44596677839004e-05,-1.09360485850002e-07,10.916169435275,30.7610142685174
0.6,0.6,0.600065817374874,-6.58173748740998e-05,-1.57339826541514e-06,10.9161154410859,31.8498628603066
0.6,0.6,0.600064877398156,-6.48773981559714e-05,1.31686124623416e-06,10.9160707472852,31.6340799881987
0.6,0.6,0.600062627423563,-6.26274235627777e-05,3.7547380013574e-06,10.9160332191159,30.6613668786767
0.6,0.6,0.60006159465428,-6.15946542804613e-05,1.63091244291317e-06,10.9159941848292,30.3862504349717
0.6,0.6,0.600061110005467,-6.11100054666025e-05,6.20693279735364e-07,10.9159467104256,30.4976195920646
0.6,0.6,0.600061728582065,-6.17285820647684e-05,-6.96691106546124e-07,10.9158936607833,31.2886774891904
0.6,0.6,0.600060015401216,-6.00154012156962e-05,2.68770804318096e-06,10.9158555606609,30.6809162051723
0.6,0.6,0.600058883312261,-5.88833122612265e-05,1.77606736041458e-06,10.915817986941,30.4027875039381
0.6,0.6,0.600058283247837,-5.82832478366324e-05,7.75341164503205e-07,10.9157730868435,30.5036655947682
0.6,0.6,0.60005866636964,-5.86663696402479e-05,-4.37228285656274e-07,10.9157232345827,31.2177191493987
0.6,0.6,0.600059193381427,-5.9193381426792e-05,-6.60843726640789e-07,10.915678613176,31.9781666911903
0.6,0.6,0.600056815554875,-5.68155548745786e-05,3.68121871062432e-06,10.9156423593078,31.0574103234288
0.6,0.6,0.600055081211591,-5.50812115909238e-05,2.88998541152202e-06,10.9156091958251,30.4692542747422
0.6,0.6,0.600054168778506,-5.41687785058365e-05,1.30415680082402e-06,10.9155712896094,30.4010508747658
0.6,0.6,0.600053849636202,-5.38496362016971e-05,3.76336836071024e-07,10.9155262667564,30.7601231422265
0.6,0.6,0.600054825393877,-5.48253938774668e-05,-1.13056120705442e-06,10.9154815877624,31.8502005757061
0.6,0.6,0.600053594885883,-5.35948858826352e-05,1.72369214965378e-06,10.9154448429681,31.6353136177584
0.6,0.6,0.600051114721,-5.11147210003893e-05,4.13932995227932e-06,10.9154141492611,30.6612919997409
0.6,0.6,0.600049857245971,-4.98572459713964e-05,1.98616907120477e-06,10.9153824838438,30.3857978805274
0.6,0.6,0.600049118710501,-4.91187105009505e-05,9.45932224915842e-07,10.9153442779663,30.4969602824343
0.6,0.6,0.600049478332033,-4.94783320331704e-05,-4.04990226476496e-07,10.9153019870867,31.2880226628821
0.6,0.6,0.600047598521091,-4.75985210913743e-05,2.94902894790586e-06,10.9152717482432,30.6805698235033
0.6,0.6,0.60004631448245,-4.63144824502937e-05,2.01438721234294e-06,10.915242137459,30.4025460501776
0.6,0.6,0.600045549392998,-4.55493929981676e-05,9.88543554070434e-07,10.915207029196,30.5035054152058
0.6,0.6,0.600045770618486,-4.57706184862072e-05,-2.52470034655024e-07,10.9151684082928,31.2176625472034
0.6,0.6,0.60004617167848,-4.61716784796451e-05,-5.02924280000088e-07,10.9151341236687,31.9778451308334
0.6,0.6,0.600043706975865,-4.37069758653097e-05,3.81579090678567e-06,10.9151063100707,31.0570898879773
0.6,0.6,0.600041903582799,-4.19035827986525e-05,3.00498491488023e-06,10.915081034038,30.4690911972441
0.6,0.6,0.600040923828054,-4.09238280538737e-05,1.40033140065635e-06,10.9150523707305,30.4009619678698
0.6,0.6,0.600040541717533,-4.05417175327605e-05,4.50583543659131e-07,10.9150186076838,30.7601477166764
0.6,0.6,0.600041473130006,-4.147313000602e-05,-1.07920720278599e-06,10.9149854359086,31.8501994591986
0.6,0.6,0.600040219958071,-4.02199580714635e-05,1.75550116757232e-06,10.9149582325783,31.6350125142996
0.6,0.6,0.600037731230078,-3.77312300776644e-05,4.15363194534699e-06,10.9149355556709,30.6611623665477
0.6,0.6,0.600036473797405,-3.64737974054563e-05,1.98603470302944e-06,10.9149123632327,30.38577029036
0.6,0.6,0.600035747806102,-3.5747806102493e-05,9.29836896928697e-07,10.9148846016715,30.4970117412977
0.6,0.6,0.600036137889839,-3.61378898392495e-05,-4.39297674534439e-07,10.9148541719343,31.2882054222154
0.6,0.6,0.600034289559277,-3.42895592772008e-05,2.89971473826467e-06,10.9148324277186,30.6806019507105
0.6,0.6,0.600033045230439,-3.30452304394546e-05,1.95213926780552e-06,10.9148112887768,30.4025518513115
0.6,0.6,0.600032338668337,-3.2338668337184e-05,9.12923707564543e-07,10.9147864283775,30.5035113917026
0.6,0.6,0.600032639177677,-3.26391776771517e-05,-3.42944132812579e-07,10.9147593489646,31.2177444699007
0.6,0.6,0.600033123953321,-3.31239533211125e-05,-6.07891317138484e-07,10.914735503238,31.9781684268213
0.6,0.6,0.600030733864211,-3.0733864210597e-05,3.70030499346841e-06,10.9147160939816,31.0572569019232
0.6,0.6,0.600029005575823,-2.90055758227492e-05,2.87991511473758e-06,10.9146985817469,30.4691722457957
0.6,0.6,0.600028120086834,-2.81200868339493e-05,1.26561998866636e-06,10.9146789103458,30.4010330273259
0.6,0.6,0.600027861168265,-2.78611682646979e-05,3.05313565531243e-07,10.9146559535136,30.7602168571412
0.6,0.6,0.600028927683242,-2.89276832424745e-05,-1.23572016281312e-06,10.9146336677041,31.8504412982506
0.6,0.6,0.600027792859858,-2.7792859857656e-05,1.58969803519762e-06,10.9146153781585,31.635329812143
0.6,0.6,0.600025407490812,-2.54074908119239e-05,3.98119225179016e-06,10.9146001167068,30.6613234325649
0.6,0.6,0.600024263640923,-2.42636409233388e-05,1.80668027342174e-06,10.9145846914974,30.3858959656684
0.6,0.6,0.600023683242102,-2.36832421021127e-05,7.43370032253395e-07,10.9145664069256,30.497122292455
0.6,0.6,0.600024245806538,-2.42458065378148e-05,-6.33529536685377e-07,10.9145466137738,31.2883401844588
0.6,0.6,0.600022525456568,-2.25254565684452e-05,2.69893456527607e-06,10.9145324091602,30.680753819703
0.6,0.6,0.600021412320061,-2.14123200611427e-05,1.74632060273769e-06,10.9145187272154,30.4027138020265
0.6,0.6,0.600020869072924,-2.08690729238681e-05,7.01907791845881e-07,10.9145028071874,30.503684561114
0.6,0.6,0.600021359399519,-2.13593995190831e-05,-5.59563869841202e-07,10.914485695337,31.2179453354409
0.6,0.6,0.600022020978298,-2.20209782976211e-05,-8.29597403105024e-07,10.9144707747103,31.9783737021921
0.6,0.6,0.600019776622099,-1.97766220987328e-05,3.47469787773289e-06,10.9144584901505,31.0574335716071
0.6,0.6,0.600018185683366,-1.81856833664229e-05,2.65104901524492e-06,10.91444751244,30.469355217209
0.6,0.6,0.600017462416991,-1.74624169906323e-05,1.03375456599629e-06,10.9144353545048,30.4012237348037
0.6,0.6,0.600017402844403,-1.74028444029917e-05,7.02470178307383e-08,10.9144213514518,30.7604219901401
0.6,0.6,0.600018674923506,-1.86749235056016e-05,-1.47389688815791e-06,10.9144080034305,31.8506719880562
0.6,0.6,0.600017711780537,-1.77117805366667e-05,1.34920692433149e-06,10.9143969717814,31.6355295681216
0.6,0.6,0.600015471595917,-1.54715959167495e-05,3.73889086487258e-06,10.9143877070749,30.6615184589688
0.6,0.6,0.600014482076171,-1.44820761709408e-05,1.56291889656022e-06,10.9143785236839,30.3860977959432
0.6,0.6,0.600014093056314,-1.40930563138353e-05,4.98251896134914e-07,10.9143678015618,30.4973308236272
0.6,0.6,0.600014874430276,-1.48744302764792e-05,-8.79939246710661e-07,10.9143564272774,31.2885695530688
0.6,0.6,0.600013311633455,-1.331163345486e-05,2.45176927223513e-06,10.9143481459881,30.6809629683521
0.6,0.6,0.600012356394136,-1.23563941361038e-05,1.49861221686558e-06,10.9143402868149,30.4029192125594
0.6,0.6,0.600012005120253,-1.20051202532334e-05,4.53866662431258e-07,10.9143313014039,30.503889778816
0.6,0.6,0.600012712899726,-1.27128997259307e-05,-8.07719630504753e-07,10.9143218614263,31.2181637716293
0.6,0.6,0.600013572257493,-1.35722574934327e-05,-1.07760297926467e-06,10.9143137572698,31.9786250345156
0.6,0.6,0.60001148773542,-1.14877354200349e-05,3.22724975097133e-06,10.9143068782525,31.0576553856982
0.6,0.6,0.600010045019213,-1.00450192134227e-05,2.40406949374733e-06,10.9143008303725,30.4695639331069
0.6,0.6,0.600009494100085,-9.49410008521667e-06,7.87422461715204e-07,10.9142943077349,30.4014301268513
0.6,0.6,0.600009642570098,-9.64257009772318e-06,-1.7507309838415e-07,10.9142869738609,30.7606278743315
0.6,0.6,0.600011125257103,-1.11252571033393e-05,-1.71791256169121e-06,10.9142802325404,31.8509042478679
0.6,0.6,0.600010335240771,-1.03352407709867e-05,1.10668377620266e-06,10.9142745284617,31.6357646515558
0.6,0.6,0.60000823950552,-8.23950551964714e-06,3.49781348988903e-06,10.914269640171,30.6617282577329
0.6,0.6,0.600007401784769,-7.40178476943409e-06,1.32316088707229e-06,10.9142649874916,30.3863015337583
0.6,0.6,0.600007198628374,-7.19862837372798e-06,2.602003665078e-07,10.9142597207828,30.4975308430462
0.6,0.6,0.60000818945574,-8.18945573977103e-06,-1.11581108145546e-06,10.9142543754855,31.2887736057568
0.6,0.6,0.600006775630366,-6.77563036599604e-06,2.21805908975988e-06,10.9142503077656,30.6811635730998
0.6,0.6,0.600005968155522,-5.96815552222907e-06,1.26679500183791e-06,10.9142465675861,30.4031183005066
0.6,0.6,0.600005794592484,-5.7945924839542e-06,2.24253594565365e-07,10.9142424575081,30.5040876448593
0.6,0.6,0.6000067012115,-6.70121149970448e-06,-1.03463473268641e-06,10.9142383723162,31.2183647925771
0.6,0.6,0.600007739239162,-7.73923916208563e-06,-1.30164817402958e-06,10.9142349909325,31.9788296752385
0.6,0.6,0.600005797741551,-5.79774155129442e-06,3.00582260531369e-06,10.9142318332697,31.0578483096108
0.6,0.6,0.600004486546559,-4.48654655915703e-06,2.18491139689446e-06,10.9142291605062,30.469753239065
0.6,0.6,0.600004087249541,-4.08724954104045e-06,5.70710696043792e-07,10.9142264736955,30.4016175874771
0.6,0.6,0.600004416958492,-4.41695849173751e-06,-3.88786399309203e-07,10.9142236480276,30.7608142396498
0.6,0.6,0.600006081168397,-6.08116839673212e-06,-1.92823249389123e-06,10.9142213382594,31.8510958733896
0.6,0.6,0.600005438978036,-5.43897803584326e-06,8.99604053628228e-07,10.9142191820688,31.6359497892888
0.6,0.6,0.600003465678709,-3.46567870923575e-06,3.29346932435821e-06,10.9142171906498,30.6619060535135
0.6,0.6,0.600002755699092,-2.75569909247153e-06,1.12139721051815e-06,10.9142155198519,30.3864769634133
0.6,0.6,0.60000270771387,-2.70771387023139e-06,6.14588970761934e-08,10.9142138199144,30.4977037998066
0.6,0.6,0.600003871813318,-3.87181331773512e-06,-1.31093889068292e-06,10.9142123853131,31.2889471418906
0.6,0.6,0.60000258021977,-2.58021976973222e-06,2.02629873031027e-06,10.9142110306751,30.6813313729792
0.6,0.6,0.600001893178916,-1.89317891607921e-06,1.07785457087561e-06,10.9142099262359,30.4032830834377
0.6,0.6,0.600001863406249,-1.86340624941383e-06,3.84680198106719e-08,10.9142089142031,30.5042495190109
0.6,0.6,0.600002929568544,-2.92956854430759e-06,-1.21670487795736e-06,10.9142082036364,31.2185261384681
0.6,0.6,0.600004109768886,-4.10976888576275e-06,-1.47992687554543e-06,10.9142077731586,31.9789936906948
0.6,0.6,0.600002281277926,-2.28127792600841e-06,2.83086717488445e-06,10.9142069232195,31.0580038520534
0.6,0.6,0.600001073371175,-1.07337117527528e-06,2.01279847067346e-06,10.9142063296587,30.4699042776841
0.6,0.6,0.600000792411219,-7.92411218530908e-07,4.01572980432985e-07,10.9142059893427,30.4017656755854
0.6,0.6,0.600001262541063,-1.26254106325163e-06,-5.543677769917e-07,10.9142058980745,30.7609593204874
0.6,0.6,0.600003066272538,-3.06627253765512e-06,-2.08988758751241e-06,10.9142062503565,31.8512429225809
0.6,0.6,0.600002536885293,-2.53688529261442e-06,7.41585233641357e-07,10.9142062059802,31.6360938423028
0.6,0.6,0.600000656449436,-6.56449435587625e-07,3.13848049724455e-06,10.914205925464,30.662043317324
0.6,0.6,0.600000042816409,-4.28164093069228e-08,9.69220419172604e-07,10.9142060026499,30.386610996618
0.6,0.6,0.600000111123859,-1.11123859447559e-07,-8.7487363488865e-08,10.914206375267,30.4978344992139
0.6,0.6,0.600001404114304,-1.40411430438192e-06,-1.45608748806175e-06,10.9142071889179,31.2890758838346
0.6,0.6,0.600000202833368,-2.02833367768385e-07,1.88461340340178e-06,10.9142073783477,30.6814567323999
0.6,0.6,0.599999604273735,3.95726265089991e-07,9.39042211058618e-07,10.9142077609935,30.4034058484707
0.6,0.6,0.599999679486368,3.20513631968389e-07,-9.71790926404968e-08,10.9142084796789,30.5043693923287
0.6,0.6,0.60000086129268,-8.61292679954495e-07,-1.34867751635964e-06,10.914209631901,31.2186439283254
0.6,0.6,0.600002143789363,-2.14378936336246e-06,-1.60820248677528e-06,10.9142108098439,31.979110298291
0.6,0.6,0.600000396102973,-3.9610297264403e-07,2.70576622768957e-06,10.9142112035609,31.058115534939
0.6,0.6,0.599999261648659,7.38351341067478e-07,1.89040135350521e-06,10.9142117192,30.4700130522158
0.6,0.6,0.599999064364374,9.35635625864961e-07,2.8197627422295e-07,10.9142126170583,30.401871840436
0.6,0.6,0.599999633114699,3.6688530080653e-07,-6.70658965612551e-07,10.9142139492215,30.7610626310741
0.6,0.6,0.600001534098613,-1.53409861280984e-06,-2.20256837796067e-06,10.9142156656318,31.8513451892392
0.6,0.6,0.60000108279655,-1.08279654997823e-06,6.32200647548141e-07,10.914216687017,31.636192905439
0.6,0.6,0.599999266274131,7.33725868951041e-07,3.0318085890978e-06,10.9142172585044,30.6621386825927
0.6,0.6,0.599998718587868,1.28141213195931e-06,8.65059042467443e-07,10.914218194876,30.3867039573232
0.6,0.6,0.599998865994061,1.13400593937385e-06,-1.88796075568732e-07,10.9142195703718,30.4979247116434
0.6,0.6,0.600000245997233,-2.45997232806161e-07,-1.55407565436869e-06,10.9142214508221,31.2891638336647
0.6,0.6,0.599999105265149,8.94734851097923e-07,1.78962237107998e-06,10.9142223590716,30.6815418566514
0.6,0.6,0.599998565682446,1.43431755383894e-06,8.46517152886809e-07,10.9142234224441,30.4034887043587
0.6,0.6,0.599998710420104,1.28957989553591e-06,-1.8700945700313e-07,10.9142249179051,30.5044496844393
0.6,0.6,0.599999968224681,3.17753193757042e-08,-1.43540653408344e-06,10.9142268857856,31.2187219741633
0.6,0.6,0.60000131742023,-1.31742022990711e-06,-1.69184022814937e-06,10.9142287491774,31.9791869222658
0.6,0.6,0.599999622058693,3.77941306917151e-07,2.62475720750317e-06,10.9142296596769,31.0581888063968
0.6,0.6,0.599998534882672,1.46511732779242e-06,1.81161932152506e-06,10.9142306255796,30.4700840132691
0.6,0.6,0.599998391116338,1.60888366174117e-06,2.05483660614122e-07,10.9142320130967,30.4019406060575
0.6,0.6,0.599999022461703,9.77538297419756e-07,-7.4446971315879e-07,10.9142338894896,30.7611289142646
0.6,0.6,0.600000984642054,-9.84642054224771e-07,-2.27347314923787e-06,10.9142361063525,31.8514100452163
0.6,0.6,0.600000582079328,-5.82079327626772e-07,5.63924780045726e-07,10.9142375024769,31.6362555360929
0.6,0.6,0.599998805177102,1.19482289806516e-06,2.96568215346581e-06,10.914238362044,30.6621986777456
0.6,0.6,0.5999982981045,1.70189549963951e-06,8.00910697206434e-07,10.914239577421,30.3867620246374
0.6,0.6,0.599998493853093,1.50614690719308e-06,-2.50712436978898e-07,10.9142412622209,30.4979805669916
0.6,0.6,0.599999926546879,7.34531205859312e-08,-1.61341245397471e-06,10.9142434495562,31.2892176346336
0.6,0.6,0.599998822164628,1.17783537167959e-06,1.7325955052787e-06,10.9142445497785,30.6815937140359
0.6,0.6,0.599998317727317,1.6822726832677e-06,7.91379812457993e-07,10.9142457823389,30.4035388543861
0.6,0.6,0.599998503551354,1.49644864610998e-06,-2.40095437863346e-07,10.9142474536962,30.5044978640362
0.6,0.6,0.599999805819085,1.94180915458197e-07,-1.48614778769929e-06,10.9142495832117,31.2187682518529
0.6,0.6,0.600001193629129,-1.19362912887055e-06,-1.74026129884391e-06,10.9142515606057,31.9792317199964
0.6,0.6,0.599999528279412,4.7172058836864e-07,2.57829306005061e-06,10.9142525413109,31.0582314700181
0.6,0.6,0.599998467996974,1.5320030262167e-06,1.76680523438776e-06,10.9142535553748,30.4701250968888
0.6,0.6,0.599998354404816,1.64559518445184e-06,1.6235604113685e-07,10.9142549790592,30.4019800729047
0.6,0.6,0.599999020660065,9.79339935147649e-07,-7.85634711891238e-07,10.9142568716553,30.7611665322995
0.6,0.6,0.600001016546067,-1.01654606732282e-06,-2.31252596584487e-06,10.9142590753981,31.8514462828773
0.6,0.6,0.600000640507926,-6.4050792580872e-07,5.26768161728392e-07,10.9142604392088,31.6362901390623
0.6,0.6,0.599998884945652,1.11505434807757e-06,2.9300655553734e-06,10.9142612573337,30.6622316467356
0.6,0.6,0.599998399529424,1.60047057584656e-06,7.66704935446059e-07,10.914262415304,30.3867936545648
0.6,0.6,0.599998620749725,1.37925027454688e-06,-2.8333629217758e-07,10.914264010883,30.4980106329849
0.6,0.6,0.600000080800606,-8.08006063168776e-08,-1.64422027189649e-06,10.914266073264,31.2892461631519
0.6,0.6,0.599998995026371,1.00497362931495e-06,1.70340261105448e-06,10.9142670691871,30.6816209058054
0.6,0.6,0.599998508360186,1.49163981399969e-06,7.63499834955558e-07,10.914268185855,30.4035648499473
0.6,0.6,0.599998714665692,1.28533430765465e-06,-2.66558681577336e-07,10.9142697016677,30.5045224772556
0.6,0.6,0.600000038712939,-3.87129395207353e-08,-1.51100252012033e-06,10.9142716365402,31.2187914844927
0.6,0.6,0.600001445083872,-1.44508387167619e-06,-1.76353592346e-06,10.9142734207289,31.9792538587524
0.6,0.6,0.599999793913022,2.06086977816433e-07,2.55634140750585e-06,10.914274234397,31.0582522601074
0.6,0.6,0.599998746138386,1.25386161375918e-06,1.74596287846745e-06,10.9142750852659,30.4701448364283
0.6,0.6,0.599998646340074,1.35365992548486e-06,1.42640647043184e-07,10.9142763094748,30.4019987175261
0.6,0.6,0.59999932821005,6.71789949557855e-07,-8.04047265350834e-07,10.9142779477908,30.7611839210005
0.6,0.6,0.600001338786277,-1.3387862772829e-06,-2.32954668044622e-06,10.9142798796699,31.8514626686879
0.6,0.6,0.600000974013534,-9.74013534382756e-07,5.10987174493433e-07,10.9142810093791,31.6363054787312
0.6,0.6,0.599999227307382,7.72692617778681e-07,2.91528460978654e-06,10.9142816250025,30.6622459660062
0.6,0.6,0.599998750672688,1.24932731226934e-06,7.52834701990247e-07,10.9142825634061,30.3868071014908
0.6,0.6,0.599998981930477,1.0180695232398e-06,-2.96192184558835e-07,10.9142838808485,30.4980230627185
0.6,0.6,0.600000452371005,-4.52371005321694e-07,-1.65592042170248e-06,10.9142856178125,31.2892575703625
0.6,0.6,0.59999937340467,6.26595329844548e-07,1.69272214613552e-06,10.9142863746931,30.681631486338
0.6,0.6,0.599998893021725,1.10697827537809e-06,7.53642466894159e-07,10.914287248147,30.4035746758503
0.6,0.6,0.599999106273895,8.93726105122283e-07,-2.75534172831176e-07,10.9142884635117,30.5045314312939
0.6,0.6,0.600000437315756,-4.37315755941192e-07,-1.51898474943535e-06,10.9142900520987,31.2187995536155
0.6,0.6,0.60000184928098,-1.84928098045933e-06,-1.77055094277855e-06,10.9142915161345,31.9792612073342
0.6,0.6,0.600000202122766,-2.02122765746715e-07,2.55012907763901e-06,10.9142920674066,31.0582588219022
0.6,0.6,0.599999157675287,8.42324712646558e-07,1.74041868643281e-06,10.9142926722863,30.4701507715651
0.6,0.6,0.599999061284592,9.38715408405066e-07,1.37770178921591e-07,10.9142936073428,30.4020039899755
0.6,0.6,0.599999746630009,2.53369991431995e-07,-8.0814542723272e-07,10.914294892243,30.7611884362537
0.6,0.6,0.600001760038008,-1.76003800766988e-06,-2.33282767577602e-06,10.9142964617219,31.8514665532715
0.6,0.6,0.600001397093108,-1.39709310775782e-06,5.08426664826192e-07,10.9142972900374,31.63630874642
0.6,0.6,0.599999651576139,3.48423861429303e-07,2.913299880693e-06,10.9142976517992,30.6622486624602
0.6,0.6,0.599999175868773,8.2413122726166e-07,7.5137001322149e-07,10.9142983212785,30.3868092957587
0.6,0.6,0.599999407822033,5.92177967440044e-07,-2.9708293465969e-07,10.9142993064378,30.4980246732591
0.6,0.6,0.600000878479013,-8.78479012977884e-07,-1.65616415900843e-06,10.9143006650742,31.2892585918891
0.6,0.6,0.599999799308209,2.00691790852581e-07,1.69304293410059e-06,10.9143011503968,30.6816320454909
0.6,0.6,0.599999318433427,6.8156657329066e-07,7.54414083205542e-07,10.9143017525152,30.4035748139927
0.6,0.6,0.599999530718481,4.69281518866715e-07,-2.74284602399636e-07,10.9143026389774,30.5045310871175
0.6,0.6,0.600000860199394,-8.601993938262e-07,-1.51720338421376e-06,10.9143038562847,31.2187987219633
0.6,0.6,0.600002270336662,-2.27033666222454e-06,-1.76825874911637e-06,10.9143049837864,31.9792599828074
0.6,0.6,0.600000621427771,-6.21427770908234e-07,2.55283948724592e-06,10.9143052636465,31.0582571849848
0.6,0.6,0.599999575147409,4.24852591329739e-07,1.74347293277091e-06,10.9143056174362,30.4701488055743
0.6,0.6,0.599999476380214,5.23619785530727e-07,1.4116688271641e-07,10.9143062612256,30.4020016786419
0.6,0.6,0.600000158516846,-1.58516846093804e-07,-8.04361688852991e-07,10.914307195441,30.7611857353269
0.6,0.6,0.600002168311633,-2.16831163324382e-06,-2.32864122783748e-06,10.9143084109651,31.851463531635
0.6,0.6,0.600001802129224,-1.80212922429313e-06,5.12961887628972e-07,10.9143089489735,31.6363054198024
0.6,0.6,0.600000053730769,-5.37307695003264e-08,2.91810915206594e-06,10.914309068912,30.6622450555824
0.6,0.6,0.599999574824344,4.25175656126875e-07,7.56422866374401e-07,10.9143094847837,30.3868054456677
0.6,0.6,0.599999802626214,1.9737378575968e-07,-2.91765884973143e-07,10.914310160057,30.4980205452698
0.6,0.6,0.600001268302769,-1.26830276869772e-06,-1.65055549864138e-06,10.9143111703029,31.2892541898207
0.6,0.6,0.600000185398377,-1.8539837709497e-07,1.69890032888988e-06,10.9143114083291,30.6816274322259
0.6,0.6,0.599999700666247,2.99333753450703e-07,7.6046563518752e-07,10.9143117655709,30.4035700119508
0.6,0.6,0.599999908111968,9.18880324052296e-08,-2.68031902678116e-07,10.9143123580626,30.5045260734596
0.6,0.6,0.600001231923074,-1.23192307399655e-06,-1.51073299700117e-06,10.9143132471411,31.2187935014941
0.6,0.6,0.60000263673894,-2.63673893963201e-06,-1.76158590881355e-06,10.9143140803156,31.9792546020717
0.6,0.6,0.600000983416445,-9.83416444944041e-07,2.55967263106833e-06,10.9143141249328,31.0582516329953
0.6,0.6,0.599999932958878,6.70411223202549e-08,1.75043363954265e-06,10.9143142627383,30.4701431225027
0.6,0.6,0.59999982923567,1.70764329898709e-07,1.48250459177796e-07,10.914314657914,30.4019958633062
0.6,0.6,0.600000505252012,-5.05252012450441e-07,-7.9714476603715e-07,10.9143152954781,30.7611797769333
0.6,0.6,0.600002508704263,-2.50870426310446e-06,-2.32129246535448e-06,10.9143162144727,31.851457467086
0.6,0.6,0.600002137198961,-2.13719896113851e-06,5.2041839351579e-07,10.9143165113849,31.6362992508984
0.6,0.6,0.600000384285132,-3.84285132049023e-07,2.92564540377627e-06,10.9143164319154,30.6622387898426
0.6,0.6,0.599999900565158,9.94348418048574e-08,7.64025768808651e-07,10.9143166400282,30.3867991042235
0.6,0.6,0.600000122378376,-1.22378376099519e-07,-2.84095691106704e-07,10.9143170633074,30.4980141230178
0.6,0.6,0.600001581184023,-1.5811840230473e-06,-1.64281789785389e-06,10.914317792663,31.2892476983491
0.6,0.6,0.600000493314999,-4.93314999183703e-07,1.70668902928029e-06,10.914317832835,30.6816208855134
0.6,0.6,0.600000003596116,-3.59611562750217e-09,7.68289038167848e-07,10.9143179953944,30.4035634220858
0.6,0.6,0.600000204963293,-2.04963293004568e-07,-2.60178071575911e-07,10.9143183557816,30.5045194411949
0.6,0.6,0.600001521869934,-1.52186993418457e-06,-1.50285361999635e-06,10.9143189877616,31.2187868388402
0.6,0.6,0.60000292038985,-2.92038985050258e-06,-1.75369102541335e-06,10.9143195922215,31.9792479269176
0.6,0.6,0.600001261964512,-1.26196451166738e-06,2.56757285359929e-06,10.9143194552732,31.0582449285974
0.6,0.6,0.600000206766755,-2.06766754717869e-07,1.75833247440845e-06,10.9143194273409,30.4701364050825
0.6,0.6,0.600000097522077,-9.75220770804697e-08,1.5614223670542e-07,10.9143196328793,30.4019891414516
0.6,0.6,0.60000076685893,-7.66858929579506e-07,-7.89268446184617e-07,10.9143200457575,30.7611730590189
0.6,0.6,0.6000027635353,-2.7635353002653e-06,-2.31344161432442e-06,10.9143207418913,31.8514507732217
0.6,0.6,0.600002386447571,-2.3864475707791e-06,5.28238464892945e-07,10.9143208588839,31.6362925697601
0.6,0.6,0.600000628866796,-6.2886679641494e-07,2.93343462557854e-06,10.914320631475,30.662232115158
0.6,0.6,0.600000140236323,-1.40236322554443e-07,7.71781803672281e-07,10.9143206862939,30.3867924495369
0.6,0.6,0.60000035602726,-3.56027259895697e-07,-2.76382426836998e-07,10.9143209247987,30.4980074994629
0.6,0.6,0.600001808033808,-1.80803380811501e-06,-1.63516116584909e-06,10.9143214496994,31.2892411215129
0.6,0.6,0.600000715320535,-7.1532053547152e-07,1.71428886642967e-06,10.9143213468196,30.6816143399141
0.6,0.6,0.600000220790202,-2.20790201788112e-07,7.75837418991262e-07,10.9143213694046,30.4035569135938
0.6,0.6,0.600000416362303,-4.16362303190532e-07,-2.52690497258286e-07,10.9143215639385,30.5045129826602
0.6,0.6,0.600001726774252,-1.72677425203105e-06,-1.49544187708982e-06,10.9143220135266,31.2187804453297
0.6,0.6,0.600003119448684,-3.11944868425229e-06,-1.74636100906288e-06,10.914322456916,31.9792415997199
0.6,0.6,0.600001456336676,-1.4563366761422e-06,2.57482875289712e-06,10.9143221929093,31.0582386461013
0.6,0.6,0.600000396824558,-3.96824558213105e-07,1.76552172643844e-06,10.9143220496282,30.4701301707685
0.6,0.6,0.600000282600276,-2.82600276069189e-07,1.63259531624903e-07,10.9143221239382,30.4019829682468
0.6,0.6,0.60000094597653,-9.45976529886927e-07,-7.82239828672558e-07,10.9143223823947,30.7611669640621
0.6,0.6,0.600002936674277,-2.93667427697653e-06,-2.30651450302337e-06,10.9143229265228,31.8514447670194
0.6,0.6,0.600002554710437,-2.55471043675293e-06,5.35069101528115e-07,10.9143229216628,31.6362866332071
0.6,0.6,0.600000793086401,-7.93086400885379e-07,2.94018290542984e-06,10.914322594652,30.6622262348681
0.6,0.6,0.600000300233405,-3.00233404804118e-07,7.7845119127588e-07,10.9143225468397,30.3867866346462
0.6,0.6,0.600000510889094,-5.10889093585654e-07,-2.69805262468924e-07,10.9143226624335,30.4980017678381
0.6,0.6,0.600001957153722,-1.95715372197647e-06,-1.62869496522967e-06,10.9143230523758,31.2892354893145
0.6,0.6,0.600000860384561,-8.60384561374161e-07,1.72065189350834e-06,10.9143228557403,30.6816087774737
0.6,0.6,0.600000361854095,-3.61854095243253e-07,7.82112974482864e-07,10.9143227871371,30.4035514233087
0.6,0.6,0.600000552645016,-5.5264501619412e-07,-2.46512934796715e-07,10.9143228743489,30.5045075817307
0.6,0.6,0.600001857745319,-1.85774531902272e-06,-1.48938022705762e-06,10.9143232068517,31.2187751487935
0.6,0.6,0.600003245680508,-3.24568050835694e-06,-1.74041817762307e-06,10.9143235476911,31.9792364008036
0.6,0.6,0.600000997697192,-9.97697191751357e-07,3.80720775090207e-06,10.9143230731343,30.7384718347248
0.1,0.6,0.600000997697192,-0.500000997697192,-137438953472,10.9143230731343,0
0.1,0.6,0.600000997697192,-0.500000997697192,0,10.9143230731325,0
0.1,0.6,0.5999864718795,-0.4999864718795,9.14881983173072e-05,10.83493741184,0
0.1,0.6,0.599944657367453,-0.499944657367453,0.000263361034245258,10.7555562287102,0
0.1,0.6,0.599849421460051,-0.499849421460051,0.000458424152895439,10.6517036952806,0
0.1,0.6,0.599686351058195,-0.499686351058195,0.000690187466842547,10.5336225396872,0
0.1,0.1,0.599416264204939,-0.499416264204939,0.00095485736737654,10.3923197032023,0
0.1,0.1,0.598978614406747,-0.498978614406747,0.0012663783950176,10.2197978773557,0
0.1,0.1,0.59825944893297,-0.49825944893297,0.00164152946952471,10.0013428280605,0
0.1,0.1,0.597036969314125,-0.497036969314125,0.00210747449801725,9.71265823798805,0
0.1,0.1,0.594896180553456,-0.494896180553456,0.0026990498921043,9.31924083132966,0
0.1,0.1,0.591634237166969,-0.491634237166969,0.00339695445911087,8.84552412449597,0
0.1,0.1,0.589249054717974,-0.489249054717974,0.00396958344963611,8.55082238487654,0
0.1,0.1,0.586618543857969,-0.486618543857969,0.00437787573791927,8.25762831239049,0
0.1,0.1,0.582848889349227,-0.482848889349227,0.00481556111918724,7.87815102798465,0
0.1,0.1,0.577934766004404,-0.477934766004404,0.0053118553149299,7.43369257254954,0
0.1,0.1,0.574401016722131,-0.474401016722131,0.00572238781533065,7.1396343979238,0
0.1,0.1,0.570680639994406,-0.470680639994406,0.00602460354558027,6.84781674450759,0
0.1,0.1,0.565749689243203,-0.465749689243203,0.00633977451886056,6.48363128580402,0
0.1,0.1,0.559735606430269,-0.459735606430269,0.00668473538309712,6.06729004897068,0
0.1,0.1,0.55535593063124,-0.45535593063124,0.00696969978230256,5.7797664604915,0
0.1,0.1,0.550842303392094,-0.450842303392094,0.00718286654757457,5.49503768559024,0
0.1,0.1,0.545121240630465,-0.445121240630465,0.0073996277975263,5.14866676805251,0
0.1,0.1,0.538393907064999,-0.438393907064999,0.00762936207721168,4.75912377848165,0
0.1,0.1,0.533413879795156,-0.433413879795156,0.00781747522631131,4.48143150560032,0
0.1,0.1,0.528344068689028,-0.428344068689028,0.0079584147990992,4.20694078568688,0
0.1,0.1,0.522112642096378,-0.422112642096378,0.00809742465193466,3.8796964232034,0
0.1,0.1,0.51496407589229,-0.41496407589229,0.00823902639382049,3.51654415541856,0
0.1,0.1,0.508352542439973,-0.408352542439973,0.00836200163900119,3.19105515676748,0
0.1,0.1,0.502909198225551,-0.402909198225551,0.00845269243067858,2.92983539172906,0
0.1,0.1,0.497795309136936,-0.397795309136936,0.00852005230910736,2.68953494196755,0
0.1,0.1,0.49180907558448,-0.39180907558448,0.00857973778332967,2.41407214137507,0
0.1,0.1,0.484538599504042,-0.384538599504042,0.00863752741843973,2.08733081263068,0
0.1,0.1,0.477113620495489,-0.377113620495489,0.00868622256245824,1.7617983087978,0
0.1,0.1,0.470930101861832,-0.370930101861833,0.00871817431552333,1.49651573931881,0
0.1,0.1,0.465704089842704,-0.365704089842704,0.00873581169899743,1.27617756404306,0
0.1,0.1,0.46017231220588,-0.36017231220588,0.00874523496783887,1.04660165440186,0
0.1,0.1,0.453372798046649,-0.353372798046649,0.00874804505202218,0.769296325607453,0
0.1,0.1,0.445676771552388,-0.345676771552388,0.00874135445382507,0.461569993113976,0
0.1,0.1,0.438770320085401,-0.338770320085401,0.0087245991723543,0.1906646026903,0
0.1,0.1,0.433248454312863,-0.333248454312863,0.0087028587758724,-0.0225288144936484,0
0.1,0.1,0.428110576511204,-0.328110576511204,0.00867894854316477,-0.218288072687351,0
0.1,0.1,0.422064757100042,-0.322064757100042,0.00864889430544479,-0.445532032514929,0
0.1,0.1,0.41473075057518,-0.31473075057518,0.00860670263927463,-0.716844452123606,0
0.1,0.1,0.407360251011919,-0.307360251011919,0.00855309479975446,-0.984879634090299,0
0.1,0.1,0.401373101656391,-0.301373101656391,0.00849821629862344,-1.19930939794196,0
0.1,0.1,0.396390734761397,-0.296390734761397,0.00844887729741077,-1.37556097813721,0
0.1,0.1,0.391105824192659,-0.291105824192659,0.00839930887016114,-1.56038794806357,0
0.1,0.1,0.384582165869742,-0.284582165869742,0.00833845074525668,-1.78558162581937,0
0.1,0.1,0.377234164516253,-0.277234164516253,0.00826205630793608,-2.03540660574238,0
0.1,0.1,0.37208987388343,-0.27208987388343,0.00818912211972424,-2.20794336591986,0
0.1,0.1,0.366985100537757,-0.266985100537757,0.00812621511982807,-2.37726089819269,0
0.1,0.1,0.360775351422124,-0.260775351422124,0.00805373870574016,-2.5807189053747,0
0.1,0.1,0.353765627945699,-0.253765627945699,0.00796531040224974,-2.80711883820336,0
0.1,0.1,0.347482057279996,-0.247482057279996,0.00787257978863558,-3.00715176953548,0
0.1,0.1,0.342502777715777,-0.242502777715777,0.00779110162558825,-3.16372350533435,0
0.1,0.1,0.337945164956333,-0.237945164956333,0.00772002579665919,-3.30554070044924,0
0.1,0.1,0.332648915189503,-0.232648915189503,0.00764462536748231,-3.46855285008427,0
0.1,0.1,0.326247585468355,-0.226247585468355,0.00755267185230864,-3.66301751571713,0
0.1,0.1,0.319798364188769,-0.219798364188769,0.00744881593951827,-3.85610529365647,0
0.1,0.1,0.314568564701966,-0.214568564701966,0.0073519669149561,-4.01059439061071,0
0.1,0.1,0.310268107875985,-0.210268107875985,0.00727118458816525,-4.13622457708874,0
0.1,0.1,0.305774340093641,-0.205774340093641,0.00719523829429713,-4.26614116011803,0
0.1,0.1,0.300260938332474,-0.200260938332474,0.00710724124853373,-4.42362603011776,0
0.1,0.1,0.294036159726153,-0.194036159726153,0.00700203909925187,-4.598882710236,0
0.1,0.1,0.289664988702536,-0.189664988702536,0.0069054506434008,-4.72032201324577,0
0.1,0.1,0.285344814689007,-0.185344814689007,0.00682488702915961,-4.8390104873953,0
0.1,0.1,0.280151523516769,-0.180151523516769,0.00673540181635781,-4.97991249556822,0
0.1,0.1,0.274356171998245,-0.174356171998245,0.00663048869098604,-5.13483339904934,0
0.1,0.1,0.269177594957593,-0.169177594957593,0.00652417868581334,-5.27116832203099,0
0.1,0.1,0.265054639274394,-0.165054639274394,0.00643286331431575,-5.37827372177769,0
0.1,0.1,0.261271791632095,-0.161271791632095,0.00635434179143384,-5.47540532557563,0
0.1,0.1,0.256906556920531,-0.156906556920531,0.00627254278976353,-5.58611629565275,0
0.1,0.1,0.251686373324419,-0.151686373324419,0.00617525782884685,-5.71654270670993,0
0.1,0.1,0.246467608449416,-0.146467608449416,0.00606813690288631,-5.84474638446238,0
0.1,0.1,0.242231815296429,-0.142231815296429,0.00597010596036751,-5.94715887054681,0
0.1,0.1,0.238730997829068,-0.138730997829069,0.005889126822205,-6.03066649544451,0
0.1,0.1,0.235074605677562,-0.135074605677562,0.00581357535322165,-6.11676763871173,0
0.1,0.1,0.230622623228521,-0.130622623228521,0.00572727337804444,-6.22003008800583,0
0.1,0.1,0.225643597446937,-0.125643597446937,0.00562604283776867,-6.33342038178608,0
0.1,0.1,0.222139996352808,-0.122139996352808,0.00553435909580974,-6.41184922195177,0
0.1,0.1,0.218684408237448,-0.118684408237448,0.00545851682420768,-6.4880752764547,0
0.1,0.1,0.214544358138134,-0.114544358138134,0.00537514477436699,-6.57788963337843,0
0.1,0.1,0.209935215219478,-0.109935215219478,0.00527843861926175,-6.67589113885181,0
0.1,0.1,0.205821015181692,-0.105821015181692,0.00518138068284232,-6.7615453591729,0
0.1,0.1,0.202548785299065,-0.102548785299065,0.00509867780963205,-6.82840662907985,0
0.1,0.1,0.199553252103269,-0.0995532521032693,0.00502808220600428,-6.88860684185362,0
0.1,0.1,0.196106925247023,-0.0961069252470228,0.00495511767256689,-6.95664535434703,0
0.1,0.1,0.19199538007152,-0.0919953800715196,0.00486903616942778,-7.03605910119497,0
0.1,0.1,0.187889884644095,-0.087889884644095,0.00477495293489053,-7.11338579617795,0
0.1,0.1,0.184559592098777,-0.084559592098777,0.00468939374323753,-7.174617261058,0
0.1,0.1,0.181810778757196,-0.0818107787571959,0.00461910014148703,-7.22411864704873,0
0.1,0.1,0.178946827086491,-0.0789468270864906,0.004553894316347,-7.27466681206256,0
0.1,0.1,0.175467570728155,-0.075467570728155,0.00447986835303137,-7.33462511966343,0
0.1,0.1,0.17158191891477,-0.0715819189147697,0.0043935457713645,-7.39964445433988,0
0.1,0.1,0.168846898019607,-0.0688468980196071,0.00431571832280848,-7.44413960956677,0
0.1,0.1,0.166152522899627,-0.0661525228996274,0.00425158143924318,-7.4869143910807,0
0.1,0.1,0.162932394927008,-0.0629323949270077,0.0041814279853839,-7.53661491750293,0
0.1,0.1,0.159355693704015,-0.0593556937040151,0.0041005124099951,-7.58994283863617,0
0.1,0.1,0.156166182767187,-0.056166182767187,0.00401970308890074,-7.63577036254714,0
0.1,0.1,0.153628967343723,-0.0536289673437234,0.00395108331676655,-7.67102112501997,0
0.1,0.1,0.151306948100217,-0.0513069481002169,0.00389265680698262,-7.7023172700813,0
0.1,0.1,0.148640018458439,-0.0486400184584393,0.00383246887238609,-7.73709010373114,0
0.1,0.1,0.145465183158004,-0.0454651831580041,0.00376177023657037,-7.7767966976172,0
0.1,0.1,0.14230005803196,-0.0423000580319604,0.00368483850542876,-7.81448533814685,0
0.1,0.1,0.139733237156841,-0.0397332371568411,0.00361511537548012,-7.84360553820743,0
0.1,0.1,0.137614043866608,-0.0376140438666083,0.00355795412485882,-7.86663885149065,0
0.1,0.1,0.135407587119953,-0.0354075871199528,0.00350503502468826,-7.88962101282006,0
0.1,0.1,0.132731579394512,-0.0327315793945116,0.00344513901099044,-7.91608121910079,0
0.1,0.1,0.129748476919208,-0.0297484769192084,0.0033755511034212,-7.94368443718996,0
0.1,0.1,0.127648517649618,-0.027648517649618,0.00331298447206342,-7.96187345328224,0
0.1,0.1,0.125581177808706,-0.025581177808706,0.00326152268313057,-7.97874175663096,0
0.1,0.1,0.123113149201902,-0.0231131492019025,0.00320537083898909,-7.99748523967016,0
0.1,0.1,0.120374460917266,-0.0203744609172665,0.00314077595509927,-8.01644105569733,0
0.1,0.1,0.117933588138918,-0.0179335881389184,0.00307642144734459,-8.03163492119792,0
0.1,0.1,0.1159925071943,-0.0159925071943001,0.00302188100576922,-8.04252933425423,0
0.1,0.1,0.114217004800631,-0.0142170048006306,0.00297552076113909,-8.05154107304087,0
0.1,0.1,0.112179566747424,-0.0121795667474244,0.00292785342552471,-8.0607234550336,0
0.1,0.1,0.109756281898384,-0.00975628189838366,0.00287198124601229,-8.06997423211533,0
0.1,0.1,0.107341974406005,-0.00734197440600487,0.00281131003532691,-8.07731235945561,0
0.1,0.1,0.105384654644156,-0.00538465464415563,0.00275642124319931,-8.08182884608286,0
0.1,0.1,0.103769147113773,-0.0037691471137735,0.002711485039727,-8.08455456806576,0
0.1,0.1,0.102088128138582,-0.00208812813858229,0.00266994207870711,-8.08639706373453,0
0.1,0.1,0.100050926004623,-5.09260046235166e-05,0.00262299954903707,-8.0872251461907,0
0.1,0.1,0.0977815025592829,0.00221849744071706,0.00256855698550915,-8.08626384391216,0
0.1,0.1,0.0961840932136309,0.00381590678636906,0.00251967662749461,-8.08434966125219,0
0.1,0.1,0.0946121434676762,0.00538785653232381,0.00247951788015965,-8.08143085312193,0
0.1,0.1,0.0927367875572241,0.0072632124427759,0.00243576001402831,-8.07655830528489,0
0.1,0.1,0.0906571185893982,0.00934288141060174,0.00238550028567602,-8.06931639583842,0
0.1,0.1,0.0888043146644103,0.0111956853355897,0.0023354986805569,-8.061167067367,0
0.1,0.1,0.0873311195724841,0.0126688804275159,0.00229316939158947,-8.05350014937685,0
0.1,0.1,0.0859839126205702,0.0140160873794297,0.0022572210866622,-8.04553575904821,0
0.1,0.1,0.0844387315074622,0.0155612684925378,0.00222029727281472,-8.03524221790502,0
0.1,0.1,0.082602007731333,0.017397992268667,0.00217707155682728,-8.02133611023341,0
0.1,0.1,0.080772952641672,0.019227047358328,0.00213019228670748,-8.00560948613381,0
0.1,0.1,0.0792904180283723,0.0207095819716277,0.00208782611689142,-7.99142868383948,0
0.1,0.1,0.078066918154099,0.021933081845901,0.0020531691833137,-7.97872220401646,0
0.1,0.1,0.0767941725161997,0.0232058274838002,0.00202115286014194,-7.96450885252282,0
0.1,0.1,0.0752524760280357,0.0247475239719643,0.00198500884699014,-7.94588490170029,0
0.1,0.1,0.0735358890069549,0.0264641109930451,0.00194313492950059,-7.92326156803631,0
0.1,0.1,0.0723277334730621,0.0276722665269379,0.00190557190252066,-7.90609896925578,0
0.1,0.1,0.0711391306044185,0.0288608693955815,0.00187473232229018,-7.88817659977713,0
0.1,0.1,0.0697216252454797,0.0302783747545203,0.001841155323455,-7.86540914588831,0
0.1,0.1,0.0681502364852445,0.0318497635147555,0.0018026224420929,-7.83832729392741,0
0.1,0.1,0.0667506048885503,0.0332493951114497,0.0017643187646091,-7.8125038642685,0
0.1,0.1,0.0656379035038425,0.0343620964961575,0.00173191450194143,-7.7907837321124,0
0.1,0.1,0.0646205490250835,0.0353794509749165,0.00170441090859529,-7.76996875854701,0
0.1,0.1,0.0634540223448327,0.0365459776551673,0.00167617838119924,-7.74493949767982,0
0.1,0.1,0.0620678278087259,0.0379321721912741,0.00164315045878957,-7.71352174375865,0
0.1,0.1,0.0606877800256902,0.0393122199743097,0.00160735650010197,-7.68035921655488,0
0.1,0.1,0.0595693620675887,0.0404306379324113,0.00157502883628757,-7.65204555111989,0
0.1,0.1,0.0586464717096519,0.0413535282903481,0.00154859709857631,-7.62767510285186,0
0.1,0.1,0.0576866199750812,0.0423133800249188,0.0015241908553065,-7.601329867252,0
0.1,0.1,0.0565242315858558,0.0434757684141442,0.00149665306442359,-7.56801391393416,0
0.1,0.1,0.0552303132829627,0.0447696867170373,0.00146476890410379,-7.52903547595486,0
0.1,0.1,0.0543197230075749,0.0456802769924251,0.00143618187587189,-7.5003604403138,0
0.1,0.1,0.053424007302547,0.046575992697453,0.00141272172157449,-7.47111278624092,0
0.1,0.1,0.0523560233939157,0.0476439766060843,0.001387191178753,-7.43484193299315,0
0.1,0.1,0.0511723559584877,0.0488276440415123,0.00135790752071253,-7.39279355795277,0
0.1,0.1,0.0501182337081987,0.0498817662918013,0.00132881250771978,-7.35363994984915,0
0.1,0.1,0.0492802943810691,0.0507197056189309,0.0013042088703997,-7.32132155026961,0
0.1,0.1,0.0485142414376928,0.0514857585623072,0.00128333343502409,-7.29081649414341,0
0.1,0.1,0.0476360088536765,0.0523639911463234,0.00126191255997927,-7.25467826739696,0
0.1,0.1,0.0465925940381758,0.0534074059618242,0.00123686375667605,-7.21006242706806,0
0.1,0.1,0.0455539792427605,0.0544460207572395,0.0012097289473495,-7.16376189457336,0
0.1,0.1,0.0447123537811234,0.0552876462188766,0.00118523139562595,-7.12480037413885,0
0.1,0.1,0.0440179182358013,0.0559820817641986,0.00116520793084586,-7.09164281407821,0
0.1,0.1,0.043295750676523,0.056704249323477,0.0011467241306637,-7.05615919643519,0
0.1,0.1,0.0424213320061115,0.0575786679938885,0.00112587545369912,-7.0117787545689,0
0.1,0.1,0.0414481248908696,0.0585518751091303,0.00110174497817795,-6.96048616220049,0
0.1,0.1,0.0407632821655061,0.0592367178344938,0.00108011671282353,-6.92314392190078,0
0.1,0.1,0.040089690348174,0.059910309651826,0.00106237206379829,-6.88537103690174,0
0.1,0.1,0.0392866500135939,0.0607133499864061,0.00104306687113954,-6.83893689670038,0
0.1,0.1,0.0383967379009501,0.0616032620990499,0.00102093053570365,-6.78562570714159,0
0.1,0.1,0.0376043011502309,0.0623956988497691,0.00099894343024524,-6.73644198862411,0
0.1,0.1,0.0369744248153273,0.0630255751846726,0.000980355287766117,-6.69614996146034,0
0.1,0.1,0.0363986270096508,0.0636013729903492,0.000964587283607575,-6.65835536102026,0
0.1,0.1,0.0357385741086118,0.0642614258913882,0.000948410898326839,-6.6138611792264,0
0.1,0.1,0.0349544609403183,0.0650455390596817,0.000929499534130139,-6.55931916328309,0
0.1,0.1,0.0341740331537915,0.0658259668462085,0.000909018623464617,-6.5031387732397,0
0.1,0.1,0.0335416703274287,0.0664583296725712,0.000890532688378725,-6.45617086728858,0
0.1,0.1,0.0330199286318416,0.0669800713681583,0.000875425888450436,-6.41640674399686,0
0.1,0.1,0.0324773888835474,0.0675226111164526,0.000861483185250966,-6.37405312513664,0
0.1,0.1,0.0318205256362418,0.0681794743637581,0.000845759692761271,-6.32135542810576,0
0.1,0.1,0.0310895206041515,0.0689104793958485,0.000827565127592686,-6.26080701644052,0
0.1,0.1,0.0305751407734661,0.0694248592265339,0.000811260433789467,-6.21695079092764,0
0.1,0.1,0.0300692411981457,0.0699307588018543,0.000797885695443254,-6.17277111861707,0
0.1,0.1,0.0294661644816692,0.0705338355183308,0.000783337225013171,-6.11869980202783,0
0.1,0.1,0.0287978998473423,0.0712021001526576,0.000766658325043997,-6.05692598972456,0
0.1,0.1,0.0282028710707901,0.0717971289292099,0.000750094944082009,-6.00020658034974,0
0.1,0.1,0.027729928605287,0.0722700713947129,0.000736094347455451,-5.9539243845738,0
0.1,0.1,0.0272976105458938,0.0727023894541062,0.000724219506448023,-5.91065387034759,0
0.1,0.1,0.0268020610564298,0.0731979389435702,0.000712038776231028,-5.85988305331614,0
0.1,0.1,0.0262134094217402,0.0737865905782598,0.000697800784294947,-5.79788544283096,0
0.1,0.1,0.0256275611674221,0.0743724388325779,0.000682383584978697,-5.73428485217356,0
0.1,0.1,0.0251528836545486,0.0748471163454513,0.000668470189381721,-5.68130427901863,0
0.1,0.1,0.0247612568668789,0.0752387431331211,0.000657101494361493,-5.63657903975572,0
0.1,0.1,0.0243540358023344,0.0756459641976656,0.000646610004749546,-5.58906671559602,0
0.1,0.1,0.0238610313686846,0.0761389686313154,0.000634779936557731,-5.53012387024627,0
0.1,0.1,0.0233124115894574,0.0766875884105426,0.000621092505282346,-5.46262600530337,0
0.1,0.1,0.022926382513311,0.077073617486689,0.00060882828004201,-5.41387932913311,0
0.1,0.1,0.0225467315476878,0.0774532684523122,0.000598769001351187,-5.36488991788223,0
0.1,0.1,0.0220941743969019,0.0779058256030981,0.000587828099703502,-5.3050853937226,0
0.1,0.1,0.0215927230536616,0.0784072769463384,0.000575286487717516,-5.23695901057559,0
0.1,0.1,0.0211462445522035,0.0788537554477965,0.000562833169956773,-5.17458318891586,0
0.1,0.1,0.0207913842353392,0.0792086157646608,0.000552307771459413,-5.12380496296302,0
0.1,0.1,0.0204670147743349,0.0795329852256651,0.00054338124693423,-5.07642459875479,0
0.1,0.1,0.0200952155067026,0.0799047844932974,0.000534225551127635,-5.02094310083435,0
0.1,0.1,0.0196535813680828,0.0803464186319172,0.000523524498489021,-4.95335015786665,0
0.1,0.1,0.0192140674109908,0.0807859325890092,0.000511938313516015,-4.88418103891411,0
0.1,0.1,0.0188579664451474,0.0811420335548526,0.000501483218708423,-4.82668848711581,0
0.1,0.1,0.0185641767022692,0.0814358232977308,0.00049294098025273,-4.77824056516689,0
0.1,0.1,0.0182586963976094,0.0817413036023906,0.000485058403867078,-4.72685741656459,0
0.1,0.1,0.0178888766113253,0.0821111233886746,0.000476170765150344,-4.66322863075578,0
0.1,0.1,0.0174773519804439,0.0825226480195561,0.000465888574815728,-4.59051649356323,0
0.1,0.1,0.0171877947807027,0.0828122052192972,0.000456676212786934,-4.53810065833543,0
0.1,0.1,0.0169030282350842,0.0830969717649158,0.000449120614848244,-4.4855027512939,0
0.1,0.1,0.0165635857747272,0.0834364142252727,0.000440903357610425,-4.42139698941065,0
0.1,0.1,0.01618748096119,0.08381251903881,0.000431484539118393,-4.34850484154357,0
0.1,0.1,0.0158526162198624,0.0841473837801376,0.000422132696995265,-4.28188569549039,0
0.1,0.1,0.01558647164745,0.0844135283525499,0.000414229131547686,-4.22773478225548,0
0.1,0.1,0.0153431995755337,0.0846568004244662,0.000407526528800572,-4.17727151022962,0
0.1,0.1,0.0150643617610645,0.0849356382389355,0.00040065220768891,-4.11825645748431,0
0.1,0.1,0.0147331579820663,0.0852668420179337,0.000392618053165201,-4.04646644401741,0
0.1,0.1,0.0144035521474722,0.0855964478525277,0.000383919887684246,-3.97312048265666,0
0.1,0.1,0.0141365055728563,0.0858634944271437,0.000376071324651467,-3.91224371611046,0
0.1,0.1,0.0139161906600262,0.0860838093399738,0.000369659041933082,-3.86100368423505,0
0.1,0.1,0.0136871125741662,0.0863128874258338,0.000363742193835895,-3.80671736414216,0
0.1,0.1,0.0134097919434476,0.0865902080565524,0.00035707122424127,-3.739574096412,0
0.1,0.1,0.0131012041822635,0.0868987958177364,0.000349353907272921,-3.66295129166464,0
0.1,0.1,0.0128840787614226,0.0871159212385774,0.000342439877660248,-3.60778372455266,0
0.1,0.1,0.0126705486583599,0.0873294513416401,0.000336769513612721,-3.55247963114721,0
0.1,0.1,0.0124160244061781,0.0875839755938219,0.000330602832057083,-3.48514819326364,0
0.1,0.1,0.0121340146611437,0.0878659853388563,0.000323534741552253,-3.4086820573566,0
0.1,0.1,0.0118829315079475,0.0881170684920525,0.000316517222701152,-3.33888080102181,0
0.1,0.1,0.0116833776277608,0.0883166223722392,0.000310586710590026,-3.28220075206137,0
0.1,0.1,0.0115009755232375,0.0884990244767624,0.00030555752194402,-3.22942569176879,0
0.1,0.1,0.0112919093965335,0.0887080906034665,0.000300399653956369,-3.16776094243889,0
0.1,0.1,0.0110435841486584,0.0889564158513416,0.000294371764265142,-3.0928237094212,0
0.1,0.1,0.0107964606681886,0.0892035393318113,0.000287845924862239,-3.01634574917258,0
0.1,0.1,0.0105962437362895,0.0894037562637105,0.000281957715444528,-2.95293140056327,0
0.1,0.1,0.0105615806816647,0.0894384193183352,0.000278871828975334,-2.94181658703071,0
0.1,0.1,0.0105615806816627,0.0894384193183373,0.000278472900390625,-2.94181658703006,5.15802400791188e-11
0.1,0.1,0.0103988527878167,0.0896011472121833,0.000273035448554412,-2.88846291719891,0.531464966087174
0.1,0.1,0.0102471830566502,0.0897528169433498,0.000254481343686255,-2.83501531775291,0.805574669543023
0.1,0.1,0.0100299104073061,0.0899700895926939,0.000226698035516733,-2.74888761402228,0.765000971832125
0.1,0.1,0.00988462473006242,0.0901153752699376,0.000190962632417381,-2.6803814597725,0.851101107722855
0.1,0.1,0.00976552827967247,0.0902344717203275,0.000156539667980372,-2.61177476796561,0.905632167184614
0.1,0.1,0.00967267269266092,0.0903273273073391,0.000119441356371233,-2.54158809085563,0.82164355917691
0.1,0.1,0.00961379276753904,0.0903862072324609,7.99485480552705e-05,-2.47504218039909,0.942987890642336
0.1,0.1,0.00958573633866866,0.0904142636613313,4.07657799154688e-05,-2.41282491327041,1.35045456897207
0.1,0.1,0.00958401345484251,0.0904159865451575,2.50094015166459e-06,-2.35053746390094,1.67598014347045
0.1,0.1,0.00961213043908672,0.0903878695609133,-3.80377023893119e-05,-2.28371216066888,1.79756471577159
0.1,0.1,0.00967668815228032,0.0903233118477197,-8.2439140885789e-05,-2.21295365811572,1.70860921993973
0.1,0.1,0.00977523966170518,0.0902247603382948,-0.000129022682415651,-2.14399853947887,1.6344162977008
0.1,0.1,0.00989830393048961,0.0901016960695104,-0.00017485285238012,-2.08053941748088,1.95632843773257
0.1,0.1,0.0100452932821343,0.0899547067178657,-0.000217651633817464,-2.01973861541264,2.36134256281831
0.1,0.1,0.0102301435606677,0.0897698564393322,-0.000260093612550592,-1.95587156282812,2.56316617112187
0.1,0.1,0.0104664580996214,0.0895335419003786,-0.000305691039637082,-1.88656464462201,2.53291803201789
0.1,0.1,0.010745046179651,0.089254953820349,-0.000353856801648776,-1.81618406961721,2.3328273960073
0.1,0.1,0.0110389363247135,0.0889610636752864,-0.000401702119222737,-1.75099076607657,2.44550587462391
0.1,0.1,0.0113401064062735,0.0886598935937264,-0.000445996891686993,-1.69101856771076,2.8957533074914
0.1,0.1,0.0116726618673289,0.0883273381326711,-0.000487092145517558,-1.63059967689333,3.19454334487136
0.1,0.1,0.012068678020931,0.087931321979069,-0.000529691282964167,-1.56470953346118,3.25015068936713
0.1,0.1,0.0125274607821594,0.0874725392178405,-0.000575186419010043,-1.49475483724553,3.0448183337145
0.1,0.1,0.0130034179099915,0.0869965820900084,-0.000621168566765011,-1.42791240640337,2.89026549271726
0.1,0.1,0.0134631737648495,0.0865368262351505,-0.000664528217643568,-1.36788203481743,3.27278725466856
0.1,0.1,0.0139295872684754,0.0860704127315246,-0.000702930269155358,-1.31061643707212,3.68583833559099
0.1,0.1,0.0144570410637585,0.0855429589362415,-0.000740241714114982,-1.24947435653907,3.83831289522626
0.1,0.1,0.0150718551271093,0.0849281448728906,-0.000780089651566707,-1.18229604369783,3.71623460865467
0.1,0.1,0.0157270558251465,0.0842729441748535,-0.000821267068849916,-1.11480151673114,3.38291051388237
0.1,0.1,0.0163509521431338,0.0836490478568662,-0.000861162879828568,-1.05397305739057,3.51594597171342
0.1,0.1,0.0169429290701512,0.0830570709298488,-0.000896473735139416,-0.998931313867641,4.02482929482453
0.1,0.1,0.0175710267760327,0.0824289732239673,-0.00092787268382525,-0.942919962439424,4.29465039822613
0.1,0.1,0.0182995969134597,0.0817004030865403,-0.000960439809931501,-0.880666271043358,4.28425830650451
0.1,0.1,0.0191095537189918,0.0808904462810082,-0.000994870653947396,-0.814480154132413,3.94718980132104
0.1,0.1,0.0198991109044877,0.0801008890955123,-0.00102899936479709,-0.75271530738452,3.7176451052784
0.1,0.1,0.0206176666485898,0.0793823333514102,-0.00106053194969705,-0.698686917531927,4.19648327356644
0.1,0.1,0.021325114552531,0.078674885447469,-0.00108662930614324,-0.6472351260212,4.61750005278833
0.1,0.1,0.0221210203736578,0.0778789796263421,-0.00111156214776688,-0.591186238102962,4.72216147014314
0.1,0.1,0.0230381388066938,0.0769618611933062,-0.0011382333791695,-0.528804912946713,4.50428641747025
0.1,0.1,0.023979995224866,0.076020004775134,-0.00116520181797161,-0.466975806396575,4.02120426521328
0.1,0.1,0.0248319602020328,0.0751680397979672,-0.00119134622053258,-0.412916828456435,4.21370065661548
0.1,0.1,0.025613376321732,0.074386623678268,-0.00121321182126526,-0.364753609743691,4.79256393309985
0.1,0.1,0.0264405776084226,0.0735594223915774,-0.00123120663552107,-0.315053630621507,5.03283499543163
0.1,0.1,0.0274051492592567,0.0725948507407433,-0.00124998492935077,-0.258662000004474,4.96027950900832
0.1,0.1,0.0284610536899646,0.0715389463100354,-0.00126940411564533,-0.19871605129679,4.47705536214013
0.1,0.1,0.029449087066389,0.070550912933611,-0.00128849775682172,-0.144238934062629,4.18478172240123
0.1,0.1,0.0303134233982392,0.0696865766017608,-0.0013063217299055,-0.0978448963674035,4.79315683761899
0.1,0.1,0.0311557382842415,0.0688442617157585,-0.00131888965679339,-0.0536082641697454,5.21957458587982
0.1,0.1,0.0321149166383816,0.0678850833616184,-0.00133039095873865,-0.00431892055595341,5.28118882496184
0.1,0.1,0.0332223195649515,0.0667776804350485,-0.00134253614898472,0.0512198420969132,4.96682580350899
0.1,0.1,0.0343301905226521,0.0656698094773479,-0.00135414642896582,0.105398501659695,4.32050501148701
0.1,0.1,0.0352924430029575,0.0647075569970425,-0.00136646781902702,0.15130260947598,4.61447370861278
0.1,0.1,0.0361557278849152,0.0638442721150848,-0.00137542003580028,0.191645103327997,5.26599100467346
0.1,0.1,0.0370778950695571,0.0629221049304429,-0.00138080362886397,0.233975323086992,5.47817402992852
0.1,0.1,0.0381673828370184,0.0618326171629816,-0.0013863863930376,0.282994163679275,5.35060216573914
0.1,0.1,0.0393490352258412,0.0606509647741588,-0.00139129115829493,0.335006978689192,4.71165157040151
0.1,0.1,0.0404171933828977,0.0595828066171023,-0.00139646656112604,0.38098869441852,4.37459210639739
0.1,0.1,0.0413225586401916,0.0586774413598084,-0.0014023924547481,0.419161396773343,5.13301521790536
0.1,0.1,0.0422028120460927,0.0577971879539073,-0.00140337751060604,0.455689762267073,5.56119214642044
0.1,0.1,0.0432226530388639,0.0567773469611361,-0.00140336452318722,0.497320722135203,5.58714747615677
0.1,0.1,0.0444062268803003,0.0555937731196997,-0.00140273394954872,0.544727016825759,5.18081317185623
0.1,0.1,0.0455642236246991,0.0544357763753009,-0.00140097855925897,0.590198071662167,4.36682439132975
0.1,0.1,0.0465357933840995,0.0534642066159005,-0.00140210505748299,0.627580390068577,4.79456029311676
0.1,0.1,0.0473937264855472,0.0526062735144527,-0.00140081709061077,0.660061267749449,5.51232419874679
0.1,0.1,0.0483221346427625,0.0516778653572375,-0.0013962868933021,0.694730710933838,5.70038681910168
0.1,0.1,0.0494343998592639,0.0505656001407361,-0.00139125428918854,0.735600149526622,5.52777543911105
0.1,0.1,0.0506319512134235,0.0493680487865765,-0.00138432575313937,0.778823388498653,4.73528287654787
0.1,0.1,0.0516827926748324,0.0483172073251676,-0.00137864732328446,0.816050113344375,4.37265634228883
0.1,0.1,0.0525510075640807,0.0474489924359193,-0.00137585306644115,0.846264996803435,5.28124243132217
0.1,0.1,0.0533960606675719,0.0466039393324281,-0.00136831601527137,0.875307321292916,5.70876510616824
0.1,0.1,0.0543916967994027,0.0456083032005972,-0.00135980425763734,0.909065069586225,5.70800167722208
0.1,0.1,0.0555528559044601,0.0444471440955399,-0.00134949703930296,0.947807002441939,5.22148728450792
0.1,0.1,0.05666754822804,0.04333245177196,-0.00133772689446054,0.984376293223697,4.25047725197687
0.1,0.1,0.0575765823607685,0.0424234176392315,-0.00133112213692166,1.01365604289262,4.82138616318734
0.1,0.1,0.0583699495128286,0.0416300504871714,-0.00132279226069577,1.03886148888757,5.59335943909825
0.1,0.1,0.0592392199155994,0.0407607800844006,-0.00131149336833613,1.0661655331548,5.76329834076738
0.1,0.1,0.0602925748071873,0.0397074251928127,-0.00129906248558734,1.09878839808446,5.55742116085672
0.1,0.1,0.0614195546245579,0.0385804453754421,-0.00128380361347114,1.13314795184017,4.63001758881773
0.1,0.1,0.062385002049904,0.037614997950096,-0.00127085324279807,1.1620872927863,4.25569295568124
0.1,0.1,0.0631670447274382,0.0368329552725618,-0.0012625924656781,1.18514232600094,5.29469138468643
0.1,0.1,0.0639294295960598,0.0360705704039402,-0.00124961720691341,1.20738066341777,5.72153366354905
0.1,0.1,0.0648394879421788,0.0351605120578212,-0.00123570546732968,1.2336094155371,5.70306239005104
0.1,0.1,0.0659043076370268,0.0340956923629731,-0.00121913307981015,1.26385227528994,5.15481783877916
0.1,0.1,0.0669111262515821,0.0330888737484179,-0.00120096825112461,1.29201051963019,4.05254874875518
0.1,0.1,0.0677146105773379,0.0322853894226621,-0.00118990323561709,1.31408042527814,4.74969330202903
0.1,0.1,0.0684096068443254,0.0315903931556746,-0.00117746282174516,1.33293086441977,5.56296310577928
0.1,0.1,0.069178070347372,0.030821929652628,-0.0011622605493087,1.3535629620727,5.72143178102314
0.1,0.1,0.0701163291782014,0.0298836708217986,-0.00114553239453024,1.37842215614873,5.49412145580891
0.1,0.1,0.0711148036256963,0.0288851963743037,-0.00112542200766319,1.40448883463513,4.46349836776415
0.1,0.1,0.0719550076638588,0.0280449923361412,-0.0011084972662901,1.4260612266932,4.0823181135738
0.1,0.1,0.0726257898558996,0.0273742101441003,-0.00109752137602044,1.44299540837209,5.22120101319033
0.1,0.1,0.0732798883125499,0.0267201116874501,-0.00108172501397601,1.45934956957959,5.64915225251801
0.1,0.1,0.0740671281592642,0.0259328718407358,-0.0010650974559374,1.47880702623177,5.62074271928118
0.1,0.1,0.0749895220263811,0.0250104779736189,-0.0010453632817532,1.50127996876188,5.03170488763942
0.1,0.1,0.0756795798669004,0.0243204201330996,-0.0010294968349529,1.51781162624185,5.35101671629736
0.1,0.1,0.0763589473503392,0.0236410526496608,-0.00101354789830935,1.53388459581758,5.53951225558926
0.1,0.1,0.0771271420441833,0.0228728579558167,-0.000995865553195072,1.55182318414375,5.40635402985758
0.1,0.1,0.0779407060896045,0.0220592939103954,-0.000976119256532654,1.57054553388276,4.85236792844618
0.1,0.1,0.0786764640370064,0.0213235359629935,-0.000957572434658283,1.58720966772587,4.48589775271018
0.1,0.1,0.0793001692678677,0.0206998307321323,-0.000943101891024768,1.60110383392177,5.0560001130429
0.1,0.1,0.079890865443539,0.020109134556461,-0.000927276204499154,1.61410098600269,5.44650454238192
0.1,0.1,0.0805459339497812,0.0194540660502187,-0.000910125389340984,1.62833777145764,5.46260619132583
0.1,0.1,0.0812815199396115,0.0187184800603885,-0.000890962944420076,1.64409356866313,5.09580735775558
0.1,0.1,0.0819956483600398,0.0180043516399602,-0.000870700250279727,1.65915030822124,4.38284975028952
0.1,0.1,0.0825982876724237,0.0174017123275762,-0.000854882657434092,1.67162768887798,4.63041079055763
0.1,0.1,0.0831247874696387,0.0168752125303613,-0.000840358638300797,1.68236412976418,5.25967741975701
0.1,0.1,0.0836735339473554,0.0163264660526446,-0.000823814796895036,1.69342107596831,5.44028954617015
0.1,0.1,0.0843064703381579,0.0156935296618421,-0.000805914000072733,1.70599326610632,5.27465443750276
0.1,0.1,0.084663293544228,0.015336706455772,-0.000793228908027966,1.71297229142969,5.61400651326763
0.1,0.1,0.0853197935678562,0.0146802064321438,-0.000776520682855941,1.72565960132231,5.49068068155833
0.1,0.1,0.0859727517707473,0.0140272482292527,-0.000756265991161592,1.73805065556465,5.14066198906795
0.1,0.1,0.0866074446455068,0.0133925553544932,-0.000735110813966094,1.74988458330197,4.17187731938112
0.1,0.1,0.0871348273180049,0.0128651726819951,-0.000718780926378907,1.75951471747694,4.11576316794031
0.1,0.1,0.0875676815120952,0.0124323184879048,-0.000706437424627048,1.76726375207041,5.05212419642043
0.1,0.1,0.0880007930867554,0.0119992069132445,-0.000690627951268605,1.7749238019966,5.36922826062323
0.1,0.1,0.0885135313376631,0.0114864686623369,-0.000674014218873966,1.78385563208094,5.28815098544719
0.1,0.1,0.0890873636878939,0.0109126363121061,-0.000654701372437321,1.793669307285,4.62075049166026
0.1,0.1,0.0896036919178366,0.0103963080821634,-0.000635540879531026,1.80232183915089,3.70836291158073
0.1,0.1,0.0900128421880474,0.00998715781195257,-0.000624032006385837,1.80900225570564,4.56374319289814
0.1,0.1,0.0903763490582773,0.00962365094172264,-0.000610224926233987,1.8148424488277,5.21935512084516
0.1,0.1,0.0907841617576123,0.00921583824238766,-0.000594836260240527,1.82129964614256,5.30918215838896
0.1,0.1,0.091268734400053,0.00873126559994702,-0.000577872624950453,1.8288226597502,4.99100748188614
0.1,0.1,0.0917562326887885,0.00824376731121143,-0.000558504210409604,1.83622784039072,3.89576056362351
0.1,0.1,0.0921532168288467,0.0078467831711533,-0.000544365080843898,1.84209217200006,3.89661878807492
0.1,0.1,0.0924749442925844,0.00752505570741556,-0.000534005027733027,1.84672166558351,4.93124840018906
0.1,0.1,0.0927981999487982,0.00720180005120179,-0.000519565727819143,1.85130222952175,5.24919640883801
0.1,0.1,0.0931848126422083,0.0068151873577917,-0.000504713290580258,1.85666964040578,5.16110546010577
0.1,0.1,0.0936173626734967,0.00638263732650329,-0.000487330074464662,1.86252431197598,4.43378900085584
0.1,0.1,0.0939255995543801,0.00607440044561992,-0.000475468468115804,1.86656101546922,4.92808532957235
0.1,0.1,0.0942254339402884,0.00577456605971161,-0.000462507263075417,1.87040096909186,5.17082190509597
0.1,0.1,0.0945722934170505,0.00542770658294946,-0.000448293645669199,1.87473356105088,5.05039994816711
0.1,0.1,0.0949450582056274,0.00505494179437262,-0.000432149773050028,1.8792523093776,4.37382251998303
0.1,0.1,0.0952737006826979,0.00472629931730206,-0.000417276529458322,1.88310123406109,3.75178531836984
0.1,0.1,0.0955391584605556,0.00446084153944441,-0.000408194547480851,1.88608699329061,4.54451071511079
0.1,0.1,0.0957817063868015,0.00421829361319846,-0.000396514839870215,1.88874074990632,5.06038119616727
0.1,0.1,0.0960528978247393,0.00394710217526067,-0.000383788581937193,1.89162481274613,5.1058365528969
0.1,0.1,0.0963642976620104,0.0036357023379896,-0.000369803587481651,1.89481578898065,4.73090155313977
0.1,0.1,0.0966654654115923,0.0033345345884077,-0.000354531977092903,1.89777340427935,3.75119406424765
0.1,0.1,0.0969101648053073,0.00308983519469272,-0.00034459270308653,1.90005214944785,3.98715229061218
0.1,0.1,0.0971141167701234,0.00288588322987658,-0.000336067943652765,1.90186446311853,4.84030679574919
0.1,0.1,0.0973228863120545,0.00267711368794551,-0.000324416109862065,1.9036537651142,5.07984996133439
0.1,0.1,0.097567738740383,0.00243226125961693,-0.000312470076051564,1.90565454816582,4.94420757649603
0.1,0.1,0.0978298608696227,0.00217013913037732,-0.000298684122236249,1.90767173346791,4.16495599127159
0.1,0.1,0.0980555915195279,0.00194440848047207,-0.000286482961554603,1.90928978438472,3.48162510136386
0.1,0.1,0.0982347160646711,0.00176528393532889,-0.000280531394634841,1.91047269433451,4.44129070885816
0.1,0.1,0.0983976754306906,0.00160232456930941,-0.000270677781854985,1.91148576967714,4.97889087135589
0.1,0.1,0.0985820752562176,0.00141792474378234,-0.000260086379127953,1.91255571402156,5.01704995294924
0.1,0.1,0.0987946468369097,0.00120535316309033,-0.000248525946887783,1.91367605511809,4.60511268456802
0.1,0.1,0.0989967601785073,0.00100323982149267,-0.0002357279480301,1.91461989330294,3.49000923154231
0.1,0.1,0.099157805940928,0.000842194059071932,-0.000228920972435601,1.91526678843358,3.83285728247539
0.1,0.1,0.0992905608029785,0.000709439197021475,-0.000222689349582365,1.91572843886659,4.76391642810631
0.1,0.1,0.0994268074870506,0.000573192512949378,-0.000212904694862688,1.91613828422712,5.00142727458272
0.1,0.1,0.0995875765257555,0.0004124234742445,-0.000203266658302707,1.91652710676719,4.8566347558877
0.1,0.1,0.0997582052393611,0.000241794760638916,-0.000191964548927316,1.91681558590849,3.99639710769913
0.1,0.1,0.0998759900929117,0.000124009907088232,-0.000186976882088472,1.91692985989228,4.67528898218592
0.1,0.1,0.0999886292044193,1.13707955806536e-05,-0.000178808303750533,1.91697196573217,4.96393987002632
0.1,0.1,0.100120264270678,-0.000120264270678044,-0.000170067778749705,1.91692898759031,4.86078903138524
0.1,0.1,0.100261906897604,-0.00026190689760397,-0.000159939395774271,1.91675774308045,4.10557296832499
0.1,0.1,0.100361660026136,-0.000361660026135899,-0.000155132957658283,1.91655633730524,4.65446495025341
0.1,0.1,0.100456724105492,-0.000456724105492329,-0.000147840694469089,1.91629266467696,4.91479955247018
0.1,0.1,0.100564920140231,-0.000564920140230671,-0.00013989052562452,1.91589674516493,4.80429845969181
0.1,0.1,0.100678620214324,-0.000678620214323855,-0.000130865916742211,1.91535465408125,4.11206886040738
0.1,0.1,0.100776143669173,-0.000776143669173182,-0.000123050788508847,1.91477554126781,3.42464664076212
0.1,0.1,0.100854318375038,-0.000854318375038229,-0.000120528995066861,1.91424540872741,4.27297890250559
0.1,0.1,0.100923622392933,-0.000923622392933296,-0.000114318440841419,1.91370590209478,4.82393767733185
0.1,0.1,0.100999011551283,-0.000999011551283069,-0.00010723951983742,1.91302952895405,4.88120415950164
0.1,0.1,0.101083389933275,-0.00108338993327514,-9.99015650410306e-05,1.91214891188437,4.51527425212241
0.1,0.1,0.101161884913509,-0.00116188491350952,-9.1693819004463e-05,1.91118531575001,3.48487687646026
0.1,0.1,0.101224830241988,-0.00122483024198806,-8.83751013492359e-05,1.9103332480274,3.7073019374863
0.1,0.1,0.101276481728102,-0.00127648172810199,-8.56087733836035e-05,1.90957787044998,4.61761765831801
0.1,0.1,0.101326957105625,-0.00132695710562504,-7.90702757046001e-05,1.90874644055575,4.87563079079565
0.1,0.1,0.101384052172026,-0.00138405217202626,-7.30173267466013e-05,1.90768579160924,4.75304854014938
0.1,0.1,0.101442288085653,-0.00144228808565325,-6.59882408601137e-05,1.90643677275832,3.9700642240882
0.1,0.1,0.101490157755566,-0.00149015775556638,-6.03403242455001e-05,1.90527085445345,3.21636128152822
0.1,0.1,0.101528680861204,-0.0015286808612044,-6.03599557254581e-05,1.90430619507301,4.22071125509078
0.1,0.1,0.101561792703664,-0.00156179270366398,-5.54248910691781e-05,1.90338254305377,4.79287258218356
0.1,0.1,0.10159696723212,-0.00159696723212052,-4.99171222978002e-05,1.90226913921982,4.844230821221
0.1,0.1,0.101598270920767,-0.00159827092076655,-5.03738296027736e-05,1.90222779814114,4.88316841195884
0.5,0.1,0.101598270920767,0.398401729079233,54975581388.7999,1.90222779814113,100
0.5,0.1,0.101598270920767,0.398401729079233,-4.57763671875e-05,1.90222779814403,100
0.5,0.1,0.101651245560282,0.398348754439718,-0.000327243044488582,1.96671864568765,100
0.5,0.1,0.101793334531799,0.398206665468201,-0.000877733724154622,2.03119368590386,100
0.5,0.1,0.102122356594225,0.397877643405775,-0.00151188285776982,2.11782007490992,100
0.5,0.1,0.10237207037375,0.39762792962625,-0.00206823594062965,2.16584425740277,100
0.5,0.1,0.102372070373767,0.397627929626233,-0.00226593017578125,2.16584425740566,99.999999999985
0.5,0.1,0.103013129939926,0.396986870060074,-0.0025882616375161,2.26425218959921,61.1386372038522
0.5,0.5,0.103766982698936,0.396233017301064,-0.00304366127499595,2.36248624112873,48.4591478892126
0.5,0.5,0.105215697730468,0.394784302269532,-0.00345889079715299,2.52814726434846,43.4250723629554
0.5,0.5,0.107175324449779,0.392824675550221,-0.00393325529492028,2.7243588078102,42.5757366114032
0.5,0.5,0.110274118134285,0.389725881865715,-0.0044954241757166,2.99409853535937,42.5532990449409
0.5,0.5,0.115051939230833,0.384948060769167,-0.00520083229978706,3.34998651169303,43.0427955590435
0.5,0.5,0.119138469712757,0.380861530287243,-0.00585227359001251,3.61738408959134,42.8953217374689
0.5,0.5,0.123586704901125,0.376413295098875,-0.00637026676546417,3.88180004551752,42.7653670255877
0.5,0.5,0.128925246774328,0.371074753225672,-0.00687462511326824,4.17206001281731,42.8901513582275
0.5,0.5,0.134854287856659,0.365145712143341,-0.00736888472825307,4.46827040927466,43.2602775112799
0.5,0.5,0.140640786556747,0.359359213443253,-0.00780687272910267,4.73679370689793,43.2787959461889
0.5,0.5,0.146088078095288,0.353911921904712,-0.00816886680076903,4.97462400126701,42.768268505034
0.5,0.5,0.151741011190417,0.348258988809583,-0.00848279457866537,5.20859884895492,42.424300088918
0.5,0.5,0.158255533252732,0.341744466747268,-0.00878375735943946,5.46448557404854,42.3480987257863
0.5,0.5,0.165623802157623,0.334376197842377,-0.00908094214825234,5.73880443991094,42.5742127756677
0.5,0.5,0.172951161800897,0.327048838199103,-0.00935003079817817,5.99798883285629,42.8416331346716
0.5,0.5,0.179570557405537,0.320429442594463,-0.00956653635592104,6.2220031657431,42.3817343474372
0.5,0.5,0.18588034038706,0.31411965961294,-0.00974000990665953,6.42754635722232,41.8198389657111
0.5,0.5,0.192788259982276,0.307211740017724,-0.00989323702324965,6.64447404714204,41.5636160017363
0.5,0.5,0.200745360576461,0.299254639423539,-0.0100380235623712,6.88485381296919,41.5895360600603
0.5,0.5,0.209065954981967,0.290934045018033,-0.0101671899158793,7.12636017385031,41.9381524681814
0.5,0.5,0.21661257267533,0.28338742732467,-0.0102647583737402,7.33748502168543,41.7928975101283
0.5,0.5,0.223331406648273,0.276668593351727,-0.0103312030730277,7.51960224231384,41.0615336924905
0.5,0.5,0.230162607355071,0.269837392644929,-0.0103798810600536,7.69943721679699,40.6155393255707
0.5,0.5,0.237991013047707,0.262008986952293,-0.0104153942857724,7.89931189693689,40.4622633224134
0.5,0.5,0.246655935348782,0.253344064651218,-0.0104356565683647,8.11326725167365,40.6788281101999
0.5,0.5,0.254873306504842,0.245126693495158,-0.0104358587443212,8.30952065049821,40.9375286050765
0.5,0.5,0.261931832773423,0.238068167226577,-0.0104172303574742,8.47322299450657,40.2530051418295
0.5,0.5,0.268512063013893,0.231487936986107,-0.0103901469545941,8.62191079026532,39.5791627533729
0.5,0.5,0.275753586422093,0.224246413577907,-0.0103524042860631,8.78130274120394,39.2720989019871
0.5,0.5,0.284098046814737,0.215901953185263,-0.0102962020294837,8.95965680369441,39.2773334133455
0.5,0.5,0.292600246405039,0.207399753594961,-0.0102207231531984,9.13571721456937,39.703148613259
0.5,0.5,0.299972982769558,0.200027017230442,-0.0101337314823735,9.28392554005365,39.4362762972279
0.5,0.5,0.306337601845256,0.193662398154744,-0.0100476586549527,9.40861342956748,38.5432572408518
0.5,0.5,0.312820139482557,0.187179860517443,-0.00996166738922366,9.53252677914373,38.061103658889
0.5,0.5,0.320338998317023,0.179661001682977,-0.00985851716556073,9.67241204946267,37.8901831738234
0.5,0.5,0.328604654969476,0.171395345030524,-0.00973134600946686,9.82149580407343,38.1720011068407
0.5,0.5,0.336180174239576,0.163819825760424,-0.00959173527730747,9.95386644802441,38.4846612671923
0.5,0.5,0.342448503426118,0.157551496573882,-0.0094574801911541,10.0603640660488,37.6047382104059
0.5,0.5,0.348234302843207,0.151765697156793,-0.00933667036868118,10.1562004053826,36.8774225674176
0.5,0.5,0.354695626532301,0.145304373467699,-0.00920842457688102,10.260418377552,36.5672830380826
0.5,0.5,0.362193130140173,0.137806869859827,-0.00905378196663273,10.3776326076929,36.6025326877267
0.5,0.5,0.369686920446833,0.130313079553167,-0.00887893034268114,10.4907699857445,37.1704577880266
0.5,0.5,0.375949635956948,0.124050364043052,-0.00870718343184107,10.5822414388869,36.8024076501522
0.5,0.5,0.381234955488463,0.118765044511537,-0.00855659534179446,10.6572299995888,35.7948216767632
0.5,0.5,0.386659961644883,0.113340038355117,-0.00841526487051133,10.7320399679291,35.317109432366
0.5,0.5,0.393042872998954,0.106957127001046,-0.00825293464007452,10.8172216202941,35.1648427309507
0.5,0.5,0.400030860489272,0.0999691395107277,-0.00806212209079487,10.906888687122,35.55587001791
0.5,0.5,0.406252691100538,0.0937473088994619,-0.00786534242839647,10.9835001435097,35.9551357177341
0.5,0.5,0.41124448959517,0.0887555104048296,-0.00768851629849983,11.0427411284129,34.9081393506678
0.5,0.5,0.41582692262755,0.0841730773724496,-0.00753700356334125,11.0953065437152,34.1658122010253
0.5,0.5,0.421021930523679,0.0789780694763207,-0.00737864065888875,11.1527338914225,33.8797248489863
0.5,0.5,0.427088243026781,0.0729117569732186,-0.00719005193023703,11.2167978241991,33.9726449934999
0.5,0.5,0.433051421543756,0.0669485784562437,-0.00698273325655536,11.2765067771031,34.7110839659067
0.5,0.5,0.437881692047098,0.0621183079529021,-0.00678715028038313,11.3224282947752,34.2589230053544
0.5,0.5,0.441885330723765,0.0581146692762353,-0.00662285757580713,11.3587659410003,33.1764977892313
0.5,0.5,0.446026806988352,0.0539731930116484,-0.00647159297659035,11.3946260193655,32.7245924299483
0.5,0.5,0.450954007593591,0.0490459924064086,-0.00629781521978934,11.4349160662248,32.6102610308521
0.5,0.5,0.456323660522304,0.0436763394776957,-0.00609543683097388,11.4757445676892,33.1245951052028
0.5,0.5,0.460988151887087,0.039011848112913,-0.00589169904530992,11.5084692966719,33.6204906821056
0.5,0.5,0.464635939092374,0.0353640609076263,-0.00571399138869472,11.5322058545184,32.4435047681832
0.5,0.5,0.467969352378937,0.0320306476210628,-0.00556617330148261,11.5523822795234,31.7083327151571
0.5,0.5,0.471789733308419,0.0282102666915813,-0.00541175482542361,11.5736388786126,31.4590583563424
0.5,0.5,0.476263407056868,0.0237365929431321,-0.00522758162419468,11.5958549912807,31.6190571857655
0.5,0.5,0.480595118828774,0.0194048811712261,-0.00502767380691696,11.6144296673517,32.5232242158427
0.5,0.5,0.484013457701596,0.0159865422984042,-0.00484268161139368,11.6269158331828,32.0117438549333
0.5,0.5,0.486803395279537,0.0131966047204633,-0.00469142119098114,11.635589926202,30.8866420450366
0.5,0.5,0.489701624528086,0.0102983754719139,-0.00455399694761122,11.6430616401208,30.4688142958334
0.5,0.5,0.493168207229213,0.00683179277078744,-0.00439526112929448,11.6498083388213,30.3998343548395
0.5,0.5,0.496921342735808,0.00307865726419182,-0.00421106244984863,11.6542133577097,31.0284191746586
0.5,0.5,0.499470860910883,0.000529139089116892,-0.0040417583741922,11.655347436875,30.2028100476137
0.5,0.5,0.501935751645588,-0.00193575164558757,-0.00390759825360638,11.6548996461519,29.7616538066205
0.5,0.5,0.504848142351086,-0.00484814235108644,-0.00376020703203834,11.6522647860916,29.6793540625169
0.5,0.5,0.50802470110581,-0.00802470110580999,-0.00358921119125367,11.6465578949739,30.226561568287
0.5,0.5,0.510770134609428,-0.0107701346094281,-0.003417715545343,11.6390028227755,30.9088608708532
0.5,0.5,0.51287117701411,-0.0128711770141102,-0.0032684922805774,11.6314011854132,29.7645122482303
0.5,0.5,0.51473809551182,-0.0147380955118196,-0.00314810747509745,11.6232116591451,29.0116268696055
0.5,0.5,0.516842881403722,-0.0168428814037223,-0.00302547620757559,11.6122213418662,28.7922771291888
0.5,0.5,0.519295885870452,-0.0192958858704516,-0.00287999182755506,11.59682204104,28.9764850652728
0.5,0.5,0.521667366855055,-0.0216673668550545,-0.00272228137144058,11.5789719691189,29.9699685431616
0.5,0.5,0.523511497242949,-0.0235114972429488,-0.00257597915700582,11.5627969129822,29.635361740383
0.5,0.5,0.524972605011812,-0.0249726050118118,-0.00245745804652096,11.5483811671152,28.4781638433816
0.5,0.5,0.526448868290206,-0.0264488682902062,-0.00235395492818261,11.5322536534259,28.0714743246045
0.5,0.5,0.528190767088751,-0.028190767088751,-0.00223573833523228,11.5109621540458,28.0349211533444
0.5,0.5,0.530066781209488,-0.0300667812094885,-0.00209868312066295,11.484915690766,28.6818393454773
0.5,0.5,0.531322516565868,-0.0313225165658684,-0.00197185357785685,11.4653656919856,27.9649302213888
0.5,0.5,0.532515028832985,-0.0325150288329852,-0.00187257575300847,11.4450358298354,27.5820417164516
0.5,0.5,0.533883304289512,-0.0338833042895119,-0.00176512049912094,11.4192952476452,27.5597588493469
0.5,0.5,0.535325881144679,-0.0353258811446786,-0.00164277984581423,11.3889009534267,28.1491289354339
0.5,0.5,0.536539255118,-0.0365392551180003,-0.00152145731441419,11.3602408193702,28.797798641024
0.5,0.5,0.537451434217874,-0.0374514342178741,-0.00141543172083862,11.3363971760784,27.7602125824033
0.5,0.5,0.538248587684206,-0.0382485876842059,-0.00133093696673922,11.3137252117055,27.0836937239539
0.5,0.5,0.539120456046732,-0.0391204560467319,-0.00124562088525931,11.2866446365357,26.9188035267929
0.5,0.5,0.540093964319725,-0.0400939643197255,-0.00114579143033184,11.2529870698577,27.1672463455287
0.5,0.5,0.54099211403386,-0.0409921140338598,-0.00103950084097082,11.2179526658475,28.1614253193454
0.5,0.5,0.541662846041872,-0.0416628460418718,-0.000940658170446012,11.1884826479325,27.8435058821485
0.5,0.5,0.542177586055966,-0.0421775860559656,-0.0008609449903123,11.1634180781131,26.7864689317267
0.5,0.5,0.542679077243609,-0.042679077243609,-0.000792600745262687,11.1365709013714,26.4360580738081
0.5,0.5,0.54323791547485,-0.0432379154748499,-0.000714959039917835,11.1029890347692,26.4580947762844
0.5,0.5,0.543795112526299,-0.0437951125262994,-0.000626551621141939,11.0642847906482,27.1596562856627
0.5,0.5,0.544141349449448,-0.0441413494494481,-0.000544057013544828,11.0363020021473,26.4743701568292
0.5,0.5,0.544447615782549,-0.0444476157825489,-0.000481249501124195,11.0081112703173,26.1280554255468
0.5,0.5,0.544768071687004,-0.044768071687004,-0.000413905422142894,10.973571515881,26.1507228779085
0.5,0.5,0.54506479779992,-0.0450647977999196,-0.000338040798070058,10.9341409187053,26.7866182018635
0.5,0.5,0.545274935619375,-0.0452749356193752,-0.000263233471369307,10.8980807502514,27.4878897506439
0.5,0.5,0.545401863128564,-0.0454018631285635,-0.000196709675750773,10.8688253426696,26.4943125406139
0.5,0.5,0.545489240307094,-0.045489240307094,-0.000145888074121454,10.841605452396,25.8485051216486
0.5,0.5,0.545555983866872,-0.045555983866872,-9.54655337047216e-05,10.8097769402714,25.7210504468226
0.5,0.5,0.545587172203792,-0.0455871722037924,-3.67428224368971e-05,10.7710914381594,26.0124630179971
0.5,0.5,0.545565710154499,-0.0455657101544993,2.48298563228073e-05,10.7316951412009,27.0497157424722
0.5,0.5,0.545506305329276,-0.045506305329276,8.31984912925233e-05,10.6991817167566,26.7825580793294
0.5,0.5,0.545428613655935,-0.045428613655935,0.000129855079294748,10.6719782515965,25.7548001107635
0.5,0.5,0.545322701936071,-0.0453227019360706,0.000167527032759253,10.6432904122318,25.4341284860191
0.5,0.5,0.545158448898746,-0.0451584488987457,0.000210396098940489,10.6079697988867,25.4933798644182
0.5,0.5,0.544928641763984,-0.0449286417639836,0.000258485363196912,10.5679218180204,26.2326213816836
0.5,0.5,0.544734403083229,-0.0447344030832288,0.00030485239944755,10.5393566409223,25.5854243900311
0.5,0.5,0.54451895713473,-0.0445189571347299,0.000338136637336918,10.5109216493919,25.2708271395733
0.5,0.5,0.54422996326406,-0.0442299632640604,0.000373291730941017,10.4765664673572,25.3298431849386
0.5,0.5,0.54386857000393,-0.04386857000393,0.000412175261860575,10.4379430243654,26.0017759650883
0.5,0.5,0.543509404864559,-0.0435094048645587,0.000450296418712638,10.403096348171,26.7271836842629
0.5,0.5,0.543195731626225,-0.0431957316262248,0.000485869854941952,10.3751085891502,25.7706185043971
0.5,0.5,0.542889488802324,-0.0428894888023245,0.000510623635007972,10.3492937872012,25.1545496186593
0.5,0.5,0.542515640661921,-0.0425156406619207,0.000534371995991444,10.3194181793124,25.0568130288848
0.5,0.5,0.54203889461325,-0.0420388946132502,0.000561929850116987,10.2835487502058,25.3827740758013
0.5,0.5,0.541529588796114,-0.0415295887961142,0.000589861417498644,10.2474713035567,26.4453897355882
0.5,0.5,0.541088471250267,-0.0410884712502666,0.000618011095473288,10.217987195274,26.2033916335431
0.5,0.5,0.540705144798866,-0.0407051447988661,0.000640131957955361,10.1934973554456,25.2060340999063
0.5,0.5,0.540290365505672,-0.0402903655056724,0.000655358229118049,10.1678658546859,24.9102756184145
0.5,0.5,0.539764823592985,-0.0397648235929851,0.000673013246347903,10.1366085638278,24.9982540207905
0.5,0.5,0.539150010181529,-0.0391500101815285,0.000692075460998415,10.1015562201758,25.7668347034924
0.5,0.5,0.538695907483313,-0.0386959074833134,0.000712625820184256,10.0767537901132,25.1411696290635
0.5,0.5,0.538233966434345,-0.0382339664343448,0.000724926586412985,10.0522428749486,24.8473696456903
0.5,0.5,0.537663173823182,-0.0376631738231824,0.000737424848827421,10.0228690853244,24.9308632812969
0.5,0.5,0.53700524614706,-0.0370052461470598,0.000750563806830891,9.99014320294141,25.6284331623913
0.5,0.5,0.536396353378726,-0.0363963533787262,0.000763391396945101,9.96087183692498,26.376628487574
0.5,0.5,0.535894068477299,-0.0358940684772994,0.000777817719526462,9.93753156224801,25.4413275938192
0.5,0.5,0.535423260549531,-0.0354232605495314,0.000784837487517689,9.91614085754622,24.8425037780713
0.5,0.5,0.534870206774682,-0.0348702067746821,0.000790565275797381,9.89155335198887,24.7638955238347
0.5,0.5,0.534193929668198,-0.0341939296681982,0.000797287700854607,9.86226279716466,25.1119582839465
0.5,0.5,0.533500713817736,-0.033500713817736,0.000802962480269135,9.83304344423306,26.1947935953708
0.5,0.5,0.532921546962297,-0.0329215469622965,0.000811311177734891,9.80933694051843,25.9719851956203
0.5,0.5,0.532431894368246,-0.0324318943682463,0.000817486029735824,9.78976502920898,24.9901740578723
0.5,0.5,0.531914020611021,-0.0319140206110206,0.000818188542320473,9.76940131376022,24.7091705061011
0.5,0.5,0.5312740349924,-0.0312740349924,0.000819678027034947,9.74473373897454,24.8147094092204
0.5,0.5,0.5305454081371,-0.0305454081370997,0.000820334107945137,9.7172808752589,25.6015686343372
0.5,0.5,0.530019810865766,-0.0300198108657664,0.000824667833070349,9.69798111517322,24.9903910107915
0.5,0.5,0.529494702742094,-0.029494702742094,0.000823900355072457,9.67901582402162,24.7098077531018
0.5,0.5,0.528858153150226,-0.028858153150226,0.000822411632026601,9.65643364621828,24.8085749311919
0.5,0.5,0.528139665711836,-0.0281396657118361,0.000819816679152155,9.63145870812268,25.5219326531996
0.5,0.5,0.527487812154259,-0.0274878121542594,0.000817352075493897,9.60927924247587,26.28282071219
0.5,0.5,0.526958794825064,-0.0269587948250636,0.000819116046208789,9.59169866676622,25.3605191079185
0.5,0.5,0.526469410450246,-0.0264694104502462,0.00081561547803868,9.57567020745495,24.7724986798834
0.5,0.5,0.525902183682293,-0.0259021836822931,0.000810755305679673,9.55735036600419,24.7053774636745
0.5,0.5,0.52521913004331,-0.02521913004331,0.000805364447786442,9.53567269991798,25.0666337109625
0.5,0.5,0.524530099286461,-0.0245300992864611,0.000798255249270738,9.51420424698648,26.1607589776451
0.5,0.5,0.52396232750812,-0.0239623275081199,0.000795368715723294,9.49689834154345,25.9480669954183
0.5,0.5,0.523487506277532,-0.0234875062775318,0.000792590359195839,9.48268615462925,24.9758016977753
0.5,0.5,0.522990409575,-0.0229904095749996,0.000785229277994043,9.46797499766727,24.7034050127198
0.5,0.5,0.522383078115747,-0.0223830781157472,0.000777845823918002,9.45026229385896,24.8189271125269
0.5,0.5,0.521700556490097,-0.0217005564900972,0.000768534721541324,9.43068941850944,25.6160634126136
0.5,0.5,0.521213468832192,-0.0212134688321923,0.00076420880029134,9.41701417726794,25.0123946191163
0.5,0.5,0.520731260783861,-0.0207312607838606,0.00075655301078978,9.40364746673446,24.738841025695
0.5,0.5,0.520152486531226,-0.0201524865312259,0.00074779175669553,9.38782678156795,24.8456980912147
0.5,0.5,0.5195064989068,-0.0195064989067999,0.000737144625389744,9.37045149010078,25.5674037051917
0.5,0.5,0.518926723983775,-0.0189267239837749,0.000726989585126637,9.35512910935858,26.3352979080849
0.5,0.5,0.518460079344006,-0.0184600793440062,0.000722497285812926,9.3430569566843,25.4194060038906
0.5,0.5,0.518031706315884,-0.0180317063158844,0.000713880551934686,9.33210891938223,24.8366443246446
0.5,0.5,0.517539196634538,-0.0175391966345383,0.000703954164554106,9.31966630875085,24.7751821299513
0.5,0.5,0.516951576297431,-0.0169515762974307,0.000692877490893007,9.30504217406576,25.142825392219
0.5,0.5,0.516364733804646,-0.0163647338046462,0.000679901764451429,9.29066699337627,26.2425484935938
0.5,0.5,0.515885033609235,-0.015885033609235,0.000671982906719142,9.27915849377296,26.0348316899102
0.5,0.5,0.515486450022194,-0.0154864500221935,0.000665287779862456,9.26976186371958,25.0667523860945
0.5,0.5,0.515072111406413,-0.0150721114064131,0.000654475412121581,9.2600893758218,24.7981841465891
0.5,0.5,0.514569771487841,-0.0145697714878411,0.000643387511726518,9.24851857600899,24.9180962340349
0.5,0.5,0.514010271929527,-0.014010271929527,0.000630040555940063,9.23583083178094,25.7196289639616
0.5,0.5,0.513613605229146,-0.0136136052291458,0.000622322154998909,9.2270281500772,25.1192350895944
0.5,0.5,0.513223480580561,-0.0132234805805613,0.000612058465689107,9.21847583949684,24.8486086034481
0.5,0.5,0.512758604546922,-0.0127586045469221,0.000600639247936435,9.20842218953984,24.9587242749409
0.5,0.5,0.512244062753919,-0.0122440627539194,0.000587174587315982,9.19746947750352,25.6836279357987
0.5,0.5,0.511785935664621,-0.0117859356646208,0.000574465538572484,9.18789071433843,26.4539742409828
0.5,0.5,0.511419062383575,-0.0114190623835754,0.000568007434343743,9.18039826553433,25.5405120433102
0.5,0.5,0.511084289290924,-0.0110842892909236,0.000557871174254217,9.17364692626656,24.9596445863248
0.5,0.5,0.510701914889734,-0.0107019148897343,0.000546528068428248,9.16602638621851,24.9000805224325
0.5,0.5,0.510249066064626,-0.0102490660646255,0.000533978229475356,9.15714401961158,25.2697431962392
0.5,0.5,0.509800573875057,-0.00980057387505695,0.000519630026671001,9.14849462943765,26.3709581083178
0.5,0.5,0.50943602674516,-0.00943602674515964,0.000510672468905841,9.1416309468078,26.1645787737494
0.5,0.5,0.509134496437141,-0.0091344964371407,0.000503275171049407,9.1360687548619,25.1977292348317
0.5,0.5,0.508823048576421,-0.00882304857642147,0.000491937089103288,9.13038486128509,24.9301000497698
0.5,0.5,0.508447968410648,-0.00844796841064777,0.000480396193346063,9.12364351297574,25.0509629809493
0.5,0.5,0.508033524252601,-0.0080335242526014,0.000466710353801193,9.11632798108968,25.8532443963279
0.5,0.5,0.507741048442411,-0.00774104844241086,0.000458853149415202,9.11130159386544,25.2533847078354
0.5,0.5,0.507455106475358,-0.00745510647535763,0.000448602474327277,9.10645916803736,24.9831276363511
0.5,0.5,0.507116631426853,-0.0071166314268527,0.000437326892435346,9.100821171741,25.0935321817172
0.5,0.5,0.506744918180553,-0.00674491818055278,0.000424191814878009,9.09475002592114,25.8185066294509
0.5,0.5,0.506416369861547,-0.00641636986154726,0.000411983938792809,9.08950508097818,26.5887069804736
0.5,0.5,0.506154076840679,-0.00615407684067948,0.000406086797740826,9.08544696144258,25.6752826464204
0.5,0.5,0.505916118726811,-0.00591611872681053,0.00039652972770671,9.08182595434953,25.0942652231529
0.5,0.5,0.505646139660692,-0.00564613966069238,0.000385879932877772,9.07778192229486,25.0343799727952
0.5,0.5,0.505328739771884,-0.00532873977188419,0.000374267507935404,9.07312974114701,25.403504869896
0.5,0.5,0.505017089463463,-0.00501708946346258,0.00036108763099494,9.06866800693029,26.5039123707115
0.5,0.5,0.504764867982635,-0.00476486798263542,0.000353321445079226,9.06517890122344,26.2969126754715
0.5,0.5,0.504556966027229,-0.00455696602722921,0.000346997419042996,9.06238724649406,25.3295505006862
0.5,0.5,0.504343776918332,-0.00434377691833177,0.000336731895232475,9.05957023646616,25.0612191388027
0.5,0.5,0.504088859807001,-0.00408885980700135,0.000326494274183728,9.05627920394481,25.1811180468428
0.5,0.5,0.503809637315657,-0.00380963731565731,0.000314439554005715,9.05277449723022,25.9821430258995
0.5,0.5,0.503613217333816,-0.00361321733381559,0.000308152858720182,9.05040976498888,25.3813899348115
0.5,0.5,0.503422457104908,-0.00342245710490774,0.000299273573477053,9.04816804537367,25.1101549505865
0.5,0.5,0.503198338120993,-0.00319833812099346,0.000289573908247114,9.04560683838791,25.2192958368703
0.5,0.5,0.502954424518025,-0.00295442451802486,0.000278351920752731,9.04291313475441,25.9427188215313
0.5,0.5,0.502740577394336,-0.0027405773943362,0.000268155255472293,9.04064519728881,26.7114021438673
0.5,0.5,0.502570028308638,-0.00257002830863795,0.000264045504578071,9.03893159004883,25.7968405542844
0.5,0.5,0.502416359050614,-0.0024163590506141,0.000256069529992566,9.0374360241235,25.2146825895199
0.5,0.5,0.502243473685274,-0.002243473685274,0.000247103675923681,9.03580653788035,25.1533994900638
0.5,0.5,0.502042028827607,-0.00204202882760673,0.000237538478072536,9.03399071491807,25.5207684355027
0.5,0.5,0.501846394322924,-0.00184639432292433,0.000226669785033032,9.03231550049691,26.6192696687833
0.5,0.5,0.501688579396622,-0.00168857939662181,0.000221073107669532,9.03105604122384,26.4107240635898
0.5,0.5,0.501558814104858,-0.00155881410485836,0.000216582199338054,9.0300840653461,25.442087262512
0.5,0.5,0.501427089391708,-0.0014270893917081,0.000208057632145008,9.02913936791131,25.1723355698521
0.5,0.5,0.501271061081195,-0.0012710610811949,0.000199839006680279,9.02808688118903,25.2904463701403
0.5,0.5,0.501102170686912,-0.00110217068691154,0.000190192983992585,9.02703523113012,26.0893772679491
0.5,0.5,0.500983530080154,-0.000983530080154393,0.000186128335155755,9.02637141355209,25.4871333747304
0.5,0.5,0.500869356798758,-0.000869356798757548,0.000179119808693865,9.02578141108358,25.2143790396649
0.5,0.5,0.500736620129956,-0.000736620129955901,0.000171503247304753,9.02516072821465,25.3216530775961
0.5,0.5,0.500594024330742,-0.000594024330742293,0.000162729666513068,9.02457961770628,26.0429244638082
0.5,0.5,0.500470394495138,-0.000470394495138082,0.00015502686257506,9.02415794198559,26.8096205799837
0.5,0.5,0.500371522743658,-0.000371522743657704,0.000153073597088202,9.02388744739642,25.8935026176396
0.5,0.5,0.500283329142439,-0.00028332914243856,0.000146962336598171,9.02369152024166,25.309869195624
0.5,0.5,0.500185418398838,-0.000185418398838233,0.000139942909228329,9.02352808861633,25.2468479266942
0.5,0.5,0.500072886375509,-7.28863755086184e-05,0.000132695155735993,9.02341974928656,25.6121003128114
0.5,0.5,0.499965531635739,3.4468364261464e-05,0.000124385791873693,9.02340580892073,26.7084151331542
0.5,0.5,0.499879052957573,0.000120947042426711,0.000121142560009191,9.02346346717215,26.4980939506913
0.5,0.5,0.49980798999509,0.000192010004909815,0.000118605798028768,9.02355803093595,25.5279867970097
0.5,0.5,0.499737137974232,0.000262862025768418,0.000111909617269505,9.02370247708433,25.2566601381417
0.5,0.5,0.499654547632594,0.000345452367405963,0.000105780673788645,9.0239406676273,25.3728294633602
0.5,0.5,0.499567001991151,0.000432998008849383,9.85882900254746e-05,9.02428818426762,26.1695477424317
0.5,0.5,0.499505330191872,0.00049466980812779,9.67531336869563e-05,9.02458468434579,25.5657384551394
0.5,0.5,0.499446945437171,0.000553054562828503,9.15962894375312e-05,9.02491906347274,25.291417984441
0.5,0.5,0.499380372245792,0.000619627754208374,8.60163690916038e-05,9.02537355486065,25.3967979097956
0.5,0.5,0.49931061638557,0.000689383614430494,7.96052278530763e-05,9.02594881441795,26.1159306381109
0.5,0.5,0.499251382932215,0.000748617067784618,7.42764473241278e-05,9.02652482564096,26.8806880396381
0.5,0.5,0.499203358757395,0.000796641242604756,7.43510902241557e-05,9.02702521912661,25.9630420189184
0.5,0.5,0.499161365897294,0.00083863410270596,6.99750893008346e-05,9.02751640750394,25.3779874212908
0.5,0.5,0.499116063911423,0.000883936088577009,6.47496688750264e-05,9.02811947305607,25.3133156010597
0.5,0.5,0.499065506593967,0.000934493406032744,5.96160939914449e-05,9.0288915810992,25.676584760364
0.5,0.5,0.499019232085055,0.000980767914944891,5.36157102657952e-05,9.02972058537972,26.7708899129303
0.5,0.5,0.498981773837173,0.0010182261628266,5.24729072489041e-05,9.03043619085506,26.5589408707101
0.5,0.5,0.498950819249909,0.00104918075009069,5.1663859655711e-05,9.03105630036374,25.5874910954296
0.5,0.5,0.498921334279248,0.00107866572075238,4.65709655503455e-05,9.03173028807906,25.3147480777142
0.5,0.5,0.498888339440888,0.00111166055911233,4.22593826728208e-05,9.03258597059992,25.4291892354619
0.5,0.5,0.498855322755156,0.00114467724484424,3.71813284763337e-05,9.03358951541596,26.2239641538495
0.5,0.5,0.498831578952894,0.00116842104710635,3.72501786261692e-05,9.03432750897635,25.6187863996597
0.5,0.5,0.49881012249652,0.00118987750347982,3.36617035373386e-05,9.03507952506448,25.3431104414329
0.5,0.5,0.498787063368285,0.00121293663171523,2.97937219390812e-05,9.03600995923304,25.4468657274921
0.5,0.5,0.498764848212796,0.00123515178720363,2.53519088726263e-05,9.03708415596831,26.1641849693445
0.5,0.5,0.498747315830394,0.00125268416960578,2.19849350296692e-05,9.03807867621844,26.9273169440684
0.5,0.5,0.498731993590498,0.00126800640950203,2.37218953347572e-05,9.03889404012319,26.0083888345217
0.5,0.5,0.498719536244036,0.00128046375596413,2.07583628609539e-05,9.03965919815207,25.4221539249823
0.5,0.5,0.498707653631843,0.00129234636815656,1.69836930319503e-05,9.04055963509271,25.3561231166997
0.5,0.5,0.4986961645751,0.00130383542490026,1.35476551926159e-05,9.04166141769945,25.7177732876968
0.5,0.5,0.498688063144305,0.00131193685569519,9.38668604479407e-06,9.04279260479508,26.810457225351
0.5,0.5,0.498680992953507,0.00131900704649301,9.90418572155484e-06,9.04373370863806,26.5972003726338
0.5,0.5,0.49867473093008,0.00132526906991975,1.04514404253257e-05,9.04452659875097,25.6246754141895
0.5,0.5,0.498670546324573,0.00132945367542653,6.60950259667225e-06,9.04536733217314,25.3508087691396
0.5,0.5,0.498667651926172,0.00133234807382815,3.7071102055451e-06,9.04640699311345,25.463888859786
0.5,0.5,0.498667423707698,0.00133257629230188,2.57005558040314e-07,9.04759183519569,26.2571471801512
0.5,0.5,0.498666288055868,0.00133371194413168,1.78165305594135e-06,9.04844235254257,25.6509069719946
0.5,0.5,0.498666680340289,0.00133331965971073,-6.15430468247281e-07,9.04929272444114,25.3741857682965
0.5,0.5,0.498669149942553,0.00133085005744665,-3.19086888374177e-06,9.05032422769953,25.4766966730036
0.5,0.5,0.498674544113914,0.00132545588608579,-6.15582476480024e-06,9.05148955231211,26.1926384669386
0.5,0.5,0.49868097343295,0.00131902656705002,-8.06212113441306e-06,9.05254646018694,26.9545459916159
0.5,0.5,0.498684264881737,0.00131573511826322,-5.09582007620752e-06,9.05339862648112,26.0346545412598
0.5,0.5,0.498688478263295,0.00131152173670451,-7.02098632910327e-06,9.05418739562236,25.4475391385665
0.5,0.5,0.49869528943576,0.00130471056424031,-9.73513621911365e-06,9.05510297671028,25.3805011186577
0.5,0.5,0.498704400806551,0.00129559919344885,-1.14835469555163e-05,9.05613513311659,25.5378915035795
0.5,0.5,0.498716699272817,0.00128330072718291,-1.4077979804248e-05,9.05726325279295,26.3441924579336
0.5,0.5,0.498728177400387,0.00127182259961311,-1.48180755555149e-05,9.0582551672145,26.8680388000826
0.5,0.5,0.49873563672946,0.00126436327054036,-1.17891418704089e-05,9.05905858903955,25.9075744152856
0.5,0.5,0.498744097489324,0.00125590251067564,-1.3905509627089e-05,9.05982571107015,25.4257247411842
0.5,0.5,0.498755714167863,0.00124428583213715,-1.6105754521572e-05,9.0607277469301,25.4068898328534
0.5,0.5,0.498771212683798,0.0012287873162023,-1.80146248973146e-05,9.06179256564797,25.8602353402073
0.5,0.5,0.498788354288827,0.00121164571117272,-2.02539183061782e-05,9.06282766049053,26.9264878830182
0.5,0.5,0.498800419875732,0.00119958012426807,-1.74428623273998e-05,9.06366335507479,26.4374333587463
0.5,0.5,0.498810375686626,0.00118962431337405,-1.67009798844361e-05,9.06437607509633,25.5771854253071
0.5,0.5,0.498822933312343,0.00117706668765666,-1.92905409858292e-05,9.06514671464519,25.3725438367383
0.5,0.5,0.498839652858419,0.00116034714158103,-2.0836277905956e-05,9.06608505506421,25.5441898874802
0.5,0.5,0.498859956377397,0.00114004362260256,-2.29323602268329e-05,9.06710515200991,26.4502959357894
0.5,0.5,0.498877694781628,0.00112230521837198,-2.29291817644055e-05,9.06798269583914,27.00183472418
0.5,0.5,0.498889454253309,0.00111054574669106,-1.88764774882357e-05,9.06867923414416,25.9078289277982
0.5,0.5,0.498902036776099,0.0010979632239006,-2.09248595555915e-05,9.06934360456277,25.4152800131642
0.5,0.5,0.498918486714678,0.0010815132853223,-2.27244164986662e-05,9.07013279158331,25.4024807652967
0.5,0.5,0.498939522874949,0.00106047712505053,-2.41495967815017e-05,9.0710667019079,25.8916265446312
0.5,0.5,0.498961667638165,0.0010383323618352,-2.60004405580082e-05,9.07196302337202,27.0710977452739
0.5,0.5,0.498976892336165,0.00102310766383529,-2.21931357784248e-05,9.07267188840808,26.4778614303972
0.5,0.5,0.498989330112758,0.0010106698872423,-2.11540043210976e-05,9.07327034181612,25.567599988571
0.5,0.5,0.499004622584538,0.000995377415461518,-2.35720880175503e-05,9.07392134177716,25.3656782411466
0.5,0.5,0.499024601949627,0.000975398050372556,-2.47152050874404e-05,9.07471842691194,25.5455536898539
0.5,0.5,0.499048250216302,0.000951749783698275,-2.64640627780188e-05,9.07558129482537,26.5233618534143
0.5,0.5,0.499061893004198,0.00093810699580188,-2.21288981256531e-05,9.07616458022233,25.6866979072594
0.5,0.5,0.499076513922516,0.000923486077484437,-2.37154469018519e-05,9.07673870971401,25.3641478322078
0.5,0.5,0.499095815322951,0.000904184677049003,-2.49301443329241e-05,9.07744660291025,25.451984767622
0.5,0.5,0.499119624256016,0.000880375743983919,-2.63838756744826e-05,9.07825326000857,26.2566789572265
0.5,0.5,0.499134350868945,0.000865649131055302,-2.30892820664078e-05,9.07881076502387,25.6645448368417
0.5,0.5,0.499149651813869,0.000850348186130501,-2.39897548040242e-05,9.07935832158216,25.3926854933534
0.5,0.5,0.499169061223968,0.000830938776031742,-2.49820041925277e-05,9.08001188945442,25.4999866084227
0.5,0.5,0.499192072384999,0.000807927615000648,-2.61921402944718e-05,9.08073322218545,26.2372565656581
0.5,0.5,0.499213007090013,0.000786992909987017,-2.63037209182451e-05,9.0813703062585,26.9931512964705
0.5,0.5,0.499227019853257,0.000772980146743041,-2.17913775364975e-05,9.08187306657268,26.0400538037856
0.5,0.5,0.499240571436352,0.000759428563647524,-2.26181296230056e-05,9.08233253711547,25.4569575492189
0.5,0.5,0.499257483520497,0.000742516479503186,-2.41062649145015e-05,9.08285969751729,25.3937985802309
0.5,0.5,0.499278680182828,0.000721319817171662,-2.49064959488032e-05,9.08348337973873,25.7648845981754
0.5,0.5,0.49930134872048,0.000698651279519513,-2.626230213563e-05,9.08409846028606,26.876584400554
0.5,0.5,0.499317766971914,0.000682233028085732,-2.3085631958121e-05,9.08459143828728,26.6239320987958
0.5,0.5,0.49933006006107,0.000669939938930386,-2.05836405089167e-05,9.0849958735278,25.6455975623293
0.5,0.5,0.499344393739959,0.000655606260041075,-2.26144470288475e-05,9.08541624650829,25.3762046547408
0.5,0.5,0.499362764037723,0.000637235962277438,-2.34478178751755e-05,9.08592311207673,25.4929353593295
0.5,0.5,0.499384624774253,0.000615375225747061,-2.45732886071692e-05,9.08648178112107,26.3045350491977
0.5,0.5,0.499397872998336,0.000602127001664399,-2.08630762796492e-05,9.08686903829292,25.6735707460857
0.5,0.5,0.499411615443204,0.000588384556795885,-2.16413667048319e-05,9.08724733824903,25.3904464191212
0.5,0.5,0.499428987160357,0.000571012839643281,-2.24361175585111e-05,9.08769660426123,25.4901142529198
0.5,0.5,0.499449570064096,0.000550429935903596,-2.34014821549573e-05,9.08819116853606,26.217284598641
0.5,0.5,0.499468271636679,0.00053172836332116,-2.33902063740405e-05,9.08862620277545,27.0130138477796
0.5,0.5,0.499480274999733,0.000519725000267368,-1.86193036955804e-05,9.08896634615963,26.0604487243922
0.5,0.5,0.499491761424433,0.000508238575567477,-1.92250795373094e-05,9.08927383772739,25.4581752170831
0.5,0.5,0.499506152295934,0.000493847704065797,-2.06094661502501e-05,9.08962399340441,25.3875963596038
0.5,0.5,0.499524196726705,0.000475803273295383,-2.12401108578733e-05,9.09003662681348,25.7463125681505
0.5,0.5,0.499543646275875,0.000456353724124892,-2.24575881591216e-05,9.09044250697627,26.8649030034346
0.5,0.5,0.499557392384799,0.000442607615200707,-1.92389009601007e-05,9.09076563918738,26.6543886737731
0.5,0.5,0.499567218047508,0.00043278195249169,-1.64483388907515e-05,9.09102777452414,25.6539907335254
0.5,0.5,0.499578833945219,0.000421166054780653,-1.84107256126324e-05,9.09129745122633,25.3728029556755
0.5,0.5,0.49959378403529,0.000406215964709522,-1.91597012474087e-05,9.09162065722025,25.4811222195034
0.5,0.5,0.499611730890419,0.000388269109581174,-2.01587656316673e-05,9.09197577304755,26.2775372145707
0.5,0.5,0.499622212856649,0.000377787143351294,-1.6453290777906e-05,9.0922204801966,25.6680881400261
0.5,0.5,0.499633112302859,0.000366887697141161,-1.71085990815589e-05,9.09245799618035,25.389852511827
0.5,0.5,0.499646911038975,0.000353088961025261,-1.78179605288822e-05,9.09273720409589,25.4912242823004
0.5,0.5,0.499663306223351,0.000336693776648689,-1.86918066627376e-05,9.09304108887545,26.2105283927171
0.5,0.5,0.499678110382394,0.00032188961760593,-1.85610866881316e-05,9.0933060985134,26.9758685674842
0.5,0.5,0.499687059320672,0.000312940679328355,-1.38677932402244e-05,9.09351213190002,26.0449836414326
0.5,0.5,0.499695701342081,0.000304298657919144,-1.44144075833644e-05,9.09369756471839,25.4550634186758
0.5,0.5,0.499706704590188,0.000293295409812377,-1.57258916697993e-05,9.09390692774135,25.3869967858508
0.5,0.5,0.49972055433071,0.000279445669290279,-1.63183993980864e-05,9.09415073314001,25.7475070845158
0.5,0.5,0.499735635028052,0.000264364971947761,-1.74629738608323e-05,9.09438775210602,26.8452044925832
0.5,0.5,0.49974579304566,0.000254206954340419,-1.42351631334628e-05,9.09457472204477,26.625300637959
0.5,0.5,0.499752692227168,0.000247307772831773,-1.15258220447164e-05,9.09472548820918,25.6461170632662
0.5,0.5,0.499761189007248,0.000238810992751748,-1.3426062571441e-05,9.09487959772139,25.3704027440988
0.5,0.5,0.499772246597654,0.000227753402345987,-1.41569566607189e-05,9.09506222150872,25.4816867543393
0.5,0.5,0.499785707061868,0.000214292938131799,-1.51479250468502e-05,9.09526008730683,26.2764061178659
0.5,0.5,0.499792995416504,0.000207004583495651,-1.14414174996924e-05,9.09539496536764,25.6649986537927
0.5,0.5,0.49980070796339,0.000199292036610232,-1.21073237112221e-05,9.0955246842073,25.3860079288461
0.5,0.5,0.499810638653016,0.000189361346984496,-1.28289677239843e-05,9.09567553230761,25.4866388274831
0.5,0.5,0.499822667686644,0.000177332313356482,-1.37179395169211e-05,9.09583767307859,26.2033610485849
0.5,0.5,0.499833530946754,0.000166469053246021,-1.36167315537776e-05,9.09597718116279,26.9694043872268
0.5,0.5,0.499839314226906,0.000160685773094305,-8.95754223911999e-06,9.09608399879461,26.0421199922885
0.5,0.5,0.499845019350724,0.000154980649275938,-9.51426178643229e-06,9.0961790462471,25.4515408630391
0.5,0.5,0.499852610455411,0.000147389544589482,-1.08528293583109e-05,9.09628509308775,25.382884362308
0.5,0.5,0.499862349607237,0.000137650392763145,-1.14797512363802e-05,9.09640676157056,25.7420280578943
0.5,0.5,0.499873286870565,0.000126713129435019,-1.26649164805419e-05,9.09652311666336,26.8373980036749
0.5,0.5,0.499880066183976,0.00011993381602432,-9.49613402878007e-06,9.09661310704156,26.6219037051093
0.5,0.5,0.499884147185576,0.000115852814424056,-6.81528986981548e-06,9.09668437082623,25.6430993340471
0.5,0.5,0.499889682844892,0.000110317155107675,-8.74840179555796e-06,9.09675621610861,25.3666522420511
0.5,0.5,0.499897119624484,0.000102880375515979,-9.5251239082118e-06,9.09683985943098,25.4772949620928
0.5,0.5,0.499906509178163,9.34908218366282e-05,-1.0568788858979e-05,9.09692855440165,26.2696983491037
0.5,0.5,0.499910924513961,8.90754860385923e-05,-6.92823575995313e-06,9.09698742180506,25.661014294947
0.5,0.5,0.499915789324834,8.42106751657856e-05,-7.63352057376498e-06,9.0970429516509,25.382637926592
0.5,0.5,0.49992229586775,7.7704132249945e-05,-8.40586677867405e-06,9.09710604337654,25.4834436183266
0.5,0.5,0.499930495834813,6.95041651869732e-05,-9.35533765245779e-06,9.09717192761525,26.1986923124099
0.5,0.5,0.499937924178902,6.20758210982952e-05,-9.31401442793029e-06,9.09722676280128,26.9606814402441
0.5,0.5,0.499940980484238,5.90195157617601e-05,-4.7327653189695e-06,9.09726706966161,26.0370494460776
0.5,0.5,0.499944181738797,5.58182612027114e-05,-5.33588985284842e-06,9.09730192432983,25.4481401697517
0.5,0.5,0.499948885804577,5.1114195423474e-05,-6.72373503568429e-06,9.09733963262383,25.3797932767263
0.5,0.5,0.49995517619148,4.48238085204444e-05,-7.41614954315577e-06,9.09738108294122,25.7390167273229
0.5,0.5,0.499962659883711,3.73401162886422e-05,-8.66932238276886e-06,9.09741875191746,26.8311079006635
0.5,0.5,0.499966639185227,3.33608147733977e-05,-5.57459720444341e-06,9.09744593374721,26.6151008004949
0.5,0.5,0.499968414582351,3.15854176490271e-05,-2.96388167516418e-06,9.09746605583102,25.6393806871867
0.5,0.5,0.499971544308678,2.84556913216494e-05,-4.94412394773352e-06,9.09748535109638,25.3636286747098
0.5,0.5,0.499976059939056,2.39400609444163e-05,-5.78326453497338e-06,9.09750622697314,25.4746383576899
0.5,0.5,0.499982189530877,1.78104691231362e-05,-6.90149937506292e-06,9.09752623727356,26.2664508868943
0.5,0.5,0.499984313447502,1.5686552497951e-05,-3.33248791811146e-06,9.09753760693453,25.658009090196
0.5,0.5,0.499986923902964,1.30760970357691e-05,-4.09588172404413e-06,9.09754708744575,25.3796762232606
0.5,0.5,0.499990742231817,9.25776818250235e-06,-4.9332890713999e-06,9.09755616106513,25.4804586971711
0.5,0.5,0.499995964129886,4.03587011388318e-06,-5.95835578182618e-06,9.09756336086068,26.1951409208705
0.5,0.5,0.500000744978521,-7.44978520872408e-07,-5.99456737688379e-06,9.0975670402422,26.9565729785605
0.5,0.5,0.500001704228641,-1.70422864065323e-06,-1.48525742581712e-06,9.09756745796924,26.0341325924613
0.5,0.5,0.500002990367356,-2.99036735551539e-06,-2.14350818626819e-06,9.09756645776608,25.4454606791447
0.5,0.5,0.500005502517482,-5.5025174816592e-06,-3.59075346904444e-06,9.09756379186922,25.3771279471529
0.5,0.5,0.500009195747866,-9.19574786639732e-06,-4.3546001033552e-06,9.09755832643749,25.7362231174338
0.5,0.5,0.500014103204311,-1.41032043107225e-05,-5.68533480739372e-06,9.0975504798901,26.8274620128806
0.5,0.5,0.500016006505519,-1.60065055188063e-05,-2.66621233024501e-06,9.09754168263271,26.6120348543694
0.5,0.5,0.500016076167346,-1.6076167346224e-05,-1.16281643239894e-07,9.09753274472192,25.6369451332548
0.5,0.5,0.500017437577285,-1.74375772851176e-05,-2.15055345741097e-06,9.09752243049146,25.3612474902351
0.5,0.5,0.500019821723446,-1.98217234461673e-05,-3.0535658344746e-06,9.0975083089073,25.4722747425795
0.5,0.5,0.500023592644931,-2.35926449311252e-05,-4.24614626268091e-06,9.09749050570667,26.2637032734661
0.5,0.5,0.50002406896839,-2.4068968389801e-05,-7.47310119187474e-07,9.09747601348936,25.6557279254084
0.5,0.5,0.500025067171693,-2.50671716933715e-05,-1.56609424998395e-06,9.09746067099915,25.3775253854785
0.5,0.5,0.500026975178072,-2.69751780720417e-05,-2.46519549547419e-06,9.09744096520469,25.4783701576442
0.5,0.5,0.500030096194237,-3.00961942369948e-05,-3.56147597729883e-06,9.09741733768852,26.1927881014066
0.5,0.5,0.500033022010913,-3.30220109128199e-05,-3.66876802920328e-06,9.09739453902701,26.9535853118382
0.5,0.5,0.500032521136917,-3.25211369166523e-05,7.75489758112072e-07,9.09737458273676,26.0319076123258
0.5,0.5,0.500032481560275,-3.24815602745776e-05,6.59531709445302e-08,9.09735548940194,25.4435457227222
0.5,0.5,0.500033485241363,-3.34852413634845e-05,-1.43457031653296e-06,9.09733272040482,25.3752937690155
0.5,0.5,0.500035403654975,-3.54036549752301e-05,-2.26206026467057e-06,9.09730428043684,25.7344177536901
0.5,0.5,0.500038563682891,-3.8563682891124e-05,-3.66117904854608e-06,9.09727457174272,26.825077989973
0.5,0.5,0.500039067965775,-3.90679657751303e-05,-7.06422458157995e-07,9.09724881434146,26.6097126981208
0.5,0.5,0.500037995637746,-3.79956377455359e-05,1.78983717118936e-06,9.09722640263028,25.635201084154
0.5,0.5,0.500038179857235,-3.81798572350878e-05,-2.90983168458957e-07,9.09720258497898,25.3596399498774
0.5,0.5,0.500039154405155,-3.91544051552284e-05,-1.24817848179343e-06,9.09717282174029,25.4707559677378
0.5,0.5,0.500041377717127,-4.1377717126867e-05,-2.50364643092483e-06,9.09713854309152,26.262068378161
0.5,0.5,0.50004078000793,-4.07800079301746e-05,9.37732831554229e-07,9.09711305828285,25.6542364182539
0.5,0.5,0.500040733828095,-4.07338280946634e-05,7.24505297127834e-08,9.09708739832557,25.3760885136491
0.5,0.5,0.500041413033357,-4.14130333570295e-05,-8.7756339049611e-07,9.09705604566135,25.4769709197123
0.5,0.5,0.500043193838215,-4.31938382146058e-05,-2.03218843906619e-06,9.09702035804021,26.1912938051089
0.5,0.5,0.500044946354077,-4.49463540774797e-05,-2.19755548901137e-06,9.09698758481001,26.9519276069363
0.5,0.5,0.50004352793202,-4.35279320196713e-05,2.19604978210663e-06,9.09696022386742,26.0305786931687
0.5,0.5,0.500042660639006,-4.26606390059314e-05,1.44526775095747e-06,9.09693477440372,25.4423267737445
0.5,0.5,0.500042729133661,-4.27291336614344e-05,-9.78995532504983e-08,9.09690521264234,25.3741149498639
0.5,0.5,0.500043556426273,-4.35564262732946e-05,-9.75507171677958e-07,9.09686939982104,25.7332536420969
0.5,0.5,0.500045652466825,-4.56524668246416e-05,-2.42850774465799e-06,9.09683311739127,26.8237166464614
0.5,0.5,0.50004531220506,-4.53122050604327e-05,4.76651742109827e-07,9.09680260253302,26.6084673236623
0.5,0.5,0.50004355519613,-4.355519612953e-05,2.93256334715512e-06,9.09677665520426,25.6341667873418
0.5,0.5,0.500043038879788,-4.30388797878489e-05,8.15529920570917e-07,9.09674954034916,25.3586563606165
0.5,0.5,0.500043181748315,-4.31817483145247e-05,-1.8298383301808e-07,9.09671631051799,25.4698130060817
0.5,0.5,0.500044501359774,-4.4501359774296e-05,-1.48603223940348e-06,9.0966788607811,26.2610743252829
0.5,0.5,0.50004328244314,-4.32824431402246e-05,1.91230361594173e-06,9.096651583738,25.6533517009532
0.5,0.5,0.500042637149778,-4.26371497783684e-05,1.01237180191631e-06,9.0966245204669,25.3752487871421
0.5,0.5,0.500042618068909,-4.26180689087063e-05,2.46534590404595e-08,9.09659196716117,25.4761663622476
0.5,0.5,0.500043645890584,-4.3645890584143e-05,-1.17293242804011e-06,9.09655555696133,26.1904558518095
0.5,0.5,0.500044746952231,-4.47469522306676e-05,-1.38068077436397e-06,9.0965226851619,26.9509884731062
0.5,0.5,0.500042824479624,-4.2824479623782e-05,2.97640302862894e-06,9.09649561650636,26.0298218853706
0.5,0.5,0.500041506816021,-4.15068160208865e-05,2.19572861357591e-06,9.09647072470702,25.441647175378
0.5,0.5,0.500041071660199,-4.10716601987327e-05,6.21965741671811e-07,9.09644214760065,25.3734690485961
0.5,0.5,0.500041318745601,-4.13187456006492e-05,-2.91355319921358e-07,9.09640798914134,25.7326319824502
0.5,0.5,0.500042857213791,-4.28572137906036e-05,-1.78252008623985e-06,9.09637388137518,26.822994140669
0.5,0.5,0.500042080551135,-4.20805511345268e-05,1.08797896333752e-06,9.09634551885116,26.6077879520941
0.5,0.5,0.500039974134245,-3.99741342447246e-05,3.51569498951206e-06,9.09632161277588,25.6336187973402
0.5,0.5,0.500039104579281,-3.9104579280802e-05,1.37345817635502e-06,9.09629687748813,25.3581482600141
0.5,0.5,0.500038834086057,-3.88340860567604e-05,3.46443876347604e-07,9.09626688244583,25.46933830135
0.5,0.5,0.50003971252657,-3.97125265703124e-05,-9.89235772291544e-07,9.09623349200071,26.2605885147564
0.5,0.5,0.500038195531937,-3.81955319371796e-05,2.37993099671127e-06,9.09620936306423,25.6529160154684
0.5,0.5,0.500037267132857,-3.72671328567886e-05,1.45651520478868e-06,9.09618563311574,25.3748386948204
0.5,0.5,0.500036923921539,-3.69239215385342e-05,4.43447840944364e-07,9.09615736290011,25.4757793071183
0.5,0.5,0.500037609897475,-3.76098974746997e-05,-7.82829904050379e-07,9.09612609429815,26.1900615247399
0.5,0.5,0.500038422284027,-3.8422284027062e-05,-1.01869861968593e-06,9.09609815255717,26.9505633630055
0.5,0.5,0.500036281392526,-3.6281392525539e-05,3.31454381237383e-06,9.09607524013706,26.0294846364261
0.5,0.5,0.500034772543835,-3.47725438354374e-05,2.51429520980553e-06,9.09605433262866,25.4413468544251
0.5,0.5,0.500034128432369,-3.41284323690516e-05,9.20623333271737e-07,9.09603054106177,25.3731887836015
0.5,0.5,0.50003414177381,-3.41417738104477e-05,-1.57318853916581e-08,9.09600237158998,25.7323677316966
0.5,0.5,0.500035463466402,-3.54634664015974e-05,-1.53136548059431e-06,9.09597455331781,26.822692897392
0.5,0.5,0.500034523191379,-3.45231913790878e-05,1.31717251961008e-06,9.09595152802403,26.6075182575759
0.5,0.5,0.500032290029252,-3.2290029251647e-05,3.72721257825455e-06,9.09593218822206,25.6334085934254
0.5,0.5,0.500031296581164,-3.12965811638533e-05,1.56913890654924e-06,9.09591235751128,25.3579583398129
0.5,0.5,0.500030887146738,-3.08871467380456e-05,5.24398327027219e-07,9.09588851397859,25.4691670885887
0.5,0.5,0.500031625435146,-3.16254351461209e-05,-8.31411104367295e-07,9.09586224414546,26.2604154299461
0.5,0.5,0.500030019198326,-3.00191983259035e-05,2.51993036794522e-06,9.09584329888616,25.6527725701337
0.5,0.5,0.500029010641412,-2.90106414123636e-05,1.58226555526609e-06,9.0958248065944,25.3747110621333
0.5,0.5,0.500028581915393,-2.85819153927891e-05,5.53938216837161e-07,9.09580296052807,25.475666343059
0.5,0.5,0.500029186075611,-2.91860756111983e-05,-6.89465161481882e-07,9.09577903890265,26.1899483349133
0.5,0.5,0.500029937256971,-2.99372569708689e-05,-9.41951565399713e-07,9.09575784016171,26.9504351670137
0.5,0.5,0.500027755787097,-2.77557870973499e-05,3.37735840374371e-06,9.09574042175443,26.0294020118474
0.5,0.5,0.500026216063637,-2.62160636367303e-05,2.56573310773013e-06,9.09572464005573,25.441285206788
0.5,0.5,0.500025543983812,-2.55439838116045e-05,9.60597252837159e-07,9.09570684527153,25.3731392019377
0.5,0.5,0.500025534565712,-2.55345657123041e-05,1.11056075352182e-08,9.09568596639828,25.7323286059939
0.5,0.5,0.500026845007843,-2.68450078433347e-05,-1.51833485571241e-06,9.09566558257539,26.8226365931365
0.5,0.5,0.500025904163527,-2.59041635271018e-05,1.31796985507171e-06,9.09564871026825,26.6074767089017
0.5,0.5,0.500023676361813,-2.36763618128855e-05,3.71825332412865e-06,9.09563453316585,25.6333987800896
0.5,0.5,0.500022694065494,-2.26940654941554e-05,1.55152055205865e-06,9.09562015263921,25.3579601333823
0.5,0.5,0.500022305871236,-2.23058712355284e-05,4.9719434212072e-07,9.09560301793679,25.4691795866077
0.5,0.5,0.500023077863775,-2.30778637746454e-05,-8.69368793411452e-07,9.09558435404251,26.2604286536458
0.5,0.5,0.500021501805291,-2.15018052905913e-05,2.47258191720376e-06,9.09557084773883,25.652799985171
0.5,0.5,0.500020528158238,-2.05281582378314e-05,1.52749540753105e-06,9.09555777365031,25.374746540332
0.5,0.5,0.500020147895412,-2.01478954121592e-05,4.91321346416455e-07,9.09554247436427,25.4757094610597
0.5,0.5,0.50002081452895,-2.0814528949531e-05,-7.6076080949862e-07,9.095525916474,26.1899920786215
0.5,0.5,0.500021629173845,-2.16291738452945e-05,-1.02153309822381e-06,9.09551136890768,26.9504731626264
0.5,0.5,0.500019503512903,-1.95035129028076e-05,3.2909505721281e-06,9.09549929893345,26.0294616657457
0.5,0.5,0.500018018937852,-1.80189378523599e-05,2.47383127977436e-06,9.0954884531003,25.4413546571874
0.5,0.5,0.500017414972236,-1.74149722360628e-05,8.6324189719021e-07,9.09547636982095,25.3732144374384
0.5,0.5,0.500017493321743,-1.74933217432782e-05,-9.23880540035621e-08,9.09546234794016,25.7324087398628
0.5,0.5,0.500018898537075,-1.88985370748185e-05,-1.62814539585694e-06,9.09544886382911,26.8227089189151
0.5,0.5,0.500018039989272,-1.80399892724115e-05,1.20268567622685e-06,9.09543763499132,26.6075565048152
0.5,0.5,0.500015883814226,-1.58838142255702e-05,3.59870106048774e-06,9.09542814836916,25.6334929335136
0.5,0.5,0.500014979555271,-1.49795552705223e-05,1.42826011274044e-06,9.0954186768595,25.3580593550764
0.5,0.5,0.500014690732935,-1.46907329353629e-05,3.69920101256073e-07,9.09540752684164,25.4692833876203
0.5,0.5,0.500015579628823,-1.55796288227039e-05,-1.00101914006661e-06,9.09539557353051,26.2605321458823
0.5,0.5,0.50001408985014,-1.40898501399533e-05,2.33722117900216e-06,9.0953868193031,25.65291003493
0.5,0.5,0.500013204290837,-1.32042908366214e-05,1.38929894955158e-06,9.09537844171303,25.3748599948056
0.5,0.5,0.500012933233854,-1.29332338539845e-05,3.50221245992379e-07,9.0953687687001,25.4758259155839
0.5,0.5,0.500013726211936,-1.37262119360715e-05,-9.04945728805697e-07,9.09535847766636,26.1901079594025
0.5,0.5,0.500014658078298,-1.46580782979244e-05,-1.16852472878666e-06,9.09534953622583,26.9505851631072
0.5,0.5,0.50001262878847,-1.26287884698595e-05,3.14174676272428e-06,9.09534193789093,26.0295834147734
0.5,0.5,0.500011234757743,-1.12347577434502e-05,2.32294996328737e-06,9.09533519053269,25.4414805046827
0.5,0.5,0.500010737460418,-1.07374604177979e-05,7.10781833447555e-07,9.09532781654283,25.3733422176922
0.5,0.5,0.500010946513966,-1.09465139661591e-05,-2.46511582745825e-07,9.09531940219821,25.7325377997615
0.5,0.5,0.500012486095343,-1.24860953434336e-05,-1.78382912042702e-06,9.09531151059198,26.8228329195387
0.5,0.5,0.500011739558421,-1.17395584211533e-05,1.0457766311358e-06,9.095304819387,26.6076828889573
0.5,0.5,0.500009677904383,-9.67790438333171e-06,3.44094089321899e-06,9.09529907939077,25.6336254893584
0.5,0.5,0.500008873925046,-8.87392504622664e-06,1.26986955508714e-06,9.09529350523487,25.3581934473518
0.5,0.5,0.500008709223048,-8.70922304807564e-06,2.10948313753047e-07,9.09528707388221,25.4694185046124
0.5,0.5,0.500009739709864,-9.73970986428707e-06,-1.160470725081e-06,9.09528036926108,26.2606657351144
0.5,0.5,0.500008351740688,-8.35174068758437e-06,2.17749786893553e-06,9.09527530503858,25.6530456540695
0.5,0.5,0.500007568042631,-7.56804263124522e-06,1.22949477280284e-06,9.09527055253876,25.3749961707843
0.5,0.5,0.500007420635057,-7.42063505676516e-06,1.90459110426632e-07,9.09526519389818,25.4759622165596
0.5,0.5,0.500008353415635,-8.35341563487635e-06,-1.06448862232967e-06,9.09525967212508,26.1902424943171
0.5,0.5,0.500009412196399,-9.41219639860602e-06,-1.32767076671812e-06,9.09525496470776,26.9507165447792
0.5,0.5,0.500007485405169,-7.48540516948282e-06,2.98305753472595e-06,9.09525072162547,26.0297182864064
0.5,0.5,0.50000618629638,-6.18629638027279e-06,2.16477536682937e-06,9.0952470323754,25.4416162351691
0.5,0.5,0.50000579922728,-5.79922728005666e-06,5.53233734325008e-07,9.09524315194347,25.3734776125581
0.5,0.5,0.50000614116117,-6.14116117003682e-06,-4.03201414137115e-07,9.09523886905226,25.7326722671311
0.5,0.5,0.500007815036146,-7.81503614566414e-06,-1.93942841401413e-06,9.09523506680669,26.8229634469322
0.5,0.5,0.500007178781154,-7.17878115374937e-06,8.91289587621211e-07,9.09523167066716,26.6078133065152
0.5,0.5,0.500005209082815,-5.2090828154272e-06,3.28746384111158e-06,9.09522863570164,25.6337577065635
0.5,0.5,0.500004501621069,-4.50162106879759e-06,1.11742160256377e-06,9.09522586025422,25.3583252193752
0.5,0.5,0.500004454970699,-4.45497069856415e-06,5.97492286920621e-08,9.09522279650594,25.4695493211303
0.5,0.5,0.500005618325466,-5.61832546563945e-06,-1.31009879651344e-06,9.09521981051426,26.2607941809592
0.5,0.5,0.500004324766966,-4.32476696576867e-06,2.02938255458881e-06,9.09521734318896,25.6531739207215
0.5,0.5,0.500003634631401,-3.63463140107267e-06,1.08271027204046e-06,9.09521512767645,25.3751235395522
0.5,0.5,0.500003599643768,-3.59964376817068e-06,4.52060480016151e-08,9.09521276974641,25.476088230434
0.5,0.5,0.500004658071571,-4.65807157079556e-06,-1.20787739657741e-06,9.09521054101759,26.1903660622793
0.5,0.5,0.500005829634175,-5.82963417516957e-06,-1.46909503076836e-06,9.09520873546149,26.9508371296076
0.5,0.5,0.500003993066634,-3.99306663378951e-06,2.84337284889738e-06,9.09520677720298,26.0298393817668
0.5,0.5,0.500002776853043,-2.77685304328479e-06,2.02664217115017e-06,9.09520515883031,25.4417366710815
0.5,0.5,0.500002485272184,-2.48527218449368e-06,4.16753388505202e-07,9.09520363033282,25.3735966369472
0.5,0.5,0.500002941243447,-2.94124344724089e-06,-5.37672006793329e-07,9.09520210934485,25.7327893421131
0.5,0.5,0.500004729214207,-4.72921420657801e-06,-2.07162534632094e-06,9.09520101949093,26.8230771014646
0.5,0.5,0.500004185808147,-4.18580814676162e-06,7.61223352753014e-07,9.09519979296785,26.607925643606
0.5,0.5,0.500002292959855,-2.29295985509914e-06,3.15919910641553e-06,9.09519852818274,25.633869880001
0.5,0.5,0.500001665616893,-1.66561689318723e-06,9.90875456428178e-07,9.09519757356897,25.35843609448
0.5,0.5,0.500001716215609,-1.71621560896007e-06,-6.48062230093205e-08,9.09519668600948,25.4696584096779
0.5,0.5,0.500002988063754,-2.98806375442773e-06,-1.43227758433182e-06,9.09519608366745,26.2609006398462
0.5,0.5,0.50000177098721,-1.77098720999247e-06,1.90939468400832e-06,9.09519526847218,25.6532792238393
0.5,0.5,0.5000011561557,-1.15615569962202e-06,9.645704067092e-07,9.09519465671411,25.3752273584524
0.5,0.5,0.500001211010879,-1.21101087913189e-06,-7.08760711439179e-08,9.09519418214281,25.476190136372
0.5,0.5,0.500002369037547,-2.36903754657902e-06,-1.32153970662613e-06,9.09519400270057,26.1904653878266
0.5,0.5,0.50000362927633,-3.62927633035248e-06,-1.58029165900263e-06,9.09519398710136,26.950933771031
0.5,0.5,0.500001863157231,-1.86315723127439e-06,2.73430442434226e-06,9.095193427261,26.0299352525819
0.5,0.5,0.500000711289313,-7.11289312782526e-07,1.91941931906031e-06,9.09519306771328,25.441831294705
0.5,0.5,0.50000049337917,-4.93379170407593e-07,3.11456617686191e-07,9.09519295852799,25.3736895160493
0.5,0.5,0.500001036702741,-1.03670274120837e-06,-6.40676103704166e-07,9.09519308956948,25.7328800129463
0.5,0.5,0.500002911387233,-2.9113872327402e-06,-2.17209603168308e-06,9.09519360589999,26.8231648664359
0.5,0.5,0.50000243804178,-2.43804178001739e-06,6.63079853662419e-07,9.09519365195197,26.6080117472393
0.5,0.5,0.500000602838659,-6.02838658880778e-07,3.06298798710291e-06,9.09519341702694,25.6339550435801
0.5,0.5,0.50000003526211,-3.52621095656147e-08,8.96475564178883e-07,9.09519351348094,25.3585197429171
0.5,0.5,0.500000157950334,-1.57950333812273e-07,-1.57137594788769e-07,9.09519387059425,25.4697401202499
0.5,0.5,0.500001509630753,-1.5096307534046e-06,-1.52217990847424e-06,9.09519461636154,26.2609798857506
0.5,0.5,0.500000348453182,-3.48453181642228e-07,1.82169824356705e-06,9.09519472566379,25.6533570692024
0.5,0.5,0.49999978835207,2.11647930348224e-07,8.78707302608635e-07,9.09519500314526,25.3753036585428
0.5,0.5,0.499999908101416,9.18985842424114e-08,-1.54723097820906e-07,9.09519556197537,25.4762645253305
0.5,0.5,0.500001137551401,-1.13755140107585e-06,-1.40304804015486e-06,9.09519649278319,26.1905374389042
0.5,0.5,0.500002460916634,-2.46091663413939e-06,-1.65944986658355e-06,9.09519743397057,26.9510035544726
0.5,0.5,0.499999133867792,8.66132207677506e-07,7.52911681661095e-06,9.09519707775702,25.1354423593269
0.3,0.5,0.499999133867792,-0.199999133867792,-13743895347.2,9.09519707775702,0
0.3,0.5,0.499999133867792,-0.199999133867792,0,9.09519707775411,0
0.3,0.5,0.499983018272985,-0.199983018272985,8.56808657710024e-05,9.05758053103451,0
0.3,0.5,0.499935065937936,-0.199935065937936,0.000254945450784751,9.01997001856898,0
0.3,0.5,0.499820901634876,-0.199820901634876,0.000449799334936813,8.96923747193685,0
0.3,0.5,0.499618499268826,-0.199618499268826,0.000686110415105062,8.91031840188488,0
0.3,0.3,0.499551683653069,-0.199551683653069,0.000843970872184676,8.89451758418209,0
0.3,0.3,0.499551683653045,-0.199551683653045,0.00087890625,8.89451758417665,8.0499606980311e-10
0.3,0.3,0.49918030386743,-0.19918030386743,0.0010125503924093,8.82139187455878,4.8493726157701
0.3,0.3,0.498723360698479,-0.198723360698479,0.00124583513414543,8.74841854330761,5.81099873773565
0.3,0.3,0.497643422656286,-0.197643422656286,0.00154723773715337,8.61007519783573,5.83914865138478
0.3,0.3,0.495913249909168,-0.195913249909168,0.00196138865612129,8.43646423199385,5.38694339639981
0.3,0.3,0.494264403250611,-0.194264403250611,0.00234404594653017,8.29922091282338,5.50282873610076
0.3,0.3,0.492394235140495,-0.192394235140495,0.0026586826343717,8.16321636176991,5.6029918428859
0.3,0.3,0.490118762699311,-0.190118762699311,0.0029636231548826,8.01635375725178,5.47195684099926
0.3,0.3,0.487538917331289,-0.187538917331289,0.00326070971046191,7.86693783188363,5.15033061792041
0.3,0.3,0.484929220791559,-0.184929220791559,0.00352685360617858,7.72912137409231,5.10599417992075
0.3,0.3,0.482385212630118,-0.182385212630118,0.00375197406090261,7.60458471606589,5.47923984755512
0.3,0.3,0.479710795996555,-0.179710795996555,0.00395046274996551,7.48200958567042,5.74199269995744
0.3,0.3,0.476649536321238,-0.176649536321238,0.00414035752289796,7.35025921794434,5.76275831911215
0.3,0.3,0.473201362920244,-0.173201362920244,0.00432666735129098,7.21084031540479,5.5227083533574
0.3,0.3,0.469717539271516,-0.169717539271516,0.00449684727908152,7.077996974534,5.27261212595233
0.3,0.3,0.466476763041177,-0.166476763041177,0.00463762428944393,6.96052428406189,5.58313966037783
0.3,0.3,0.463332993711821,-0.163332993711821,0.00475419796873787,6.85147447718618,6.00666882840386
0.3,0.3,0.459915349379291,-0.159915349379291,0.0048590701776783,6.73779090145653,6.17565460722734
0.3,0.3,0.456036382529913,-0.156036382529913,0.0049589330312225,6.61421365983842,6.07891414477587
0.3,0.3,0.451978692992885,-0.151978692992885,0.00505008667530805,6.49046446068807,5.73706374278861
0.3,0.3,0.448215289592663,-0.148215289592663,0.00512284835408483,6.38019432334882,5.79676198947182
0.3,0.3,0.444783428308704,-0.144783428308704,0.00517690526952562,6.2830748030905,6.33235361726276
0.3,0.3,0.441289135181673,-0.141289135181673,0.00522046793591933,6.18733229719553,6.66074966580933
0.3,0.3,0.437353447827725,-0.137353447827725,0.00525704201819403,6.08302727298225,6.7126579537886
0.3,0.3,0.433049267862863,-0.133049267862863,0.00528613489957452,5.97293862293808,6.44340204801914
0.3,0.3,0.428921920267675,-0.128921920267675,0.00530388393908191,5.87100681108243,6.18133334306513
0.3,0.3,0.425283466221504,-0.125283466221504,0.00530892247209546,5.78389618243989,6.66109741471042
0.3,0.3,0.421846660860804,-0.121846660860804,0.00530761759592223,5.70388454665027,7.17186638132086
0.3,0.3,0.418111371218885,-0.118111371218885,0.00530052559611015,5.6193351761882,7.36510993606598
0.3,0.3,0.413888066693832,-0.113888066693832,0.00528476749397881,5.52663478250446,7.25537736371779
0.3,0.3,0.409595478025373,-0.109595478025373,0.00525952237114555,5.4354363057072,6.82835170372941
0.3,0.3,0.405795120456039,-0.105795120456039,0.00522600545643264,5.35712016939278,6.98133580668785
0.3,0.3,0.402440433142504,-0.102440433142504,0.00519011898812968,5.28982303177652,7.65370220237039
0.3,0.3,0.399027491078902,-0.0990274910789023,0.00515354128914238,5.22311283349264,8.0071629892015
0.3,0.3,0.39514526751193,-0.0951452675119296,0.00510875425603481,5.14933730234386,8.05574288216214
0.3,0.3,0.390936700719139,-0.090936700719139,0.00505297097667765,5.07184686128051,7.70598723618953
0.3,0.3,0.38704308899689,-0.0870430889968897,0.00499008490007828,5.00241220564545,7.39597448469232
0.3,0.3,0.383740820285072,-0.0837408202850721,0.00492674219535967,4.94517725484749,8.04644046336744
0.3,0.3,0.380655186096125,-0.0806551860961249,0.00486889414885108,4.89308617840454,8.60870883570082
0.3,0.3,0.377254525855915,-0.0772545258559147,0.00480736245865785,4.83723705224132,8.79765355328497
0.3,0.3,0.373384559581617,-0.0733845595816174,0.00473357611319049,4.77566283616109,8.64309490183348
0.3,0.3,0.369532676952229,-0.0695326769522293,0.00465032674734649,4.71647662912613,8.08120022388514
0.3,0.3,0.366253140168719,-0.0662531401687186,0.00456632281028645,4.66771765037538,8.33406790333798
0.3,0.3,0.363425759332773,-0.0634257593327732,0.00449089386898861,4.62689758668783,9.12096161405855
0.3,0.3,0.360525558129399,-0.0605255581293986,0.00442003381256033,4.58623461582627,9.47272367085853
0.3,0.3,0.357175079129117,-0.0571750791291172,0.00433899529901373,4.54079560860808,9.49763980610271
0.3,0.3,0.353560763934308,-0.0535607639343081,0.00424488865668412,4.49365730695595,9.03204953097534
0.3,0.3,0.350321813125972,-0.0503218131259719,0.00414725241161242,4.45309463002658,8.65607631018731
0.3,0.3,0.347664567902416,-0.0476645679024162,0.00405699503570517,4.42100690542414,9.47851132328373
0.3,0.3,0.345193601801313,-0.0451936018013129,0.00397926436507124,4.39217829804679,10.0654635785156
0.3,0.3,0.342422519452694,-0.0424225194526938,0.0038980631338097,4.36103907823193,10.2343461410265
0.3,0.3,0.339244884891824,-0.0392448848918235,0.00380239319786284,4.32691989446919,10.017345180006
0.3,0.3,0.336142004848493,-0.0361420048484926,0.00369819382913791,4.29529836204522,9.2910223267715
0.3,0.3,0.3335918803702,-0.0335918803702,0.00359789352743934,4.27058736583706,9.65383175770807
0.3,0.3,0.331434904480969,-0.031434904480969,0.00351240480721292,4.25062261529455,10.5316946705882
0.3,0.3,0.329198581390507,-0.0291985813905065,0.00343378713610249,4.23088081570164,10.8668952889126
0.3,0.3,0.326577457031827,-0.0265774570318267,0.00334368528244851,4.20902391594331,10.8587640047816
0.3,0.3,0.323764377708816,-0.023764377708816,0.00324024129556549,4.18717672376575,10.261853381294
0.3,0.3,0.321316064128285,-0.0213160641282846,0.00313586063279358,4.16958131376394,9.81652411010508
0.3,0.3,0.319365249513372,-0.0193652495133715,0.00304257963393966,4.15654114479556,10.7994390353028
0.3,0.3,0.317556111390309,-0.0175561113903093,0.00296523746850339,4.1452799591566,11.3931330032618
0.3,0.3,0.315495788695346,-0.0154957886953463,0.00288415028691734,4.13347790976027,11.5355896929043
0.3,0.3,0.313121412966706,-0.0131214129667063,0.00278827009014098,4.12129876294572,11.2518348322716
0.3,0.3,0.310844931038411,-0.0108449310384114,0.00268542105027039,4.11114438393947,10.3567332382791
0.3,0.3,0.309032146253024,-0.0090321462530239,0.00258833235754425,4.10418545691884,10.8277982839461
0.3,0.3,0.307523857715916,-0.00752385771591552,0.00250848475634819,4.09920965728481,11.7720764713097
0.3,0.3,0.305946309979181,-0.00594630997918127,0.00243614020266286,4.09485066081613,12.085090968944
0.3,0.3,0.304079593621831,-0.00407959362183075,0.0023522851641494,4.09087688987537,12.0423504026926
0.3,0.3,0.302606974490186,-0.00260697449018599,0.00226749789497467,4.08870798600096,12.3120341214557
0.3,0.3,0.300810070245384,-0.000810070245383598,0.0021840093110324,4.08730706185988,12.2118919664824
0.3,0.3,0.298918854172318,0.00108114582768226,0.00208816996606496,4.08743471869312,11.1962843413589
0.3,0.3,0.297712377847614,0.00228762215238565,0.00199898950316116,4.08845260944023,12.2661145720033
0.3,0.3,0.296544625591941,0.00345537440805904,0.00193482827104608,4.09018742282974,12.6858400508154
0.3,0.3,0.295101654717981,0.00489834528201932,0.0018616622469843,4.0934287053001,12.6967383970225
0.3,0.3,0.293471771217998,0.00652822878200199,0.00177337127721588,4.09868499663199,11.9408187911258
0.3,0.3,0.292403777850739,0.00759622214926087,0.00168914949635416,4.10315169850016,12.6472202320825
0.3,0.3,0.291375966181709,0.00862403381829108,0.00162559770155246,4.10828130035019,12.9960887495865
0.3,0.3,0.290162015496671,0.0098379845033289,0.00155579660961673,4.11548754091563,12.9718692294977
0.3,0.3,0.288851189313861,0.0111488106861391,0.00147516844870625,4.12481611141092,12.275850790314
0.3,0.3,0.28795955563814,0.0120404443618601,0.00139844920738482,4.13221005301882,12.9475363462061
0.3,0.3,0.28710560968402,0.0128943903159802,0.00133933932197313,4.14016081588814,13.289871735046
0.3,0.3,0.286118470086809,0.013881529913191,0.00127523546571058,4.15052731216392,13.2654766317245
0.3,0.3,0.285065223620887,0.0149347763791131,0.0012020985919931,4.16315494814187,12.6355940371245
0.3,0.3,0.284165243271815,0.0158347567281852,0.00112883815637351,4.17542193163535,11.9523813324633
0.3,0.3,0.283478893255838,0.0165211067441619,0.00106270782438912,4.18587113895036,12.9320347180139
0.3,0.3,0.282871850038186,0.0171281499618144,0.00101134379423455,4.19597093821864,13.5726625846202
0.3,0.3,0.282200223321051,0.0177997766789492,0.000959699026862168,4.20819475532805,13.7014944711956
0.3,0.3,0.281437940480716,0.0185620595192838,0.000898815221162202,4.22361717116631,13.4136194886128
0.3,0.3,0.28071834793914,0.0192816520608604,0.000833933589269742,4.2399465138514,12.3949253616133
0.3,0.3,0.28016760100882,0.0198323989911797,0.00077169182096981,4.25390441709746,12.668984131219
0.3,0.3,0.279735494458633,0.020264505541367,0.000721168888394691,4.26591757583788,13.6880434678568
0.3,0.3,0.279305321592017,0.0206946784079832,0.000679261191422471,4.2788884008702,14.0107161501866
0.3,0.3,0.278812509421837,0.0211874905781629,0.000631057226649014,4.29524423759167,13.9564300535354
0.3,0.3,0.278301013574403,0.0216989864255975,0.000576059466088776,4.31428654750404,13.2275751748902
0.3,0.3,0.277967824145598,0.022032175854402,0.0005227982261337,4.32822259226607,13.8800095720072
0.3,0.3,0.277659823874768,0.0223401761252315,0.000483274621935468,4.34236330206235,14.200916889281
0.3,0.3,0.277318674343925,0.0226813256560749,0.000440793146232046,4.35978728519858,14.1502263308622
0.3,0.3,0.276974412713299,0.0230255872867011,0.000392824107928625,4.37981740343469,13.4904169257526
0.3,0.3,0.276699292195817,0.0233007078041833,0.000344950266394375,4.39829154328171,12.7765548761858
0.3,0.3,0.276505159065456,0.0234948409345442,0.00030056694812056,4.4134039376092,13.7360389713217
0.3,0.3,0.276344421937692,0.0236555780623079,0.000267886288074555,4.42755007525073,14.3586333422594
0.3,0.3,0.276179587602237,0.0238204123977634,0.000235619516798019,4.44415781788908,14.465240177656
0.3,0.3,0.276012000365607,0.0239879996343934,0.000197608162050453,4.46443219439445,14.150923318492
0.3,0.3,0.275875836917599,0.0241241630824012,0.000157744465359776,4.48519748038178,13.1034074429417
0.3,0.3,0.275791385422672,0.0242086145773283,0.000118294840166583,4.50244945210265,13.35276762056
0.3,0.3,0.27573954108306,0.0242604589169402,8.6536675855634e-05,4.5169685345794,14.3559530923513
0.3,0.3,0.275700234818251,0.0242997651817488,6.20923260477212e-05,4.53233915806261,14.660481943275
0.3,0.3,0.275673924854701,0.0243260751452994,3.36992866294521e-05,4.5513221151823,14.5836596931489
0.3,0.3,0.275672371471096,0.024327628528904,1.74917958809196e-06,4.57292671040628,13.8296227474203
0.3,0.3,0.275691972714433,0.0243080272855668,-3.0750783135032e-05,4.58842754749421,14.4627388618249
0.3,0.3,0.275725868458893,0.0242741315411067,-5.31762536264921e-05,4.60391168526328,14.7654779800011
0.3,0.3,0.275785455333707,0.0242145446662927,-7.69881738827672e-05,4.6226770731344,14.6933239852937
0.3,0.3,0.275876129916992,0.0241238700830076,-0.00010347725473601,4.64385640661837,14.0100824620261
0.3,0.3,0.275979767994551,0.0240202320054493,-0.000129960399913415,4.66305181613992,13.2766660214814
0.3,0.3,0.276080672283506,0.0239193277164936,-0.000156223010742135,4.67853332594716,14.2186522361852
0.3,0.3,0.276184808074598,0.0238151919254024,-0.000173526789239625,4.69285649381212,14.8253652245765
0.3,0.3,0.276317754329849,0.0236822456701515,-0.000190014961958857,4.70947303623402,14.9143626485149
0.3,0.3,0.276495487275232,0.0235045127247682,-0.000209575931282948,4.729482167591,14.5791905330036
0.3,0.3,0.276693536039344,0.0233064639606564,-0.000229470169012581,4.74968181728102,13.512013352827
0.3,0.3,0.276872652899783,0.0231273471002166,-0.00025091914072951,4.76625378046944,13.7455289772286
0.3,0.3,0.277033219891381,0.0229667801086185,-0.000267992084207646,4.78006210291175,14.7341003101868
0.3,0.3,0.277209813475308,0.0227901865246921,-0.000278922012791372,4.79454727198236,15.0242051134097
0.3,0.3,0.277437891160865,0.022562108839135,-0.000292113282633771,4.81225281388732,14.9301835599847
0.3,0.3,0.27771009001094,0.0222899099890599,-0.000306532519457794,4.83216654185133,14.1572587793193
0.3,0.3,0.277916218942957,0.0220837810570431,-0.000323388907410414,4.84630816249523,14.7774605187128
0.3,0.3,0.278128499146439,0.021871500853561,-0.000333039435062451,4.86031679544397,15.0673827504199
0.3,0.3,0.278393984801639,0.0216060151983609,-0.00034302256130604,4.87714186177322,14.9800018828966
0.3,0.3,0.278703973156873,0.0212960268431271,-0.000353752230818188,4.89593849809924,14.280001139117
0.3,0.3,0.278994810639664,0.0210051893603358,-0.000364694163852687,4.91280391833253,13.5314750590981
0.3,0.3,0.279238909293355,0.0207610907066454,-0.000377916505913673,4.92629152214508,14.4618113082124
0.3,0.3,0.279469488861193,0.0205305111388071,-0.00038423546833785,4.93868084594971,15.0580398234413
0.3,0.3,0.279742022603365,0.0202579773966351,-0.000389533761681512,4.95294947268797,15.1350066003125
0.3,0.3,0.280077956398523,0.019922043601477,-0.000396123159019929,4.96998657724015,14.7856957335678
0.3,0.3,0.280425014298967,0.0195749857010327,-0.000402110285808587,4.98702957296392,13.70444784355
0.3,0.3,0.280718513140114,0.0192814868598862,-0.000411141742683283,5.00089693903732,13.9265113284938
0.3,0.3,0.280969059395931,0.019030940604069,-0.000418172293882663,5.01237375156159,14.906092749858
0.3,0.3,0.281234915177156,0.0187650848228441,-0.0004199212941098,5.02433807503856,15.1868400235363
0.3,0.3,0.281565075637496,0.0184349243625036,-0.00042286725181134,5.0388601081801,15.0815752993262
0.3,0.3,0.281942991266028,0.0180570087339724,-0.000425580125022822,5.0550613226172,14.2963276050844
0.3,0.3,0.282218407725953,0.017781592274047,-0.000432084242290256,5.06648271184376,14.9078010873377
0.3,0.3,0.282494633458685,0.0175053665413152,-0.000433353861496737,5.07772865672422,15.189323875665
0.3,0.3,0.282830793906526,0.0171692060934737,-0.000434337495184366,5.09114670428331,15.0920831170027
0.3,0.3,0.28321188931469,0.0167881106853101,-0.000434904259428927,5.10602338089991,14.3813784860031
0.3,0.3,0.283559526048993,0.0164404739510071,-0.000435923272192098,5.11927049267349,13.6236125359594
0.3,0.3,0.283844305354144,0.0161556946458559,-0.000440897002005067,5.12979637071648,14.5464834136464
0.3,0.3,0.284108550604362,0.0158914493956378,-0.000440327627582267,5.13941187512834,15.1360080507546
0.3,0.3,0.284415463711469,0.0155845362885308,-0.000438667220598569,5.15042262597821,15.2054636645523
0.3,0.3,0.284786284911332,0.0152137150886681,-0.000437263274265656,5.16348103479347,14.8473955084668
0.3,0.3,0.285161525681855,0.0148384743181446,-0.000434770415734995,5.17644743098043,13.7577311258327
0.3,0.3,0.285472989932513,0.0145270100674866,-0.000436311621112144,5.1869268013465,13.9730846017202
0.3,0.3,0.28573502510019,0.0142649748998095,-0.000437343292041603,5.19555147400805,14.9470643531873
0.3,0.3,0.286009583193632,0.0139904168063683,-0.000433659392143012,5.20449563550775,15.2221672339419
0.3,0.3,0.28634578337521,0.0136542166247903,-0.000430600208784376,5.21528714798183,15.1102224244061
0.3,0.3,0.286724536966852,0.0132754630331482,-0.000426527972362898,5.22724213546597,14.317743125723
0.3,0.3,0.28699677690349,0.0130032230965097,-0.000427101361323103,5.23561653871512,14.924256514463
0.3,0.3,0.287266799523225,0.012733200476775,-0.000423622742132273,5.24381849337876,15.2009874707752
0.3,0.3,0.287591524588975,0.0124084754110246,-0.000419563339932423,5.25354720099283,15.0981616045214
0.3,0.3,0.287954745761735,0.0120452542382652,-0.000414506559428013,5.2642596232248,14.3814437474005
0.3,0.3,0.288281798586753,0.0117182014132473,-0.000410111044913855,5.27373239811977,13.6184569679248
0.3,0.3,0.288547039182237,0.0114529608177628,-0.000410646096646709,5.28121431110613,14.5372821934312
0.3,0.3,0.28879093387215,0.0112090661278502,-0.000406416311865374,5.28801365749028,15.1232122928656
0.3,0.3,0.289071565156127,0.0109284348438731,-0.000401103824360624,5.29575740312165,15.1886466258233
0.3,0.3,0.289407023184814,0.0105929768151865,-0.00039556460015358,5.30488191835797,14.8259515140843
0.3,0.3,0.289742551808848,0.0102574481911522,-0.000388757865153575,5.31387714006418,13.7318439729125
0.3,0.3,0.290018498468149,0.00998150153185068,-0.000386556146816071,5.32109886789874,13.9436902705385
0.3,0.3,0.290248957054659,0.00975104294534135,-0.000384640687175527,5.32700947826173,14.914885663281
0.3,0.3,0.290488484183367,0.00951151581663345,-0.000378329237990633,5.33310677441118,15.187177956016
0.3,0.3,0.290779254641984,0.0092207453580157,-0.000372415366051568,5.34041885291439,15.0719445235952
0.3,0.3,0.291103535165425,0.00889646483457535,-0.000365184087699354,5.34846092017477,14.2759659450624
0.3,0.3,0.291334952817213,0.00866504718278666,-0.000363056833610253,5.3540570426379,14.8800941619169
0.3,0.3,0.291562805343484,0.00843719465651577,-0.000357463728797756,5.35950717058543,15.1545721615369
0.3,0.3,0.291834626385733,0.008165373614267,-0.000351208358734102,5.36593129907301,15.0491721306235
0.3,0.3,0.292135860326531,0.00786413967346866,-0.00034376771516178,5.37295259133414,14.3297511718501
0.3,0.3,0.292404726159684,0.00759527384031561,-0.000337147451502248,5.37911412074814,13.5645003154806
0.3,0.3,0.292621698328158,0.00737830167184228,-0.000335916472752322,5.38394853249206,14.4815798251125
0.3,0.3,0.29281990014703,0.00718009985297041,-0.000330274694641506,5.3883163155211,15.0659911067971
0.3,0.3,0.293046304739096,0.00695369526090389,-0.000323597678834653,5.39326012344208,15.1297759310118
0.3,0.3,0.293314772636937,0.00668522736306348,-0.00031657163806973,5.39904217304452,14.765240523669
0.3,0.3,0.293580847675014,0.0064191523249858,-0.000308286597239781,5.40469457259571,13.6694481051596
0.3,0.3,0.293798482036945,0.00620151796305485,-0.000304870352309024,5.40919706420263,13.8800169095111
0.3,0.3,0.293979456584023,0.00602054341597658,-0.000302050173350543,5.41285769351063,14.8502061438413
0.3,0.3,0.294166211779885,0.00583378822011532,-0.000294976196756662,5.41660983105478,15.121529616796
0.3,0.3,0.294391297195049,0.0056087028049514,-0.000288286603271522,5.42107605679153,15.0052157808893
0.3,0.3,0.294640173342257,0.00535982665774348,-0.000280268898387975,5.42594408103687,14.2081576750613
0.3,0.3,0.294817079232176,0.00518292076782384,-0.00027753664417036,5.42930325795062,14.8115999024968
0.3,0.3,0.29499015245427,0.00500984754573019,-0.000271523810074614,5.43255127469392,15.0854658577301
0.3,0.3,0.295195166799545,0.00480483320045538,-0.000264890372764033,5.43634860847265,14.9794182400531
0.3,0.3,0.295420470501501,0.00457952949849927,-0.000257116366849891,5.44045840100013,14.259387626546
0.3,0.3,0.295620054742209,0.00437994525779106,-0.000250270993414991,5.44402816056102,13.4936885149131
0.3,0.3,0.295780844220113,0.00421915577988657,-0.000248934261692882,5.44680389991422,14.4104700041865
0.3,0.3,0.295926830937397,0.00407316906260291,-0.000243265662742913,5.4492915101115,14.9946637304222
0.3,0.3,0.296092383209084,0.00390761679091595,-0.000236622125570769,5.4520828490459,15.0582606864961
0.3,0.3,0.296287191094329,0.00371280890567122,-0.000229713415298191,5.45531292086757,14.6935880194912
0.3,0.3,0.296478491936443,0.00352150806355733,-0.000221649881436235,5.45843217871572,13.5977550675432
0.3,0.3,0.296634483491153,0.00336551650884681,-0.000218518746891235,5.46088817691329,13.8083542501227
0.3,0.3,0.296763896970396,0.00323610302960425,-0.00021599360449424,5.46286506105566,14.7786158624014
0.3,0.3,0.296896372640142,0.00310362735985814,-0.000209242710211179,5.46487150979691,15.0500627600919
0.3,0.3,0.297054850204135,0.00294514979586546,-0.000202976146094291,5.46723213622163,14.9339615234198
0.3,0.3,0.297228474426127,0.00277152557387261,-0.000195524909101115,5.46976840310109,14.1372239329899
0.3,0.3,0.297351730578128,0.00264826942187213,-0.000193368837850441,5.47149487562074,14.7409405087608
0.3,0.3,0.297471488651828,0.00252851134817206,-0.000187880922442714,5.47314427968944,15.0151205807177
0.3,0.3,0.297612249897242,0.00238775010275755,-0.000181871671921863,5.4750460602497,14.9095036417644
0.3,0.3,0.297765492702899,0.00223450729710051,-0.000174880610704996,5.47706945884336,14.1900233465899
0.3,0.3,0.297900172666457,0.00209982733354264,-0.00016888355549804,5.47879505112817,13.4248801657431
0.3,0.3,0.298008892460366,0.00199110753963355,-0.00016831994000852,5.48011487748529,14.3421407451356
0.3,0.3,0.298106919936257,0.00189308006374317,-0.000163348478490102,5.48127982004555,14.926807965654
0.3,0.3,0.298217086528028,0.00178291347197185,-0.000157459928061257,5.48256527257478,14.9909889633602
0.3,0.3,0.298345552547479,0.00165444745252125,-0.000151484496249136,5.48402168772242,14.6270661919999
0.3,0.3,0.298470260541902,0.00152973945809837,-0.000144492420030576,5.48539322706614,13.5320430885034
0.3,0.3,0.298571901712455,0.0014280982875447,-0.000142382722684766,5.48644682259841,13.743340655927
0.3,0.3,0.298656221655792,0.00134377834420779,-0.000140731572733467,5.48727642785321,14.7142060195275
0.3,0.3,0.298741578393696,0.00125842160630402,-0.000134819241226039,5.48809975396439,14.9863120320936
0.3,0.3,0.298842715310724,0.00115728468927573,-0.000129534936511013,5.48904214078615,14.871048974438
0.3,0.3,0.298952176016993,0.00104782398300651,-0.000123267942169471,5.49001937251092,14.0752966059253
0.3,0.3,0.299030077794055,0.000969922205944551,-0.000122215194974508,5.49066161853337,14.6797380657031
0.3,0.3,0.299105078675243,0.000894921324756937,-0.000117664162016658,5.49125551574176,14.9546577424095
0.3,0.3,0.299192308606279,0.000807691393721,-0.000112706124364239,5.4919137377412,14.8499567303872
0.3,0.3,0.299286034988127,0.000713965011873208,-0.00010696051361046,5.4925787380713,14.1315353996587
0.3,0.3,0.299367570355485,0.000632429644514876,-0.000102242256283419,5.49311299555371,13.3673738707949
0.3,0.3,0.299433965229449,0.000566034770551338,-0.000102792504538258,5.49349871672243,14.2854384749538
0.3,0.3,0.299493250285023,0.000506749714977439,-9.87898763052073e-05,5.49382010824362,14.8708615242193
0.3,0.3,0.299558959948311,0.000441040051688824,-9.39181154420862e-05,5.49415121380658,14.9359327097009
0.3,0.3,0.29963457201318,0.000365427986819877,-8.91602055320849e-05,5.49449214827335,14.5730999814495
0.3,0.3,0.299706656923524,0.000293343076475938,-8.35209018572496e-05,5.49477395910646,13.4791975451182
0.3,0.3,0.29976566627887,0.000234333721130353,-8.26624919267583e-05,5.49496020684066,13.691427249543
0.3,0.3,0.299814830228851,0.000185169771148963,-8.20555473869547e-05,5.49508512326407,14.6630782468646
0.3,0.3,0.299863659191522,0.000136340808478019,-7.71243527533758e-05,5.49518650821341,14.9360181836331
0.3,0.3,0.299920628984752,7.93710152480198e-05,-7.29662224551433e-05,5.49527011401151,14.8217868502303
0.3,0.3,0.29998103694152,1.89630584798151e-05,-6.80277472204339e-05,5.49531204114331,14.0272111993324
0.3,0.3,0.30002450077605,-2.45007760504845e-05,-6.81876696784147e-05,5.49530948586524,14.6324975852532
0.3,0.3,0.300065708322273,-6.57083222733723e-05,-6.46479212078142e-05,5.49528032750702,14.9082626002671
0.3,0.3,0.300112769955794,-0.00011276995579379,-6.08063583246877e-05,5.49521066678217,14.804587398163
0.3,0.3,0.300162157504848,-0.000162157504847771,-5.63610580276452e-05,5.49508860822764,14.0873256966587
0.3,0.3,0.300204387621182,-0.000204387621181745,-5.29549654004224e-05,5.49493992077453,13.3242167765717
0.3,0.3,0.300239674065714,-0.000239674065714013,-5.4630449539524e-05,5.49479521349108,14.2431298317182
0.3,0.3,0.300270636156965,-0.000270636156964654,-5.15937930256667e-05,5.49464161525646,14.8293388279146
0.3,0.3,0.300304026012576,-0.00030402601257562,-4.77237604479789e-05,5.49444017410921,14.8953226939911
0.3,0.3,0.300341467493039,-0.000341467493039371,-4.41502326574486e-05,5.49416552009503,14.5335898923961
0.3,0.3,0.300375825752779,-0.000375825752779169,-3.98090670798774e-05,5.4938535876041,13.4407992988318
0.3,0.3,0.300404477005702,-0.000404477005702453,-4.01357370130215e-05,5.49357302425419,13.653941117938
0.3,0.3,0.30042874671799,-0.000428746717989537,-4.05065985580766e-05,5.49332267866787,14.6263519647736
0.3,0.3,0.300451846227555,-0.000451846227554953,-3.64852029655328e-05,5.49304355686385,14.9000897513014
0.3,0.3,0.300477893619627,-0.000477893619626801,-3.33611849639645e-05,5.49268005359296,14.7868340931387
0.3,0.3,0.300504204300353,-0.000504204300352751,-2.96294815504752e-05,5.49224235823458,13.9933564827461
0.3,0.3,0.300523887305707,-0.000523887305707016,-3.08794253064482e-05,5.49191393806667,14.5994225970345
0.3,0.3,0.300541887922575,-0.000541887922574702,-2.82400321511499e-05,5.49157388984329,14.8759602870653
0.3,0.3,0.300561533931906,-0.000561533931905667,-2.53837831337284e-05,5.49114634850527,14.7732133140434
0.3,0.3,0.300580877737916,-0.000580877737916041,-2.20751471195384e-05,5.49064429110815,14.0569889489873
0.3,0.3,0.300596671484637,-0.000596671484637323,-1.980476009637e-05,5.49017228392072,13.2948110282252
0.3,0.3,0.300611169158383,-0.000611169158382607,-2.24452880836048e-05,5.48978093956878,14.2144681467015
0.3,0.3,0.300623309793625,-0.000623309793625293,-2.02305908034972e-05,5.48941007349956,14.8013608657095
0.3,0.3,0.300635348451336,-0.000635348451336226,-1.72067234809178e-05,5.48896939086501,14.8681322884004
0.3,0.3,0.300647751791957,-0.000647751791956919,-1.46257674646865e-05,5.4884244412349,14.5073398688277
0.3,0.3,0.300657559009283,-0.00065755900928316,-1.13630953832516e-05,5.48785882367227,13.4154901865273
0.3,0.3,0.30066660070237,-0.000666600702370068,-1.26659387458839e-05,5.48738417894457,13.6293972313514
0.3,0.3,0.300674890720489,-0.000674890720488708,-1.38361930880911e-05,5.48698158955033,14.6024411771941
0.3,0.3,0.300681572468449,-0.000681572468449299,-1.05536840181972e-05,5.48655185144353,14.8768390971118
0.3,0.3,0.30068802465126,-0.000688024651259833,-8.26387780668703e-06,5.48601668104264,14.7643846055834
0.3,0.3,0.300692907107071,-0.000692907107070651,-5.49832364421078e-06,5.48540197236343,13.9718007299058
0.3,0.3,0.300697760664234,-0.000697760664234048,-7.61443951156605e-06,5.48495802072376,14.5784966075253
0.3,0.3,0.300701384730009,-0.000701384730009191,-5.68556806930528e-06,5.48451174879703,14.8556543383177
0.3,0.3,0.300704172437268,-0.000704172437267836,-3.60187943064694e-06,5.4839673291883,14.7536470175884
0.3,0.3,0.300705204814922,-0.000705204814922367,-1.17814917130125e-06,5.48334836420555,14.0382425553272
0.3,0.3,0.300705033585383,-0.000705033585383374,2.14715357285594e-07,5.48278361923175,13.2767945623022
0.3,0.3,0.300707078682912,-0.000707078682911977,-3.16621848532609e-06,5.48232632695281,14.1970311856885
0.3,0.3,0.300708025823608,-0.000708025823608349,-1.57827124345397e-06,5.48190128097922,14.7844532421284
0.3,0.3,0.300707463214104,-0.000707463214103921,8.04131685846706e-07,5.48140576303714,14.8518306915097
0.3,0.3,0.300705226564297,-0.000705226564296835,2.6374120767205e-06,5.4808059129471,14.4917567481404
0.3,0.3,0.300700830542862,-0.000700830542862241,5.09343373603531e-06,5.48019686937373,13.4006203033583
0.3,0.3,0.300698642110122,-0.000698642110121994,3.06563768075467e-06,5.47969537075666,13.6151033720984
0.3,0.3,0.30069785993127,-0.000697859931270139,1.30547090444056e-06,5.47927631735654,14.5886211010049
0.3,0.3,0.300695298462194,-0.000695298462193628,4.04578787787882e-06,5.47883498143682,14.8635102855526
0.3,0.3,0.300690826995572,-0.000690826995572491,5.727000444252e-06,5.47829339238769,14.7516482839806
0.3,0.3,0.30068390745714,-0.000683907457139976,7.79236182165716e-06,5.47768148358433,13.9597204818597
0.3,0.3,0.300680686814949,-0.000680686814948539,5.05266223717765e-06,5.47724585916298,14.5668756066817
0.3,0.3,0.300676560713269,-0.000676560713268826,6.47318047291067e-06,5.47681295741677,14.8444829569111
0.3,0.3,0.300670363336229,-0.000670363336228885,8.00737053073431e-06,5.47629125734745,14.7430086882534
0.3,0.3,0.300661770788225,-0.000661770788225213,9.80581413217666e-06,5.4757061771917,14.0281908540617
0.3,0.3,0.300653331169595,-0.000653331169594873,1.05829621845534e-05,5.47517939716848,13.2672612902236
0.3,0.3,0.30064901261039,-0.000649012610390243,6.68599013425836e-06,5.47475757109616,14.1879069863918
0.3,0.3,0.300644307910623,-0.000644307910622699,7.83969299786741e-06,5.4743690795842,14.7757006511505
0.3,0.3,0.300637465235492,-0.00063746523549163,9.78016161232709e-06,5.47392035787375,14.8435011190065
0.3,0.3,0.30062805059854,-0.000628050598540097,1.11015489544261e-05,5.4733829461402,14.4839252884108
0.3,0.3,0.300616822673964,-0.000616822673963902,1.30091927526696e-05,5.47284349329693,13.3932795774697
0.3,0.3,0.300609332807313,-0.000609332807312624,1.04920827555698e-05,5.47240387518778,13.6081562356328
0.3,0.3,0.300604338059188,-0.00060433805918847,8.33632651550057e-06,5.47203960450284,14.5819958288752
0.3,0.3,0.300597554067652,-0.000597554067652439,1.0715175449833e-05,5.47165882807703,14.8572168933072
0.3,0.3,0.300588190209971,-0.000588190209971473,1.19931158375608e-05,5.47119548707501,14.7457526082456
0.3,0.3,0.300576115536418,-0.000576115536418176,1.35977604107291e-05,5.47067703921272,13.9542618636082
0.3,0.3,0.300569454122553,-0.000569454122552993,1.04506716892219e-05,5.47031123089227,14.5617207952811
0.3,0.3,0.300562097509054,-0.000562097509054282,1.15413265074776e-05,5.46995027111995,14.839623824763
0.3,0.3,0.300552251773026,-0.000552251773026147,1.27212619348081e-05,5.46951859182426,14.7384977910779
0.3,0.3,0.300539879232351,-0.000539879232350882,1.41195411016863e-05,5.46903869221885,14.0240601981525
0.3,0.3,0.300528311270461,-0.000528311270460935,1.45057862002756e-05,5.46861038406545,13.2634639685003
0.3,0.3,0.300521668900424,-0.000521668900424099,1.02837122983784e-05,5.46827007023293,14.1843708531114
0.3,0.3,0.300514968205228,-0.000514968205227673,1.11657269478775e-05,5.46795860595083,14.7724003174912
0.3,0.3,0.300505990640528,-0.000505990640528475,1.28315361849752e-05,5.46760113527982,14.8404674575487
0.3,0.3,0.300494256076373,-0.000494256076372934,1.38371600985768e-05,5.46717622426224,14.4812031680018
0.3,0.3,0.30048095656666,-0.000480956566660362,1.54094271609214e-05,5.46675316080656,13.3908616534934
0.3,0.3,0.300471965014075,-0.000471965014075038,1.25957000574449e-05,5.46641107908996,13.6059802601466
0.3,0.3,0.300465852388645,-0.000465852388644772,1.02020842696188e-05,5.46612945421538,14.580016308684
0.3,0.3,0.300458023734552,-0.000458023734551782,1.23651984900605e-05,5.46583669381558,14.8554385621608
0.3,0.3,0.300447558040821,-0.000447558040820972,1.34043341490208e-05,5.46548273711828,14.7442134641932
0.3,0.3,0.300434470266714,-0.000434470266714004,1.4738652465134e-05,5.46508963749259,13.9529830440387
0.3,0.3,0.300427232558221,-0.000427232558220914,1.13547839330583e-05,5.46481430619622,14.5606213047196
0.3,0.3,0.300419420742138,-0.000419420742137799,1.22554650872203e-05,5.46454415195981,14.8386975169035
0.3,0.3,0.300409178796938,-0.000409178796937637,1.32331871715292e-05,5.4642230628183,14.7377736640718
0.3,0.3,0.30039655579046,-0.000396555790460051,1.44053726563732e-05,5.46386865861098,14.0235545098666
0.3,0.3,0.300384934029766,-0.000384934029765971,1.45732478760018e-05,5.46355467912142,13.2631476560088
0.3,0.3,0.300378364088654,-0.000378364088654437,1.01715778763691e-05,5.4633069563932,14.1842014730307
0.3,0.3,0.300371819845145,-0.000371819845144949,1.09050231076069e-05,5.46308144842175,14.7723624237038
0.3,0.3,0.300363128719144,-0.000363128719143513,1.24221324444054e-05,5.46282403747661,14.8405768669046
0.3,0.3,0.300351884679054,-0.000351884679054393,1.32587440826266e-05,5.46252008293861,14.4814826756097
0.3,0.3,0.300339237261711,-0.000339237261710534,1.46538827999724e-05,5.4622196262183,13.3913050371427
0.3,0.3,0.300330895328955,-0.000330895328954695,1.16856885262704e-05,5.46197848599284,13.606552317158
0.3,0.3,0.30032540118218,-0.00032540118217983,9.16983200265978e-06,5.46178120164033,14.5806916857378
0.3,0.3,0.300318295401794,-0.000318295401794289,1.12234342880388e-05,5.46157713854696,14.8562186043928
0.3,0.3,0.300308814560794,-0.000308814560793735,1.214294666739e-05,5.46133189952491,14.7451163377718
0.3,0.3,0.300296965231548,-0.00029696523154793,1.33439914616573e-05,5.4610614618724,13.954017476486
0.3,0.3,0.300290689664691,-0.000290689664691146,9.84534065326364e-06,5.46087347483846,14.561744973248
0.3,0.3,0.300283897718459,-0.000283897718458881,1.06554556554548e-05,5.46069003302459,14.8399062044874
0.3,0.3,0.300274967492403,-0.000274967492403078,1.15383699686397e-05,5.46047333059126,14.739080060386
0.3,0.3,0.300263920680622,-0.000263920680622198,1.2606619571866e-05,5.46023584805461,14.0249644409154
0.3,0.3,0.300253811645305,-0.000253811645304969,1.26763475349756e-05,5.46002704297517,13.2646454786413
0.3,0.3,0.300248517889666,-0.000248517889666011,8.19578848429925e-06,5.4598636039471,14.1857661823116
0.3,0.3,0.300243197668439,-0.000243197668439055,8.86536927837619e-06,5.45971565285116,14.7739859400623
0.3,0.3,0.30023597733474,-0.000235977334739623,1.03199449036407e-05,5.45954772035697,14.8422649927179
0.3,0.3,0.300226574781258,-0.000226574781257594,1.10873004209819e-05,5.45935081972735,14.4832435813076
0.3,0.3,0.300215862179822,-0.000215862179821558,1.24121155941207e-05,5.45915768425044,13.3931340065953
0.3,0.3,0.300209162828752,-0.000209162828752441,9.38469923098068e-06,5.45900403231093,13.6084331546567
0.3,0.3,0.300205074460332,-0.000205074460331633,6.82356207244614e-06,5.45887926458934,14.582613062662
0.3,0.3,0.30019947898408,-0.000199478984079682,8.83793989908178e-06,5.45875090593916,14.8581799460443
0.3,0.3,0.300191892868721,-0.000191892868720955,9.7162049459234e-06,5.45859769767573,14.7471230181565
0.3,0.3,0.30018223734389,-0.000182237343889891,1.08734628191493e-05,5.45843011414762,13.9560706153423
0.3,0.3,0.300177559286029,-0.000177559286028528,7.33910964163534e-06,5.45831474818883,14.5638282270612
0.3,0.3,0.300172381786734,-0.000172381786734455,8.12265177447522e-06,5.45820290367999,14.8420169687184
0.3,0.3,0.300165432064415,-0.00016543206441455,8.97944428474803e-06,5.45807174494054,14.7412208426483
0.3,0.3,0.300156650697053,-0.000156650697052729,1.00212948218881e-05,5.45792925417091,14.0271348985381
0.3,0.3,0.300148621297084,-0.000148621297083817,1.00685635501406e-05,5.45780516572413,13.2668391278892
0.3,0.3,0.300145022264946,-0.000145022264946337,5.57201883686106e-06,5.45770912349935,14.1879760497343
0.3,0.3,0.300141283400171,-0.000141283400170999,6.23027041286191e-06,5.45762280724754,14.7762088986898
0.3,0.3,0.300135913325754,-0.000135913325753578,7.67538931264021e-06,5.45752553201587,14.8445008914018
0.3,0.3,0.300128760500695,-0.000128760500695269,8.43446628117793e-06,5.4574125368895,14.485491941349
0.3,0.3,0.30012034233982,-0.000120342339820223,9.75367062134105e-06,5.4573028326878,13.395391585113
0.3,0.3,0.300115542197154,-0.000115542197154039,6.7242177223197e-06,5.45721669057235,13.6106958324228
0.3,0.3,0.300113047544281,-0.000113047544280764,4.16362151637927e-06,5.45714753859693,14.5848783292752
0.3,0.3,0.300109134670231,-0.000109134670230993,6.18030425246658e-06,5.45707691127323,14.8604463393921
0.3,0.3,0.300103619895467,-0.000103619895467255,7.06325692443767e-06,5.45699343214474,14.7493886128992
0.3,0.3,0.300096312912202,-9.63129122020789e-05,8.22867863394902e-06,5.45690319071629,13.9583325021916
0.3,0.3,0.30009331445923,-9.33144592301649e-05,4.7040835673705e-06,5.45684205865922,14.5660857007917
0.3,0.3,0.300089810275386,-8.98102753856267e-05,5.49749280530319e-06,5.45678337940149,14.8442686344687
0.3,0.3,0.30008488254322,-8.48825432200884e-05,6.36691574090582e-06,5.4567153444263,14.7434636637124
0.3,0.3,0.300078375663697,-7.83756636972277e-05,7.42564971885241e-06,5.4566424390902,14.0293654530674
0.3,0.3,0.300072400831711,-7.24008317107283e-05,7.49221309133054e-06,5.45657995255011,13.2690565546287
0.3,0.3,0.300070454065611,-7.04540656113473e-05,3.01398180424733e-06,5.45653260781236,14.1901815423169
0.3,0.3,0.300068240101694,-6.82401016936507e-05,3.68924652737966e-06,5.45649058282487,14.7784023137492
0.3,0.3,0.300064634641793,-6.4634641793071e-05,5.15324485949422e-06,5.45644379406795,14.8466790789656
0.3,0.3,0.300059600456436,-5.96004564363262e-05,5.93620930239737e-06,5.45639034665742,14.4876501047294
0.3,0.3,0.300053314273191,-5.33142731908298e-05,7.28346271364365e-06,5.45633941100502,13.3975277165925
0.3,0.3,0.300050258043705,-5.02580437055089e-05,4.28127951557563e-06,5.45630049394284,13.6128125598846
0.3,0.3,0.300049212890069,-4.92128900687616e-05,1.7443806374044e-06,5.45627002237042,14.5869779944187
0.3,0.3,0.300046817111435,-4.68171114350602e-05,3.78408317966318e-06,5.4562393289872,14.8625272496345
0.3,0.3,0.300043151934044,-4.31519340435838e-05,4.69431494467695e-06,5.45620378189204,14.7514454271686
0.3,0.3,0.300037918991132,-3.79189911323685e-05,5.89302095938836e-06,5.45616631217115,13.9603607032057
0.3,0.3,0.300036389339606,-3.63893396063686e-05,2.39977370805238e-06,5.4561419322517,14.5680926261822
0.3,0.3,0.300034336832529,-3.43368325290694e-05,3.22004877318332e-06,5.45611907433428,14.8462537128529
0.3,0.3,0.300031148230591,-3.11482305906385e-05,4.11985862702157e-06,5.45609329884501,14.7454215002497
0.3,0.3,0.300026578573806,-2.65785738059465e-05,5.21489148551605e-06,5.45606662805586,14.0312915769083
0.3,0.3,0.300022336796866,-2.23367968658628e-05,5.31902768041268e-06,5.45604475530958,13.270953087599
0.3,0.3,0.300021772428508,-2.17724285077048e-05,8.73754665663381e-07,5.45602930003074,14.1920536435874
0.3,0.3,0.30002082553958,-2.08255395796053e-05,1.57785168114349e-06,5.4560161084827,14.7802513760541
0.3,0.3,0.300018676033924,-1.86760339242475e-05,3.0722651961654e-06,5.45600198258119,14.8485009032399
0.3,0.3,0.300015375567447,-1.53755674465739e-05,3.89184315226785e-06,5.45598677268192,14.4894384228271
0.3,0.3,0.300010818521415,-1.08185214149903e-05,5.28000434620182e-06,5.45597325771512,13.3992814493535
0.3,0.3,0.300009165325155,-9.16532515532476e-06,2.3158585818623e-06,5.45596417437142,13.6145373648851
0.3,0.3,0.300009278659881,-9.27865988065157e-06,-1.89157740491481e-07,5.45595797575963,14.5886783244201
0.3,0.3,0.300008088006018,-8.08800601836968e-06,1.88061333775e-06,5.45595218300664,14.8642015493592
0.3,0.3,0.300005881953859,-5.88195385881063e-06,2.82548496710701e-06,5.45594630284425,14.7530874237575
0.3,0.3,0.30000227208256,-2.27208256026179e-06,4.06521675947546e-06,5.45594120497942,13.961965741545
0.3,0.3,0.300001883540635,-1.88354063507257e-06,6.0955889670079e-07,5.45593918218608,14.5696710242996
0.3,0.3,0.300000952095123,-9.52095122852548e-07,1.4612860593853e-06,5.45593796042331,14.8478054031962
0.3,0.3,0.299999097747597,9.0225240317876e-07,2.39592454630824e-06,5.45593750511861,14.7469407010672
0.3,0.3,0.299996003064853,3.99693514702149e-06,3.53165138041371e-06,5.45593827022796,14.032773956254
0.3,0.3,0.299993070769543,6.92923045664262e-06,3.67698729554183e-06,5.45594025638581,13.2724019629327
0.3,0.3,0.299993544126091,6.45587390940561e-06,-7.32850248750914e-07,5.45594336813611,14.1934754118983
0.3,0.3,0.299993543080213,6.45691978656826e-06,1.74280107237837e-09,5.45594683206617,14.7816480007579
0.3,0.3,0.299992474119699,7.52588030145107e-06,1.52785370800863e-06,5.45595141490549,14.8498682833046
0.3,0.3,0.299990451527258,9.54847274159398e-06,2.38499999662443e-06,5.45595788115523,14.490770484372
0.3,0.3,0.299987159369765,1.28406302352113e-05,3.81444597103932e-06,5.45596532911023,13.4005777467135
0.3,0.3,0.299986525402238,1.34745977624084e-05,8.88085204584483e-07,5.45597276982244,13.6158042438028
0.3,0.3,0.299987475473454,1.25245265455987e-05,-1.58568633008127e-06,5.45597988450662,14.5899206404992
0.3,0.3,0.299987150548979,1.28494510205912e-05,5.13211539288636e-07,5.45598762073467,14.8654180506449
0.3,0.3,0.299985986224445,1.40137755552106e-05,1.49125280431106e-06,5.45599767936964,14.7542723062906
0.3,0.3,0.299983526693308,1.6473306692022e-05,2.76977387032472e-06,5.45600973526703,13.963114979243
0.3,0.3,0.299983941507441,1.60584925594232e-05,-6.50775704265632e-07,5.45601940404052,14.5707948987064
0.3,0.3,0.299983794898955,1.62051010452746e-05,2.30004797651338e-07,5.45602936768445,14.8489041126588
0.3,0.3,0.299982868862707,1.71311372931804e-05,1.19649253766525e-06,5.45604183037502,14.7480091355596
0.3,0.3,0.299980792951836,1.92070481636053e-05,2.3690291050922e-06,5.4560563675357,14.0338085047929
0.3,0.3,0.299978758428844,2.12415711559055e-05,2.5512148011311e-06,5.45607012351433,13.2734060517669
0.3,0.3,0.29997993867386,2.00613261400195e-05,-1.82725444176214e-06,5.45608225050934,14.1944551057184
0.3,0.3,0.299980578335911,1.94216640886924e-05,-1.0659030991548e-06,5.45609368622722,14.7826052579037
0.3,0.3,0.299980237052004,1.97629479964379e-05,4.87793399917175e-07,5.45610708406684,14.8507996682766
0.3,0.3,0.299979068995915,2.09310040850674e-05,1.3773480569567e-06,5.45612356347012,14.4916709338826
0.3,0.3,0.299976616075279,2.33839247208434e-05,2.84206732350574e-06,5.45614047106417,13.4014472036208
0.3,0.3,0.299976653419707,2.3346580293071e-05,-5.23134582696246e-08,5.45615519737074,13.6166484502743
0.3,0.3,0.299978151221119,2.18487788808397e-05,-2.49985809750179e-06,5.45616806209998,14.5907439275442
0.3,0.3,0.299978389709398,2.16102906016036e-05,-3.76687342163189e-07,5.45618152251688,14.8662195082919
0.3,0.3,0.299977898766209,2.21012337907611e-05,6.28794108360277e-07,5.45619815694165,14.755047240044
0.3,0.3,0.299976176827848,2.38231721521598e-05,1.93914189917605e-06,5.45621706472781,13.9638602868473
0.3,0.3,0.299977523858133,2.24761418674557e-05,-2.38953181502336e-06,5.45622972531517,14.7926908443576
0.3,0.3,0.299977556722812,2.24432771878669e-05,-4.87436406058687e-08,5.45624462402058,14.9023487011673
0.3,0.3,0.299976800750253,2.31992497474187e-05,8.80272058880148e-07,5.45626356556934,14.5836504466832
0.3,0.3,0.299974074735995,2.59252640051888e-05,3.01273592915549e-06,5.45628323423579,13.1632362472323
0.3,0.3,0.299976465700746,2.35342992537801e-05,-4.11488632876821e-06,5.4562968376589,14.520466666001
0.3,0.3,0.299977131120598,2.28688794016718e-05,-1.14519758215521e-06,5.45631009472457,14.9188419238173
0.3,0.3,0.299976961383488,2.30386165119278e-05,2.20415357133403e-07,5.45632747081411,14.8549362529873
0.3,0.3,0.299975301363367,2.46986366327362e-05,1.76515619821616e-06,5.45634840333522,13.9580339134867
0.3,0.3,0.299976467804726,2.3532195274012e-05,-1.85244144217123e-06,5.45636292656191,14.6009442300039
0.3,0.3,0.299976983318139,2.30166818609434e-05,-8.18693887370192e-07,5.45637729836341,14.8769190042661
0.3,0.3,0.299976811992203,2.31880077967705e-05,2.18369776457093e-07,5.45639500083236,14.7613491423863
0.3,0.3,0.299975356188634,2.46438113662983e-05,1.62502561237698e-06,5.45641488182182,13.9207407593374
0.3,0.3,0.29997660815675,2.33918432500646e-05,-1.97984051451887e-06,5.45642937090858,14.5738264942751
0.3,0.3,0.299977207460001,2.27925399988171e-05,-9.47727695232369e-07,5.45644366715251,14.8604319670071
0.3,0.3,0.299977138484143,2.28615158565093e-05,8.89424398254113e-08,5.45646094431013,14.7599888583906
0.3,0.3,0.299975928390739,2.40716092611004e-05,1.36886922884405e-06,5.45648026767229,14.0106828413952
0.3,0.3,0.299974563907391,2.54360926087993e-05,1.7024993483368e-06,5.45649760070083,13.1739406725677
0.3,0.3,0.299976514321304,2.34856786962001e-05,-3.03607203110571e-06,5.45651206985683,14.1730965503468
0.3,0.3,0.299977768825183,2.22311748171999e-05,-2.11133260806898e-06,5.45652524861374,14.7896861738085
0.3,0.3,0.299978067154562,2.19328454378331e-05,-4.27875366039972e-07,5.45654034593907,14.8610493811197
0.3,0.3,0.299977630542559,2.23694574414401e-05,5.12406893693979e-07,5.45655845040048,14.4990498057695
0.3,0.3,0.299975768555675,2.42314443253955e-05,2.14153695064044e-06,5.45657640736681,13.3411336563601
0.3,0.3,0.299976367832335,2.36321676644891e-05,-8.38772779404243e-07,5.45659147029428,13.5563120064351
0.3,0.3,0.299978421375135,2.15786248646266e-05,-3.45242042856388e-06,5.45660423641939,14.5877539253321
0.3,0.3,0.299979137070151,2.08629298485974e-05,-1.13844295368068e-06,5.45661728750929,14.8731838230743
0.3,0.3,0.299979196204751,2.08037952491025e-05,-7.57687752400218e-08,5.4566331289958,14.7659787787198
0.3,0.3,0.299978030028288,2.19699717122213e-05,1.30550800754248e-06,5.45665073749805,13.9577158933936
0.3,0.3,0.299979371864791,2.06281352088666e-05,-2.10962973406933e-06,5.45666358724064,14.574811045813
0.3,0.3,0.299980105263295,1.98947367051061e-05,-1.15304605783725e-06,5.4566761590895,14.854029654893
0.3,0.3,0.299980201981388,1.97980186124047e-05,-1.24791340336229e-07,5.45669110364948,14.7518709543841
0.3,0.3,0.299979205685101,2.0794314899486e-05,1.13348008295273e-06,5.45670753828864,14.0226751135268
0.3,0.3,0.299978091755767,2.19082442329821e-05,1.39542059888513e-06,5.45672216412898,13.2417312605782
0.3,0.3,0.299980066027406,1.99339725940884e-05,-3.06423727939026e-06,5.45673442394985,14.1915866480121
0.3,0.3,0.299981381277572,1.86187224275325e-05,-2.19868419386309e-06,5.45674554683499,14.7867356140454
0.3,0.3,0.299981782199692,1.82178003079181e-05,-5.7326443067756e-07,5.45675812006705,14.8547319675488
0.3,0.3,0.299981465058661,1.85349413391322e-05,3.73165895982272e-07,5.45677295755301,14.4921117573591
0.3,0.3,0.299979792974486,2.02070255141407e-05,1.93318519625747e-06,5.45678745965001,13.3777445548711
0.3,0.3,0.299980491057732,1.95089422680428e-05,-9.78456704284111e-07,5.45679965024986,13.6011108394923
0.3,0.3,0.299982537654403,1.74623455973522e-05,-3.42540464083262e-06,5.45681002064329,14.5924547761032
0.3,0.3,0.299983302595331,1.66974046686974e-05,-1.21038517658944e-06,5.45682051983622,14.8694272158631
0.3,0.3,0.29998342591756,1.65740824403793e-05,-1.57847523547493e-07,5.45683308787342,14.7581430760234
0.3,0.3,0.299982344010061,1.76559899386364e-05,1.21578018359334e-06,5.45684682245389,13.9573761595713
0.3,0.3,0.299983728501144,1.62714988555246e-05,-2.17521785690397e-06,5.4568569190714,14.5728676836131
0.3,0.3,0.299984503198367,1.54968016330415e-05,-1.21715137973421e-06,5.45686671097644,14.8523545983921
0.3,0.3,0.299984644898402,1.53551015975584e-05,-1.82993432486452e-07,5.45687821751454,14.7512795135815
0.3,0.3,0.299983703185307,1.62968146928955e-05,1.07282565740004e-06,5.45689071326897,14.0297310523368
0.3,0.3,0.299982631815846,1.73681841536544e-05,1.34228817894956e-06,5.45690174761532,13.2554900334486
0.3,0.3,0.299984601777241,1.53982227587002e-05,-3.05342929507996e-06,5.45691109825558,14.1918005966977
0.3,0.3,0.299985928834803,1.40711651966385e-05,-2.21557986657567e-06,5.4569195130486,14.7850577886896
0.3,0.3,0.29998634402968,1.36559703202144e-05,-5.93763021974753e-07,5.45692889764182,14.8536465358295
0.3,0.3,0.299986041185602,1.39588143979186e-05,3.56742279355979e-07,5.45693984041579,14.4934768539009
0.3,0.3,0.29998439237795,1.56076220501067e-05,1.90771646011589e-06,5.45695038042697,13.3897967006374
0.3,0.3,0.299985077056893,1.49229431070652e-05,-9.59096580359654e-07,5.45695930779352,13.6063066406919
0.3,0.3,0.299987108294215,1.28917057847233e-05,-3.39522770395823e-06,5.45696695169566,14.5912008706844
0.3,0.3,0.299987866532797,1.21334672033568e-05,-1.19917552721074e-06,5.45697456676641,14.8683073774928
0.3,0.3,0.299987978135108,1.20218648920756e-05,-1.42930539522342e-07,5.45698356720377,14.7576425296318
0.3,0.3,0.299986886390681,1.31136093189932e-05,1.22797839556086e-06,5.45699325130172,13.9623405726758
0.3,0.3,0.299988244711012,1.17552889884465e-05,-2.13216529033903e-06,5.45700047197955,14.5726610819387
0.3,0.3,0.29998899830827,1.1001691729573e-05,-1.18292709173978e-06,5.45700740094409,14.851130537625
0.3,0.3,0.299989112935108,1.08870648922177e-05,-1.48062699628558e-07,5.45701543346002,14.74997760845
0.3,0.3,0.299988143567452,1.18564325480297e-05,1.10543093639538e-06,5.45702401288994,14.0323472817307
0.3,0.3,0.299987052741127,1.29472588734081e-05,1.36745380229288e-06,5.45703151955055,13.2666327569581
0.3,0.3,0.299988976808611,1.10231913885706e-05,-2.98048989620166e-06,5.457038040968,14.1943140857834
0.3,0.3,0.299990268270889,9.7317291114507e-06,-2.1537162696768e-06,5.45704385183094,14.7843070631532
0.3,0.3,0.299990645941798,9.35405820201574e-06,-5.39883480925001e-07,5.45705021626683,14.8525049106861
0.3,0.3,0.299990295983252,9.70401674810217e-06,4.12465384459193e-07,5.45705752151513,14.4926536107026
0.3,0.3,0.299988609630045,1.1390369954678e-05,1.952817250827e-06,5.45706440186346,13.3966549118707
0.3,0.3,0.299989250012982,1.07499870176109e-05,-8.97140365757422e-07,5.45707034270854,13.6132003647754
0.3,0.3,0.299991231110815,8.7688891847737e-06,-3.30865921424067e-06,5.45707551039516,14.5915739092644
0.3,0.3,0.299991945523488,8.05447651230917e-06,-1.12894139983594e-06,5.45708053576423,14.8675152556129
0.3,0.3,0.299992002932355,7.99706764470498e-06,-7.35209721973593e-08,5.45708637100403,14.7563779323606
0.3,0.3,0.299990851852562,9.14814743818715e-06,1.29561139651236e-06,5.45709249905906,13.9630709064611
0.3,0.3,0.299992162033216,7.83796678371917e-06,-2.05608781576143e-06,5.45709720971916,14.5722863029438
0.3,0.3,0.299992868310881,7.13168911886664e-06,-1.10837302954791e-06,5.45710165871457,14.8506175801919
0.3,0.3,0.299992924735469,7.07526453108676e-06,-7.28950750052321e-08,5.45710671630562,14.7496053800367
0.3,0.3,0.299991890855033,8.10914496685022e-06,1.17942173641686e-06,5.45711198089038,14.0337078793059
0.3,0.3,0.29999074169721,9.25830278980522e-06,1.44074716593742e-06,5.45711652567768,13.2703658495445
0.3,0.3,0.299992608363024,7.39163697560663e-06,-2.89072764315986e-06,5.45712068642941,14.1947048129378
0.3,0.3,0.29999385014425,6.14985575048133e-06,-2.07009440362336e-06,5.45712433551613,14.7838749515474
0.3,0.3,0.299994171002153,5.82899784712376e-06,-4.58647387763723e-07,5.45712821385635,14.8520904833397
0.3,0.3,0.299993752045989,6.24795401094058e-06,4.93910644482666e-07,5.45713255628167,14.4926428005269
0.3,0.3,0.299991999131474,8.00086852648096e-06,2.03040722699902e-06,5.45713648316008,13.3994475147201
0.3,0.3,0.299992578182536,7.42181746354875e-06,-8.11163740233117e-07,5.45714002937086,13.6150374631081
0.3,0.3,0.29999450541988,5.49458012011339e-06,-3.21764983913362e-06,5.45714322148065,14.5913947648192
0.3,0.3,0.299995166233323,4.83376667681501e-06,-1.04402238481353e-06,5.45714619206509,14.8671572726383
0.3,0.3,0.29999515764895,4.84235105008279e-06,1.09944660056023e-08,5.45714953750977,14.7560298804535
0.3,0.3,0.299993933262881,6.06673711850414e-06,1.37846734083209e-06,5.457152895311,13.9638430734021
0.3,0.3,0.299995187721265,4.81227873511125e-06,-1.96830304411217e-06,5.45715566069022,14.5721328549998
0.3,0.3,0.299995839635375,4.16036462480562e-06,-1.02288329752616e-06,5.45715819913483,14.8502946781289
0.3,0.3,0.299995830417781,4.16958221860497e-06,1.19089322703378e-08,5.45716098167316,14.7492965558063
0.3,0.3,0.299994723825208,5.27617479245679e-06,1.26262701575078e-06,5.45716373105138,14.0342560855369
0.3,0.3,0.299993510236053,6.48976394679313e-06,1.52168362455948e-06,5.45716604438611,13.2725316449223
0.3,0.3,0.299995319308418,4.68069158204854e-06,-2.80115586379224e-06,5.45716843710573,14.1950742159693
0.3,0.3,0.29999650969872,3.49030128005134e-06,-1.98397667361236e-06,5.45717047572156,14.7836373805836
0.3,0.3,0.2999967720352,3.22796479979015e-06,-3.7496994218292e-07,5.45717251385898,14.8518007110574
0.3,0.3,0.299996282823016,3.71717698366414e-06,5.7680578471628e-07,5.45717467932888,14.4924705023776
0.3,0.3,0.299994461565077,5.53843492251405e-06,2.1099178681761e-06,5.45717645219711,13.4008549221347
0.3,0.3,0.299994981902814,5.01809718611579e-06,-7.28917509707588e-07,5.45717826331704,13.6162844032109
0.3,0.3,0.299996858154868,3.14184513167115e-06,-3.13197511913485e-06,5.45718003145282,14.591365414716
0.3,0.3,0.29999746753008,2.53246992043543e-06,-9.6260758523765e-07,5.45718152924013,14.8669313435428
0.3,0.3,0.299997396323231,2.60367676946371e-06,9.11990810248089e-08,5.45718310203563,14.7557395406858
0.3,0.3,0.299996102444877,3.89755512275602e-06,1.45691217867304e-06,5.45718450230065,13.9640362625023
0.3,0.3,0.299997306372184,2.69362781574189e-06,-1.88889289777944e-06,5.45718590138606,14.5720056306373
0.3,0.3,0.299997908704143,2.09129585748702e-06,-9.45024297916239e-07,5.45718710533054,14.8501183594684
0.3,0.3,0.299997840048718,2.15995128194368e-06,8.87042939477845e-08,5.45718830927464,14.749143779234
0.3,0.3,0.299996667701701,3.33229829879711e-06,1.33776968408761e-06,5.45718932648014,14.0345024667117
0.3,0.3,0.299995395597338,4.6044026620895e-06,1.59510984479461e-06,5.45719011401698,13.2734019934016
0.3,0.3,0.29999715554429,2.84445570952752e-06,-2.72491139451802e-06,5.45719130537398,14.1951530811348
0.3,0.3,0.299998301723025,1.69827697521496e-06,-1.91011349964066e-06,5.45719225554183,14.7834922336381
0.3,0.3,0.299998513582483,1.48641751734901e-06,-3.02815220423823e-07,5.45719305754336,14.8516496879932
0.3,0.3,0.299997964239039,2.03576096091673e-06,6.47740613877949e-07,5.45719377141536,14.4923990456668
0.3,0.3,0.299996083917691,3.91608230854157e-06,2.17848441658129e-06,5.45719411920993,13.4014631797455
0.3,0.3,0.299996554912701,3.44508729888116e-06,-6.59789612397444e-07,5.4571947905694,13.6167290677361
0.3,0.3,0.299998389656663,1.61034333739929e-06,-3.06244796599598e-06,5.4571956289308,14.5912977121512
0.3,0.3,0.29999895662156,1.04337844025748e-06,-8.95562461241442e-07,5.45719617061793,14.8668040870167
0.3,0.3,0.299998834046691,1.16595330851288e-06,1.56991255452991e-07,5.45719660075274,14.755603331871
0.3,0.3,0.299997483327476,2.51667252415544e-06,1.52100799192211e-06,5.45719674965137,13.9641469655999
0.3,0.3,0.299998646547563,1.35345243701401e-06,-1.82495932614011e-06,5.45719728162541,14.5719278956054
0.3,0.3,0.299999209082426,7.90917574322592e-07,-8.82552885129844e-07,5.45719764404692,14.850008361738
0.3,0.3,0.299999093028017,9.06971983238858e-07,1.49946953407493e-07,5.45719785985159,14.7490408688496
0.3,0.3,0.299997868477109,2.13152289124663e-06,1.39740207266487e-06,5.45719780212029,14.0345938447039
0.3,0.3,0.299996550213449,3.44978655131278e-06,1.65302417576215e-06,5.45719765109744,13.2738359571871
0.3,0.3,0.299998272288805,1.72771119533177e-06,-2.66619203405873e-06,5.45719810916452,14.1951909103631
0.3,0.3,0.299999384310523,6.1568947667956e-07,-1.85310035600394e-06,5.45719839947662,14.7834041482487
0.3,0.3,0.299999557310807,4.42689192858836e-07,-2.47269863023358e-07,5.45719845764574,14.8515538430233
0.3,0.3,0.299998961967537,1.03803246287448e-06,7.0199910804317e-07,5.45719830589036,14.4923350903707
0.3,0.3,0.299997036562355,2.96343764510931e-06,2.23079568255103e-06,5.45719781244035,13.4017466158462
0.3,0.3,0.299997470539799,2.52946020140588e-06,-6.07933160130991e-07,5.45719781738143,13.6169612641583
0.3,0.3,0.29999927441509,7.25584909877508e-07,-3.01080624296965e-06,5.45719811649628,14.591257108753
0.3,0.3,0.299999809822438,1.90177561976146e-07,-8.45687927297932e-07,5.45719810804365,14.8667254267267
0.3,0.3,0.299999649249667,3.50750332833716e-07,2.05658817002624e-07,5.45719788685498,14.7555146688686
0.3,0.3,0.299998256682014,1.74331798646898e-06,1.56818132649177e-06,5.45719733056045,13.9641723335499
0.3,0.3,0.299999390320511,6.09679488949855e-07,-1.77852090799074e-06,5.45719737905932,14.5718744634543
0.3,0.3,0.299999924013676,7.59863237886904e-08,-8.37290242672683e-07,5.45719727659762,14.8499427517661
0.3,0.3,0.299999773799934,2.26200065678306e-07,1.94083605524843e-07,5.45719695231563,14.7489806162596
0.3,0.3,0.299998511814866,1.48818513445725e-06,1.44014963841137e-06,5.45719631458885,14.0346260939743
0.3,0.3,0.299997160597933,2.83940206668998e-06,1.69436039665351e-06,5.45719566398898,13.2740191672505
0.3,0.3,0.299998856116294,1.14388370558993e-06,-2.62503610318662e-06,5.45719573649442,14.1951909796682
0.3,0.3,0.299999944220886,5.57791143274144e-08,-1.81320442388322e-06,5.45719568364286,14.783350247768
0.3,0.3,0.300000090104335,-9.01043354928355e-08,-2.08510672205528e-07,5.45719535957472,14.8514983144559
0.3,0.3,0.299999462865585,5.37134415390383e-07,7.39618343158686e-07,5.45719476956414,14.4922973470925
0.3,0.3,0.29999750629988,2.49370011984329e-06,2.26693395001651e-06,5.45719385749915,13.401868703933
0.3,0.3,0.299997914991794,2.08500820647606e-06,-5.72511316745913e-07,5.45719353634709,13.6170514003561
0.3,0.3,0.29999969801502,3.01984979578229e-07,-2.97594863116789e-06,5.45719357545751,14.5912258067094
0.3,0.3,0.300000212124832,-2.12124832255078e-07,-8.12036724932381e-07,5.45719330557199,14.8666793060685
0.3,0.3,0.300000026057126,-2.60571260124465e-08,2.38312844359756e-07,5.45719278025712,14.7554660770477
0.3,0.3,0.299998605581182,1.39441881769065e-06,1.5996319376872e-06,5.45719190186379,13.9641800717375
0.3,0.3,0.299999719674713,2.80325287149719e-07,-1.74784353303669e-06,5.45719173422724,14.5718416321308
0.3,0.3,0.30000023440716,-2.34407160071282e-07,-8.07537028495765e-07,5.45719142788732,14.8499035755825
0.3,0.3,0.300000061880738,-6.18807382002373e-08,2.22913442918774e-07,5.45719087204115,14.7489439425361
0.3,0.3,0.299998775610171,1.22438982852469e-06,1.46787843090231e-06,5.45718999262387,14.0346343112893
0.3,0.3,0.299997403172903,2.59682709741194e-06,1.7209774919161e-06,5.45718914030089,13.2741038502648
0.3,0.3,0.299999081790431,9.18209569267248e-07,-2.59885137046164e-06,5.45718906164721,14.1951867271774
0.3,0.3,0.300000154735151,-1.5473515113662e-07,-1.78792272188872e-06,5.45718887792826,14.7833187165374
0.3,0.3,0.300000283529026,-2.83529026201546e-07,-1.84084115139379e-07,5.45718841257192,14.8514658060567
0.3,0.3,0.29999963634283,3.63657169544229e-07,7.63144464960339e-07,5.45718766703827,14.4922730792822
0.3,0.3,0.299997660430836,2.33956916384503e-06,2.28936702085408e-06,5.45718661374737,13.4019231621377
0.3,0.3,0.299998053597502,1.94640249806532e-06,-5.50762718820879e-07,5.45718618822472,13.6170932212832
0.3,0.3,0.299999823922929,1.76077071256664e-07,-2.95472935086318e-06,5.45718614811879,14.591207243421
0.3,0.3,0.300000325128947,-3.25128946709885e-07,-7.91649587414651e-07,5.45718580261569,14.8666529861559
0.3,0.3,0.300000123734942,-1.23734941737119e-07,2.57942774654412e-07,5.4571851950814,14.7554382873594
0.3,0.3,0.299998686631233,1.31336876713073e-06,1.61836822260691e-06,5.45718423741104,13.9641791040358
0.3,0.3,0.299999789203589,2.10796410715641e-07,-1.72976214114532e-06,5.45718402180383,14.5718224484312
0.3,0.3,0.300000292837825,-2.92837825155434e-07,-7.90122688207927e-07,5.45718367469536,14.8498818148583
0.3,0.3,0.300000107363769,-1.07363769485946e-07,2.39642879263654e-07,5.45718307866664,14.7489237490294
0.3,0.3,0.299998807141885,1.19285811539527e-06,1.48380651972659e-06,5.45718216557774,14.0346357594649
0.3,0.3,0.299997422641308,2.57735869202413e-06,1.73610793973486e-06,5.45718129302047,13.2741408967007
0.3,0.3,0.299999091771858,9.08228142137979e-07,-2.58415472572297e-06,5.45718120489184,14.1951819501464
0.3,0.3,0.300000156273533,-1.56273532669893e-07,-1.77384445600817e-06,5.45718101772684,14.7833015835084
0.3,0.3,0.300000275634434,-2.75634433999361e-07,-1.70601436927862e-07,5.45718055461132,14.8514485377977
0.3,0.3,0.299999617564481,3.82435518864188e-07,7.75980618193765e-07,5.45717982042774,14.4922601475807
0.3,0.3,0.299997631228632,2.36877136766678e-06,2.30145284539244e-06,5.45717878792856,13.4019474772497
0.3,0.3,0.299998016145331,1.98385466909645e-06,-5.39205697426152e-07,5.45717838625856,13.6171109552862
0.3,0.3,0.299999779805053,2.20194946720653e-07,-2.94359180815675e-06,5.45717837060484,14.5911970143975
0.3,0.3,0.300000274305153,-2.74305152703214e-07,-7.81055124528447e-07,5.45717805516686,14.8666394577415
0.3,0.3,0.300000065048415,-6.50484147657338e-08,2.68013390724922e-07,5.45717749040622,14.7554243894942
0.3,0.3,0.299998619549105,1.38045089520533e-06,1.62782814824299e-06,5.4571765886271,13.9641783293811
0.3,0.3,0.29999971639464,2.83605360029693e-07,-1.7207745418301e-06,5.45717641761805,14.5718127980703
0.3,0.3,0.300000214586593,-2.14586593494381e-07,-7.81583188403601e-07,5.45717611866387,14.8498709752001
0.3,0.3,0.30000002286274,-2.28627396459125e-08,2.47718160881079e-07,5.4571755856386,14.7489137573908
0.3,0.3,0.29999871603708,1.28396291965149e-06,1.49134610847525e-06,5.45717474953324,14.0346362865591
0.3,0.3,0.299997325947198,2.67405280168775e-06,1.74311847948607e-06,5.45717395191432,13.2741589249701
0.3,0.3,0.299998990763411,1.00923658941099e-06,-2.57747105091754e-06,5.45717392765587,14.1951799314266
0.3,0.3,0.30000005149389,-5.14938901519102e-08,-1.76755591875556e-06,5.45717380224662,14.7832935902904
0.3,0.3,0.300000166724234,-1.6672423419628e-07,-1.64697572026286e-07,5.45717341389743,14.8514405349286
0.3,0.3,0.299999504006307,4.95993693172547e-07,7.81462518925851e-07,5.45717277407205,14.4922542778478
0.3,0.3,0.299997513354458,2.48664554175493e-06,2.30645762123365e-06,5.45717184149334,13.4019597027805
0.3,0.3,0.2999978949524,2.10504760039809e-06,-5.34556598025626e-07,5.45717152518712,13.6171203322139
0.3,0.3,0.29999965599805,3.44001949592609e-07,-2.93922295806277e-06,5.45717158293952,14.5911928619755
0.3,0.3,0.300000147943443,-1.47943442607712e-07,-7.7701876889874e-07,5.45717134670229,14.866633716672
0.3,0.3,0.299999935792504,6.42074957091232e-08,2.71720304200099e-07,5.45717088174584,14.7554185028334
0.3,0.3,0.299998487340809,1.5126591910164e-06,1.63115553513176e-06,5.45717009608547,13.9641787674028
0.3,0.3,0.299999582258422,4.17741578107034e-07,-1.7177484722972e-06,5.45717000997105,14.5718091383128
0.3,0.3,0.300000078696024,-7.86960235310552e-08,-7.78830225900571e-07,5.45716979708331,14.8498668254004
0.3,0.3,0.299999885060976,1.14939024409288e-07,2.50187626401548e-07,5.45716936998501,14.7489100888451
0.3,0.3,0.299998576356118,1.42364388222571e-06,1.49349225989442e-06,5.45716865548026,14.0346377074529
0.3,0.3,0.2999971848073,2.81519270045605e-06,1.74494876088094e-06,5.45716796986452,13.2741686641227
0.3,0.3,0.299998848576383,1.15142361667431e-06,-2.57584787712381e-06,5.45716803711968,14.1951801752943
0.3,0.3,0.299999908471801,9.15281986868521e-08,-1.76616234195593e-06,5.4571679972941,14.7832910625215
0.3,0.3,0.300000022883442,-2.28834421411861e-08,-1.63527363036064e-07,5.45716770930416,14.8514380573621
0.3,0.3,0.299999359381582,6.4061841809071e-07,7.82387450532619e-07,5.45716719181029,14.4922528830024
0.3,0.3,0.299997368167707,2.63183229326502e-06,2.30711073672076e-06,5.45716638432202,13.4019669489065
0.3,0.3,0.299997749446864,2.25055313579636e-06,-5.34110000863574e-07,5.45716617178978,13.6171261858129
0.3,0.3,0.299999510323698,4.89676301729247e-07,-2.93893839155826e-06,5.45716631677845,14.591192341456
0.3,0.3,0.300000002204858,-2.20485779633961e-09,-7.76916732728973e-07,5.45716617279524,14.8666324856847
0.3,0.3,0.299999790116441,2.09883558921486e-07,2.71640256816552e-07,5.4571658216111,14.7554172452722
0.3,0.3,0.299998341920873,1.65807912660965e-06,1.63086833533201e-06,5.45716516521185,13.9641805728123
0.3,0.3,0.299999437126848,5.62873151865873e-07,-1.71820015681633e-06,5.45716517170307,14.5718089766128
0.3,0.3,0.299999933945347,6.60546531361383e-08,-7.79427470368202e-07,5.45716505120675,14.8498664388601
0.3,0.3,0.299999740888539,2.59111460954031e-07,2.49440551241265e-07,5.457164735923,14.7489099462554
0.3,0.3,0.29999843298661,1.56701338976939e-06,1.49257673320057e-06,5.45716414741357,14.034640016968
0.3,0.3,0.299997042297576,2.95770242353388e-06,1.74387102716319e-06,5.45716357580293,13.2741749949287
0.3,0.3,0.299998706832,1.29316799990509e-06,-2.577031816527e-06,5.45716373486536,14.195181961195
0.3,0.3,0.299999767507151,2.32492849305821e-07,-1.76746065954742e-06,5.45716377987093,14.7832915157725
0.3,0.3,0.299999882904166,1.17095834473169e-07,-1.64935725782828e-07,5.45716359016576,14.8514385366047
0.3,0.3,0.299999220697864,7.79302136044713e-07,7.80860010395895e-07,5.4571631908389,14.492253880041
0.3,0.3,0.299997230914942,2.76908505791873e-06,2.30545369648393e-06,5.4571625024399,13.4019720959759
0.3,0.3,0.299997613445735,2.38655426509915e-06,-5.35863323604621e-07,5.45716238744821,13.6171306866379
0.3,0.3,0.299999375418094,6.24581905972477e-07,-2.94076549760685e-06,5.4571626135969,14.5911937735324
0.3,0.3,0.299999868508602,1.31491398158712e-07,-7.78826593315014e-07,5.45716255464423,14.8666335690317
0.3,0.3,0.299999657974185,3.42025815391889e-07,2.69649926727229e-07,5.457162307243,14.7554183076925
0.3,0.3,0.299998211626005,1.78837399539278e-06,1.62878851368773e-06,5.45716176737135,13.9641830902968
0.3,0.3,0.29999930820151,6.91798490215501e-07,-1.7203483900843e-06,5.45716185647994,14.5718105558404
0.3,0.3,0.299999806427576,1.93572423867749e-07,-7.81635561885748e-07,5.45716181771544,14.849867906135
0.3,0.3,0.299999615125993,3.84874007386404e-07,2.4717272112667e-07,5.45716160044875,14.7489115221501
0.3,0.3,0.299998309268779,1.69073122135988e-06,1.4902436750093e-06,5.4571611212506,14.0346427528222
0.3,0.3,0.299996920488752,3.07951124783878e-06,1.74147739562863e-06,5.45716064754643,13.2741796318529
0.3,0.3,0.299998586592206,1.41340779380439e-06,-2.57946052951033e-06,5.45716088478214,14.1951844186711
0.3,0.3,0.299999648749339,3.51250660890479e-07,-1.76992969300826e-06,5.45716100150125,14.7832933297993
0.3,0.3,0.299999765899616,2.3410038435534e-07,-1.67441633534641e-07,5.45716089427258,14.8514403512559
0.3,0.3,0.299999105850167,8.94149833341462e-07,7.78316816011253e-07,5.45716059325871,14.4922559269437
0.3,0.3,0.299997118296402,2.8817035984674e-06,2.30287133407264e-06,5.45716000302437,13.4019761040918
0.3,0.3,0.299997502687855,2.49731214513327e-06,-5.38469798522127e-07,5.45715996776536,13.6171343643024
0.3,0.3,0.299999266232123,7.33767877181268e-07,-2.943388399977e-06,5.45716025980492,14.5911959764173
0.3,0.3,0.299999760996833,2.39003167479268e-07,-7.81470827450193e-07,5.4571602694504,14.8666355923561
0.3,0.3,0.29999955254024,4.47459760022362e-07,2.66988680618647e-07,5.45716010518044,14.755420303242
0.3,0.3,0.299998108570366,1.89142963386013e-06,1.6261104932504e-06,5.45715965787851,13.964185759985
0.3,0.3,0.299999206858302,7.93141698096633e-07,-1.72303475270929e-06,5.45715981213078,14.57181275796
0.3,0.3,0.299999706801749,2.93198250955751e-07,-7.84329778888254e-07,5.45715983741663,14.8498700371182
0.3,0.3,0.29999951758939,4.82410610014306e-07,2.44473332123735e-07,5.45715969644778,14.7489136836523
0.3,0.3,0.299998214100679,1.78589932087192e-06,1.48754091664962e-06,5.4571593016809,14.0346454446812
0.3,0.3,0.299996827476338,3.17252366172083e-06,1.73877433930781e-06,5.45715890301256,13.2741832128297
0.3,0.3,0.299998495320516,1.50467948417665e-06,-2.58215529686827e-06,5.4571591997642,14.1951869377442
0.3,0.3,0.299999559093406,4.40906593568435e-07,-1.77262188958104e-06,5.45715937077156,14.7832955224313
0.3,0.3,0.299999678123535,3.21876465092519e-07,-1.70128480579783e-07,5.45715932561242,14.8514425231611
0.3,0.3,0.299999020344432,9.79655568278393e-07,7.75639728648247e-07,5.45715909807333,14.4922581841112
0.3,0.3,0.299997035091023,2.96490897649937e-06,2.3002062457182e-06,5.4571585806444,13.4019792743164
0.3,0.3,0.299997421372869,2.57862713104462e-06,-5.41117926468774e-07,5.45715860410791,13.6171373565252
0.3,0.3,0.299999186494385,8.13505615038235e-07,-2.94602054824588e-06,5.4571589443949,14.5911982433282
0.3,0.3,0.299999682917865,3.1708213499293e-07,-7.84090756926812e-07,5.45715900399822,14.8666377532907
0.3,0.3,0.29999947649306,5.23506939908991e-07,2.64386394668809e-07,5.45715889989554,14.7554224263799
0.3,0.3,0.29999803481418,1.96518581985217e-06,1.62353065094864e-06,5.45715851910408,13.9641881776259
0.3,0.3,0.299999134731385,8.65268614980153e-07,-1.72559073292367e-06,5.45715871984972,14.5718149329758
0.3,0.3,0.299999636291639,3.63708360762161e-07,-7.86866250339376e-07,5.45715879059427,14.8498721585062
0.3,0.3,0.299999449024419,5.5097558054884e-07,2.41960104187972e-07,5.45715870344324,14.748915795686
0.3,0.3,0.29999814771318,1.852286819648e-06,1.48505607063175e-06,5.45715836780201,14.0346477830343
0.3,0.3,0.299996763046412,3.23695358817044e-06,1.7363196614191e-06,5.45715802129448,13.2741859507105
0.3,0.3,0.299998432456795,1.56754320501662e-06,-2.5845799901514e-06,5.45715835915569,14.1951891483489
0.3,0.3,0.299999497670681,5.0232931875227e-07,-1.77502298921757e-06,5.45715856745522,14.7832975588727
0.3,0.3,0.299999618362704,3.81637295765458e-07,-1.72503806012301e-07,5.45715856468779,14.851444528344
0.3,0.3,0.299998962570754,1.03742924600914e-06,7.7329654598895e-07,5.45715838698392,14.4922602043231
0.3,0.3,0.299996979308805,3.02069119501036e-06,2.29789894977516e-06,5.45715791855686,13.4019817044723
0.3,0.3,0.299997367212278,2.63278772244524e-06,-5.43389560153755e-07,5.45715798126131,13.61713967956
0.3,0.3,0.299999133676733,8.66323267345592e-07,-2.94826179110897e-06,5.4571583535958,14.5912002022409
0.3,0.3,0.299999631502094,3.68497906189091e-07,-7.86304968614348e-07,5.45715844619423,14.866639642929
0.3,0.3,0.299999426780674,5.73219325838981e-07,2.6220472087254e-07,5.45715838156852,14.7554242750669
0.3,0.3,0.29999798700463,2.0129953698933e-06,1.62138785775276e-06,5.45715804407364,13.964190141306
0.3,0.3,0.299999088264214,9.11735786479628e-07,-1.72769666883094e-06,5.45715827486494,14.5718167620283
0.3,0.3,0.29999959114748,4.08852519895309e-07,-7.88941824047843e-07,5.45715837480562,14.8498739436164
0.3,0.3,0.299999405460241,5.94539758536072e-07,2.39918679187158e-07,5.45715832198098,14.7489175543689
0.3,0.3,0.299998105902685,1.89409731521373e-06,1.48305480885045e-06,5.45715802374276,14.0346496254238
0.3,0.3,0.299996722799176,3.27720082432537e-06,1.73435941420374e-06,5.45715770995288,13.2741879623695
0.3,0.3,0.299998393451873,1.6065481270866e-06,-2.58650328959823e-06,5.45715807340803,14.1951908902019
0.3,0.3,0.299999459801653,5.40198346776766e-07,-1.77691573822485e-06,5.45715830477317,14.7832992011636
0.3,0.3,0.299999581795428,4.18204572083525e-07,-1.74364384470112e-07,5.45715832804389,14.8514461370179
0.3,0.3,0.299998927548558,1.07245144165269e-06,7.71474631427248e-07,5.45715818069309,14.4922617978738
0.3,0.3,0.299996945822434,3.05417756646387e-06,2.2961195210262e-06,5.45715774182764,13.4019834718616
0.3,0.3,0.299997334967621,2.66503237938975e-06,-5.45128999063181e-07,5.45715782799213,13.6171413777699
0.3,0.3,0.299999102454343,8.97545657130294e-07,-2.94996790333701e-06,5.45715821933903,14.5912017111856
0.3,0.3,0.299999601340701,3.98659299183368e-07,-7.87980776491555e-07,5.45715833136803,14.8666411030418
0.3,0.3,0.299999397900227,6.02099773427955e-07,2.60564102163234e-07,5.45715828978934,14.7554256965604
0.3,0.3,0.299997959544354,2.0404556457243e-06,1.61978857777518e-06,5.45715797730661,13.9641915965483
0.3,0.3,0.299999061799115,9.38200885425289e-07,-1.72925792129962e-06,5.45715822528326,14.5718181380275
0.3,0.3,0.299999565657624,4.34342375787988e-07,-7.9047181322053e-07,5.4571583417813,14.8498752839058
0.3,0.3,0.2999993811278,6.1887220015322e-07,2.38423233894037e-07,5.45715830823496,14.7489188644688
0.3,0.3,0.299998082845555,1.91715444464169e-06,1.48159944203051e-06,5.45715803075711,14.0346509560678
0.3,0.3,0.299996700870513,3.29912948654476e-06,1.73294436901492e-06,5.45715773490283,13.2741893565283
0.3,0.3,0.299998372414517,1.62758548255537e-06,-2.58788318597328e-06,5.45715811223308,14.1951921416193
0.3,0.3,0.299999439574756,5.6042524443356e-07,-1.7782662225491e-06,5.45715835597896,14.7833003924282
0.3,0.3,0.299999562492027,4.37507972572693e-07,-1.75684328415838e-07,5.45715839307699,14.8514472978081
0.3,0.3,0.299998909333871,1.09066612874464e-06,7.70190848976269e-07,5.45715826163236,14.4922629343573
0.3,0.3,0.29999692868177,3.07131822990803e-06,2.29487513055455e-06,5.45715783802175,13.4019846744692
0.3,0.3,0.299997318689382,2.68131061759158e-06,-5.46337115919535e-07,5.45715793611316,13.6171425335457
0.3,0.3,0.29999908688206,9.13117939760344e-07,-2.95114612245922e-06,5.45715833700096,14.5912027652289
0.3,0.3,0.299999586497075,4.13502925122877e-07,-7.89131667699729e-07,5.45715845865747,14.8666421220559
0.3,0.3,0.29999938393079,6.16069210146453e-07,2.59444451497172e-07,5.45715842832519,14.7554266830091
0.3,0.3,0.299997946536884,2.05346311565879e-06,1.61870528418535e-06,5.45715812781756,13.9641925835116
0.3,0.3,0.299999049461146,9.50538854460614e-07,-1.73030825050669e-06,5.45715838387108,14.5718190761408
0.3,0.3,0.299999553971941,4.46028058931347e-07,-7.91495139499091e-07,5.45715850802471,14.8498761942246
0.3,0.3,0.299999370211258,6.29788742045889e-07,2.37429459301431e-07,5.45715848322335,14.7489197476423
0.3,0.3,0.299998072770043,1.92722995712158e-06,1.48063966859658e-06,5.45715821494059,14.0346518350751
0.3,0.3,0.299996691533366,3.30846663393336e-06,1.73201849190839e-06,5.45715792682523,13.2741902535555
0.3,0.3,0.299998363656642,1.63634335847984e-06,-2.58878000210331e-06,5.4571583099985,14.1951929606283
0.3,0.3,0.299999431340447,5.6865955283536e-07,-1.77913865920913e-06,5.45715855884229,14.7833011737978
0.3,0.3,0.299999554850554,4.4514944586016e-07,-1.76531660959191e-07,5.45715860149295,14.8514480545079
0.3,0.3,0.299998902385996,1.09761400418629e-06,7.69372975470421e-07,5.45715847623263,14.4922636675373
0.3,0.3,0.29999692241228,3.07758771983524e-06,2.29408913270988e-06,5.45715805832388,13.401985427536
0.3,0.3,0.299997312960293,2.68703970673911e-06,-5.47094129174651e-07,5.45715816069689,13.6171432548291
0.3,0.3,0.299999081592343,9.18407656924636e-07,-2.95187942625586e-06,5.45715856488504,14.5912034301772
0.3,0.3,0.299999581657909,4.18342091468293e-07,-7.89843300078954e-07,5.4571586897472,14.8666427623188
0.3,0.3,0.299999379628084,6.20371916060236e-07,2.58757359611973e-07,5.4571586629824,14.75542729819
0.3,0.3,0.299997942819133,2.05718086709883e-06,1.61804655117429e-06,5.45715836603386,13.9641931884794
0.3,0.3,0.299999046147048,9.53852951790513e-07,-1.73094151389694e-06,5.45715862432777,14.5718196504865
0.3,0.3,0.299999551048254,4.48951745835036e-07,-7.92107627912907e-07,5.45715875046873,14.8498767482047
0.3,0.3,0.299999367744138,6.32255861776621e-07,2.36839548277787e-07,5.45715872775227,14.7489202803086
0.3,0.3,0.299998070797238,1.929202762041e-06,1.48007556100658e-06,5.45715846141308,14.0346523566414
0.3,0.3,0.299996689990059,3.31000994113761e-06,1.7314799203075e-06,5.45715817469848,13.274190775732
0.3,0.3,0.299998362447219,1.6375527808199e-06,-2.58929691689087e-06,5.45715855876012,14.1951934392506
0.3,0.3,0.299999430430346,5.69569653663393e-07,-1.77963742896155e-06,5.45715880823936,14.7833016287805
0.3,0.3,0.299999554276428,4.45723572273238e-07,-1.77011865425468e-07,5.45715885140842,14.8514484913014
0.3,0.3,0.299998902200762,1.09779923812559e-06,7.68914402787801e-07,5.45715872646868,14.492264085613
0.3,0.3,0.299996922602759,3.07739724092482e-06,2.29365381967355e-06,5.45715830855626,13.4019858478147
0.3,0.3,0.299997313446566,2.68655343349522e-06,-5.47508488750429e-07,5.45715841068695,13.6171436540959
0.3,0.3,0.299999082316684,9.17683316170592e-07,-2.95227675759825e-06,5.45715881451197,14.5912037977984
0.3,0.3,0.299999582623979,4.17376021188964e-07,-7.90225105280073e-07,5.45715893883848,14.8666431133071
0.3,0.3,0.29999938087863,6.19121370171172e-07,2.58393006761393e-07,5.45715891120738,14.7554276314381
0.3,0.3,0.299997944375432,2.05562456806474e-06,1.61770223399539e-06,5.45715861301123,13.9641935105863
0.3,0.3,0.299999047911441,9.52088558603403e-07,-1.73126797773389e-06,5.45715887024631,14.5718199536377
0.3,0.3,0.299999553011506,4.46988494329226e-07,-7.92419603286043e-07,5.45715899519876,14.8498770374513
0.3,0.3,0.299999369936737,6.30063263451497e-07,2.36543219001575e-07,5.45715897087323,14.7489205544952
0.3,0.3,0.299998073233937,1.92676606336484e-06,1.47979699582526e-06,5.45715870250459,14.0346526202586
0.3,0.3,0.299996692634988,3.30736501247264e-06,1.73121880887376e-06,5.45715841376291,13.2741910350894
0.3,0.3,0.299998365251329,1.63474867098667e-06,-2.58954335842313e-06,5.45715879606431,14.1951936742402
0.3,0.3,0.299999433375001,5.66624999420728e-07,-1.77987162290392e-06,5.45715904381824,14.7833018492895
0.3,0.3,0.299999557376223,4.42623777241469e-07,-1.77233606414245e-07,5.45715908487227,14.8514486995581
0.3,0.3,0.299998905476384,1.09452361618523e-06,7.68707071949232e-07,5.45715895722827,14.4922642808148
0.3,0.3,0.299996926044046,3.07395595416926e-06,2.29346187526629e-06,5.45715853641631,13.4019860401187
0.3,0.3,0.299997317015065,2.68298493455443e-06,-5.47686692251496e-07,5.4571586360445,13.6171438332406
0.3,0.3,0.299999085985312,9.14014687769527e-07,-2.9524438718194e-06,5.45715903770114,14.5912039593074
0.3,0.3,0.299999586392038,4.13607961824436e-07,-7.90382153669187e-07,5.45715915967315,14.8666432643297
0.3,0.3,0.299999384760538,6.15239462264938e-07,2.5824719095985e-07,5.457159129055,14.7554277710051
0.3,0.3,0.299999185504437,8.14495562939666e-07,2.60357520757881e-07,5.45715909844351,14.6455220454936
0.3,0.3,0.299998338327922,1.66167207837908e-06,1.03244706706845e-06,5.45715892544157,14.1787852043142
0.3,0.3,0.299997794501372,2.20549862783859e-06,7.10860048444085e-07,5.45715881822528,13.8791178363395
0.3,0.3,0.29999866410645,1.33589354978092e-06,-1.29757244547355e-06,5.45715902135393,14.3578637032767
0.3,0.3,0.299999328838325,6.71161674736798e-07,-1.02715604906131e-06,5.45715917867749,14.7237883437768
0.3,0.3,0.299999382237956,6.17762043741976e-07,-7.41563047365482e-08,5.45715920197115,14.7530280816813
0.3,0.3,0.299998803053884,1.19694611622201e-06,7.11454987613497e-07,5.45715908680007,14.4338745931334
0.3,0.3,0.299997731042424,2.2689575763235e-06,1.32281196488674e-06,5.45715886245468,13.8433162069834
0.3,0.3,0.299998102605188,1.89739481210038e-06,-5.24270093700717e-07,5.45715895512533,14.0477737184296
0.3,0.3,0.299999123218838,8.76781162451046e-07,-1.60093441984474e-06,5.45715918988409,14.6096874264639
0.3,0.3,0.299999456648644,5.43351355963839e-07,-4.95978098488226e-07,5.45715927320761,14.7931534953752
0.3,0.3,0.29999919610335,8.0389665046976e-07,3.34323973702354e-07,5.45715922665958,14.6494862840415
0.3,0.3,0.299998123371188,1.87662881195871e-06,1.27994448605979e-06,5.45715900128941,14.0585257682859
0.3,0.3,0.299997538765918,2.46123408242926e-06,7.65741279029556e-07,5.45715888243276,13.7364002062302
0.3,0.3,0.299998700860067,1.29913993296427e-06,-1.77714890797949e-06,5.45715914765472,14.3762272325974
0.3,0.3,0.29999940879173,5.91208269562493e-07,-1.11428364962163e-06,5.45715931216384,14.7659469715037
0.3,0.3,0.299999429636329,5.70363671181795e-07,-2.87160963161841e-08,5.45715932589488,14.7772604418268
0.3,0.3,0.299998717700148,1.28229985207895e-06,8.54205611826729e-07,5.45715917888202,14.385000264345
0.3,0.3,0.299997392980128,2.60701987159218e-06,1.61692783823327e-06,5.45715889609034,13.6552780603275
0.3,0.3,0.299998022391235,1.97760876458064e-06,-9.02831413407198e-07,5.45715904318194,14.0017460690501
0.3,0.3,0.299999199595619,8.004043807186e-07,-1.89422233565579e-06,5.45715931020557,14.649907804864
0.3,0.3,0.299999517669554,4.82330445972234e-07,-4.75387363736674e-07,5.45715938786521,14.8249276390222
0.3,0.3,0.299999199475774,8.00524225963439e-07,4.00825533951409e-07,5.45715932616363,14.649522156545
0.3,0.3,0.299997877565408,2.12243459218886e-06,1.54630364995113e-06,5.45715904318288,13.9213478312312
0.3,0.3,0.299997276797564,2.7232024361612e-06,7.89793526273676e-07,5.45715891823595,13.5903368252644
0.3,0.3,0.299998741427176,1.25857282373687e-06,-2.29527086571418e-06,5.45715924799859,14.3967903554029
0.3,0.3,0.29999947546731,5.24532690004964e-07,-1.17486696035552e-06,5.4571594161359,14.8009044085808
0.3,0.3,0.299999467797684,5.32202315939312e-07,1.04766531321868e-08,5.45715942132289,14.7965302212699
0.3,0.3,0.299998624187496,1.37581250370111e-06,9.90354599948585e-07,5.4571592427763,14.3317722489336
0.3,0.3,0.299997036811661,2.96318833864495e-06,1.9203051110011e-06,5.45715889949375,13.4574220826516
0.3,0.3,0.299997956914962,2.04308503753969e-06,-1.34148497495413e-06,5.45715910854181,13.9639982198108
0.3,0.3,0.299999263484239,7.36515760824119e-07,-2.15184665045202e-06,5.45715940212753,14.6834224083561
0.3,0.3,0.299999565089688,4.34910311875036e-07,-4.52270041799113e-07,5.45715947412317,14.849392104223
0.3,0.3,0.299999198415813,8.01584186638227e-07,4.54298469200661e-07,5.45715939946411,14.6473085829774
0.3,0.3,0.299997630381196,2.3696188040101e-06,1.80360471290926e-06,5.45715905973625,13.7836137691838
0.3,0.3,0.299997035500878,2.96449912212671e-06,7.85317720188201e-07,5.4571589338727,13.4558689606492
0.3,0.3,0.299998777019516,1.22298048427227e-06,-2.78894877573629e-06,5.45715932287409,14.4148306586488
0.3,0.3,0.299999525608031,4.74391969373933e-07,-1.21489717484787e-06,5.45715949241459,14.8269779466526
0.3,0.3,0.299999496596622,5.03403377538625e-07,3.93354879600251e-08,5.45715949090269,14.8108731641682
0.3,0.3,0.299998537575104,1.46242489612591e-06,1.10573357348427e-06,5.45715928465172,14.2825820965978
0.3,0.3,0.299996707162482,3.29283751843157e-06,2.19919739795226e-06,5.45715888552317,13.2744153920194
0.3,0.3,0.299997905430686,2.09456931393737e-06,-1.77152277773101e-06,5.4571591541452,13.9342045452074
0.3,0.3,0.299999310412084,6.89587915880807e-07,-2.3584388383281e-06,5.45715946783098,14.707847716281
0.3,0.3,0.299999598981883,4.01018117102137e-07,-4.33757081336841e-07,5.45715953524446,14.8666614570866
0.3,0.3,0.299999196743623,8.03256377412964e-07,4.91949365822446e-07,5.45715945077243,14.6450182600771
0.3,0.3,0.299997417168021,2.5828319788479e-06,2.02065695568652e-06,5.45715906225773,13.6648538145432
0.3,0.3,0.299996836540974,3.16345902556803e-06,7.69176358217675e-07,5.45715893771328,13.3449851113606
0.3,0.3,0.299998801869151,1.19813084908937e-06,-3.20090939806485e-06,5.45715937462353,14.427224394294
0.3,0.3,0.299999559780439,4.402195606934e-07,-1.24312512791128e-06,5.45715954476985,14.844528197277
0.3,0.3,0.299999517337048,4.82662951828416e-07,5.72405612530194e-08,5.45715953863677,14.8210514187792
0.3,0.3,0.299998471183813,1.52881618714629e-06,1.1903736332246e-06,5.45715931126763,14.2448046532053
0.3,0.3,0.29999644183064,3.55816936004061e-06,2.42583414481404e-06,5.45715886641855,13.1271076804051
0.3,0.3,0.299997864510428,2.13548957245235e-06,-2.12473521821842e-06,5.45715918314122,13.9105071755793
0.3,0.3,0.299999340679399,6.59320600671087e-07,-2.5128980945538e-06,5.45715951128093,14.7233758397976
0.3,0.3,0.29999962155371,3.78446290472123e-07,-4.23034131628803e-07,5.45715957563592,14.8779747656948
0.3,0.3,0.299999197288091,8.0271190872061e-07,5.14373756093563e-07,5.45715948469621,14.6442281791141
0.3,0.3,0.299997260878494,2.73912150566824e-06,2.1788718397489e-06,5.45715905986406,13.5777228099476
0.3,0.3,0.299996687330429,3.3126695714869e-06,7.61383068012567e-07,5.45715893545259,13.2617784996036
0.3,0.3,0.299998814826315,1.18517368535853e-06,-3.50529227679979e-06,5.45715940702288,14.4333468996877
0.3,0.3,0.29999958107637,4.18923629674772e-07,-1.26638226062968e-06,5.45715957789644,14.8552639757708
0.3,0.3,0.29999953196801,4.6803199033052e-07,6.60294985275359e-08,5.45715956898803,14.8281412766867
0.3,0.3,0.299998430093924,1.56990607647067e-06,1.24299390106402e-06,5.45715932782245,14.2212367819862
0.3,0.3,0.299999090150614,9.09849385777317e-07,-9.91947710679214e-07,5.45715947512861,14.5846714083712
0.3,0.3,0.299999472361438,5.2763856189797e-07,-5.74394831670709e-07,5.45715956099707,14.7950949641885
0.3,0.3,0.299999254358152,7.45641847987866e-07,2.8215762817492e-07,5.45715951445377,14.6749657964978
0.3,0.3,0.299998212272941,1.78772705916597e-06,1.23983135811372e-06,5.45715928594733,14.1010018488366
0.3,0.3,0.299997477422718,2.52257728244887e-06,9.51489404600952e-07,5.45715912505896,13.6962440439672
0.3,0.3,0.299998625958974,1.37404102606986e-06,-1.74514805044103e-06,5.45715937982051,14.3286995311187
0.3,0.3,0.299999403085346,5.96914654482639e-07,-1.23165638608047e-06,5.45715955245185,14.7566192867022
0.3,0.3,0.299999793976802,2.06023198279226e-07,-1.65309613285269e-06,5.4571596391401,14.9718682745123
