Time,Input,Liquid_levels,Feedback,Valve_Positions
0 sec,0,0,0,0
200 sec,0,0,0,0
400 sec,0,0,0,0
500 sec,0,0,0,0
500 sec,0.75,0,0.75,100
500 sec,0.75,2.01E-26,0.75,100
500.17 sec,0.75,4.22E-05,0.749957783,100
500.32 sec,0.75,0.000151506,0.749848494,100
500.51 sec,0.75,0.000383765,0.749616235,100
500.73 sec,0.75,0.000787122,0.749212878,100
500.99 sec,0.75,0.001450079,0.748549921,100
501.32 sec,0.75,0.002514887,0.747485113,100
501.57 sec,0.75,0.00354294,0.74645706,100
501.57 sec,0.75,0.00354294,0.74645706,100
501.97 sec,0.75,0.005525871,0.744474129,98.78702898
502.38 sec,0.75,0.007904037,0.742095963,98.71485371
503.19 sec,0.75,0.013757743,0.736242257,99.07302898
504.03 sec,0.75,0.021286728,0.728713272,100
504.03 sec,0.75,0.021286728,0.728713272,100
504.03 sec,0.75,0.021286728,0.728713272,100
504.03 sec,0.75,0.021286728,0.728713272,100
504.03 sec,0.75,0.021286728,0.728713272,100
504.03 sec,0.75,0.021286728,0.728713272,100
504.03 sec,0.75,0.021286728,0.728713272,100
504.03 sec,0.75,0.021286728,0.728713272,100
504.03 sec,0.75,0.021286728,0.728713272,100
504.03 sec,0.75,0.021286728,0.728713272,100
504.03 sec,0.75,0.021286728,0.728713272,100
504.03 sec,0.75,0.021286728,0.728713272,100
504.03 sec,0.75,0.021286728,0.728713272,100
504.03 sec,0.75,0.021286728,0.728713272,99.99999999
504.03 sec,0.75,0.021286728,0.728713272,99.99999998
504.03 sec,0.75,0.021286728,0.728713272,99.99999997
504.03 sec,0.75,0.021286729,0.728713271,99.99999994
504.03 sec,0.75,0.021286729,0.728713271,99.99999988
504.03 sec,0.75,0.021286729,0.728713271,99.99999975
504.03 sec,0.75,0.02128673,0.72871327,99.9999995
504.03 sec,0.75,0.021286731,0.728713269,99.99999901
504.03 sec,0.75,0.021286734,0.728713266,99.99999801
504.03 sec,0.75,0.021286739,0.728713261,99.99999602
504.03 sec,0.75,0.02128675,0.72871325,99.99999205
504.03 sec,0.75,0.021286772,0.728713228,99.99998409
504.03 sec,0.75,0.021286816,0.728713184,99.99996818
504.03 sec,0.75,0.021286903,0.728713097,99.99993637
504.03 sec,0.75,0.021287078,0.728712922,99.99987274
504.03 sec,0.75,0.021287428,0.728712572,99.99974551
504.03 sec,0.75,0.021288128,0.728711872,99.99949111
504.03 sec,0.75,0.021289528,0.728710472,99.99898257
504.03 sec,0.75,0.021292328,0.728707672,99.99796656
504.03 sec,0.75,0.021297927,0.728702073,99.99593875
504.03 sec,0.75,0.021309129,0.728690871,99.99189999
504.03 sec,0.75,0.021331539,0.728668461,99.98388945
504.04 sec,0.75,0.02137639,0.72862361,99.96813302
504.05 sec,0.75,0.021466213,0.728533787,99.93765291
504.06 sec,0.75,0.021646341,0.728353659,99.88062511
504.1 sec,0.75,0.022008522,0.727991478,99.78082943
504.17 sec,0.75,0.022740527,0.727259473,99.62820214
504.32 sec,0.75,0.024234719,0.725765281,99.45119251
504.61 sec,0.75,0.027341036,0.722658964,99.34256826
505.2 sec,0.75,0.034005489,0.715994511,99.3727418
506.37 sec,0.75,0.048996146,0.701003854,99.78934731
507.1 sec,0.75,0.059351192,0.690648808,99.78240906
507.83 sec,0.75,0.070395133,0.679604867,99.73108209
508.52 sec,0.75,0.08138868,0.66861132,100
508.52 sec,0.75,0.08138868,0.66861132,100
509.34 sec,0.75,0.095129828,0.654870172,100
510.04 sec,0.75,0.107311666,0.642688334,100
510.09 sec,0.75,0.10815493,0.64184507,100
510.09 sec,0.75,0.10815493,0.64184507,100
510.69 sec,0.75,0.119061106,0.630938894,98.89111296
511.3 sec,0.75,0.130234472,0.619765528,98.30686024
512.12 sec,0.75,0.145784327,0.604215673,98.18551979
513.06 sec,0.75,0.164197904,0.585802096,99.8490239
513.63 sec,0.75,0.175523905,0.574476095,97.68952244
514.21 sec,0.75,0.186978184,0.563021816,96.8110568
514.97 sec,0.75,0.202527984,0.547472016,96.45185485
515.91 sec,0.75,0.22165783,0.52834217,97.3034653
516.52 sec,0.75,0.234193337,0.515806663,95.7848743
517.13 sec,0.75,0.246775391,0.503224609,94.9185271
517.9 sec,0.75,0.262791129,0.487208871,94.50910906
518.79 sec,0.75,0.281360263,0.468639737,95.14564044
519.41 sec,0.75,0.294128222,0.455871778,93.63813772
520.03 sec,0.75,0.3068667,0.4431333,92.71323019
520.79 sec,0.75,0.322616557,0.427383443,92.23505068
521.67 sec,0.75,0.340578041,0.409421959,92.66716239
522.3 sec,0.75,0.353301875,0.396698125,91.24979494
522.92 sec,0.75,0.365935271,0.384064729,90.30395884
523.69 sec,0.75,0.381155443,0.368844557,89.78943939
524.55 sec,0.75,0.398176815,0.351823185,90.08659874
525.33 sec,0.75,0.413435086,0.336564914,90.49950286
525.97 sec,0.75,0.42562388,0.32437612,88.56122222
526.56 sec,0.75,0.436828804,0.313171196,87.1684274
527.25 sec,0.75,0.449745088,0.300254912,86.44639816
528.08 sec,0.75,0.465150309,0.284849691,86.21959284
528.93 sec,0.75,0.480509727,0.269490273,87.05590394
529.63 sec,0.75,0.492956221,0.257043779,86.08024192
530.22 sec,0.75,0.503232713,0.246767287,84.11241456
530.84 sec,0.75,0.513937246,0.236062754,83.14414393
531.61 sec,0.75,0.52689899,0.22310101,82.61132091
532.48 sec,0.75,0.541289301,0.208710699,82.99136505
533.11 sec,0.75,0.551366449,0.198633551,81.52302525
533.74 sec,0.75,0.561250859,0.188749141,80.55040149
534.5 sec,0.75,0.57300879,0.17699121,80.01819315
535.36 sec,0.75,0.585986002,0.164013998,80.30830125
536.15 sec,0.75,0.59746356,0.15253644,80.75312117
536.78 sec,0.75,0.606511369,0.143488631,78.83211618
537.37 sec,0.75,0.614726292,0.135273708,77.45227702
538.06 sec,0.75,0.624089243,0.125910757,76.76144614
538.89 sec,0.75,0.63513008,0.11486992,76.58016951
539.74 sec,0.75,0.646009826,0.103990174,77.48302476
540.44 sec,0.75,0.654720389,0.095279611,76.58897258
541.03 sec,0.75,0.661826697,0.088173303,74.66436564
541.65 sec,0.75,0.669146558,0.080853442,73.75383947
542.42 sec,0.75,0.677916871,0.072083129,73.30184841
543.29 sec,0.75,0.687548267,0.062451733,73.77763816
543.92 sec,0.75,0.694219712,0.055780288,72.39951661
544.55 sec,0.75,0.700700327,0.049299673,71.5120336
545.31 sec,0.75,0.70831843,0.04168157,71.08645472
546.17 sec,0.75,0.716612355,0.033387645,71.49867468
546.96 sec,0.75,0.72385462,0.02614538,72.04705396
547.59 sec,0.75,0.729505737,0.020494263,70.23691303
548.18 sec,0.75,0.734591311,0.015408689,68.95790971
548.87 sec,0.75,0.740325389,0.009674611,68.38124684
549.7 sec,0.75,0.746996151,0.003003849,68.34193377
550.55 sec,0.75,0.753474088,-0.003474088,69.38101585
551.25 sec,0.75,0.758594402,-0.008594402,68.60589408
551.84 sec,0.75,0.762729254,-0.012729254,66.7975434
552.46 sec,0.75,0.766944837,-0.016944837,66.00196581
553.23 sec,0.75,0.771928862,-0.021928862,65.69186744
554.11 sec,0.75,0.777313779,-0.027313779,66.32890345
554.73 sec,0.75,0.780991411,-0.030991411,65.06688852
555.36 sec,0.75,0.784519782,-0.034519782,64.29686941
556.12 sec,0.75,0.788608579,-0.038608579,64.01494634
556.98 sec,0.75,0.792984451,-0.042984451,64.58968468
557.77 sec,0.75,0.796736654,-0.046736654,65.28798856
558.4 sec,0.75,0.799614938,-0.049614938,63.60118705
558.99 sec,0.75,0.802166673,-0.052166673,62.43471474
559.68 sec,0.75,0.80499759,-0.05499759,61.98943095
560.51 sec,0.75,0.808225187,-0.058225187,62.10889871
561.36 sec,0.75,0.811286999,-0.061286999,63.30856064
562.06 sec,0.75,0.813650234,-0.063650234,62.66918224
562.65 sec,0.75,0.8155185,-0.0655185,60.97262672
563.28 sec,0.75,0.817384989,-0.067384989,60.29414288
564.04 sec,0.75,0.819537455,-0.069537455,60.12791008
564.92 sec,0.75,0.821791081,-0.071791081,60.92654072
565.54 sec,0.75,0.823281016,-0.073281016,59.78195087
566.17 sec,0.75,0.82467046,-0.07467046,59.12744719
566.93 sec,0.75,0.826226506,-0.076226506,58.98445981
567.79 sec,0.75,0.827820336,-0.077820336,59.71408199
568.58 sec,0.75,0.829120266,-0.079120266,60.55028343
569.21 sec,0.75,0.830068075,-0.080068075,58.9777282
569.8 sec,0.75,0.830870257,-0.080870257,57.91545779
570.49 sec,0.75,0.83171373,-0.08171373,57.5896014
571.32 sec,0.75,0.832607178,-0.082607178,57.85192403
572.17 sec,0.75,0.833377417,-0.083377417,59.19304092
572.88 sec,0.75,0.833909103,-0.083909103,58.67015902
573.46 sec,0.75,0.834284316,-0.084284316,57.07203653
574.09 sec,0.75,0.834615999,-0.084615999,56.49494948
574.86 sec,0.75,0.834935303,-0.084935303,56.45179405
575.73 sec,0.75,0.835183047,-0.085183047,57.38750504
576.36 sec,0.75,0.83528485,-0.08528485,56.34004375
576.98 sec,0.75,0.835328416,-0.085328416,55.78119531
577.74 sec,0.75,0.835306074,-0.085306074,55.75248548
578.6 sec,0.75,0.835185634,-0.085185634,56.60872713
579.39 sec,0.75,0.83499153,-0.08499153,57.55780834
580.02 sec,0.75,0.834774596,-0.084774596,56.07595873
580.61 sec,0.75,0.834530294,-0.084530294,55.09616901
581.3 sec,0.75,0.834196256,-0.084196256,54.86473777
582.14 sec,0.75,0.833722725,-0.083722725,55.23912646
582.98 sec,0.75,0.83316823,-0.08316823,56.69126863
583.69 sec,0.75,0.832653812,-0.082653812,56.25891265
584.28 sec,0.75,0.832184942,-0.082184942,54.73545424
584.9 sec,0.75,0.831657631,-0.081657631,54.23553946
585.67 sec,0.75,0.83096325,-0.08096325,54.28557706
586.54 sec,0.75,0.830117955,-0.080117955,55.32443684
587.17 sec,0.75,0.829473551,-0.079473551,54.34969556
587.79 sec,0.75,0.828802203,-0.078802203,53.86195398
588.55 sec,0.75,0.827952899,-0.077952899,53.91762663
589.42 sec,0.75,0.826949213,-0.076949213,54.86670867
590.2 sec,0.75,0.825998889,-0.075998889,55.89775423
590.84 sec,0.75,0.825201798,-0.075201798,54.48138849
591.43 sec,0.75,0.824443769,-0.074443769,53.56094239
592.11 sec,0.75,0.823540821,-0.073540821,53.39700968
592.95 sec,0.75,0.822419904,-0.072419904,53.8509805
593.8 sec,0.75,0.821252584,-0.071252584,55.38133056
594.5 sec,0.75,0.82026528,-0.07026528,55.01210958
595.09 sec,0.75,0.81942257,-0.06942257,53.54064894
595.71 sec,0.75,0.818522502,-0.068522502,53.09416484
596.48 sec,0.75,0.8173991,-0.0673991,53.20829909
597.35 sec,0.75,0.816105724,-0.066105724,54.3176156
597.98 sec,0.75,0.81516496,-0.06516496,53.39206679
598.6 sec,0.75,0.814217729,-0.064217729,52.95222658
599.37 sec,0.75,0.813060151,-0.063060151,53.06440065
600.23 sec,0.75,0.811741588,-0.061741588,54.07522979
601.01 sec,0.75,0.810535041,-0.060535041,55.16047542
601.65 sec,0.75,0.809550848,-0.059550848,53.7869244
602.24 sec,0.75,0.808634842,-0.058634842,52.90508989
602.92 sec,0.75,0.807566405,-0.057566405,52.78485601
603.76 sec,0.75,0.806270931,-0.056270931,53.28997527
604.61 sec,0.75,0.804954072,-0.054954072,54.87027303
605.31 sec,0.75,0.803863621,-0.053863621,54.54103129
605.9 sec,0.75,0.802948151,-0.052948151,53.10216907
606.52 sec,0.75,0.801984434,-0.051984434,52.68904053
607.29 sec,0.75,0.800800598,-0.050800598,52.84291405
608.16 sec,0.75,0.799461709,-0.049461709,53.99555382
608.79 sec,0.75,0.798502841,-0.048502841,53.10001365
609.42 sec,0.75,0.797549186,-0.047549186,52.68918872
610.18 sec,0.75,0.796398896,-0.046398896,52.83532047
611.04 sec,0.75,0.79510765,-0.04510765,53.88292066
611.82 sec,0.75,0.793942685,-0.043942685,55.00011799
612.46 sec,0.75,0.793003284,-0.043003284,53.65158665
613.05 sec,0.75,0.792137422,-0.042137422,52.79215688
613.74 sec,0.75,0.791137393,-0.041137393,52.69707186
614.57 sec,0.75,0.789938509,-0.039938509,53.23133749
615.42 sec,0.75,0.788734493,-0.038734493,54.83977316
616.12 sec,0.75,0.787747828,-0.037747828,54.53279429
616.71 sec,0.75,0.786926389,-0.036926389,53.11193327
617.33 sec,0.75,0.786068576,-0.036068576,52.71705702
618.1 sec,0.75,0.785024137,-0.035024137,52.89244288
618.97 sec,0.75,0.783854889,-0.033854889,54.06823124
619.6 sec,0.75,0.783024618,-0.033024618,53.18851571
620.23 sec,0.75,0.782204931,-0.032204931,52.79283098
620.99 sec,0.75,0.781224109,-0.031224109,52.95646254
621.85 sec,0.75,0.780133133,-0.030133133,54.0227263
622.63 sec,0.75,0.7791576,-0.0291576,55.15588334
623.27 sec,0.75,0.778376267,-0.028376267,53.81965526
623.86 sec,0.75,0.777660734,-0.027660734,52.97109601
624.55 sec,0.75,0.776839906,-0.026839906,52.88803709
625.38 sec,0.75,0.775863479,-0.025863479,53.43598526
626.23 sec,0.75,0.774891225,-0.024891225,55.05734778
626.93 sec,0.75,0.774099942,-0.024099942,54.76038167
627.52 sec,0.75,0.773444831,-0.023444831,53.34745942
628.14 sec,0.75,0.772764892,-0.022764892,52.96048207
628.91 sec,0.75,0.771942515,-0.021942515,53.1449648
629.78 sec,0.75,0.771029029,-0.021029029,54.33025537
630.41 sec,0.75,0.770384173,-0.020384173,53.45685124
631.04 sec,0.75,0.769751223,-0.019751223,53.06704449
631.8 sec,0.75,0.768998669,-0.018998669,53.23725627
632.66 sec,0.75,0.768167798,-0.018167798,54.31025288
633.44 sec,0.75,0.767430176,-0.017430176,55.44890097
634.08 sec,0.75,0.766842157,-0.016842157,54.11673
634.67 sec,0.75,0.766306583,-0.016306583,53.27160085
635.36 sec,0.75,0.765695829,-0.015695829,53.19214869
636.19 sec,0.75,0.764974172,-0.014974172,53.74393015
637.04 sec,0.75,0.764261059,-0.014261059,55.36860004
637.74 sec,0.75,0.763683783,-0.013683783,55.07396331
638.33 sec,0.75,0.76320793,-0.01320793,53.66272318
638.95 sec,0.75,0.762716944,-0.012716944,53.27723967
639.72 sec,0.75,0.762126769,-0.012126769,53.46319269
640.59 sec,0.75,0.761476049,-0.011476049,54.64967379
641.22 sec,0.75,0.7610188,-0.0110188,53.7768337
641.85 sec,0.75,0.760572507,-0.010572507,53.38734882
642.61 sec,0.75,0.760045191,-0.010045191,53.55764224
643.47 sec,0.75,0.759467298,-0.009467298,54.63033785
644.26 sec,0.75,0.758957857,-0.008957857,55.76836749
644.89 sec,0.75,0.758553121,-0.008553121,54.43548368
645.48 sec,0.75,0.758186535,-0.008186535,53.58951275
646.17 sec,0.75,0.757771146,-0.007771146,53.50887376
647 sec,0.75,0.757283792,-0.007283792,54.0589375
647.85 sec,0.75,0.756806189,-0.006806189,55.68155655
648.55 sec,0.75,0.756421365,-0.006421365,55.38501884
649.14 sec,0.75,0.756105348,-0.006105348,53.972047
649.77 sec,0.75,0.755781535,-0.005781535,53.58459519
650.53 sec,0.75,0.755395021,-0.005395021,53.7679416
651.41 sec,0.75,0.754972483,-0.004972483,54.95122996
652.03 sec,0.75,0.754676712,-0.004676712,54.07596328
652.66 sec,0.75,0.754389925,-0.004389925,53.68394115
653.42 sec,0.75,0.754053586,-0.004053586,53.85101533
654.28 sec,0.75,0.753688286,-0.003688286,54.9198937
655.07 sec,0.75,0.753368916,-0.003368916,56.05430208
655.7 sec,0.75,0.75311572,-0.00311572,54.71839835
656.29 sec,0.75,0.752887978,-0.002887978,53.86954851
656.98 sec,0.75,0.752632069,-0.002632069,53.78547169
657.81 sec,0.75,0.75233454,-0.00233454,54.33126147
658.66 sec,0.75,0.75204618,-0.00204618,55.94941839
659.36 sec,0.75,0.751814855,-0.001814855,55.64911867
659.95 sec,0.75,0.751625549,-0.001625549,54.23294404
660.58 sec,0.75,0.751433519,-0.001433519,53.842062
661.34 sec,0.75,0.751206525,-0.001206525,54.0211226
662.22 sec,0.75,0.750961389,-0.000961389,55.1994697
662.84 sec,0.75,0.750790319,-0.000790319,54.32062044
663.47 sec,0.75,0.750626024,-0.000626024,53.92498774
664.23 sec,0.75,0.750435457,-0.000435457,54.08764613
665.09 sec,0.75,0.750231285,-0.000231285,55.1514894
665.88 sec,0.75,0.750054955,-5.50E-05,56.28128952
666.51 sec,0.75,0.74991511,8.49E-05,54.94164352
667.1 sec,0.75,0.749790684,0.000209316,54.08930772
667.79 sec,0.75,0.749652805,0.000347195,54.00115989
668.62 sec,0.75,0.749494869,0.000505131,54.54201098
669.47 sec,0.75,0.749344697,0.000655303,56.15514158
670.18 sec,0.75,0.749224736,0.000775264,55.85069186
670.76 sec,0.75,0.749126866,0.000873134,54.4310416
671.39 sec,0.75,0.749029453,0.000970547,54.03649421
672.16 sec,0.75,0.748916333,0.001083667,54.21104974
673.03 sec,0.75,0.748796978,0.001203022,55.38429741
673.66 sec,0.75,0.748713772,0.001286228,54.50180778
674.28 sec,0.75,0.748635338,0.001364662,54.10255247
675.04 sec,0.75,0.748546358,0.001453642,54.26083903
675.9 sec,0.75,0.748453719,0.001546281,55.31977124
676.69 sec,0.75,0.74837572,0.00162428,56.44514098
677.32 sec,0.75,0.748313331,0.001686669,55.10193787
677.91 sec,0.75,0.748259136,0.001740864,54.24632167
678.6 sec,0.75,0.748201057,0.001798943,54.15438102
679.44 sec,0.75,0.748136886,0.001863114,54.69068315
680.28 sec,0.75,0.748078862,0.001921138,56.29924055
680.99 sec,0.75,0.748032659,0.001967341,55.99105462
681.58 sec,0.75,0.747995004,0.002004996,54.5683019
682.2 sec,0.75,0.747959568,0.002040432,54.17050904
682.97 sec,0.75,0.747920573,0.002079427,54.34111076
683.84 sec,0.75,0.747882484,0.002117516,55.50992837
684.47 sec,0.75,0.747855653,0.002144347,54.62430423
685.09 sec,0.75,0.747831988,0.002168012,54.22195265
685.85 sec,0.75,0.747807384,0.002192616,54.37653211
686.72 sec,0.75,0.747784871,0.002215129,55.43133764
687.5 sec,0.75,0.747768199,0.002231801,56.55301789
688.14 sec,0.75,0.747753776,0.002246224,55.20687421
688.73 sec,0.75,0.747742803,0.002257197,54.34856366
689.41 sec,0.75,0.74773351,0.00226649,54.25352821
690.25 sec,0.75,0.747726203,0.002273797,54.7861469
691.1 sec,0.75,0.747723555,0.002276445,56.39103208
691.8 sec,0.75,0.747721297,0.002278703,56.07986821
692.39 sec,0.75,0.747719256,0.002280744,54.65465769
693.01 sec,0.75,0.747720217,0.002279783,54.25430855
693.78 sec,0.75,0.747724397,0.002275603,54.42181615
694.65 sec,0.75,0.747733167,0.002266833,55.58719302
695.28 sec,0.75,0.747738538,0.002261462,54.69915075
695.9 sec,0.75,0.747745901,0.002254099,54.29442394
696.67 sec,0.75,0.747757432,0.002242568,54.44617706
697.53 sec,0.75,0.747773844,0.002226156,55.49785874
698.31 sec,0.75,0.747790811,0.002209189,56.61676608
698.95 sec,0.75,0.747802421,0.002197579,55.26842565
699.54 sec,0.75,0.747814685,0.002185315,54.4081129
700.22 sec,0.75,0.747831356,0.002168644,54.31079023
701.06 sec,0.75,0.747853932,0.002146068,54.84070419
701.91 sec,0.75,0.747879962,0.002120038,56.44291207
702.61 sec,0.75,0.747900143,0.002099857,56.1295911
703.2 sec,0.75,0.747916064,0.002083936,54.70260981
703.82 sec,0.75,0.747935163,0.002064837,54.30042835
704.59 sec,0.75,0.747960549,0.002039451,54.46573098
705.46 sec,0.75,0.747991926,0.002008074,55.62867266
706.09 sec,0.75,0.748012562,0.001987438,54.73892963
706.72 sec,0.75,0.748034412,0.001965588,54.33254101
707.48 sec,0.75,0.748062512,0.001937488,54.4823282
708.34 sec,0.75,0.748096377,0.001903623,55.53185183
709.12 sec,0.75,0.748128064,0.001871936,56.64885689
709.76 sec,0.75,0.74815081,0.00184919,55.29901841
710.35 sec,0.75,0.748172809,0.001827191,54.43734747
711.04 sec,0.75,0.748200106,0.001799894,54.33848177
711.87 sec,0.75,0.748234553,0.001765447,54.86658299
712.72 sec,0.75,0.748271571,0.001728429,56.46700969
713.42 sec,0.75,0.748300037,0.001699963,56.15226338
714.01 sec,0.75,0.74832237,0.00167763,54.72411871
714.63 sec,0.75,0.748347723,0.001652277,54.32073999
715.4 sec,0.75,0.748380109,0.001619891,54.48461093
716.27 sec,0.75,0.748418527,0.001581473,55.64598333
716.9 sec,0.75,0.748443637,0.001556363,54.75515194
717.53 sec,0.75,0.748469493,0.001530507,54.34770618
718.29 sec,0.75,0.748501851,0.001498149,54.49625106
719.15 sec,0.75,0.748539766,0.001460234,55.54442172
719.93 sec,0.75,0.748574459,0.001425541,56.66024387
720.57 sec,0.75,0.748599184,0.001400816,55.30948054
721.16 sec,0.75,0.74862267,0.00137733,54.44697636
721.85 sec,0.75,0.748651291,0.001348709,54.34717035
722.68 sec,0.75,0.748686772,0.001313228,54.87417588
723.53 sec,0.75,0.748724232,0.001275768,56.47353585
724.23 sec,0.75,0.748752621,0.001247379,56.15794334
724.82 sec,0.75,0.748774593,0.001225407,54.72911312
725.44 sec,0.75,0.748799283,0.001200717,54.32503391
726.21 sec,0.75,0.74883047,0.00116953,54.4880742
727.08 sec,0.75,0.748867038,0.001132962,55.64854537
727.71 sec,0.75,0.748890517,0.001109483,54.75709493
728.34 sec,0.75,0.7489145,0.0010855,54.34905285
729.1 sec,0.75,0.748944275,0.001055725,54.49690352
729.96 sec,0.75,0.74897888,0.00102112,55.54432673
730.74 sec,0.75,0.749010224,0.000989776,56.65950322
731.38 sec,0.75,0.749032016,0.000967984,55.30824048
731.97 sec,0.75,0.74905261,0.00094739,54.44529069
732.66 sec,0.75,0.749077663,0.000922337,54.34498702
733.49 sec,0.75,0.749108558,0.000891442,54.87142007
734.34 sec,0.75,0.749141073,0.000858927,56.47023098
735.04 sec,0.75,0.749165175,0.000834825,56.15420916
735.63 sec,0.75,0.749183421,0.000816579,54.72503549
736.25 sec,0.75,0.749204054,0.000795946,54.32060967
737.02 sec,0.75,0.749230081,0.000769919,54.48324497
737.89 sec,0.75,0.749260583,0.000739417,55.64328479
738.52 sec,0.75,0.749279589,0.000720411,54.75154333
739.15 sec,0.75,0.749299008,0.000700992,54.34322531
739.91 sec,0.75,0.749323129,0.000676871,54.49076063
740.77 sec,0.75,0.749351195,0.000648805,55.53785206
741.56 sec,0.75,0.749376477,0.000623523,56.65274912
742.19 sec,0.75,0.749393288,0.000606712,55.30127525
742.78 sec,0.75,0.749409203,0.000590797,54.43814113
743.47 sec,0.75,0.749428746,0.000571254,54.3376365
744.3 sec,0.75,0.749452891,0.000547109,54.86384545
745.15 sec,0.75,0.74947847,0.00052153,56.46244941
745.85 sec,0.75,0.749496792,0.000503208,56.14627193
746.44 sec,0.75,0.749510163,0.000489837,54.71697807
747.06 sec,0.75,0.749525624,0.000474376,54.31243529
747.83 sec,0.75,0.749545249,0.000454751,54.4749401
748.71 sec,0.75,0.74956845,0.00043155,55.63484925
749.33 sec,0.75,0.749582208,0.000417792,54.74302519
749.96 sec,0.75,0.749596376,0.000403624,54.33463358
750.72 sec,0.75,0.749614124,0.000385876,54.48209124
751.58 sec,0.75,0.749634986,0.000365014,55.52910957
752.37 sec,0.75,0.749653727,0.000346273,56.64395318
753 sec,0.75,0.749665257,0.000334743,55.29244481
753.59 sec,0.75,0.74967628,0.00032372,54.42928537
754.28 sec,0.75,0.749690144,0.000309856,54.32875914
755.11 sec,0.75,0.749707442,0.000292558,54.85495286
755.96 sec,0.75,0.7497261,0.0002739,56.45355304
756.66 sec,0.75,0.749738739,0.000261261,56.13738095
757.25 sec,0.75,0.749747371,0.000252629,54.70809731
757.88 sec,0.75,0.749757858,0.000242142,54.30357071
758.64 sec,0.75,0.749771398,0.000228602,54.4661028
759.52 sec,0.75,0.74978775,0.00021225,55.62605231
760.14 sec,0.75,0.74979664,0.00020336,54.73426304
760.77 sec,0.75,0.749805984,0.000194016,54.32591083
761.53 sec,0.75,0.749817935,0.000182065,54.47342223
762.39 sec,0.75,0.749832315,0.000167685,55.52050881
763.18 sec,0.75,0.749845237,0.000154763,56.63542095
763.81 sec,0.75,0.749852111,0.000147889,55.2839723
764.4 sec,0.75,0.749858857,0.000141143,54.42087156
765.09 sec,0.75,0.74986779,0.00013221,54.32041746
765.92 sec,0.75,0.7498792,0.0001208,54.84670362
766.77 sec,0.75,0.749891964,0.000108036,56.44540315
767.48 sec,0.75,0.749899806,0.000100194,56.12931697
768.06 sec,0.75,0.749904466,9.55E-05,54.70010786
768.69 sec,0.75,0.74991081,8.92E-05,54.29566229
769.45 sec,0.75,0.749919321,8.07E-05,54.45829731
770.33 sec,0.75,0.74993006,6.99E-05,55.61836758
770.95 sec,0.75,0.749934991,6.50E-05,54.72666723
771.58 sec,0.75,0.749940436,5.96E-05,54.31840566
772.34 sec,0.75,0.749947733,5.23E-05,54.46602924
773.2 sec,0.75,0.749956952,4.30E-05,55.51324538
773.99 sec,0.75,0.749965276,3.47E-05,56.62827754
774.62 sec,0.75,0.749968495,3.15E-05,55.2769274
775.21 sec,0.75,0.749971901,2.81E-05,54.41391913
775.9 sec,0.75,0.74997701,2.30E-05,54.31357386
776.74 sec,0.75,0.749983881,1.61E-05,54.83999323
777.58 sec,0.75,0.749992137,7.86E-06,56.43882955
778.29 sec,0.75,0.749996334,3.67E-06,56.12285728
778.88 sec,0.75,0.749997994,2.01E-06,54.69374422
779.5 sec,0.75,0.750001226,-1.23E-06,54.28940048
780.27 sec,0.75,0.750005981,-5.98E-06,54.45216146
781.14 sec,0.75,0.750012556,-1.26E-05,55.61237531
781.77 sec,0.75,0.75001457,-1.46E-05,54.72077813
782.39 sec,0.75,0.750017157,-1.72E-05,54.31261973
783.15 sec,0.75,0.750021062,-2.11E-05,54.46036849
784.02 sec,0.75,0.750026545,-2.65E-05,55.50772608
784.8 sec,0.75,0.750031564,-3.16E-05,56.62288658
785.43 sec,0.75,0.750032172,-3.22E-05,55.27164004
786.03 sec,0.75,0.750033204,-3.32E-05,54.40872768
786.71 sec,0.75,0.750035608,-3.56E-05,54.30849375
787.55 sec,0.75,0.750039291,-3.93E-05,54.8350473
788.4 sec,0.75,0.750044403,-4.44E-05,56.43401918
789.1 sec,0.75,0.750046074,-4.61E-05,56.11815819
789.69 sec,0.75,0.750045665,-4.57E-05,54.6891379
790.31 sec,0.75,0.750046762,-4.68E-05,54.28489152
791.08 sec,0.75,0.750048956,-4.90E-05,54.44777155
791.95 sec,0.75,0.750052713,-5.27E-05,55.60811937
792.58 sec,0.75,0.750052765,-5.28E-05,54.71661737
793.2 sec,0.75,0.75005344,-5.34E-05,54.30855328
793.96 sec,0.75,0.750055091,-5.51E-05,54.45641535
794.83 sec,0.75,0.750058107,-5.81E-05,55.50389957
795.61 sec,0.75,0.75006096,-6.10E-05,56.61917373
796.25 sec,0.75,0.750059868,-5.99E-05,55.26801811
796.84 sec,0.75,0.750059363,-5.94E-05,54.40518929
797.52 sec,0.75,0.750060026,-6.00E-05,54.30505158
798.36 sec,0.75,0.750061671,-6.17E-05,54.83172005
799.21 sec,0.75,0.750064789,-6.48E-05,56.43080693
799.91 sec,0.75,0.750064871,-6.49E-05,56.11503952
800.5 sec,0.75,0.750063169,-6.32E-05,54.68609668
801.12 sec,0.75,0.75006294,-6.29E-05,54.28193107
801.89 sec,0.75,0.750063553,-6.36E-05,54.44490915
802.76 sec,0.75,0.750065585,-6.56E-05,55.60536638
803.39 sec,0.75,0.750064446,-6.44E-05,54.7139415
804.01 sec,0.75,0.750063968,-6.40E-05,54.30595338
804.78 sec,0.75,0.750064269,-6.43E-05,54.45390609
805.64 sec,0.75,0.750065823,-6.58E-05,55.50149083
806.42 sec,0.75,0.750067405,-6.74E-05,56.61685451
807.06 sec,0.75,0.750065323,-6.53E-05,55.26577003
807.65 sec,0.75,0.750063929,-6.39E-05,54.40300619
808.34 sec,0.75,0.750063594,-6.36E-05,54.30294292
809.17 sec,0.75,0.750064083,-6.41E-05,54.82969968
810.02 sec,0.75,0.750066081,-6.61E-05,56.42887424
810.72 sec,0.75,0.75006528,-6.53E-05,56.1131777
811.31 sec,0.75,0.750062866,-6.29E-05,54.6842932
811.93 sec,0.75,0.750061914,-6.19E-05,54.28018809
812.7 sec,0.75,0.750061674,-6.17E-05,54.44323918
813.57 sec,0.75,0.750062788,-6.28E-05,55.6037773
814.2 sec,0.75,0.750061022,-6.10E-05,54.71240911
814.83 sec,0.75,0.750059944,-5.99E-05,54.3044765
815.59 sec,0.75,0.750059552,-5.96E-05,54.45249508
816.45 sec,0.75,0.750060366,-6.04E-05,55.50015235
817.23 sec,0.75,0.750061313,-6.13E-05,56.61558019
817.87 sec,0.75,0.750058746,-5.87E-05,55.26454639
818.46 sec,0.75,0.750056922,-5.69E-05,54.40182862
819.15 sec,0.75,0.750056111,-5.61E-05,54.30181782
819.98 sec,0.75,0.750056057,-5.61E-05,54.82863643
820.83 sec,0.75,0.750057542,-5.75E-05,56.42787198
821.53 sec,0.75,0.750056345,-5.63E-05,56.11222441
822.12 sec,0.75,0.750053618,-5.36E-05,54.68338001
822.74 sec,0.75,0.750052353,-5.24E-05,54.27931626
823.51 sec,0.75,0.750051753,-5.18E-05,54.44241698
824.38 sec,0.75,0.750052491,-5.25E-05,55.60300971
825.01 sec,0.75,0.750050476,-5.05E-05,54.71167952
825.64 sec,0.75,0.750049165,-4.92E-05,54.30378394
826.4 sec,0.75,0.750048513,-4.85E-05,54.45184617
827.26 sec,0.75,0.75004906,-4.91E-05,55.49955119
828.04 sec,0.75,0.750049789,-4.98E-05,56.61502094
828.68 sec,0.75,0.750047062,-4.71E-05,55.26402003
829.27 sec,0.75,0.750045103,-4.51E-05,54.40133199
829.96 sec,0.75,0.750044149,-4.41E-05,54.30135486
830.79 sec,0.75,0.750043944,-4.39E-05,54.82821287
831.64 sec,0.75,0.750045297,-4.53E-05,56.42748695
832.34 sec,0.75,0.750044008,-4.40E-05,56.11187011
832.93 sec,0.75,0.750041215,-4.12E-05,54.68305068
833.55 sec,0.75,0.750039891,-3.99E-05,54.27901256
834.32 sec,0.75,0.750039233,-3.92E-05,54.44214379
835.19 sec,0.75,0.750039923,-3.99E-05,55.60276981
835.82 sec,0.75,0.750037886,-3.79E-05,54.71146261
836.45 sec,0.75,0.750036562,-3.66E-05,54.30358927
837.21 sec,0.75,0.750035906,-3.59E-05,54.45167753
838.07 sec,0.75,0.750036465,-3.65E-05,55.49941073
838.86 sec,0.75,0.750037219,-3.72E-05,56.614905
839.49 sec,0.75,0.75003452,-3.45E-05,55.26392316
840.08 sec,0.75,0.750032594,-3.26E-05,54.40125224
840.77 sec,0.75,0.750031687,-3.17E-05,54.30129432
841.6 sec,0.75,0.750031549,-3.15E-05,54.82817459
842.45 sec,0.75,0.750032983,-3.30E-05,56.42747021
843.15 sec,0.75,0.750031769,-3.18E-05,56.11187034
843.74 sec,0.75,0.750029044,-2.90E-05,54.68306459
844.36 sec,0.75,0.750027798,-2.78E-05,54.27904037
845.13 sec,0.75,0.750027243,-2.72E-05,54.44218799
846.01 sec,0.75,0.750028058,-2.81E-05,55.60283164
846.63 sec,0.75,0.750026117,-2.61E-05,54.71153645
847.26 sec,0.75,0.750024893,-2.49E-05,54.30367462
848.02 sec,0.75,0.750024364,-2.44E-05,54.45177616
848.88 sec,0.75,0.750025073,-2.51E-05,55.49952355
849.67 sec,0.75,0.75002597,-2.60E-05,56.61502993
850.3 sec,0.75,0.75002339,-2.34E-05,55.26405739
850.89 sec,0.75,0.750021578,-2.16E-05,54.40139468
851.58 sec,0.75,0.750020806,-2.08E-05,54.30144586
852.41 sec,0.75,0.750020837,-2.08E-05,54.82833647
853.26 sec,0.75,0.750022446,-2.24E-05,56.42764187
853.96 sec,0.75,0.75002138,-2.14E-05,56.11204953
854.55 sec,0.75,0.750018782,-1.88E-05,54.68324974
855.18 sec,0.75,0.750017671,-1.77E-05,54.27923146
855.94 sec,0.75,0.750017285,-1.73E-05,54.44238591
856.82 sec,0.75,0.750018295,-1.83E-05,55.60303669
857.44 sec,0.75,0.750016494,-1.65E-05,54.71174622
858.07 sec,0.75,0.750015413,-1.54E-05,54.30388877
858.83 sec,0.75,0.750015058,-1.51E-05,54.45199523
859.69 sec,0.75,0.750015965,-1.60E-05,55.49974762
860.48 sec,0.75,0.750017043,-1.70E-05,56.61525809
861.11 sec,0.75,0.750014611,-1.46E-05,55.26428852
861.7 sec,0.75,0.750012936,-1.29E-05,54.40162834
862.39 sec,0.75,0.750012324,-1.23E-05,54.30168217
863.22 sec,0.75,0.75001255,-1.25E-05,54.82857557
864.07 sec,0.75,0.750014357,-1.44E-05,56.42788337
864.78 sec,0.75,0.750013455,-1.35E-05,56.11229271
865.36 sec,0.75,0.750010994,-1.10E-05,54.6834941
865.99 sec,0.75,0.750010027,-1.00E-05,54.27947686
866.75 sec,0.75,0.750009818,-9.82E-06,54.44263231
867.63 sec,0.75,0.750011029,-1.10E-05,55.60328387
868.25 sec,0.75,0.750009372,-9.37E-06,54.71199374
868.88 sec,0.75,0.750008433,-8.43E-06,54.30413644
869.64 sec,0.75,0.75000825,-8.25E-06,54.45224285
870.5 sec,0.75,0.750009351,-9.35E-06,55.49999489
871.29 sec,0.75,0.750010603,-1.06E-05,56.61550478
871.92 sec,0.75,0.750008311,-8.31E-06,55.26453458
872.51 sec,0.75,0.750006765,-6.76E-06,54.40187366
873.2 sec,0.75,0.750006303,-6.30E-06,54.30192649
874.04 sec,0.75,0.750006707,-6.71E-06,54.82881847
874.88 sec,0.75,0.750008695,-8.69E-06,56.4281246
875.59 sec,0.75,0.750007939,-7.94E-06,56.11253239
876.18 sec,0.75,0.7500056,-5.60E-06,54.68373238
876.8 sec,0.75,0.750004761,-4.76E-06,54.27971356
877.57 sec,0.75,0.750004708,-4.71E-06,54.44286693
878.44 sec,0.75,0.750006093,-6.09E-06,55.60351595
879.07 sec,0.75,0.750004559,-4.56E-06,54.71222389
879.69 sec,0.75,0.750003743,-3.74E-06,54.30436458
880.45 sec,0.75,0.750003706,-3.71E-06,54.45246844
881.32 sec,0.75,0.750004969,-4.97E-06,55.50021748
882.1 sec,0.75,0.750006366,-6.37E-06,56.61572452
882.73 sec,0.75,0.750004189,-4.19E-06,55.26475195
883.32 sec,0.75,0.750002749,-2.75E-06,54.40208877
884.01 sec,0.75,0.750002409,-2.41E-06,54.30213891
884.85 sec,0.75,0.750002958,-2.96E-06,54.82902755
885.7 sec,0.75,0.75000509,-5.09E-06,56.42833019
886.4 sec,0.75,0.750004452,-4.45E-06,56.11273505
886.99 sec,0.75,0.75000221,-2.21E-06,54.68393254
887.61 sec,0.75,0.750001471,-1.47E-06,54.27991104
888.38 sec,0.75,0.750001539,-1.54E-06,54.44306107
889.25 sec,0.75,0.75000306,-3.06E-06,55.60370625
889.88 sec,0.75,0.750001621,-1.62E-06,54.7124114
890.5 sec,0.75,0.750000898,-8.98E-07,54.30454929
891.26 sec,0.75,0.750000972,-9.72E-07,54.45264972
892.13 sec,0.75,0.750002358,-2.36E-06,55.50039485
892.91 sec,0.75,0.750003865,-3.86E-06,56.61589832
893.55 sec,0.75,0.750001774,-1.77E-06,55.26492285
894.14 sec,0.75,0.750000413,-4.13E-07,54.40225697
894.82 sec,0.75,0.750000163,-1.63E-07,54.30230396
895.66 sec,0.75,0.750000818,-8.18E-07,54.82918877
896.51 sec,0.75,0.750003056,-3.06E-06,56.42848753
897.21 sec,0.75,0.750002502,-2.50E-06,56.11288918
897.8 sec,0.75,0.750000329,-3.29E-07,54.68408398
898.42 sec,0.75,0.749999663,3.37E-07,54.28005966
899.19 sec,0.75,0.749999818,1.82E-07,54.4432062
900.06 sec,0.75,0.750001434,-1.43E-06,55.60384745
900.69 sec,0.75,0.750000062,-6.23E-08,54.71254979
901.31 sec,0.75,0.749999405,5.95E-07,54.30468489
902.08 sec,0.75,0.749999556,4.44E-07,54.45278195
902.94 sec,0.75,0.750001026,-1.03E-06,55.5005233
903.72 sec,0.75,0.750002608,-2.61E-06,56.61602335
904.36 sec,0.75,0.750000576,-5.76E-07,55.26504513
904.95 sec,0.75,0.749999269,7.31E-07,54.40237674
905.64 sec,0.75,0.749999079,9.21E-07,54.3024208
906.47 sec,0.75,0.749999806,1.94E-07,54.82930212
907.32 sec,0.75,0.750002113,-2.11E-06,56.42859736
908.02 sec,0.75,0.750001615,-1.62E-06,56.11299613
908.61 sec,0.75,0.749999488,5.12E-07,54.68418855
909.23 sec,0.75,0.749998869,1.13E-06,54.28016173
910 sec,0.75,0.74999908,9.20E-07,54.44330524
910.87 sec,0.75,0.750000758,-7.58E-07,55.60394308
911.5 sec,0.75,0.749999429,5.71E-07,54.71264302
912.13 sec,0.75,0.749998812,1.19E-06,54.30477573
912.89 sec,0.75,0.749999013,9.87E-07,54.45286995
913.75 sec,0.75,0.750000536,-5.36E-07,55.50060813
914.53 sec,0.75,0.750002164,-2.16E-06,56.61610536
915.17 sec,0.75,0.750000169,-1.69E-07,55.26512488
915.76 sec,0.75,0.749998894,1.11E-06,54.40245442
916.45 sec,0.75,0.749998741,1.26E-06,54.30249611
917.28 sec,0.75,0.749999511,4.89E-07,54.8293746
918.13 sec,0.75,0.75000186,-1.86E-06,56.42866703
918.83 sec,0.75,0.750001396,-1.40E-06,56.11306352
919.42 sec,0.75,0.749999295,7.05E-07,54.68425406
920.04 sec,0.75,0.749998703,1.30E-06,54.28022528
920.81 sec,0.75,0.749998947,1.05E-06,54.44336642
921.68 sec,0.75,0.75000066,-6.60E-07,55.60400163
922.31 sec,0.75,0.749999356,6.44E-07,54.71269972
922.94 sec,0.75,0.749998763,1.24E-06,54.30483062
923.7 sec,0.75,0.74999899,1.01E-06,54.45292268
924.56 sec,0.75,0.750000543,-5.43E-07,55.50065847
925.34 sec,0.75,0.750002196,-2.20E-06,56.61615357
925.98 sec,0.75,0.750000221,-2.21E-07,55.26517142
926.57 sec,0.75,0.749998963,1.04E-06,54.40249943
927.26 sec,0.75,0.74999883,1.17E-06,54.30253937
928.09 sec,0.75,0.749999622,3.78E-07,54.8294158
928.94 sec,0.75,0.750001993,-1.99E-06,56.42870618
929.64 sec,0.75,0.750001545,-1.55E-06,56.11310103
930.23 sec,0.75,0.749999458,5.42E-07,54.68429021
930.85 sec,0.75,0.74999888,1.12E-06,54.28026004
931.62 sec,0.75,0.74999914,8.60E-07,54.4433995
932.49 sec,0.75,0.75000087,-8.70E-07,55.60403285
933.12 sec,0.75,0.749999576,4.24E-07,54.71272964
933.75 sec,0.75,0.749998994,1.01E-06,54.30485927
934.51 sec,0.75,0.749999234,7.66E-07,54.45294983
935.37 sec,0.75,0.7500008,-8.00E-07,55.50068398
936.16 sec,0.75,0.750002464,-2.46E-06,56.61617764
936.79 sec,0.75,0.750000497,-4.97E-07,55.26519434
937.38 sec,0.75,0.749999246,7.54E-07,54.40252131
938.07 sec,0.75,0.749999121,8.79E-07,54.30256008
938.9 sec,0.75,0.749999922,7.83E-08,54.82943513
939.75 sec,0.75,0.7500023,-2.30E-06,56.42872416
940.45 sec,0.75,0.750001859,-1.86E-06,56.11311792
941.04 sec,0.75,0.749999777,2.23E-07,54.68430622
941.66 sec,0.75,0.749999203,7.97E-07,54.28027514
942.43 sec,0.75,0.749999468,5.32E-07,54.44341351
943.31 sec,0.75,0.750001203,-1.20E-06,55.60404567
943.93 sec,0.75,0.749999913,8.71E-08,54.71274163
944.56 sec,0.75,0.749999334,6.66E-07,54.30487046
945.32 sec,0.75,0.749999576,4.24E-07,54.45296008
946.18 sec,0.75,0.750001145,-1.15E-06,55.5006932
946.97 sec,0.75,0.750002811,-2.81E-06,56.61618596
947.6 sec,0.75,0.750000845,-8.45E-07,55.26520197
948.19 sec,0.75,0.749999596,4.04E-07,54.40252831
948.88 sec,0.75,0.749999471,5.29E-07,54.30256636
949.71 sec,0.75,0.750000273,-2.73E-07,54.82944058
950.56 sec,0.75,0.750002651,-2.65E-06,56.42872881
951.26 sec,0.75,0.75000221,-2.21E-06,56.11312193
951.85 sec,0.75,0.750000127,-1.27E-07,54.68430971
952.48 sec,0.75,0.749999553,4.47E-07,54.28027809
953.24 sec,0.75,0.749999816,1.84E-07,54.44341584
954.12 sec,0.75,0.75000155,-1.55E-06,55.60404732
954.74 sec,0.75,0.750000258,-2.58E-07,54.71274281
955.37 sec,0.75,0.749999677,3.23E-07,54.30487119
956.13 sec,0.75,0.749999918,8.20E-08,54.45296028
956.99 sec,0.75,0.750001484,-1.48E-06,55.50069284
957.78 sec,0.75,0.750003147,-3.15E-06,56.61618512
958.41 sec,0.75,0.750001179,-1.18E-06,55.26520075
959 sec,0.75,0.749999927,7.27E-08,54.40252675
959.69 sec,0.75,0.7499998,2.00E-07,54.30256443
960.52 sec,0.75,0.750000598,-5.98E-07,54.82943822
961.37 sec,0.75,0.750002972,-2.97E-06,56.42872603
962.08 sec,0.75,0.750002527,-2.53E-06,56.11311883
962.66 sec,0.75,0.750000442,-4.42E-07,54.68430636
963.29 sec,0.75,0.749999864,1.36E-07,54.28027448
964.05 sec,0.75,0.750000124,-1.24E-07,54.44341192
964.93 sec,0.75,0.750001852,-1.85E-06,55.60404308
965.55 sec,0.75,0.750000557,-5.57E-07,54.71273836
966.18 sec,0.75,0.749999973,2.70E-08,54.30486653
966.94 sec,0.75,0.750000209,-2.09E-07,54.45295539
967.8 sec,0.75,0.75000177,-1.77E-06,55.5006877
968.59 sec,0.75,0.750003429,-3.43E-06,56.61617977
969.22 sec,0.75,0.750001456,-1.46E-06,55.26519524
969.81 sec,0.75,0.750000201,-2.01E-07,54.40252111
970.5 sec,0.75,0.750000069,-6.90E-08,54.30255864
971.34 sec,0.75,0.750000862,-8.62E-07,54.82943227
972.18 sec,0.75,0.750003231,-3.23E-06,56.42871993
972.89 sec,0.75,0.750002781,-2.78E-06,56.11311261
973.48 sec,0.75,0.750000692,-6.92E-07,54.68430005
974.1 sec,0.75,0.75000011,-1.10E-07,54.28026809
974.87 sec,0.75,0.750000365,-3.65E-07,54.44340543
975.74 sec,0.75,0.750002088,-2.09E-06,55.6040365
976.37 sec,0.75,0.750000789,-7.89E-07,54.71273172
976.99 sec,0.75,0.750000201,-2.01E-07,54.30485984
977.75 sec,0.75,0.750000432,-4.32E-07,54.45294864
978.62 sec,0.75,0.750001987,-1.99E-06,55.5006809
979.4 sec,0.75,0.750003641,-3.64E-06,56.61617293
980.03 sec,0.75,0.750001664,-1.66E-06,55.26518838
980.62 sec,0.75,0.750000405,-4.05E-07,54.40251423
981.31 sec,0.75,0.750000269,-2.69E-07,54.30255175
982.15 sec,0.75,0.750001056,-1.06E-06,54.82942537
983 sec,0.75,0.75000342,-3.42E-06,56.42871303
983.7 sec,0.75,0.750002966,-2.97E-06,56.11310572
984.29 sec,0.75,0.750000873,-8.73E-07,54.68429317
984.91 sec,0.75,0.750000288,-2.88E-07,54.28026123
985.68 sec,0.75,0.750000538,-5.38E-07,54.4433986
986.55 sec,0.75,0.750002256,-2.26E-06,55.6040297
987.18 sec,0.75,0.750000953,-9.53E-07,54.71272495
987.8 sec,0.75,0.750000361,-3.61E-07,54.3048531
988.56 sec,0.75,0.750000587,-5.87E-07,54.45294195
989.43 sec,0.75,0.750002138,-2.14E-06,55.50067426
990.21 sec,0.75,0.750003787,-3.79E-06,56.61616635
990.85 sec,0.75,0.750001807,-1.81E-06,55.26518185
991.44 sec,0.75,0.750000544,-5.44E-07,54.40250775
992.12 sec,0.75,0.750000404,-4.04E-07,54.30254533
992.96 sec,0.75,0.750001187,-1.19E-06,54.82941902
993.81 sec,0.75,0.750003547,-3.55E-06,56.42870676
994.51 sec,0.75,0.750003089,-3.09E-06,56.11309952
995.1 sec,0.75,0.750000993,-9.93E-07,54.68428702
995.72 sec,0.75,0.750000404,-4.04E-07,54.28025514
996.49 sec,0.75,0.75000065,-6.50E-07,54.4433926
997.36 sec,0.75,0.750002364,-2.36E-06,55.60402379
997.99 sec,0.75,0.750001058,-1.06E-06,54.71271911
998.61 sec,0.75,0.750000463,-4.63E-07,54.30484733
999.38 sec,0.75,0.750000686,-6.86E-07,54.45293627
1000.2 sec,0.75,0.750002232,-2.23E-06,55.50066868
1001 sec,0.75,0.750003878,-3.88E-06,56.61616087
1001.7 sec,0.75,0.750001895,-1.89E-06,55.26517644
1002.2 sec,0.75,0.75000063,-6.30E-07,54.40250241
1002.9 sec,0.75,0.750000487,-4.87E-07,54.30254008
1003.8 sec,0.75,0.750001266,-1.27E-06,54.82941387
1004.6 sec,0.75,0.750003622,-3.62E-06,56.42870172
1005.3 sec,0.75,0.750003162,-3.16E-06,56.11309457
1005.9 sec,0.75,0.750001064,-1.06E-06,54.68428215
1006.5 sec,0.75,0.750000472,-4.72E-07,54.28025035
1007.3 sec,0.75,0.750000716,-7.16E-07,54.4433879
1008.2 sec,0.75,0.750002426,-2.43E-06,55.6040192
1008.8 sec,0.75,0.750001118,-1.12E-06,54.7127146
1009.4 sec,0.75,0.750000521,-5.21E-07,54.30484291
1010.2 sec,0.75,0.750000741,-7.41E-07,54.45293194
1011 sec,0.75,0.750002285,-2.28E-06,55.50066446
1011.8 sec,0.75,0.750003928,-3.93E-06,56.61615674
1012.5 sec,0.75,0.750001943,-1.94E-06,55.2651724
1013.1 sec,0.75,0.750000676,-6.76E-07,54.40249844
1013.7 sec,0.75,0.750000531,-5.31E-07,54.30253619
1014.6 sec,0.75,0.750001308,-1.31E-06,54.82941009
1015.4 sec,0.75,0.750003662,-3.66E-06,56.42869804
1016.1 sec,0.75,0.750003199,-3.20E-06,56.11309098
1016.7 sec,0.75,0.750001099,-1.10E-06,54.68427863
1017.3 sec,0.75,0.750000507,-5.07E-07,54.28024691
1018.1 sec,0.75,0.750000748,-7.48E-07,54.44338455
1019 sec,0.75,0.750002456,-2.46E-06,55.60401595
1019.6 sec,0.75,0.750001147,-1.15E-06,54.71271142
1020.2 sec,0.75,0.750000548,-5.48E-07,54.30483981
1021 sec,0.75,0.750000767,-7.67E-07,54.45292892
1021.9 sec,0.75,0.750002308,-2.31E-06,55.50066155
1022.6 sec,0.75,0.750003949,-3.95E-06,56.61615392
1023.3 sec,0.75,0.750001964,-1.96E-06,55.26516964
1023.9 sec,0.75,0.750000696,-6.96E-07,54.40249575
1024.6 sec,0.75,0.750000549,-5.49E-07,54.30253357
1025.4 sec,0.75,0.750001325,-1.32E-06,54.82940756
1026.2 sec,0.75,0.750003677,-3.68E-06,56.4286956
1026.9 sec,0.75,0.750003213,-3.21E-06,56.11308861
1027.5 sec,0.75,0.750001112,-1.11E-06,54.68427632
1028.2 sec,0.75,0.750000518,-5.18E-07,54.28024465
1028.9 sec,0.75,0.750000759,-7.59E-07,54.44338237
1029.8 sec,0.75,0.750002465,-2.47E-06,55.60401386
1030.4 sec,0.75,0.750001155,-1.15E-06,54.71270939
1031 sec,0.75,0.750000555,-5.55E-07,54.30483783
1031.8 sec,0.75,0.750000773,-7.73E-07,54.45292702
1032.7 sec,0.75,0.750002314,-2.31E-06,55.50065972
1033.5 sec,0.75,0.750003954,-3.95E-06,56.61615216
1034.1 sec,0.75,0.750001967,-1.97E-06,55.26516794
1034.7 sec,0.75,0.750000699,-6.99E-07,54.40249409
1035.4 sec,0.75,0.750000551,-5.51E-07,54.30253198
1036.2 sec,0.75,0.750001326,-1.33E-06,54.82940603
1037.1 sec,0.75,0.750003677,-3.68E-06,56.42869414
1037.8 sec,0.75,0.750003213,-3.21E-06,56.1130872
1038.3 sec,0.75,0.750001112,-1.11E-06,54.68427495
1039 sec,0.75,0.750000517,-5.17E-07,54.28024334
1039.7 sec,0.75,0.750000757,-7.57E-07,54.44338111
1040.6 sec,0.75,0.750002463,-2.46E-06,55.60401266
1041.2 sec,0.75,0.750001152,-1.15E-06,54.71270823
1041.9 sec,0.75,0.750000552,-5.52E-07,54.30483672
1042.6 sec,0.75,0.750000769,-7.69E-07,54.45292595
1043.5 sec,0.75,0.750002309,-2.31E-06,55.50065871
1044.3 sec,0.75,0.750003949,-3.95E-06,56.6161512
1044.9 sec,0.75,0.750001962,-1.96E-06,55.26516701
1045.5 sec,0.75,0.750000693,-6.93E-07,54.40249321
1046.2 sec,0.75,0.750000545,-5.45E-07,54.30253113
1047 sec,0.75,0.75000132,-1.32E-06,54.82940523
1047.9 sec,0.75,0.750003671,-3.67E-06,56.42869338
1048.6 sec,0.75,0.750003206,-3.21E-06,56.11308648
1049.2 sec,0.75,0.750001104,-1.10E-06,54.68427427
1049.8 sec,0.75,0.75000051,-5.10E-07,54.28024268
1050.5 sec,0.75,0.750000749,-7.49E-07,54.44338049
1051.4 sec,0.75,0.750002455,-2.45E-06,55.60401209
1052 sec,0.75,0.750001144,-1.14E-06,54.71270769
1052.7 sec,0.75,0.750000543,-5.43E-07,54.3048362
1053.4 sec,0.75,0.75000076,-7.60E-07,54.45292547
1054.3 sec,0.75,0.7500023,-2.30E-06,55.50065826
1055.1 sec,0.75,0.75000394,-3.94E-06,56.61615078
1055.7 sec,0.75,0.750001953,-1.95E-06,55.26516662
1056.3 sec,0.75,0.750000684,-6.84E-07,54.40249284
1057 sec,0.75,0.750000536,-5.36E-07,54.30253079
1057.8 sec,0.75,0.75000131,-1.31E-06,54.82940492
1058.7 sec,0.75,0.750003661,-3.66E-06,56.4286931
1059.4 sec,0.75,0.750003196,-3.20E-06,56.11308622
1060 sec,0.75,0.750001095,-1.09E-06,54.68427403
1060.6 sec,0.75,0.7500005,-5.00E-07,54.28024246
1061.4 sec,0.75,0.750000739,-7.39E-07,54.44338029
1062.2 sec,0.75,0.750002445,-2.45E-06,55.60401191
1062.9 sec,0.75,0.750001134,-1.13E-06,54.71270753
1063.5 sec,0.75,0.750000534,-5.34E-07,54.30483606
1064.2 sec,0.75,0.750000751,-7.51E-07,54.45292535
1065.1 sec,0.75,0.750002291,-2.29E-06,55.50065816
1065.9 sec,0.75,0.75000393,-3.93E-06,56.6161507
1066.5 sec,0.75,0.750001943,-1.94E-06,55.26516656
1067.1 sec,0.75,0.750000674,-6.74E-07,54.40249279
1067.8 sec,0.75,0.750000526,-5.26E-07,54.30253075
1068.6 sec,0.75,0.7500013,-1.30E-06,54.8294049
1069.5 sec,0.75,0.750003651,-3.65E-06,56.42869309
1070.2 sec,0.75,0.750003187,-3.19E-06,56.11308623
1070.8 sec,0.75,0.750001085,-1.09E-06,54.68427404
1071.4 sec,0.75,0.750000491,-4.91E-07,54.28024249
1072.2 sec,0.75,0.75000073,-7.30E-07,54.44338033
1073 sec,0.75,0.750002436,-2.44E-06,55.60401197
1073.7 sec,0.75,0.750001125,-1.12E-06,54.7127076
1074.3 sec,0.75,0.750000525,-5.25E-07,54.30483613
1075.1 sec,0.75,0.750000742,-7.42E-07,54.45292543
1075.9 sec,0.75,0.750002282,-2.28E-06,55.50065826
1076.7 sec,0.75,0.750003922,-3.92E-06,56.6161508
1077.3 sec,0.75,0.750001934,-1.93E-06,55.26516667
1077.9 sec,0.75,0.750000666,-6.66E-07,54.4024929
1078.6 sec,0.75,0.750000518,-5.18E-07,54.30253087
1079.4 sec,0.75,0.750001292,-1.29E-06,54.82940503
1080.3 sec,0.75,0.750003643,-3.64E-06,56.42869323
1081 sec,0.75,0.750003179,-3.18E-06,56.11308637
1081.6 sec,0.75,0.750001077,-1.08E-06,54.68427419
1082.2 sec,0.75,0.750000483,-4.83E-07,54.28024264
1083 sec,0.75,0.750000722,-7.22E-07,54.44338049
1083.8 sec,0.75,0.750002428,-2.43E-06,55.60401213
1084.5 sec,0.75,0.750001117,-1.12E-06,54.71270776
1085.1 sec,0.75,0.750000517,-5.17E-07,54.3048363
1085.9 sec,0.75,0.750000735,-7.35E-07,54.4529256
1086.7 sec,0.75,0.750002275,-2.27E-06,55.50065843
1087.5 sec,0.75,0.750003915,-3.91E-06,56.61615098
1088.1 sec,0.75,0.750001928,-1.93E-06,55.26516685
1088.7 sec,0.75,0.750000659,-6.59E-07,54.40249308
1089.4 sec,0.75,0.750000512,-5.12E-07,54.30253105
1090.3 sec,0.75,0.750001286,-1.29E-06,54.82940521
1091.1 sec,0.75,0.750003637,-3.64E-06,56.42869342
1091.8 sec,0.75,0.750003173,-3.17E-06,56.11308656
1092.4 sec,0.75,0.750001071,-1.07E-06,54.68427438
1093 sec,0.75,0.750000477,-4.77E-07,54.28024283
1093.8 sec,0.75,0.750000717,-7.17E-07,54.44338068
1094.7 sec,0.75,0.750002423,-2.42E-06,55.60401232
1095.3 sec,0.75,0.750001112,-1.11E-06,54.71270795
1095.9 sec,0.75,0.750000512,-5.12E-07,54.30483649
1096.7 sec,0.75,0.750000729,-7.29E-07,54.4529258
1097.5 sec,0.75,0.75000227,-2.27E-06,55.50065862
1098.3 sec,0.75,0.75000391,-3.91E-06,56.61615117
1099 sec,0.75,0.750001923,-1.92E-06,55.26516704
1099.5 sec,0.75,0.750000654,-6.54E-07,54.40249327
1100.2 sec,0.75,0.750000507,-5.07E-07,54.30253124
1101.1 sec,0.75,0.750001281,-1.28E-06,54.8294054
1101.9 sec,0.75,0.750003633,-3.63E-06,56.42869361
1102.6 sec,0.75,0.750003169,-3.17E-06,56.11308674
1103.2 sec,0.75,0.750001067,-1.07E-06,54.68427456
1103.8 sec,0.75,0.750000473,-4.73E-07,54.28024301
1104.6 sec,0.75,0.750000713,-7.13E-07,54.44338086
1105.5 sec,0.75,0.750002419,-2.42E-06,55.6040125
1106.1 sec,0.75,0.750001108,-1.11E-06,54.71270813
1106.7 sec,0.75,0.750000508,-5.08E-07,54.30483667
1107.5 sec,0.75,0.750000726,-7.26E-07,54.45292597
1108.3 sec,0.75,0.750002266,-2.27E-06,55.50065879
1109.1 sec,0.75,0.750003907,-3.91E-06,56.61615134
1109.8 sec,0.75,0.75000192,-1.92E-06,55.2651672
1110.4 sec,0.75,0.750000651,-6.51E-07,54.40249344
1111 sec,0.75,0.750000504,-5.04E-07,54.30253141
1111.9 sec,0.75,0.750001279,-1.28E-06,54.82940556
1112.7 sec,0.75,0.75000363,-3.63E-06,56.42869376
1113.4 sec,0.75,0.750003166,-3.17E-06,56.1130869
1114 sec,0.75,0.750001065,-1.06E-06,54.68427472
1114.6 sec,0.75,0.750000471,-4.71E-07,54.28024317
1115.4 sec,0.75,0.75000071,-7.10E-07,54.44338101
1116.3 sec,0.75,0.750002417,-2.42E-06,55.60401265
1116.9 sec,0.75,0.750001106,-1.11E-06,54.71270828
1117.5 sec,0.75,0.750000506,-5.06E-07,54.30483681
1118.3 sec,0.75,0.750000724,-7.24E-07,54.45292611
1119.2 sec,0.75,0.750002264,-2.26E-06,55.50065893
1119.9 sec,0.75,0.750003905,-3.90E-06,56.61615147
1120.6 sec,0.75,0.750001918,-1.92E-06,55.26516734
1121.2 sec,0.75,0.750000649,-6.49E-07,54.40249357
1121.9 sec,0.75,0.750000502,-5.02E-07,54.30253153
1122.7 sec,0.75,0.750001277,-1.28E-06,54.82940568
1123.5 sec,0.75,0.750003629,-3.63E-06,56.42869388
1124.2 sec,0.75,0.750003164,-3.16E-06,56.11308702
1124.8 sec,0.75,0.750001063,-1.06E-06,54.68427483
1125.5 sec,0.75,0.750000469,-4.69E-07,54.28024328
1126.2 sec,0.75,0.750000709,-7.09E-07,54.44338112
1127.1 sec,0.75,0.750002416,-2.42E-06,55.60401275
1127.7 sec,0.75,0.750001105,-1.10E-06,54.71270838
1128.3 sec,0.75,0.750000505,-5.05E-07,54.30483691
1129.1 sec,0.75,0.750000723,-7.23E-07,54.45292621
1130 sec,0.75,0.750002263,-2.26E-06,55.50065903
1130.8 sec,0.75,0.750003904,-3.90E-06,56.61615157
1131.4 sec,0.75,0.750001917,-1.92E-06,55.26516743
1132 sec,0.75,0.750000649,-6.49E-07,54.40249366
1132.7 sec,0.75,0.750000502,-5.02E-07,54.30253162
1133.5 sec,0.75,0.750001276,-1.28E-06,54.82940577
1134.4 sec,0.75,0.750003628,-3.63E-06,56.42869397
1135.1 sec,0.75,0.750003164,-3.16E-06,56.1130871
1135.6 sec,0.75,0.750001063,-1.06E-06,54.68427491
1136.3 sec,0.75,0.750000469,-4.69E-07,54.28024336
1137 sec,0.75,0.750000708,-7.08E-07,54.4433812
1137.9 sec,0.75,0.750002415,-2.42E-06,55.60401283
1138.5 sec,0.75,0.750001104,-1.10E-06,54.71270845
1139.2 sec,0.75,0.750000505,-5.05E-07,54.30483698
1139.9 sec,0.75,0.750000722,-7.22E-07,54.45292628
1140.8 sec,0.75,0.750002263,-2.26E-06,55.50065909
1141.6 sec,0.75,0.750003903,-3.90E-06,56.61615163
1142.2 sec,0.75,0.750001917,-1.92E-06,55.26516749
1142.8 sec,0.75,0.750000648,-6.48E-07,54.40249372
1143.5 sec,0.75,0.750000501,-5.01E-07,54.30253168
1144.3 sec,0.75,0.750001276,-1.28E-06,54.82940583
1145.2 sec,0.75,0.750003628,-3.63E-06,56.42869402
1145.9 sec,0.75,0.750003164,-3.16E-06,56.11308715
1146.5 sec,0.75,0.750001063,-1.06E-06,54.68427496
1147.1 sec,0.75,0.750000468,-4.68E-07,54.2802434
1147.8 sec,0.75,0.750000708,-7.08E-07,54.44338124
1148.7 sec,0.75,0.750002415,-2.42E-06,55.60401287
1149.3 sec,0.75,0.750001104,-1.10E-06,54.71270849
1150 sec,0.75,0.750000505,-5.05E-07,54.30483702
1150.7 sec,0.75,0.750000722,-7.22E-07,54.45292632
1151.6 sec,0.75,0.750002263,-2.26E-06,55.50065913
1152.4 sec,0.75,0.750003903,-3.90E-06,56.61615167
1153 sec,0.75,0.750001917,-1.92E-06,55.26516752
1153.6 sec,0.75,0.750000648,-6.48E-07,54.40249375
1154.3 sec,0.75,0.750000501,-5.01E-07,54.30253171
1155.1 sec,0.75,0.750001276,-1.28E-06,54.82940586
1156 sec,0.75,0.750003628,-3.63E-06,56.42869405
1156.7 sec,0.75,0.750003164,-3.16E-06,56.11308718
1157.3 sec,0.75,0.750001063,-1.06E-06,54.68427499
1157.9 sec,0.75,0.750000469,-4.69E-07,54.28024343
1158.7 sec,0.75,0.750000709,-7.09E-07,54.44338127
1159.5 sec,0.75,0.750002415,-2.42E-06,55.60401289
1160.2 sec,0.75,0.750001105,-1.10E-06,54.71270852
1160.8 sec,0.75,0.750000505,-5.05E-07,54.30483704
1161.5 sec,0.75,0.750000723,-7.23E-07,54.45292634
1162.4 sec,0.75,0.750002263,-2.26E-06,55.50065915
1163.2 sec,0.75,0.750003904,-3.90E-06,56.61615169
1163.8 sec,0.75,0.750001917,-1.92E-06,55.26516754
1164.4 sec,0.75,0.750000649,-6.49E-07,54.40249377
1165.1 sec,0.75,0.750000502,-5.02E-07,54.30253173
1165.9 sec,0.75,0.750001276,-1.28E-06,54.82940587
1166.8 sec,0.75,0.750003628,-3.63E-06,56.42869406
1167.5 sec,0.75,0.750003164,-3.16E-06,56.11308719
1168.1 sec,0.75,0.750001063,-1.06E-06,54.684275
1168.7 sec,0.75,0.750000469,-4.69E-07,54.28024344
1169.5 sec,0.75,0.750000709,-7.09E-07,54.44338128
1170.3 sec,0.75,0.750002416,-2.42E-06,55.6040129
1171 sec,0.75,0.750001105,-1.10E-06,54.71270853
1171.6 sec,0.75,0.750000505,-5.05E-07,54.30483705
1172.4 sec,0.75,0.750000723,-7.23E-07,54.45292634
1173.2 sec,0.75,0.750002264,-2.26E-06,55.50065916
1174 sec,0.75,0.750003904,-3.90E-06,56.61615169
1174.6 sec,0.75,0.750001917,-1.92E-06,55.26516755
1175.2 sec,0.75,0.750000649,-6.49E-07,54.40249377
1175.9 sec,0.75,0.750000502,-5.02E-07,54.30253173
1176.7 sec,0.75,0.750001277,-1.28E-06,54.82940587
1177.6 sec,0.75,0.750003628,-3.63E-06,56.42869407
1178.3 sec,0.75,0.750003164,-3.16E-06,56.11308719
1178.9 sec,0.75,0.750001063,-1.06E-06,54.68427501
1179.5 sec,0.75,0.750000469,-4.69E-07,54.28024344
1180.3 sec,0.75,0.750000709,-7.09E-07,54.44338128
1181.1 sec,0.75,0.750002416,-2.42E-06,55.60401291
1181.8 sec,0.75,0.750001105,-1.11E-06,54.71270853
1182.4 sec,0.75,0.750000505,-5.05E-07,54.30483705
1183.2 sec,0.75,0.750000723,-7.23E-07,54.45292634
1184 sec,0.75,0.750002264,-2.26E-06,55.50065916
1184.8 sec,0.75,0.750003904,-3.90E-06,56.61615169
1185.4 sec,0.75,0.750001918,-1.92E-06,55.26516755
1186 sec,0.75,0.750000649,-6.49E-07,54.40249377
1186.7 sec,0.75,0.750000502,-5.02E-07,54.30253173
1187.6 sec,0.75,0.750001277,-1.28E-06,54.82940587
1188.4 sec,0.75,0.750003629,-3.63E-06,56.42869406
1189.1 sec,0.75,0.750003165,-3.16E-06,56.11308719
1189.7 sec,0.75,0.750001064,-1.06E-06,54.684275
1190.3 sec,0.75,0.750000469,-4.69E-07,54.28024344
1191.1 sec,0.75,0.750000709,-7.09E-07,54.44338128
1192 sec,0.75,0.750002416,-2.42E-06,55.6040129
1192.6 sec,0.75,0.750001105,-1.11E-06,54.71270852
1193.2 sec,0.75,0.750000506,-5.06E-07,54.30483705
1194 sec,0.75,0.750000723,-7.23E-07,54.45292634
1194.8 sec,0.75,0.750002264,-2.26E-06,55.50065915
1195.6 sec,0.75,0.750003904,-3.90E-06,56.61615169
1196.3 sec,0.75,0.750001918,-1.92E-06,55.26516754
1196.8 sec,0.75,0.750000649,-6.49E-07,54.40249377
1197.5 sec,0.75,0.750000502,-5.02E-07,54.30253173
1198.4 sec,0.75,0.750001277,-1.28E-06,54.82940587
1199.2 sec,0.75,0.750003629,-3.63E-06,56.42869406
1199.9 sec,0.75,0.750003165,-3.16E-06,56.11308719
1200.5 sec,0.75,0.750001064,-1.06E-06,54.684275
1201.1 sec,0.75,0.75000047,-4.70E-07,54.28024344
1201.9 sec,0.75,0.750000709,-7.09E-07,54.44338127
1202.8 sec,0.75,0.750002416,-2.42E-06,55.6040129
1203.4 sec,0.75,0.750001106,-1.11E-06,54.71270852
1204 sec,0.75,0.750000506,-5.06E-07,54.30483704
1204.8 sec,0.75,0.750000724,-7.24E-07,54.45292633
1205.6 sec,0.75,0.750002264,-2.26E-06,55.50065915
1206.4 sec,0.75,0.750003905,-3.90E-06,56.61615168
1207.1 sec,0.75,0.750001918,-1.92E-06,55.26516754
1207.7 sec,0.75,0.750000649,-6.49E-07,54.40249376
1208.3 sec,0.75,0.750000502,-5.02E-07,54.30253172
1209.2 sec,0.75,0.750001277,-1.28E-06,54.82940586
1210 sec,0.75,0.750003629,-3.63E-06,56.42869405
1210.7 sec,0.75,0.750003165,-3.16E-06,56.11308718
1211.3 sec,0.75,0.750001064,-1.06E-06,54.68427499
1211.9 sec,0.75,0.75000047,-4.70E-07,54.28024343
1212.7 sec,0.75,0.75000071,-7.10E-07,54.44338127
1213.6 sec,0.75,0.750002416,-2.42E-06,55.60401289
1214.2 sec,0.75,0.750001106,-1.11E-06,54.71270851
1214.8 sec,0.75,0.750000506,-5.06E-07,54.30483704
1215.6 sec,0.75,0.750000724,-7.24E-07,54.45292633
1216.5 sec,0.75,0.750002264,-2.26E-06,55.50065914
1217.2 sec,0.75,0.750003905,-3.90E-06,56.61615168
1217.9 sec,0.75,0.750001918,-1.92E-06,55.26516753
1218.5 sec,0.75,0.75000065,-6.50E-07,54.40249376
1219.2 sec,0.75,0.750000503,-5.03E-07,54.30253172
1220 sec,0.75,0.750001277,-1.28E-06,54.82940586
1220.8 sec,0.75,0.750003629,-3.63E-06,56.42869405
1221.5 sec,0.75,0.750003165,-3.16E-06,56.11308718
1222.1 sec,0.75,0.750001064,-1.06E-06,54.68427499
1222.8 sec,0.75,0.75000047,-4.70E-07,54.28024343
1223.5 sec,0.75,0.75000071,-7.10E-07,54.44338126
1224.4 sec,0.75,0.750002416,-2.42E-06,55.60401289
1225 sec,0.75,0.750001106,-1.11E-06,54.71270851
1225.6 sec,0.75,0.750000506,-5.06E-07,54.30483703
1226.4 sec,0.75,0.750000724,-7.24E-07,54.45292633
1227.3 sec,0.75,0.750002264,-2.26E-06,55.50065914
1228.1 sec,0.75,0.750003905,-3.90E-06,56.61615167
1228.7 sec,0.75,0.750001918,-1.92E-06,55.26516753
1229.3 sec,0.75,0.75000065,-6.50E-07,54.40249375
1230 sec,0.75,0.750000503,-5.03E-07,54.30253171
1230.8 sec,0.75,0.750001277,-1.28E-06,54.82940585
1231.7 sec,0.75,0.750003629,-3.63E-06,56.42869405
1232.4 sec,0.75,0.750003165,-3.17E-06,56.11308717
1232.9 sec,0.75,0.750001064,-1.06E-06,54.68427498
1233.6 sec,0.75,0.75000047,-4.70E-07,54.28024342
1234.3 sec,0.75,0.75000071,-7.10E-07,54.44338126
1235.2 sec,0.75,0.750002416,-2.42E-06,55.60401288
1235.8 sec,0.75,0.750001106,-1.11E-06,54.7127085
1236.5 sec,0.75,0.750000506,-5.06E-07,54.30483703
1237.2 sec,0.75,0.750000724,-7.24E-07,54.45292632
1238.1 sec,0.75,0.750002264,-2.26E-06,55.50065913
1238.9 sec,0.75,0.750003905,-3.90E-06,56.61615167
1239.5 sec,0.75,0.750001918,-1.92E-06,55.26516752
1240.1 sec,0.75,0.75000065,-6.50E-07,54.40249375
1240.8 sec,0.75,0.750000503,-5.03E-07,54.30253171
1241.6 sec,0.75,0.750001277,-1.28E-06,54.82940585
1242.5 sec,0.75,0.750003629,-3.63E-06,56.42869404
1243.2 sec,0.75,0.750003165,-3.17E-06,56.11308717
1243.8 sec,0.75,0.750001064,-1.06E-06,54.68427498
1244.4 sec,0.75,0.75000047,-4.70E-07,54.28024342
1245.1 sec,0.75,0.75000071,-7.10E-07,54.44338126
1246 sec,0.75,0.750002416,-2.42E-06,55.60401288
1246.6 sec,0.75,0.750001106,-1.11E-06,54.7127085
1247.3 sec,0.75,0.750000506,-5.06E-07,54.30483703
1248 sec,0.75,0.750000724,-7.24E-07,54.45292632
1248.9 sec,0.75,0.750002264,-2.26E-06,55.50065913
1249.7 sec,0.75,0.750003905,-3.90E-06,56.61615167
1250.3 sec,0.75,0.750001918,-1.92E-06,55.26516752
1250.9 sec,0.75,0.75000065,-6.50E-07,54.40249375
1251.6 sec,0.75,0.750000503,-5.03E-07,54.30253171
1252.4 sec,0.75,0.750001277,-1.28E-06,54.82940585
1253.3 sec,0.75,0.750003629,-3.63E-06,56.42869404
1254 sec,0.75,0.750003165,-3.17E-06,56.11308717
1254.6 sec,0.75,0.750001064,-1.06E-06,54.68427498
1255.2 sec,0.75,0.75000047,-4.70E-07,54.28024342
1256 sec,0.75,0.75000071,-7.10E-07,54.44338126
1256.8 sec,0.75,0.750002416,-2.42E-06,55.60401288
1257.5 sec,0.75,0.750001106,-1.11E-06,54.7127085
1258.1 sec,0.75,0.750000506,-5.06E-07,54.30483703
1258.8 sec,0.75,0.750000724,-7.24E-07,54.45292632
1259.7 sec,0.75,0.750002264,-2.26E-06,55.50065913
1260.5 sec,0.75,0.750003905,-3.90E-06,56.61615167
1261.1 sec,0.75,0.750001918,-1.92E-06,55.26516752
1261.7 sec,0.75,0.75000065,-6.50E-07,54.40249375
1262.4 sec,0.75,0.750000503,-5.03E-07,54.30253171
1263.2 sec,0.75,0.750001277,-1.28E-06,54.82940585
1264.1 sec,0.75,0.750003629,-3.63E-06,56.42869404
1264.8 sec,0.75,0.750003165,-3.17E-06,56.11308717
1265.4 sec,0.75,0.750001064,-1.06E-06,54.68427498
1266 sec,0.75,0.75000047,-4.70E-07,54.28024342
1266.8 sec,0.75,0.75000071,-7.10E-07,54.44338125
1267.6 sec,0.75,0.750002416,-2.42E-06,55.60401288
1268.3 sec,0.75,0.750001106,-1.11E-06,54.7127085
1268.9 sec,0.75,0.750000506,-5.06E-07,54.30483703
1269.7 sec,0.75,0.750000724,-7.24E-07,54.45292632
1270.5 sec,0.75,0.750002264,-2.26E-06,55.50065913
1271.3 sec,0.75,0.750003905,-3.90E-06,56.61615166
1271.9 sec,0.75,0.750001918,-1.92E-06,55.26516752
1272.5 sec,0.75,0.75000065,-6.50E-07,54.40249375
1273.2 sec,0.75,0.750000503,-5.03E-07,54.3025317
1274 sec,0.75,0.750001277,-1.28E-06,54.82940585
1274.9 sec,0.75,0.750003629,-3.63E-06,56.42869404
1275.6 sec,0.75,0.750003165,-3.17E-06,56.11308717
1276.2 sec,0.75,0.750001064,-1.06E-06,54.68427498
1276.8 sec,0.75,0.75000047,-4.70E-07,54.28024342
1277.6 sec,0.75,0.75000071,-7.10E-07,54.44338125
1278.4 sec,0.75,0.750002416,-2.42E-06,55.60401288
1279.1 sec,0.75,0.750001106,-1.11E-06,54.7127085
1279.7 sec,0.75,0.750000506,-5.06E-07,54.30483703
1280.5 sec,0.75,0.750000724,-7.24E-07,54.45292632
1281.3 sec,0.75,0.750002264,-2.26E-06,55.50065913
1282.1 sec,0.75,0.750003905,-3.90E-06,56.61615166
1282.7 sec,0.75,0.750001918,-1.92E-06,55.26516752
1283.3 sec,0.75,0.75000065,-6.50E-07,54.40249375
1284 sec,0.75,0.750000503,-5.03E-07,54.3025317
1284.9 sec,0.75,0.750001277,-1.28E-06,54.82940585
1285.7 sec,0.75,0.750003629,-3.63E-06,56.42869404
1286.4 sec,0.75,0.750003165,-3.17E-06,56.11308717
1287 sec,0.75,0.750001064,-1.06E-06,54.68427498
1287.6 sec,0.75,0.75000047,-4.70E-07,54.28024342
1288.4 sec,0.75,0.75000071,-7.10E-07,54.44338125
1289.3 sec,0.75,0.750002416,-2.42E-06,55.60401288
1289.9 sec,0.75,0.750001106,-1.11E-06,54.7127085
1290.5 sec,0.75,0.750000506,-5.06E-07,54.30483703
1291.3 sec,0.75,0.750000724,-7.24E-07,54.45292632
1292.1 sec,0.75,0.750002264,-2.26E-06,55.50065913
1292.9 sec,0.75,0.750003905,-3.90E-06,56.61615166
1293.6 sec,0.75,0.750001918,-1.92E-06,55.26516752
1294.1 sec,0.75,0.75000065,-6.50E-07,54.40249375
1294.8 sec,0.75,0.750000503,-5.03E-07,54.3025317
1295.7 sec,0.75,0.750001277,-1.28E-06,54.82940585
1296.5 sec,0.75,0.750003629,-3.63E-06,56.42869404
1297.2 sec,0.75,0.750003165,-3.17E-06,56.11308717
1297.8 sec,0.75,0.750001064,-1.06E-06,54.68427498
1298.4 sec,0.75,0.75000047,-4.70E-07,54.28024342
1299.2 sec,0.75,0.75000071,-7.10E-07,54.44338125
1300.1 sec,0.75,0.750002416,-2.42E-06,55.60401288
1300.7 sec,0.75,0.750001106,-1.11E-06,54.7127085
1301.3 sec,0.75,0.750000506,-5.06E-07,54.30483703
1302.1 sec,0.75,0.750000724,-7.24E-07,54.45292632
1302.9 sec,0.75,0.750002264,-2.26E-06,55.50065913
1303.7 sec,0.75,0.750003905,-3.90E-06,56.61615166
1304.4 sec,0.75,0.750001918,-1.92E-06,55.26516752
1305 sec,0.75,0.75000065,-6.50E-07,54.40249375
1305.6 sec,0.75,0.750000503,-5.03E-07,54.3025317
1306.5 sec,0.75,0.750001277,-1.28E-06,54.82940585
1307.3 sec,0.75,0.750003629,-3.63E-06,56.42869404
1308 sec,0.75,0.750003165,-3.17E-06,56.11308717
1308.6 sec,0.75,0.750001064,-1.06E-06,54.68427498
1309.2 sec,0.75,0.75000047,-4.70E-07,54.28024342
1310 sec,0.75,0.75000071,-7.10E-07,54.44338125
1310.9 sec,0.75,0.750002416,-2.42E-06,55.60401288
1311.5 sec,0.75,0.750001106,-1.11E-06,54.7127085
1312.1 sec,0.75,0.750000506,-5.06E-07,54.30483703
1312.9 sec,0.75,0.750000724,-7.24E-07,54.45292632
1313.8 sec,0.75,0.750002264,-2.26E-06,55.50065913
1314.5 sec,0.75,0.750003905,-3.90E-06,56.61615166
1315.2 sec,0.75,0.750001918,-1.92E-06,55.26516752
1315.8 sec,0.75,0.75000065,-6.50E-07,54.40249375
1316.5 sec,0.75,0.750000503,-5.03E-07,54.3025317
1317.3 sec,0.75,0.750001277,-1.28E-06,54.82940585
1318.1 sec,0.75,0.750003629,-3.63E-06,56.42869404
1318.8 sec,0.75,0.750003165,-3.17E-06,56.11308717
1319.4 sec,0.75,0.750001064,-1.06E-06,54.68427498
1320.1 sec,0.75,0.75000047,-4.70E-07,54.28024342
1320.8 sec,0.75,0.75000071,-7.10E-07,54.44338125
1321.7 sec,0.75,0.750002416,-2.42E-06,55.60401288
1322.3 sec,0.75,0.750001106,-1.11E-06,54.7127085
1322.9 sec,0.75,0.750000506,-5.06E-07,54.30483703
1323.7 sec,0.75,0.750000724,-7.24E-07,54.45292632
1324.6 sec,0.75,0.750002264,-2.26E-06,55.50065913
1325.4 sec,0.75,0.750003905,-3.90E-06,56.61615166
1326 sec,0.75,0.750001918,-1.92E-06,55.26516752
1326.6 sec,0.75,0.75000065,-6.50E-07,54.40249375
1327.3 sec,0.75,0.750000503,-5.03E-07,54.3025317
1328.1 sec,0.75,0.750001277,-1.28E-06,54.82940585
1329 sec,0.75,0.750003629,-3.63E-06,56.42869404
1329.7 sec,0.75,0.750003165,-3.17E-06,56.11308717
1330.2 sec,0.75,0.750001064,-1.06E-06,54.68427498
1330.9 sec,0.75,0.75000047,-4.70E-07,54.28024342
1331.6 sec,0.75,0.75000071,-7.10E-07,54.44338125
1332.5 sec,0.75,0.750002416,-2.42E-06,55.60401288
1333.1 sec,0.75,0.750001106,-1.11E-06,54.7127085
1333.8 sec,0.75,0.750000506,-5.06E-07,54.30483703
1334.5 sec,0.75,0.750000724,-7.24E-07,54.45292632
1335.4 sec,0.75,0.750002264,-2.26E-06,55.50065913
1336.2 sec,0.75,0.750003905,-3.90E-06,56.61615166
1336.8 sec,0.75,0.750001918,-1.92E-06,55.26516752
1337.4 sec,0.75,0.75000065,-6.50E-07,54.40249375
1338.1 sec,0.75,0.750000503,-5.03E-07,54.3025317
1338.9 sec,0.75,0.750001277,-1.28E-06,54.82940585
1339.8 sec,0.75,0.750003629,-3.63E-06,56.42869404
1340.5 sec,0.75,0.750003165,-3.17E-06,56.11308717
1341.1 sec,0.75,0.750001064,-1.06E-06,54.68427498
1341.7 sec,0.75,0.75000047,-4.70E-07,54.28024342
1342.4 sec,0.75,0.75000071,-7.10E-07,54.44338125
1343.3 sec,0.75,0.750002416,-2.42E-06,55.60401288
1343.9 sec,0.75,0.750001106,-1.11E-06,54.7127085
1344.6 sec,0.75,0.750000506,-5.06E-07,54.30483703
1345.3 sec,0.75,0.750000724,-7.24E-07,54.45292632
1346.2 sec,0.75,0.750002264,-2.26E-06,55.50065913
1347 sec,0.75,0.750003905,-3.90E-06,56.61615166
1347.6 sec,0.75,0.750001918,-1.92E-06,55.26516752
1348.2 sec,0.75,0.75000065,-6.50E-07,54.40249375
1348.9 sec,0.75,0.750000503,-5.03E-07,54.30253171
1349.7 sec,0.75,0.750001277,-1.28E-06,54.82940585
1350.6 sec,0.75,0.750003629,-3.63E-06,56.42869404
1351.3 sec,0.75,0.750003165,-3.17E-06,56.11308717
1351.9 sec,0.75,0.750001064,-1.06E-06,54.68427498
1352.5 sec,0.75,0.75000047,-4.70E-07,54.28024342
1353.3 sec,0.75,0.75000071,-7.10E-07,54.44338125
1354.1 sec,0.75,0.750002416,-2.42E-06,55.60401288
1354.8 sec,0.75,0.750001106,-1.11E-06,54.7127085
1355.4 sec,0.75,0.750000506,-5.06E-07,54.30483703
1356.1 sec,0.75,0.750000724,-7.24E-07,54.45292632
1357 sec,0.75,0.750002264,-2.26E-06,55.50065913
1357.8 sec,0.75,0.750003905,-3.90E-06,56.61615166
1358.4 sec,0.75,0.750001918,-1.92E-06,55.26516752
1359 sec,0.75,0.75000065,-6.50E-07,54.40249375
1359.7 sec,0.75,0.750000503,-5.03E-07,54.30253171
1360.5 sec,0.75,0.750001277,-1.28E-06,54.82940585
1361.4 sec,0.75,0.750003629,-3.63E-06,56.42869404
1362.1 sec,0.75,0.750003165,-3.17E-06,56.11308717
1362.7 sec,0.75,0.750001064,-1.06E-06,54.68427498
1363.3 sec,0.75,0.75000047,-4.70E-07,54.28024342
1364.1 sec,0.75,0.75000071,-7.10E-07,54.44338125
1364.9 sec,0.75,0.750002416,-2.42E-06,55.60401288
1365.6 sec,0.75,0.750001106,-1.11E-06,54.7127085
1366.2 sec,0.75,0.750000506,-5.06E-07,54.30483703
1367 sec,0.75,0.750000724,-7.24E-07,54.45292632
1367.8 sec,0.75,0.750002264,-2.26E-06,55.50065913
1368.6 sec,0.75,0.750003905,-3.90E-06,56.61615166
1369.2 sec,0.75,0.750001918,-1.92E-06,55.26516752
1369.8 sec,0.75,0.75000065,-6.50E-07,54.40249375
1370.5 sec,0.75,0.750000503,-5.03E-07,54.30253171
1371.3 sec,0.75,0.750001277,-1.28E-06,54.82940585
1372.2 sec,0.75,0.750003629,-3.63E-06,56.42869404
1372.9 sec,0.75,0.750003165,-3.17E-06,56.11308717
1373.5 sec,0.75,0.750001064,-1.06E-06,54.68427498
1374.1 sec,0.75,0.75000047,-4.70E-07,54.28024342
1374.9 sec,0.75,0.75000071,-7.10E-07,54.44338125
1375.7 sec,0.75,0.750002416,-2.42E-06,55.60401288
1376.4 sec,0.75,0.750001106,-1.11E-06,54.7127085
1377 sec,0.75,0.750000506,-5.06E-07,54.30483703
1377.8 sec,0.75,0.750000724,-7.24E-07,54.45292632
1378.6 sec,0.75,0.750002264,-2.26E-06,55.50065913
1379.4 sec,0.75,0.750003905,-3.90E-06,56.61615166
1380 sec,0.75,0.750001918,-1.92E-06,55.26516752
1380.6 sec,0.75,0.75000065,-6.50E-07,54.40249375
1381.3 sec,0.75,0.750000503,-5.03E-07,54.30253171
1382.2 sec,0.75,0.750001277,-1.28E-06,54.82940585
1383 sec,0.75,0.750003629,-3.63E-06,56.42869404
1383.7 sec,0.75,0.750003165,-3.17E-06,56.11308717
1384.3 sec,0.75,0.750001064,-1.06E-06,54.68427498
1384.9 sec,0.75,0.75000047,-4.70E-07,54.28024342
1385.7 sec,0.75,0.75000071,-7.10E-07,54.44338125
1386.6 sec,0.75,0.750002416,-2.42E-06,55.60401288
1387.2 sec,0.75,0.750001106,-1.11E-06,54.7127085
1387.8 sec,0.75,0.750000506,-5.06E-07,54.30483703
1388.6 sec,0.75,0.750000724,-7.24E-07,54.45292632
1389.4 sec,0.75,0.750002264,-2.26E-06,55.50065913
1390.2 sec,0.75,0.750003905,-3.90E-06,56.61615166
1390.9 sec,0.75,0.750001918,-1.92E-06,55.26516752
1391.4 sec,0.75,0.75000065,-6.50E-07,54.40249375
1392.1 sec,0.75,0.750000503,-5.03E-07,54.30253171
1393 sec,0.75,0.750001277,-1.28E-06,54.82940585
1393.8 sec,0.75,0.750003629,-3.63E-06,56.42869404
1394.5 sec,0.75,0.750003165,-3.17E-06,56.11308717
1395.1 sec,0.75,0.750001064,-1.06E-06,54.68427498
1395.7 sec,0.75,0.75000047,-4.70E-07,54.28024342
1396.5 sec,0.75,0.75000071,-7.10E-07,54.44338125
1397.4 sec,0.75,0.750002416,-2.42E-06,55.60401288
1398 sec,0.75,0.750001106,-1.11E-06,54.7127085
1398.6 sec,0.75,0.750000506,-5.06E-07,54.30483703
1399.4 sec,0.75,0.750000724,-7.24E-07,54.45292632
1400.2 sec,0.75,0.750002264,-2.26E-06,55.50065913
1401 sec,0.75,0.750003905,-3.90E-06,56.61615166
1401.7 sec,0.75,0.750001918,-1.92E-06,55.26516752
1402.3 sec,0.75,0.75000065,-6.50E-07,54.40249375
1402.9 sec,0.75,0.750000503,-5.03E-07,54.30253171
1403.8 sec,0.75,0.750001277,-1.28E-06,54.82940585
1404.6 sec,0.75,0.750003629,-3.63E-06,56.42869404
1405.3 sec,0.75,0.750003165,-3.17E-06,56.11308717
1405.9 sec,0.75,0.750001064,-1.06E-06,54.68427498
1406.5 sec,0.75,0.75000047,-4.70E-07,54.28024342
1407.3 sec,0.75,0.75000071,-7.10E-07,54.44338125
1408.2 sec,0.75,0.750002416,-2.42E-06,55.60401288
1408.8 sec,0.75,0.750001106,-1.11E-06,54.7127085
1409.4 sec,0.75,0.750000506,-5.06E-07,54.30483703
1410.2 sec,0.75,0.750000724,-7.24E-07,54.45292632
1411.1 sec,0.75,0.750002264,-2.26E-06,55.50065913
1411.8 sec,0.75,0.750003905,-3.90E-06,56.61615166
1412.5 sec,0.75,0.750001918,-1.92E-06,55.26516752
1413.1 sec,0.75,0.75000065,-6.50E-07,54.40249375
1413.8 sec,0.75,0.750000503,-5.03E-07,54.30253171
1414.6 sec,0.75,0.750001277,-1.28E-06,54.82940585
1415.4 sec,0.75,0.750003629,-3.63E-06,56.42869404
1416.1 sec,0.75,0.750003165,-3.17E-06,56.11308717
1416.7 sec,0.75,0.750001064,-1.06E-06,54.68427498
1417.4 sec,0.75,0.75000047,-4.70E-07,54.28024342
1418.1 sec,0.75,0.75000071,-7.10E-07,54.44338125
1419 sec,0.75,0.750002416,-2.42E-06,55.60401288
1419.6 sec,0.75,0.750001106,-1.11E-06,54.7127085
1420.2 sec,0.75,0.750000506,-5.06E-07,54.30483703
1421 sec,0.75,0.750000724,-7.24E-07,54.45292632
1421.9 sec,0.75,0.750002264,-2.26E-06,55.50065913
1422.7 sec,0.75,0.750003905,-3.90E-06,56.61615166
1423.3 sec,0.75,0.750001918,-1.92E-06,55.26516752
1423.9 sec,0.75,0.75000065,-6.50E-07,54.40249375
1424.6 sec,0.75,0.750000503,-5.03E-07,54.30253171
1425.4 sec,0.75,0.750001277,-1.28E-06,54.82940585
1426.3 sec,0.75,0.750003629,-3.63E-06,56.42869404
1427 sec,0.75,0.750003165,-3.17E-06,56.11308717
1427.5 sec,0.75,0.750001064,-1.06E-06,54.68427498
1428.2 sec,0.75,0.75000047,-4.70E-07,54.28024342
1428.9 sec,0.75,0.75000071,-7.10E-07,54.44338125
1429.8 sec,0.75,0.750002416,-2.42E-06,55.60401288
1430.4 sec,0.75,0.750001106,-1.11E-06,54.7127085
1431.1 sec,0.75,0.750000506,-5.06E-07,54.30483703
1431.8 sec,0.75,0.750000724,-7.24E-07,54.45292632
1432.7 sec,0.75,0.750002264,-2.26E-06,55.50065913
1433.5 sec,0.75,0.750003905,-3.90E-06,56.61615166
1434.1 sec,0.75,0.750001918,-1.92E-06,55.26516752
1434.7 sec,0.75,0.75000065,-6.50E-07,54.40249375
1435.4 sec,0.75,0.750000503,-5.03E-07,54.30253171
1436.2 sec,0.75,0.750001277,-1.28E-06,54.82940585
1437.1 sec,0.75,0.750003629,-3.63E-06,56.42869404
1437.8 sec,0.75,0.750003165,-3.17E-06,56.11308717
1438.4 sec,0.75,0.750001064,-1.06E-06,54.68427498
1439 sec,0.75,0.75000047,-4.70E-07,54.28024342
1439.7 sec,0.75,0.75000071,-7.10E-07,54.44338125
1440.6 sec,0.75,0.750002416,-2.42E-06,55.60401288
1441.2 sec,0.75,0.750001106,-1.11E-06,54.7127085
1441.9 sec,0.75,0.750000506,-5.06E-07,54.30483703
1442.6 sec,0.75,0.750000724,-7.24E-07,54.45292632
1443.5 sec,0.75,0.750002264,-2.26E-06,55.50065913
1444.3 sec,0.75,0.750003905,-3.90E-06,56.61615166
1444.9 sec,0.75,0.750001918,-1.92E-06,55.26516752
1445.5 sec,0.75,0.75000065,-6.50E-07,54.40249375
1446.2 sec,0.75,0.750000503,-5.03E-07,54.30253171
1447 sec,0.75,0.750001277,-1.28E-06,54.82940585
1447.9 sec,0.75,0.750003629,-3.63E-06,56.42869404
1448.6 sec,0.75,0.750003165,-3.17E-06,56.11308717
1449.2 sec,0.75,0.750001064,-1.06E-06,54.68427498
1449.8 sec,0.75,0.75000047,-4.70E-07,54.28024342
1450.6 sec,0.75,0.75000071,-7.10E-07,54.44338125
1451.4 sec,0.75,0.750002416,-2.42E-06,55.60401288
1452.1 sec,0.75,0.750001106,-1.11E-06,54.7127085
1452.7 sec,0.75,0.750000506,-5.06E-07,54.30483703
1453.4 sec,0.75,0.750000724,-7.24E-07,54.45292632
1454.3 sec,0.75,0.750002264,-2.26E-06,55.50065913
1455.1 sec,0.75,0.750003905,-3.90E-06,56.61615166
1455.7 sec,0.75,0.750001918,-1.92E-06,55.26516752
1456.3 sec,0.75,0.75000065,-6.50E-07,54.40249375
1457 sec,0.75,0.750000503,-5.03E-07,54.30253171
1457.8 sec,0.75,0.750001277,-1.28E-06,54.82940585
1458.7 sec,0.75,0.750003629,-3.63E-06,56.42869404
1459.4 sec,0.75,0.750003165,-3.17E-06,56.11308717
1460 sec,0.75,0.750001064,-1.06E-06,54.68427498
1460.6 sec,0.75,0.75000047,-4.70E-07,54.28024342
1461.4 sec,0.75,0.75000071,-7.10E-07,54.44338125
1462.2 sec,0.75,0.750002416,-2.42E-06,55.60401288
1462.9 sec,0.75,0.750001106,-1.11E-06,54.7127085
1463.5 sec,0.75,0.750000506,-5.06E-07,54.30483703
1464.3 sec,0.75,0.750000724,-7.24E-07,54.45292632
1465.1 sec,0.75,0.750002264,-2.26E-06,55.50065913
1465.9 sec,0.75,0.750003905,-3.90E-06,56.61615166
1466.5 sec,0.75,0.750001918,-1.92E-06,55.26516752
1467.1 sec,0.75,0.75000065,-6.50E-07,54.40249375
1467.8 sec,0.75,0.750000503,-5.03E-07,54.30253171
1468.6 sec,0.75,0.750001277,-1.28E-06,54.82940585
1469.5 sec,0.75,0.750003629,-3.63E-06,56.42869404
1470.2 sec,0.75,0.750003165,-3.17E-06,56.11308717
1470.8 sec,0.75,0.750001064,-1.06E-06,54.68427498
1471.4 sec,0.75,0.75000047,-4.70E-07,54.28024342
1472.2 sec,0.75,0.75000071,-7.10E-07,54.44338125
1473 sec,0.75,0.750002416,-2.42E-06,55.60401288
1473.7 sec,0.75,0.750001106,-1.11E-06,54.7127085
1474.3 sec,0.75,0.750000506,-5.06E-07,54.30483703
1475.1 sec,0.75,0.750000724,-7.24E-07,54.45292632
1475.9 sec,0.75,0.750002264,-2.26E-06,55.50065913
1476.7 sec,0.75,0.750003905,-3.90E-06,56.61615166
1477.3 sec,0.75,0.750001918,-1.92E-06,55.26516752
1477.9 sec,0.75,0.75000065,-6.50E-07,54.40249375
1478.6 sec,0.75,0.750000503,-5.03E-07,54.30253171
1479.5 sec,0.75,0.750001277,-1.28E-06,54.82940585
1480.3 sec,0.75,0.750003629,-3.63E-06,56.42869404
1481 sec,0.75,0.750003165,-3.17E-06,56.11308717
1481.6 sec,0.75,0.750001064,-1.06E-06,54.68427498
1482.2 sec,0.75,0.75000047,-4.70E-07,54.28024342
1483 sec,0.75,0.75000071,-7.10E-07,54.44338125
1483.9 sec,0.75,0.750002416,-2.42E-06,55.60401288
1484.5 sec,0.75,0.750001106,-1.11E-06,54.7127085
1485.1 sec,0.75,0.750000506,-5.06E-07,54.30483703
1485.9 sec,0.75,0.750000724,-7.24E-07,54.45292632
1486.7 sec,0.75,0.750002264,-2.26E-06,55.50065913
1487.5 sec,0.75,0.750003905,-3.90E-06,56.61615166
1488.2 sec,0.75,0.750001918,-1.92E-06,55.26516752
1488.7 sec,0.75,0.75000065,-6.50E-07,54.40249375
1489.4 sec,0.75,0.750000503,-5.03E-07,54.30253171
1490.3 sec,0.75,0.750001277,-1.28E-06,54.82940585
1491.1 sec,0.75,0.750003629,-3.63E-06,56.42869404
1491.8 sec,0.75,0.750003165,-3.17E-06,56.11308717
1492.4 sec,0.75,0.750001064,-1.06E-06,54.68427498
1493 sec,0.75,0.75000047,-4.70E-07,54.28024342
1493.8 sec,0.75,0.75000071,-7.10E-07,54.44338125
1494.7 sec,0.75,0.750002416,-2.42E-06,55.60401288
1495.3 sec,0.75,0.750001106,-1.11E-06,54.7127085
1495.9 sec,0.75,0.750000506,-5.06E-07,54.30483703
1496.7 sec,0.75,0.750000724,-7.24E-07,54.45292632
1497.5 sec,0.75,0.750002264,-2.26E-06,55.50065913
1498.3 sec,0.75,0.750003905,-3.90E-06,56.61615166
1499 sec,0.75,0.750001918,-1.92E-06,55.26516752
1499.6 sec,0.75,0.75000065,-6.50E-07,54.40249375
1500.2 sec,0.75,0.750000503,-5.03E-07,54.30253171
1501.1 sec,0.75,0.750001277,-1.28E-06,54.82940585
1501.9 sec,0.75,0.750003629,-3.63E-06,56.42869404
1502.6 sec,0.75,0.750003165,-3.17E-06,56.11308717
1503.2 sec,0.75,0.750001064,-1.06E-06,54.68427498
1503.8 sec,0.75,0.75000047,-4.70E-07,54.28024342
1504.6 sec,0.75,0.75000071,-7.10E-07,54.44338125
1505.5 sec,0.75,0.750002416,-2.42E-06,55.60401288
1506.1 sec,0.75,0.750001106,-1.11E-06,54.7127085
1506.7 sec,0.75,0.750000506,-5.06E-07,54.30483703
1507.5 sec,0.75,0.750000724,-7.24E-07,54.45292632
1508.4 sec,0.75,0.750002264,-2.26E-06,55.50065913
1509.1 sec,0.75,0.750003905,-3.90E-06,56.61615166
1509.8 sec,0.75,0.750001918,-1.92E-06,55.26516752
1510.4 sec,0.75,0.75000065,-6.50E-07,54.40249375
1511.1 sec,0.75,0.750000503,-5.03E-07,54.30253171
1511.9 sec,0.75,0.750001277,-1.28E-06,54.82940585
1512.7 sec,0.75,0.750003629,-3.63E-06,56.42869404
1513.4 sec,0.75,0.750003165,-3.17E-06,56.11308717
1514 sec,0.75,0.750001064,-1.06E-06,54.68427498
1514.7 sec,0.75,0.75000047,-4.70E-07,54.28024342
1515.4 sec,0.75,0.75000071,-7.10E-07,54.44338125
1516.3 sec,0.75,0.750002416,-2.42E-06,55.60401288
1516.9 sec,0.75,0.750001106,-1.11E-06,54.7127085
1517.5 sec,0.75,0.750000506,-5.06E-07,54.30483703
1518.3 sec,0.75,0.750000724,-7.24E-07,54.45292632
1519.2 sec,0.75,0.750002264,-2.26E-06,55.50065913
1520 sec,0.75,0.750003905,-3.90E-06,56.61615166
1520.6 sec,0.75,0.750001918,-1.92E-06,55.26516752
1521.2 sec,0.75,0.75000065,-6.50E-07,54.40249375
1521.9 sec,0.75,0.750000503,-5.03E-07,54.30253171
1522.7 sec,0.75,0.750001277,-1.28E-06,54.82940585
1523.6 sec,0.75,0.750003629,-3.63E-06,56.42869404
1524.3 sec,0.75,0.750003165,-3.17E-06,56.11308717
1524.8 sec,0.75,0.750001064,-1.06E-06,54.68427498
1525.5 sec,0.75,0.75000047,-4.70E-07,54.28024342
1526.2 sec,0.75,0.75000071,-7.10E-07,54.44338125
1527.1 sec,0.75,0.750002416,-2.42E-06,55.60401288
1527.7 sec,0.75,0.750001106,-1.11E-06,54.7127085
1528.4 sec,0.75,0.750000506,-5.06E-07,54.30483703
1529.1 sec,0.75,0.750000724,-7.24E-07,54.45292632
1530 sec,0.75,0.750002264,-2.26E-06,55.50065913
1530.8 sec,0.75,0.750003905,-3.90E-06,56.61615166
1531.4 sec,0.75,0.750001918,-1.92E-06,55.26516752
1532 sec,0.75,0.75000065,-6.50E-07,54.40249375
1532.7 sec,0.75,0.750000503,-5.03E-07,54.30253171
1533.5 sec,0.75,0.750001277,-1.28E-06,54.82940585
1534.4 sec,0.75,0.750003629,-3.63E-06,56.42869404
1535.1 sec,0.75,0.750003165,-3.17E-06,56.11308717
1535.7 sec,0.75,0.750001064,-1.06E-06,54.68427498
1536.3 sec,0.75,0.75000047,-4.70E-07,54.28024342
1537 sec,0.75,0.75000071,-7.10E-07,54.44338125
1537.9 sec,0.75,0.750002416,-2.42E-06,55.60401288
1538.5 sec,0.75,0.750001106,-1.11E-06,54.7127085
1539.2 sec,0.75,0.750000506,-5.06E-07,54.30483703
1539.9 sec,0.75,0.750000724,-7.24E-07,54.45292632
1540.8 sec,0.75,0.750002264,-2.26E-06,55.50065913
1541.6 sec,0.75,0.750003905,-3.90E-06,56.61615166
1542.2 sec,0.75,0.750001918,-1.92E-06,55.26516752
1542.8 sec,0.75,0.75000065,-6.50E-07,54.40249375
1543.5 sec,0.75,0.750000503,-5.03E-07,54.30253171
1544.3 sec,0.75,0.750001277,-1.28E-06,54.82940585
1545.2 sec,0.75,0.750003629,-3.63E-06,56.42869404
1545.9 sec,0.75,0.750003165,-3.17E-06,56.11308717
1546.5 sec,0.75,0.750001064,-1.06E-06,54.68427498
1547.1 sec,0.75,0.75000047,-4.70E-07,54.28024342
1547.9 sec,0.75,0.75000071,-7.10E-07,54.44338125
1548.7 sec,0.75,0.750002416,-2.42E-06,55.60401288
1549.4 sec,0.75,0.750001106,-1.11E-06,54.7127085
1550 sec,0.75,0.750000506,-5.06E-07,54.30483703
1550.7 sec,0.75,0.750000724,-7.24E-07,54.45292632
1551.6 sec,0.75,0.750002264,-2.26E-06,55.50065913
1552.4 sec,0.75,0.750003905,-3.90E-06,56.61615166
1553 sec,0.75,0.750001918,-1.92E-06,55.26516752
1553.6 sec,0.75,0.75000065,-6.50E-07,54.40249375
1554.3 sec,0.75,0.750000503,-5.03E-07,54.30253171
1555.1 sec,0.75,0.750001277,-1.28E-06,54.82940585
1556 sec,0.75,0.750003629,-3.63E-06,56.42869404
1556.7 sec,0.75,0.750003165,-3.17E-06,56.11308717
1557.3 sec,0.75,0.750001064,-1.06E-06,54.68427498
1557.9 sec,0.75,0.75000047,-4.70E-07,54.28024342
1558.7 sec,0.75,0.75000071,-7.10E-07,54.44338125
1559.5 sec,0.75,0.750002416,-2.42E-06,55.60401288
1560.2 sec,0.75,0.750001106,-1.11E-06,54.7127085
1560.8 sec,0.75,0.750000506,-5.06E-07,54.30483703
1561.6 sec,0.75,0.750000724,-7.24E-07,54.45292632
1562.4 sec,0.75,0.750002264,-2.26E-06,55.50065913
1563.2 sec,0.75,0.750003905,-3.90E-06,56.61615166
1563.8 sec,0.75,0.750001918,-1.92E-06,55.26516752
1564.4 sec,0.75,0.75000065,-6.50E-07,54.40249375
1565.1 sec,0.75,0.750000503,-5.03E-07,54.30253171
1565.9 sec,0.75,0.750001277,-1.28E-06,54.82940585
1566.8 sec,0.75,0.750003629,-3.63E-06,56.42869404
1567.5 sec,0.75,0.750003165,-3.17E-06,56.11308717
1568.1 sec,0.75,0.750001064,-1.06E-06,54.68427498
1568.7 sec,0.75,0.75000047,-4.70E-07,54.28024342
1569.5 sec,0.75,0.75000071,-7.10E-07,54.44338125
1570.3 sec,0.75,0.750002416,-2.42E-06,55.60401288
1571 sec,0.75,0.750001106,-1.11E-06,54.7127085
1571.6 sec,0.75,0.750000506,-5.06E-07,54.30483703
1572.4 sec,0.75,0.750000724,-7.24E-07,54.45292632
1573.2 sec,0.75,0.750002264,-2.26E-06,55.50065913
1574 sec,0.75,0.750003905,-3.90E-06,56.61615166
1574.6 sec,0.75,0.750001918,-1.92E-06,55.26516752
1575.2 sec,0.75,0.75000065,-6.50E-07,54.40249375
1575.9 sec,0.75,0.750000503,-5.03E-07,54.30253171
1576.8 sec,0.75,0.750001277,-1.28E-06,54.82940585
1577.6 sec,0.75,0.750003629,-3.63E-06,56.42869404
1578.3 sec,0.75,0.750003165,-3.17E-06,56.11308717
1578.9 sec,0.75,0.750001064,-1.06E-06,54.68427498
1579.5 sec,0.75,0.75000047,-4.70E-07,54.28024342
1580.3 sec,0.75,0.75000071,-7.10E-07,54.44338125
1581.2 sec,0.75,0.750002416,-2.42E-06,55.60401288
1581.8 sec,0.75,0.750001106,-1.11E-06,54.7127085
1582.4 sec,0.75,0.750000506,-5.06E-07,54.30483703
1583.2 sec,0.75,0.750000724,-7.24E-07,54.45292632
1584 sec,0.75,0.750002264,-2.26E-06,55.50065913
1584.8 sec,0.75,0.750003905,-3.90E-06,56.61615166
1585.5 sec,0.75,0.750001918,-1.92E-06,55.26516752
1586 sec,0.75,0.75000065,-6.50E-07,54.40249375
1586.7 sec,0.75,0.750000503,-5.03E-07,54.30253171
1587.6 sec,0.75,0.750001277,-1.28E-06,54.82940585
1588.4 sec,0.75,0.750003629,-3.63E-06,56.42869404
1589.1 sec,0.75,0.750003165,-3.17E-06,56.11308717
1589.7 sec,0.75,0.750001064,-1.06E-06,54.68427498
1590.3 sec,0.75,0.75000047,-4.70E-07,54.28024342
1591.1 sec,0.75,0.75000071,-7.10E-07,54.44338125
1592 sec,0.75,0.750002416,-2.42E-06,55.60401288
1592.6 sec,0.75,0.750001106,-1.11E-06,54.7127085
1593.2 sec,0.75,0.750000506,-5.06E-07,54.30483703
1594 sec,0.75,0.750000724,-7.24E-07,54.45292632
1594.8 sec,0.75,0.750002264,-2.26E-06,55.50065913
1595.6 sec,0.75,0.750003905,-3.90E-06,56.61615166
1596.3 sec,0.75,0.750001918,-1.92E-06,55.26516752
1596.9 sec,0.75,0.75000065,-6.50E-07,54.40249375
1597.5 sec,0.75,0.750000503,-5.03E-07,54.30253171
1598.4 sec,0.75,0.750001277,-1.28E-06,54.82940585
1599.2 sec,0.75,0.750003629,-3.63E-06,56.42869404
1599.9 sec,0.75,0.750003165,-3.17E-06,56.11308717
1600.5 sec,0.75,0.750001064,-1.06E-06,54.68427498
1601.1 sec,0.75,0.75000047,-4.70E-07,54.28024342
1601.9 sec,0.75,0.75000071,-7.10E-07,54.44338125
1602.8 sec,0.75,0.750002416,-2.42E-06,55.60401288
1603.4 sec,0.75,0.750001106,-1.11E-06,54.7127085
1604 sec,0.75,0.750000506,-5.06E-07,54.30483703
1604.8 sec,0.75,0.750000724,-7.24E-07,54.45292632
1605.7 sec,0.75,0.750002264,-2.26E-06,55.50065913
1606.4 sec,0.75,0.750003905,-3.90E-06,56.61615166
1607.1 sec,0.75,0.750001918,-1.92E-06,55.26516752
1607.7 sec,0.75,0.75000065,-6.50E-07,54.40249375
1608.4 sec,0.75,0.750000503,-5.03E-07,54.30253171
1609.2 sec,0.75,0.750001277,-1.28E-06,54.82940585
1610 sec,0.75,0.750003629,-3.63E-06,56.42869404
1610.7 sec,0.75,0.750003165,-3.17E-06,56.11308717
1611.3 sec,0.75,0.750001064,-1.06E-06,54.68427498
1612 sec,0.75,0.75000047,-4.70E-07,54.28024342
1612.7 sec,0.75,0.75000071,-7.10E-07,54.44338125
1613.6 sec,0.75,0.750002416,-2.42E-06,55.60401288
1614.2 sec,0.75,0.750001106,-1.11E-06,54.7127085
1614.8 sec,0.75,0.750000506,-5.06E-07,54.30483703
1615.6 sec,0.75,0.750000724,-7.24E-07,54.45292632
1616.5 sec,0.75,0.750002264,-2.26E-06,55.50065913
1617.3 sec,0.75,0.750003905,-3.90E-06,56.61615166
1617.9 sec,0.75,0.750001918,-1.92E-06,55.26516752
1618.5 sec,0.75,0.75000065,-6.50E-07,54.40249375
1619.2 sec,0.75,0.750000503,-5.03E-07,54.30253171
1620 sec,0.75,0.750001277,-1.28E-06,54.82940585
1620.8 sec,0.75,0.750003629,-3.63E-06,56.42869404
1621.6 sec,0.75,0.750003165,-3.17E-06,56.11308717
1622.1 sec,0.75,0.750001064,-1.06E-06,54.68427498
1622.8 sec,0.75,0.75000047,-4.70E-07,54.28024342
1623.5 sec,0.75,0.75000071,-7.10E-07,54.44338125
1624.4 sec,0.75,0.750002416,-2.42E-06,55.60401288
1625 sec,0.75,0.750001106,-1.11E-06,54.7127085
1625.7 sec,0.75,0.750000506,-5.06E-07,54.30483703
1626.4 sec,0.75,0.750000724,-7.24E-07,54.45292632
1627.3 sec,0.75,0.750002264,-2.26E-06,55.50065913
1628.1 sec,0.75,0.750003905,-3.90E-06,56.61615166
1628.7 sec,0.75,0.750001918,-1.92E-06,55.26516752
1629.3 sec,0.75,0.75000065,-6.50E-07,54.40249375
1630 sec,0.75,0.750000503,-5.03E-07,54.30253171
1630.8 sec,0.75,0.750001277,-1.28E-06,54.82940585
1631.7 sec,0.75,0.750003629,-3.63E-06,56.42869404
1632.4 sec,0.75,0.750003165,-3.17E-06,56.11308717
1633 sec,0.75,0.750001064,-1.06E-06,54.68427498
1633.6 sec,0.75,0.75000047,-4.70E-07,54.28024342
1634.3 sec,0.75,0.75000071,-7.10E-07,54.44338125
1635.2 sec,0.75,0.750002416,-2.42E-06,55.60401288
1635.8 sec,0.75,0.750001106,-1.11E-06,54.7127085
1636.5 sec,0.75,0.750000506,-5.06E-07,54.30483703
1637.2 sec,0.75,0.750000724,-7.24E-07,54.45292632
1638.1 sec,0.75,0.750002264,-2.26E-06,55.50065913
1638.9 sec,0.75,0.750003905,-3.90E-06,56.61615166
1639.5 sec,0.75,0.750001918,-1.92E-06,55.26516752
1640.1 sec,0.75,0.75000065,-6.50E-07,54.40249375
1640.8 sec,0.75,0.750000503,-5.03E-07,54.30253171
1641.6 sec,0.75,0.750001277,-1.28E-06,54.82940585
1642.5 sec,0.75,0.750003629,-3.63E-06,56.42869404
1643.2 sec,0.75,0.750003165,-3.17E-06,56.11308717
1643.8 sec,0.75,0.750001064,-1.06E-06,54.68427498
1644.4 sec,0.75,0.75000047,-4.70E-07,54.28024342
1645.2 sec,0.75,0.75000071,-7.10E-07,54.44338125
1646 sec,0.75,0.750002416,-2.42E-06,55.60401288
1646.7 sec,0.75,0.750001106,-1.11E-06,54.7127085
1647.3 sec,0.75,0.750000506,-5.06E-07,54.30483703
1648 sec,0.75,0.750000724,-7.24E-07,54.45292632
1648.9 sec,0.75,0.750002264,-2.26E-06,55.50065913
1649.7 sec,0.75,0.750003905,-3.90E-06,56.61615166
1650.3 sec,0.75,0.750001918,-1.92E-06,55.26516752
1650.9 sec,0.75,0.75000065,-6.50E-07,54.40249375
1651.6 sec,0.75,0.750000503,-5.03E-07,54.30253171
1652.4 sec,0.75,0.750001277,-1.28E-06,54.82940585
1653.3 sec,0.75,0.750003629,-3.63E-06,56.42869404
1654 sec,0.75,0.750003165,-3.17E-06,56.11308717
1654.6 sec,0.75,0.750001064,-1.06E-06,54.68427498
1655.2 sec,0.75,0.75000047,-4.70E-07,54.28024342
1656 sec,0.75,0.75000071,-7.10E-07,54.44338125
1656.8 sec,0.75,0.750002416,-2.42E-06,55.60401288
1657.5 sec,0.75,0.750001106,-1.11E-06,54.7127085
1658.1 sec,0.75,0.750000506,-5.06E-07,54.30483703
1658.9 sec,0.75,0.750000724,-7.24E-07,54.45292632
1659.7 sec,0.75,0.750002264,-2.26E-06,55.50065913
1660.5 sec,0.75,0.750003905,-3.90E-06,56.61615166
1661.1 sec,0.75,0.750001918,-1.92E-06,55.26516752
1661.7 sec,0.75,0.75000065,-6.50E-07,54.40249375
1662.4 sec,0.75,0.750000503,-5.03E-07,54.30253171
1663.2 sec,0.75,0.750001277,-1.28E-06,54.82940585
1664.1 sec,0.75,0.750003629,-3.63E-06,56.42869404
1664.8 sec,0.75,0.750003165,-3.17E-06,56.11308717
1665.4 sec,0.75,0.750001064,-1.06E-06,54.68427498
1666 sec,0.75,0.75000047,-4.70E-07,54.28024342
1666.8 sec,0.75,0.75000071,-7.10E-07,54.44338125
1667.6 sec,0.75,0.750002416,-2.42E-06,55.60401288
1668.3 sec,0.75,0.750001106,-1.11E-06,54.7127085
1668.9 sec,0.75,0.750000506,-5.06E-07,54.30483703
1669.7 sec,0.75,0.750000724,-7.24E-07,54.45292632
1670.5 sec,0.75,0.750002264,-2.26E-06,55.50065913
1671.3 sec,0.75,0.750003905,-3.90E-06,56.61615166
1671.9 sec,0.75,0.750001918,-1.92E-06,55.26516752
1672.5 sec,0.75,0.75000065,-6.50E-07,54.40249375
1673.2 sec,0.75,0.750000503,-5.03E-07,54.30253171
1674.1 sec,0.75,0.750001277,-1.28E-06,54.82940585
1674.9 sec,0.75,0.750003629,-3.63E-06,56.42869404
1675.6 sec,0.75,0.750003165,-3.17E-06,56.11308717
1676.2 sec,0.75,0.750001064,-1.06E-06,54.68427498
1676.8 sec,0.75,0.75000047,-4.70E-07,54.28024342
1677.6 sec,0.75,0.75000071,-7.10E-07,54.44338125
1678.5 sec,0.75,0.750002416,-2.42E-06,55.60401288
1679.1 sec,0.75,0.750001106,-1.11E-06,54.7127085
1679.7 sec,0.75,0.750000506,-5.06E-07,54.30483703
1680.5 sec,0.75,0.750000724,-7.24E-07,54.45292632
1681.3 sec,0.75,0.750002264,-2.26E-06,55.50065913
1682.1 sec,0.75,0.750003905,-3.90E-06,56.61615166
1682.8 sec,0.75,0.750001918,-1.92E-06,55.26516752
1683.3 sec,0.75,0.75000065,-6.50E-07,54.40249375
1684 sec,0.75,0.750000503,-5.03E-07,54.30253171
1684.9 sec,0.75,0.750001277,-1.28E-06,54.82940585
1685.7 sec,0.75,0.750003629,-3.63E-06,56.42869404
1686.4 sec,0.75,0.750003165,-3.17E-06,56.11308717
1687 sec,0.75,0.750001064,-1.06E-06,54.68427498
1687.6 sec,0.75,0.75000047,-4.70E-07,54.28024342
1688.4 sec,0.75,0.75000071,-7.10E-07,54.44338125
1689.3 sec,0.75,0.750002416,-2.42E-06,55.60401288
1689.9 sec,0.75,0.750001106,-1.11E-06,54.7127085
1690.5 sec,0.75,0.750000506,-5.06E-07,54.30483703
1691.3 sec,0.75,0.750000724,-7.24E-07,54.45292632
1692.1 sec,0.75,0.750002264,-2.26E-06,55.50065913
1692.9 sec,0.75,0.750003905,-3.90E-06,56.61615166
1693.6 sec,0.75,0.750001918,-1.92E-06,55.26516752
1694.2 sec,0.75,0.75000065,-6.50E-07,54.40249375
1694.8 sec,0.75,0.750000503,-5.03E-07,54.30253171
1695.7 sec,0.75,0.750001277,-1.28E-06,54.82940585
1696.5 sec,0.75,0.750003629,-3.63E-06,56.42869404
1697.2 sec,0.75,0.750003165,-3.17E-06,56.11308717
1697.8 sec,0.75,0.750001064,-1.06E-06,54.68427498
1698.4 sec,0.75,0.75000047,-4.70E-07,54.28024342
1699.2 sec,0.75,0.75000071,-7.10E-07,54.44338125
1700.1 sec,0.75,0.750002416,-2.42E-06,55.60401288
1700.7 sec,0.75,0.750001106,-1.11E-06,54.7127085
1701.3 sec,0.75,0.750000506,-5.06E-07,54.30483703
1702.1 sec,0.75,0.750000724,-7.24E-07,54.45292632
1703 sec,0.75,0.750002264,-2.26E-06,55.50065913
1703.7 sec,0.75,0.750003905,-3.90E-06,56.61615166
1704.4 sec,0.75,0.750001918,-1.92E-06,55.26516752
1705 sec,0.75,0.75000065,-6.50E-07,54.40249375
1705.7 sec,0.75,0.750000503,-5.03E-07,54.30253171
1706.5 sec,0.75,0.750001277,-1.28E-06,54.82940585
1707.3 sec,0.75,0.750003629,-3.63E-06,56.42869404
1708 sec,0.75,0.750003165,-3.17E-06,56.11308717
1708.6 sec,0.75,0.750001064,-1.06E-06,54.68427498
1709.3 sec,0.75,0.75000047,-4.70E-07,54.28024342
1710 sec,0.75,0.75000071,-7.10E-07,54.44338125
1710.9 sec,0.75,0.750002416,-2.42E-06,55.60401288
1711.5 sec,0.75,0.750001106,-1.11E-06,54.7127085
1712.1 sec,0.75,0.750000506,-5.06E-07,54.30483703
1712.9 sec,0.75,0.750000724,-7.24E-07,54.45292632
1713.8 sec,0.75,0.750002264,-2.26E-06,55.50065913
1714.6 sec,0.75,0.750003905,-3.90E-06,56.61615166
1715.2 sec,0.75,0.750001918,-1.92E-06,55.26516752
1715.8 sec,0.75,0.75000065,-6.50E-07,54.40249375
1716.5 sec,0.75,0.750000503,-5.03E-07,54.30253171
1717.3 sec,0.75,0.750001277,-1.28E-06,54.82940585
1718.1 sec,0.75,0.750003629,-3.63E-06,56.42869404
1718.9 sec,0.75,0.750003165,-3.17E-06,56.11308717
1719.4 sec,0.75,0.750001064,-1.06E-06,54.68427498
1720.1 sec,0.75,0.75000047,-4.70E-07,54.28024342
1720.8 sec,0.75,0.75000071,-7.10E-07,54.44338125
1721.7 sec,0.75,0.750002416,-2.42E-06,55.60401288
1722.3 sec,0.75,0.750001106,-1.11E-06,54.7127085
1723 sec,0.75,0.750000506,-5.06E-07,54.30483703
1723.7 sec,0.75,0.750000724,-7.24E-07,54.45292632
1724.6 sec,0.75,0.750002264,-2.26E-06,55.50065913
1725.4 sec,0.75,0.750003905,-3.90E-06,56.61615166
1726 sec,0.75,0.750001918,-1.92E-06,55.26516752
1726.6 sec,0.75,0.75000065,-6.50E-07,54.40249375
1727.3 sec,0.75,0.750000503,-5.03E-07,54.30253171
1728.1 sec,0.75,0.750001277,-1.28E-06,54.82940585
1729 sec,0.75,0.750003629,-3.63E-06,56.42869404
1729.7 sec,0.75,0.750003165,-3.17E-06,56.11308717
1730.3 sec,0.75,0.750001064,-1.06E-06,54.68427498
1730.9 sec,0.75,0.75000047,-4.70E-07,54.28024342
1731.6 sec,0.75,0.75000071,-7.10E-07,54.44338125
1732.5 sec,0.75,0.750002416,-2.42E-06,55.60401288
1733.1 sec,0.75,0.750001106,-1.11E-06,54.7127085
1733.8 sec,0.75,0.750000506,-5.06E-07,54.30483703
1734.5 sec,0.75,0.750000724,-7.24E-07,54.45292632
1735.4 sec,0.75,0.750002264,-2.26E-06,55.50065913
1736.2 sec,0.75,0.750003905,-3.90E-06,56.61615166
1736.8 sec,0.75,0.750001918,-1.92E-06,55.26516752
1737.4 sec,0.75,0.75000065,-6.50E-07,54.40249375
1738.1 sec,0.75,0.750000503,-5.03E-07,54.30253171
1738.9 sec,0.75,0.750001277,-1.28E-06,54.82940585
1739.8 sec,0.75,0.750003629,-3.63E-06,56.42869404
1740.5 sec,0.75,0.750003165,-3.17E-06,56.11308717
1741.1 sec,0.75,0.750001064,-1.06E-06,54.68427498
1741.7 sec,0.75,0.75000047,-4.70E-07,54.28024342
1742.5 sec,0.75,0.75000071,-7.10E-07,54.44338125
1743.3 sec,0.75,0.750002416,-2.42E-06,55.60401288
1744 sec,0.75,0.750001106,-1.11E-06,54.7127085
1744.6 sec,0.75,0.750000506,-5.06E-07,54.30483703
1745.3 sec,0.75,0.750000724,-7.24E-07,54.45292632
1746.2 sec,0.75,0.750002264,-2.26E-06,55.50065913
1747 sec,0.75,0.750003905,-3.90E-06,56.61615166
1747.6 sec,0.75,0.750001918,-1.92E-06,55.26516752
1748.2 sec,0.75,0.75000065,-6.50E-07,54.40249375
1748.9 sec,0.75,0.750000503,-5.03E-07,54.30253171
1749.7 sec,0.75,0.750001277,-1.28E-06,54.82940585
1750.6 sec,0.75,0.750003629,-3.63E-06,56.42869404
1751.3 sec,0.75,0.750003165,-3.17E-06,56.11308717
1751.9 sec,0.75,0.750001064,-1.06E-06,54.68427498
1752.5 sec,0.75,0.75000047,-4.70E-07,54.28024342
1753.3 sec,0.75,0.75000071,-7.10E-07,54.44338125
1754.1 sec,0.75,0.750002416,-2.42E-06,55.60401288
1754.8 sec,0.75,0.750001106,-1.11E-06,54.7127085
1755.4 sec,0.75,0.750000506,-5.06E-07,54.30483703
1756.2 sec,0.75,0.750000724,-7.24E-07,54.45292632
1757 sec,0.75,0.750002264,-2.26E-06,55.50065913
1757.8 sec,0.75,0.750003905,-3.90E-06,56.61615166
1758.4 sec,0.75,0.750001918,-1.92E-06,55.26516752
1759 sec,0.75,0.75000065,-6.50E-07,54.40249375
1759.7 sec,0.75,0.750000503,-5.03E-07,54.30253171
1760.5 sec,0.75,0.750001277,-1.28E-06,54.82940585
1761.4 sec,0.75,0.750003629,-3.63E-06,56.42869404
1762.1 sec,0.75,0.750003165,-3.17E-06,56.11308717
1762.7 sec,0.75,0.750001064,-1.06E-06,54.68427498
1763.3 sec,0.75,0.75000047,-4.70E-07,54.28024342
1764.1 sec,0.75,0.75000071,-7.10E-07,54.44338125
1764.9 sec,0.75,0.750002416,-2.42E-06,55.60401288
1765.6 sec,0.75,0.750001106,-1.11E-06,54.7127085
1766.2 sec,0.75,0.750000506,-5.06E-07,54.30483703
1767 sec,0.75,0.750000724,-7.24E-07,54.45292632
1767.8 sec,0.75,0.750002264,-2.26E-06,55.50065913
1768.6 sec,0.75,0.750003905,-3.90E-06,56.61615166
1769.2 sec,0.75,0.750001918,-1.92E-06,55.26516752
1769.8 sec,0.75,0.75000065,-6.50E-07,54.40249375
1770.5 sec,0.75,0.750000503,-5.03E-07,54.30253171
1771.4 sec,0.75,0.750001277,-1.28E-06,54.82940585
1772.2 sec,0.75,0.750003629,-3.63E-06,56.42869404
1772.9 sec,0.75,0.750003165,-3.17E-06,56.11308717
1773.5 sec,0.75,0.750001064,-1.06E-06,54.68427498
1774.1 sec,0.75,0.75000047,-4.70E-07,54.28024342
1774.9 sec,0.75,0.75000071,-7.10E-07,54.44338125
1775.8 sec,0.75,0.750002416,-2.42E-06,55.60401288
1776.4 sec,0.75,0.750001106,-1.11E-06,54.7127085
1777 sec,0.75,0.750000506,-5.06E-07,54.30483703
1777.8 sec,0.75,0.750000724,-7.24E-07,54.45292632
1778.6 sec,0.75,0.750002264,-2.26E-06,55.50065913
1779.4 sec,0.75,0.750003905,-3.90E-06,56.61615166
1780.1 sec,0.75,0.750001918,-1.92E-06,55.26516752
1780.6 sec,0.75,0.75000065,-6.50E-07,54.40249375
1781.3 sec,0.75,0.750000503,-5.03E-07,54.30253171
1782.2 sec,0.75,0.750001277,-1.28E-06,54.82940585
1783 sec,0.75,0.750003629,-3.63E-06,56.42869404
1783.7 sec,0.75,0.750003165,-3.17E-06,56.11308717
1784.3 sec,0.75,0.750001064,-1.06E-06,54.68427498
1784.9 sec,0.75,0.75000047,-4.70E-07,54.28024342
1785.7 sec,0.75,0.75000071,-7.10E-07,54.44338125
1786.6 sec,0.75,0.750002416,-2.42E-06,55.60401288
1787.2 sec,0.75,0.750001106,-1.11E-06,54.7127085
1787.8 sec,0.75,0.750000506,-5.06E-07,54.30483703
1788.6 sec,0.75,0.750000724,-7.24E-07,54.45292632
1789.4 sec,0.75,0.750002264,-2.26E-06,55.50065913
1790.2 sec,0.75,0.750003905,-3.90E-06,56.61615166
1790.9 sec,0.75,0.750001918,-1.92E-06,55.26516752
1791.5 sec,0.75,0.75000065,-6.50E-07,54.40249375
1792.1 sec,0.75,0.750000503,-5.03E-07,54.30253171
1793 sec,0.75,0.750001277,-1.28E-06,54.82940585
1793.8 sec,0.75,0.750003629,-3.63E-06,56.42869404
1794.5 sec,0.75,0.750003165,-3.17E-06,56.11308717
1795.1 sec,0.75,0.750001064,-1.06E-06,54.68427498
1795.7 sec,0.75,0.75000047,-4.70E-07,54.28024342
1796.5 sec,0.75,0.75000071,-7.10E-07,54.44338125
1797.4 sec,0.75,0.750002416,-2.42E-06,55.60401288
1798 sec,0.75,0.750001106,-1.11E-06,54.7127085
1798.6 sec,0.75,0.750000506,-5.06E-07,54.30483703
1799.4 sec,0.75,0.750000724,-7.24E-07,54.45292632
1800.3 sec,0.75,0.750002264,-2.26E-06,55.50065913
1801 sec,0.75,0.750003905,-3.90E-06,56.61615166
1801.7 sec,0.75,0.750001918,-1.92E-06,55.26516752
1802.3 sec,0.75,0.75000065,-6.50E-07,54.40249375
1803 sec,0.75,0.750000503,-5.03E-07,54.30253171
1803.8 sec,0.75,0.750001277,-1.28E-06,54.82940585
1804.6 sec,0.75,0.750003629,-3.63E-06,56.42869404
1805.3 sec,0.75,0.750003165,-3.17E-06,56.11308717
1805.9 sec,0.75,0.750001064,-1.06E-06,54.68427498
1806.6 sec,0.75,0.75000047,-4.70E-07,54.28024342
1807.3 sec,0.75,0.75000071,-7.10E-07,54.44338125
1808.2 sec,0.75,0.750002416,-2.42E-06,55.60401288
1808.8 sec,0.75,0.750001106,-1.11E-06,54.7127085
1809.4 sec,0.75,0.750000506,-5.06E-07,54.30483703
1810.2 sec,0.75,0.750000724,-7.24E-07,54.45292632
1811.1 sec,0.75,0.750002264,-2.26E-06,55.50065913
1811.9 sec,0.75,0.750003905,-3.90E-06,56.61615166
1812.5 sec,0.75,0.750001918,-1.92E-06,55.26516752
1813.1 sec,0.75,0.75000065,-6.50E-07,54.40249375
1813.8 sec,0.75,0.750000503,-5.03E-07,54.30253171
1814.6 sec,0.75,0.750001277,-1.28E-06,54.82940585
1815.4 sec,0.75,0.750003629,-3.63E-06,56.42869404
1816.2 sec,0.75,0.750003165,-3.17E-06,56.11308717
1816.7 sec,0.75,0.750001064,-1.06E-06,54.68427498
1817.4 sec,0.75,0.75000047,-4.70E-07,54.28024342
1818.1 sec,0.75,0.75000071,-7.10E-07,54.44338125
1819 sec,0.75,0.750002416,-2.42E-06,55.60401288
1819.6 sec,0.75,0.750001106,-1.11E-06,54.7127085
1820.3 sec,0.75,0.750000506,-5.06E-07,54.30483703
1821 sec,0.75,0.750000724,-7.24E-07,54.45292632
1821.9 sec,0.75,0.750002264,-2.26E-06,55.50065913
1822.7 sec,0.75,0.750003905,-3.90E-06,56.61615166
1823.3 sec,0.75,0.750001918,-1.92E-06,55.26516752
1823.9 sec,0.75,0.75000065,-6.50E-07,54.40249375
1824.6 sec,0.75,0.750000503,-5.03E-07,54.30253171
1825.4 sec,0.75,0.750001277,-1.28E-06,54.82940585
1826.3 sec,0.75,0.750003629,-3.63E-06,56.42869404
1827 sec,0.75,0.750003165,-3.17E-06,56.11308717
1827.6 sec,0.75,0.750001064,-1.06E-06,54.68427498
1828.2 sec,0.75,0.75000047,-4.70E-07,54.28024342
1828.9 sec,0.75,0.75000071,-7.10E-07,54.44338125
1829.8 sec,0.75,0.750002416,-2.42E-06,55.60401288
1830.4 sec,0.75,0.750001106,-1.11E-06,54.7127085
1831.1 sec,0.75,0.750000506,-5.06E-07,54.30483703
1831.8 sec,0.75,0.750000724,-7.24E-07,54.45292632
1832.7 sec,0.75,0.750002264,-2.26E-06,55.50065913
1833.5 sec,0.75,0.750003905,-3.90E-06,56.61615166
1834.1 sec,0.75,0.750001918,-1.92E-06,55.26516752
1834.7 sec,0.75,0.75000065,-6.50E-07,54.40249375
1835.4 sec,0.75,0.750000503,-5.03E-07,54.30253171
1836.2 sec,0.75,0.750001277,-1.28E-06,54.82940585
1837.1 sec,0.75,0.750003629,-3.63E-06,56.42869404
1837.8 sec,0.75,0.750003165,-3.17E-06,56.11308717
1838.4 sec,0.75,0.750001064,-1.06E-06,54.68427498
1839 sec,0.75,0.75000047,-4.70E-07,54.28024342
1839.8 sec,0.75,0.75000071,-7.10E-07,54.44338125
1840.6 sec,0.75,0.750002416,-2.42E-06,55.60401288
1841.3 sec,0.75,0.750001106,-1.11E-06,54.7127085
1841.9 sec,0.75,0.750000506,-5.06E-07,54.30483703
1842.6 sec,0.75,0.750000724,-7.24E-07,54.45292632
1843.5 sec,0.75,0.750002264,-2.26E-06,55.50065913
1844.3 sec,0.75,0.750003905,-3.90E-06,56.61615166
1844.9 sec,0.75,0.750001918,-1.92E-06,55.26516752
1845.5 sec,0.75,0.75000065,-6.50E-07,54.40249375
1846.2 sec,0.75,0.750000503,-5.03E-07,54.30253171
1847 sec,0.75,0.750001277,-1.28E-06,54.82940585
1847.9 sec,0.75,0.750003629,-3.63E-06,56.42869404
1848.6 sec,0.75,0.750003165,-3.17E-06,56.11308717
1849.2 sec,0.75,0.750001064,-1.06E-06,54.68427498
1849.8 sec,0.75,0.75000047,-4.70E-07,54.28024342
1850.6 sec,0.75,0.75000071,-7.10E-07,54.44338125
1851.4 sec,0.75,0.750002416,-2.42E-06,55.60401288
1852.1 sec,0.75,0.750001106,-1.11E-06,54.7127085
1852.7 sec,0.75,0.750000506,-5.06E-07,54.30483703
1853.5 sec,0.75,0.750000724,-7.24E-07,54.45292632
1854.3 sec,0.75,0.750002264,-2.26E-06,55.50065913
1855.1 sec,0.75,0.750003905,-3.90E-06,56.61615166
1855.7 sec,0.75,0.750001918,-1.92E-06,55.26516752
1856.3 sec,0.75,0.75000065,-6.50E-07,54.40249375
1857 sec,0.75,0.750000503,-5.03E-07,54.30253171
1857.8 sec,0.75,0.750001277,-1.28E-06,54.82940585
1858.7 sec,0.75,0.750003629,-3.63E-06,56.42869404
1859.4 sec,0.75,0.750003165,-3.17E-06,56.11308717
1860 sec,0.75,0.750001064,-1.06E-06,54.68427498
1860.6 sec,0.75,0.75000047,-4.70E-07,54.28024342
1861.4 sec,0.75,0.75000071,-7.10E-07,54.44338125
1862.2 sec,0.75,0.750002416,-2.42E-06,55.60401288
1862.9 sec,0.75,0.750001106,-1.11E-06,54.7127085
1863.5 sec,0.75,0.750000506,-5.06E-07,54.30483703
1864.3 sec,0.75,0.750000724,-7.24E-07,54.45292632
1865.1 sec,0.75,0.750002264,-2.26E-06,55.50065913
1865.9 sec,0.75,0.750003905,-3.90E-06,56.61615166
1866.5 sec,0.75,0.750001918,-1.92E-06,55.26516752
1867.1 sec,0.75,0.75000065,-6.50E-07,54.40249375
1867.8 sec,0.75,0.750000503,-5.03E-07,54.30253171
1868.7 sec,0.75,0.750001277,-1.28E-06,54.82940585
1869.5 sec,0.75,0.750003629,-3.63E-06,56.42869404
1870.2 sec,0.75,0.750003165,-3.17E-06,56.11308717
1870.8 sec,0.75,0.750001064,-1.06E-06,54.68427498
1871.4 sec,0.75,0.75000047,-4.70E-07,54.28024342
1872.2 sec,0.75,0.75000071,-7.10E-07,54.44338125
1873.1 sec,0.75,0.750002416,-2.42E-06,55.60401288
1873.7 sec,0.75,0.750001106,-1.11E-06,54.7127085
1874.3 sec,0.75,0.750000506,-5.06E-07,54.30483703
1875.1 sec,0.75,0.750000724,-7.24E-07,54.45292632
1875.9 sec,0.75,0.750002264,-2.26E-06,55.50065913
1876.7 sec,0.75,0.750003905,-3.90E-06,56.61615166
1877.4 sec,0.75,0.750001918,-1.92E-06,55.26516752
1877.9 sec,0.75,0.75000065,-6.50E-07,54.40249375
1878.6 sec,0.75,0.750000503,-5.03E-07,54.30253171
1879.5 sec,0.75,0.750001277,-1.28E-06,54.82940585
1880.3 sec,0.75,0.750003629,-3.63E-06,56.42869404
1881 sec,0.75,0.750003165,-3.17E-06,56.11308717
1881.6 sec,0.75,0.750001064,-1.06E-06,54.68427498
1882.2 sec,0.75,0.75000047,-4.70E-07,54.28024342
1883 sec,0.75,0.75000071,-7.10E-07,54.44338125
1883.9 sec,0.75,0.750002416,-2.42E-06,55.60401288
1884.5 sec,0.75,0.750001106,-1.11E-06,54.7127085
1885.1 sec,0.75,0.750000506,-5.06E-07,54.30483703
1885.9 sec,0.75,0.750000724,-7.24E-07,54.45292632
1886.7 sec,0.75,0.750002264,-2.26E-06,55.50065913
1887.5 sec,0.75,0.750003905,-3.90E-06,56.61615166
1888.2 sec,0.75,0.750001918,-1.92E-06,55.26516752
1888.8 sec,0.75,0.75000065,-6.50E-07,54.40249375
1889.4 sec,0.75,0.750000503,-5.03E-07,54.30253171
1890.3 sec,0.75,0.750001277,-1.28E-06,54.82940585
1891.1 sec,0.75,0.750003629,-3.63E-06,56.42869404
1891.8 sec,0.75,0.750003165,-3.17E-06,56.11308717
1892.4 sec,0.75,0.750001064,-1.06E-06,54.68427498
1893 sec,0.75,0.75000047,-4.70E-07,54.28024342
1893.8 sec,0.75,0.75000071,-7.10E-07,54.44338125
1894.7 sec,0.75,0.750002416,-2.42E-06,55.60401288
1895.3 sec,0.75,0.750001106,-1.11E-06,54.7127085
1895.9 sec,0.75,0.750000506,-5.06E-07,54.30483703
1896.7 sec,0.75,0.750000724,-7.24E-07,54.45292632
1897.6 sec,0.75,0.750002264,-2.26E-06,55.50065913
1898.3 sec,0.75,0.750003905,-3.90E-06,56.61615166
1899 sec,0.75,0.750001918,-1.92E-06,55.26516752
1899.6 sec,0.75,0.75000065,-6.50E-07,54.40249375
1900.3 sec,0.75,0.750000503,-5.03E-07,54.30253171
1901.1 sec,0.75,0.750001277,-1.28E-06,54.82940585
1901.9 sec,0.75,0.750003629,-3.63E-06,56.42869404
1902.6 sec,0.75,0.750003165,-3.17E-06,56.11308717
1903.2 sec,0.75,0.750001064,-1.06E-06,54.68427498
1903.9 sec,0.75,0.75000047,-4.70E-07,54.28024342
1904.6 sec,0.75,0.75000071,-7.10E-07,54.44338125
1905.5 sec,0.75,0.750002416,-2.42E-06,55.60401288
1906.1 sec,0.75,0.750001106,-1.11E-06,54.7127085
1906.7 sec,0.75,0.750000506,-5.06E-07,54.30483703
1907.5 sec,0.75,0.750000724,-7.24E-07,54.45292632
1908.4 sec,0.75,0.750002264,-2.26E-06,55.50065913
1909.2 sec,0.75,0.750003905,-3.90E-06,56.61615166
1909.8 sec,0.75,0.750001918,-1.92E-06,55.26516752
1910.4 sec,0.75,0.75000065,-6.50E-07,54.40249375
1911.1 sec,0.75,0.750000503,-5.03E-07,54.30253171
1911.9 sec,0.75,0.750001277,-1.28E-06,54.82940585
1912.7 sec,0.75,0.750003629,-3.63E-06,56.42869404
1913.5 sec,0.75,0.750003165,-3.17E-06,56.11308717
1914 sec,0.75,0.750001064,-1.06E-06,54.68427498
1914.7 sec,0.75,0.75000047,-4.70E-07,54.28024342
1915.4 sec,0.75,0.75000071,-7.10E-07,54.44338125
1916.3 sec,0.75,0.750002416,-2.42E-06,55.60401288
1916.9 sec,0.75,0.750001106,-1.11E-06,54.7127085
1917.6 sec,0.75,0.750000506,-5.06E-07,54.30483703
1918.3 sec,0.75,0.750000724,-7.24E-07,54.45292632
1919.2 sec,0.75,0.750002264,-2.26E-06,55.50065913
1920 sec,0.75,0.750003905,-3.90E-06,56.61615166
1920.6 sec,0.75,0.750001918,-1.92E-06,55.26516752
1921.2 sec,0.75,0.75000065,-6.50E-07,54.40249375
1921.9 sec,0.75,0.750000503,-5.03E-07,54.30253171
1922.7 sec,0.75,0.750001277,-1.28E-06,54.82940585
1923.6 sec,0.75,0.750003629,-3.63E-06,56.42869404
1924.3 sec,0.75,0.750003165,-3.17E-06,56.11308717
1924.9 sec,0.75,0.750001064,-1.06E-06,54.68427498
1925.5 sec,0.75,0.75000047,-4.70E-07,54.28024342
1926.2 sec,0.75,0.75000071,-7.10E-07,54.44338125
1927.1 sec,0.75,0.750002416,-2.42E-06,55.60401288
1927.7 sec,0.75,0.750001106,-1.11E-06,54.7127085
1928.4 sec,0.75,0.750000506,-5.06E-07,54.30483703
1929.1 sec,0.75,0.750000724,-7.24E-07,54.45292632
1930 sec,0.75,0.750002264,-2.26E-06,55.50065913
1930.8 sec,0.75,0.750003905,-3.90E-06,56.61615166
1931.4 sec,0.75,0.750001918,-1.92E-06,55.26516752
1932 sec,0.75,0.75000065,-6.50E-07,54.40249375
1932.7 sec,0.75,0.750000503,-5.03E-07,54.30253171
1933.5 sec,0.75,0.750001277,-1.28E-06,54.82940585
1934.4 sec,0.75,0.750003629,-3.63E-06,56.42869404
1935.1 sec,0.75,0.750003165,-3.17E-06,56.11308717
1935.7 sec,0.75,0.750001064,-1.06E-06,54.68427498
1936.3 sec,0.75,0.75000047,-4.70E-07,54.28024342
1937.1 sec,0.75,0.75000071,-7.10E-07,54.44338125
1937.9 sec,0.75,0.750002416,-2.42E-06,55.60401288
1938.6 sec,0.75,0.750001106,-1.11E-06,54.7127085
1939.2 sec,0.75,0.750000506,-5.06E-07,54.30483703
1939.9 sec,0.75,0.750000724,-7.24E-07,54.45292632
1940.8 sec,0.75,0.750002264,-2.26E-06,55.50065913
1941.6 sec,0.75,0.750003905,-3.90E-06,56.61615166
1942.2 sec,0.75,0.750001918,-1.92E-06,55.26516752
1942.8 sec,0.75,0.75000065,-6.50E-07,54.40249375
1943.5 sec,0.75,0.750000503,-5.03E-07,54.30253171
1944.3 sec,0.75,0.750001277,-1.28E-06,54.82940585
1945.2 sec,0.75,0.750003629,-3.63E-06,56.42869404
1945.9 sec,0.75,0.750003165,-3.17E-06,56.11308717
1946.5 sec,0.75,0.750001064,-1.06E-06,54.68427498
1947.1 sec,0.75,0.75000047,-4.70E-07,54.28024342
1947.9 sec,0.75,0.75000071,-7.10E-07,54.44338125
1948.7 sec,0.75,0.750002416,-2.42E-06,55.60401288
1949.4 sec,0.75,0.750001106,-1.11E-06,54.7127085
1950 sec,0.75,0.750000506,-5.06E-07,54.30483703
1950.8 sec,0.75,0.750000724,-7.24E-07,54.45292632
1951.6 sec,0.75,0.750002264,-2.26E-06,55.50065913
1952.4 sec,0.75,0.750003905,-3.90E-06,56.61615166
1953 sec,0.75,0.750001918,-1.92E-06,55.26516752
1953.6 sec,0.75,0.75000065,-6.50E-07,54.40249375
1954.3 sec,0.75,0.750000503,-5.03E-07,54.30253171
1955.1 sec,0.75,0.750001277,-1.28E-06,54.82940585
1956 sec,0.75,0.750003629,-3.63E-06,56.42869404
1956.7 sec,0.75,0.750003165,-3.17E-06,56.11308717
1957.3 sec,0.75,0.750001064,-1.06E-06,54.68427498
1957.9 sec,0.75,0.75000047,-4.70E-07,54.28024342
1958.7 sec,0.75,0.75000071,-7.10E-07,54.44338125
1959.5 sec,0.75,0.750002416,-2.42E-06,55.60401288
1960.2 sec,0.75,0.750001106,-1.11E-06,54.7127085
1960.8 sec,0.75,0.750000506,-5.06E-07,54.30483703
1961.6 sec,0.75,0.750000724,-7.24E-07,54.45292632
1962.4 sec,0.75,0.750002264,-2.26E-06,55.50065913
1963.2 sec,0.75,0.750003905,-3.90E-06,56.61615166
1963.8 sec,0.75,0.750001918,-1.92E-06,55.26516752
1964.4 sec,0.75,0.75000065,-6.50E-07,54.40249375
1965.1 sec,0.75,0.750000503,-5.03E-07,54.30253171
1966 sec,0.75,0.750001277,-1.28E-06,54.82940585
1966.8 sec,0.75,0.750003629,-3.63E-06,56.42869404
1967.5 sec,0.75,0.750003165,-3.17E-06,56.11308717
1968.1 sec,0.75,0.750001064,-1.06E-06,54.68427498
1968.7 sec,0.75,0.75000047,-4.70E-07,54.28024342
1969.5 sec,0.75,0.75000071,-7.10E-07,54.44338125
1970.4 sec,0.75,0.750002416,-2.42E-06,55.60401288
1971 sec,0.75,0.750001106,-1.11E-06,54.7127085
1971.6 sec,0.75,0.750000506,-5.06E-07,54.30483703
1972.4 sec,0.75,0.750000724,-7.24E-07,54.45292632
1973.2 sec,0.75,0.750002264,-2.26E-06,55.50065913
1974 sec,0.75,0.750003905,-3.90E-06,56.61615166
1974.7 sec,0.75,0.750001918,-1.92E-06,55.26516752
1975.2 sec,0.75,0.75000065,-6.50E-07,54.40249375
1975.9 sec,0.75,0.750000503,-5.03E-07,54.30253171
1976.8 sec,0.75,0.750001277,-1.28E-06,54.82940585
1977.6 sec,0.75,0.750003629,-3.63E-06,56.42869404
1978.3 sec,0.75,0.750003165,-3.17E-06,56.11308717
1978.9 sec,0.75,0.750001064,-1.06E-06,54.68427498
1979.5 sec,0.75,0.75000047,-4.70E-07,54.28024342
1980.3 sec,0.75,0.75000071,-7.10E-07,54.44338125
1981.2 sec,0.75,0.750002416,-2.42E-06,55.60401288
1981.8 sec,0.75,0.750001106,-1.11E-06,54.7127085
1982.4 sec,0.75,0.750000506,-5.06E-07,54.30483703
1983.2 sec,0.75,0.750000724,-7.24E-07,54.45292632
1984 sec,0.75,0.750002264,-2.26E-06,55.50065913
1984.8 sec,0.75,0.750003905,-3.90E-06,56.61615166
1985.5 sec,0.75,0.750001918,-1.92E-06,55.26516752
1986.1 sec,0.75,0.75000065,-6.50E-07,54.40249375
1986.7 sec,0.75,0.750000503,-5.03E-07,54.30253171
1987.6 sec,0.75,0.750001277,-1.28E-06,54.82940585
1988.4 sec,0.75,0.750003629,-3.63E-06,56.42869404
1989.1 sec,0.75,0.750003165,-3.17E-06,56.11308717
1989.7 sec,0.75,0.750001064,-1.06E-06,54.68427498
1990.3 sec,0.75,0.75000047,-4.70E-07,54.28024342
1991.1 sec,0.75,0.75000071,-7.10E-07,54.44338125
1992 sec,0.75,0.750002416,-2.42E-06,55.60401288
1992.6 sec,0.75,0.750001106,-1.11E-06,54.7127085
1993.2 sec,0.75,0.750000506,-5.06E-07,54.30483703
1994 sec,0.75,0.750000724,-7.24E-07,54.45292632
1994.9 sec,0.75,0.750002264,-2.26E-06,55.50065913
1995.6 sec,0.75,0.750003905,-3.90E-06,56.61615166
1996.3 sec,0.75,0.750001918,-1.92E-06,55.26516752
1996.9 sec,0.75,0.75000065,-6.50E-07,54.40249375
1997.6 sec,0.75,0.750000503,-5.03E-07,54.30253171
1998.4 sec,0.75,0.750001277,-1.28E-06,54.82940585
1999.2 sec,0.75,0.750003629,-3.63E-06,56.42869404
1999.9 sec,0.75,0.750003165,-3.17E-06,56.11308717
2000.5 sec,0.75,0.750001064,-1.06E-06,54.68427498
2001.2 sec,0.75,0.75000047,-4.70E-07,54.28024342
2001.9 sec,0.75,0.75000071,-7.10E-07,54.44338125
2002.8 sec,0.75,0.750002416,-2.42E-06,55.60401288
2003.4 sec,0.75,0.750001106,-1.11E-06,54.7127085
2004 sec,0.75,0.750000506,-5.06E-07,54.30483703
2004.8 sec,0.75,0.750000724,-7.24E-07,54.45292632
2005.7 sec,0.75,0.750002264,-2.26E-06,55.50065913
2006.5 sec,0.75,0.750003905,-3.90E-06,56.61615166
2007.1 sec,0.75,0.750001918,-1.92E-06,55.26516752
2007.7 sec,0.75,0.75000065,-6.50E-07,54.40249375
2008.4 sec,0.75,0.750000503,-5.03E-07,54.30253171
2009.2 sec,0.75,0.750001277,-1.28E-06,54.82940585
2010 sec,0.75,0.750003629,-3.63E-06,56.42869404
2010.8 sec,0.75,0.750003165,-3.17E-06,56.11308717
2011.3 sec,0.75,0.750001064,-1.06E-06,54.68427498
2012 sec,0.75,0.75000047,-4.70E-07,54.28024342
2012.7 sec,0.75,0.75000071,-7.10E-07,54.44338125
2013.6 sec,0.75,0.750002416,-2.42E-06,55.60401288
2014.2 sec,0.75,0.750001106,-1.11E-06,54.7127085
2014.9 sec,0.75,0.750000506,-5.06E-07,54.30483703
2015.6 sec,0.75,0.750000724,-7.24E-07,54.45292632
2016.5 sec,0.75,0.750002264,-2.26E-06,55.50065913
2017.3 sec,0.75,0.750003905,-3.90E-06,56.61615166
2017.9 sec,0.75,0.750001918,-1.92E-06,55.26516752
2018.5 sec,0.75,0.75000065,-6.50E-07,54.40249375
2019.2 sec,0.75,0.750000503,-5.03E-07,54.30253171
2020 sec,0.75,0.750001277,-1.28E-06,54.82940585
2020.9 sec,0.75,0.750003629,-3.63E-06,56.42869404
2021.6 sec,0.75,0.750003165,-3.17E-06,56.11308717
2022.2 sec,0.75,0.750001064,-1.06E-06,54.68427498
2022.8 sec,0.75,0.75000047,-4.70E-07,54.28024342
2023.5 sec,0.75,0.75000071,-7.10E-07,54.44338125
2024.4 sec,0.75,0.750002416,-2.42E-06,55.60401288
2025 sec,0.75,0.750001106,-1.11E-06,54.7127085
2025.7 sec,0.75,0.750000506,-5.06E-07,54.30483703
2026.4 sec,0.75,0.750000724,-7.24E-07,54.45292632
2027.3 sec,0.75,0.750002264,-2.26E-06,55.50065913
2028.1 sec,0.75,0.750003905,-3.90E-06,56.61615166
2028.7 sec,0.75,0.750001918,-1.92E-06,55.26516752
2029.3 sec,0.75,0.75000065,-6.50E-07,54.40249375
2030 sec,0.75,0.750000503,-5.03E-07,54.30253171
2030.8 sec,0.75,0.750001277,-1.28E-06,54.82940585
2031.7 sec,0.75,0.750003629,-3.63E-06,56.42869404
2032.4 sec,0.75,0.750003165,-3.17E-06,56.11308717
2033 sec,0.75,0.750001064,-1.06E-06,54.68427498
2033.6 sec,0.75,0.75000047,-4.70E-07,54.28024342
2034.4 sec,0.75,0.75000071,-7.10E-07,54.44338125
2035.2 sec,0.75,0.750002416,-2.42E-06,55.60401288
2035.9 sec,0.75,0.750001106,-1.11E-06,54.7127085
2036.5 sec,0.75,0.750000506,-5.06E-07,54.30483703
2037.2 sec,0.75,0.750000724,-7.24E-07,54.45292632
2038.1 sec,0.75,0.750002264,-2.26E-06,55.50065913
2038.9 sec,0.75,0.750003905,-3.90E-06,56.61615166
2039.5 sec,0.75,0.750001918,-1.92E-06,55.26516752
2040.1 sec,0.75,0.75000065,-6.50E-07,54.40249375
2040.8 sec,0.75,0.750000503,-5.03E-07,54.30253171
2041.6 sec,0.75,0.750001277,-1.28E-06,54.82940585
2042.5 sec,0.75,0.750003629,-3.63E-06,56.42869404
2043.2 sec,0.75,0.750003165,-3.17E-06,56.11308717
2043.8 sec,0.75,0.750001064,-1.06E-06,54.68427498
2044.4 sec,0.75,0.75000047,-4.70E-07,54.28024342
2045.2 sec,0.75,0.75000071,-7.10E-07,54.44338125
2046 sec,0.75,0.750002416,-2.42E-06,55.60401288
2046.7 sec,0.75,0.750001106,-1.11E-06,54.7127085
2047.3 sec,0.75,0.750000506,-5.06E-07,54.30483703
2048.1 sec,0.75,0.750000724,-7.24E-07,54.45292632
2048.9 sec,0.75,0.750002264,-2.26E-06,55.50065913
2049.7 sec,0.75,0.750003905,-3.90E-06,56.61615166
2050.3 sec,0.75,0.750001918,-1.92E-06,55.26516752
2050.9 sec,0.75,0.75000065,-6.50E-07,54.40249375
2051.6 sec,0.75,0.750000503,-5.03E-07,54.30253171
2052.4 sec,0.75,0.750001277,-1.28E-06,54.82940585
2053.3 sec,0.75,0.750003629,-3.63E-06,56.42869404
2054 sec,0.75,0.750003165,-3.17E-06,56.11308717
2054.6 sec,0.75,0.750001064,-1.06E-06,54.68427498
2055.2 sec,0.75,0.75000047,-4.70E-07,54.28024342
2056 sec,0.75,0.75000071,-7.10E-07,54.44338125
2056.8 sec,0.75,0.750002416,-2.42E-06,55.60401288
2057.5 sec,0.75,0.750001106,-1.11E-06,54.7127085
2058.1 sec,0.75,0.750000506,-5.06E-07,54.30483703
2058.9 sec,0.75,0.750000724,-7.24E-07,54.45292632
2059.7 sec,0.75,0.750002264,-2.26E-06,55.50065913
2060.5 sec,0.75,0.750003905,-3.90E-06,56.61615166
2061.1 sec,0.75,0.750001918,-1.92E-06,55.26516752
2061.7 sec,0.75,0.75000065,-6.50E-07,54.40249375
2062.4 sec,0.75,0.750000503,-5.03E-07,54.30253171
2063.3 sec,0.75,0.750001277,-1.28E-06,54.82940585
2064.1 sec,0.75,0.750003629,-3.63E-06,56.42869404
2064.8 sec,0.75,0.750003165,-3.17E-06,56.11308717
2065.4 sec,0.75,0.750001064,-1.06E-06,54.68427498
2066 sec,0.75,0.75000047,-4.70E-07,54.28024342
2066.8 sec,0.75,0.75000071,-7.10E-07,54.44338125
2067.7 sec,0.75,0.750002416,-2.42E-06,55.60401288
2068.3 sec,0.75,0.750001106,-1.11E-06,54.7127085
2068.9 sec,0.75,0.750000506,-5.06E-07,54.30483703
2069.7 sec,0.75,0.750000724,-7.24E-07,54.45292632
2070.5 sec,0.75,0.750002264,-2.26E-06,55.50065913
2071.3 sec,0.75,0.750003905,-3.90E-06,56.61615166
2072 sec,0.75,0.750001918,-1.92E-06,55.26516752
2072.5 sec,0.75,0.75000065,-6.50E-07,54.40249375
2073.2 sec,0.75,0.750000503,-5.03E-07,54.30253171
2074.1 sec,0.75,0.750001277,-1.28E-06,54.82940585
2074.9 sec,0.75,0.750003629,-3.63E-06,56.42869404
2075.6 sec,0.75,0.750003165,-3.17E-06,56.11308717
2076.2 sec,0.75,0.750001064,-1.06E-06,54.68427498
2076.8 sec,0.75,0.75000047,-4.70E-07,54.28024342
2077.6 sec,0.75,0.75000071,-7.10E-07,54.44338125
2078.5 sec,0.75,0.750002416,-2.42E-06,55.60401288
2079.1 sec,0.75,0.750001106,-1.11E-06,54.7127085
2079.7 sec,0.75,0.750000506,-5.06E-07,54.30483703
2080.5 sec,0.75,0.750000724,-7.24E-07,54.45292632
2081.3 sec,0.75,0.750002264,-2.26E-06,55.50065913
2082.1 sec,0.75,0.750003905,-3.90E-06,56.61615166
2082.8 sec,0.75,0.750001918,-1.92E-06,55.26516752
2083.4 sec,0.75,0.75000065,-6.50E-07,54.40249375
2084 sec,0.75,0.750000503,-5.03E-07,54.30253171
2084.9 sec,0.75,0.750001277,-1.28E-06,54.82940585
2085.7 sec,0.75,0.750003629,-3.63E-06,56.42869404
2086.4 sec,0.75,0.750003165,-3.17E-06,56.11308717
2087 sec,0.75,0.750001064,-1.06E-06,54.68427498
2087.6 sec,0.75,0.75000047,-4.70E-07,54.28024342
2088.4 sec,0.75,0.75000071,-7.10E-07,54.44338125
2089.3 sec,0.75,0.750002416,-2.42E-06,55.60401288
2089.9 sec,0.75,0.750001106,-1.11E-06,54.7127085
2090.5 sec,0.75,0.750000506,-5.06E-07,54.30483703
2091.3 sec,0.75,0.750000724,-7.24E-07,54.45292632
2092.2 sec,0.75,0.750002264,-2.26E-06,55.50065913
2092.9 sec,0.75,0.750003905,-3.90E-06,56.61615166
2093.6 sec,0.75,0.750001918,-1.92E-06,55.26516752
2094.2 sec,0.75,0.75000065,-6.50E-07,54.40249375
2094.9 sec,0.75,0.750000503,-5.03E-07,54.30253171
2095.7 sec,0.75,0.750001277,-1.28E-06,54.82940585
2096.5 sec,0.75,0.750003629,-3.63E-06,56.42869404
2097.2 sec,0.75,0.750003165,-3.17E-06,56.11308717
2097.8 sec,0.75,0.750001064,-1.06E-06,54.68427498
2098.5 sec,0.75,0.75000047,-4.70E-07,54.28024342
2099.2 sec,0.75,0.75000071,-7.10E-07,54.44338125
2100.1 sec,0.75,0.750002416,-2.42E-06,55.60401288
2100.7 sec,0.75,0.750001106,-1.11E-06,54.7127085
2101.3 sec,0.75,0.750000506,-5.06E-07,54.30483703
2102.1 sec,0.75,0.750000724,-7.24E-07,54.45292632
2103 sec,0.75,0.750002264,-2.26E-06,55.50065913
2103.8 sec,0.75,0.750003905,-3.90E-06,56.61615166
2104.4 sec,0.75,0.750001918,-1.92E-06,55.26516752
2105 sec,0.75,0.75000065,-6.50E-07,54.40249375
2105.7 sec,0.75,0.750000503,-5.03E-07,54.30253171
2106.5 sec,0.75,0.750001277,-1.28E-06,54.82940585
2107.3 sec,0.75,0.750003629,-3.63E-06,56.42869404
2108.1 sec,0.75,0.750003165,-3.17E-06,56.11308717
2108.6 sec,0.75,0.750001064,-1.06E-06,54.68427498
2109.3 sec,0.75,0.75000047,-4.70E-07,54.28024342
2110 sec,0.75,0.75000071,-7.10E-07,54.44338125
2110.9 sec,0.75,0.750002416,-2.42E-06,55.60401288
2111.5 sec,0.75,0.750001106,-1.11E-06,54.7127085
2112.2 sec,0.75,0.750000506,-5.06E-07,54.30483703
2112.9 sec,0.75,0.750000724,-7.24E-07,54.45292632
2113.8 sec,0.75,0.750002264,-2.26E-06,55.50065913
2114.6 sec,0.75,0.750003905,-3.90E-06,56.61615166
2115.2 sec,0.75,0.750001918,-1.92E-06,55.26516752
2115.8 sec,0.75,0.75000065,-6.50E-07,54.40249375
2116.5 sec,0.75,0.750000503,-5.03E-07,54.30253171
2117.3 sec,0.75,0.750001277,-1.28E-06,54.82940585
2118.2 sec,0.75,0.750003629,-3.63E-06,56.42869404
2118.9 sec,0.75,0.750003165,-3.17E-06,56.11308717
2119.5 sec,0.75,0.750001064,-1.06E-06,54.68427498
2120.1 sec,0.75,0.75000047,-4.70E-07,54.28024342
2120.8 sec,0.75,0.75000071,-7.10E-07,54.44338125
2121.7 sec,0.75,0.750002416,-2.42E-06,55.60401288
2122.3 sec,0.75,0.750001106,-1.11E-06,54.7127085
2123 sec,0.75,0.750000506,-5.06E-07,54.30483703
2123.7 sec,0.75,0.750000724,-7.24E-07,54.45292632
2124.6 sec,0.75,0.750002264,-2.26E-06,55.50065913
2125.4 sec,0.75,0.750003905,-3.90E-06,56.61615166
2126 sec,0.75,0.750001918,-1.92E-06,55.26516752
2126.6 sec,0.75,0.75000065,-6.50E-07,54.40249375
2127.3 sec,0.75,0.750000503,-5.03E-07,54.30253171
2128.1 sec,0.75,0.750001277,-1.28E-06,54.82940585
2129 sec,0.75,0.750003629,-3.63E-06,56.42869404
2129.7 sec,0.75,0.750003165,-3.17E-06,56.11308717
2130.3 sec,0.75,0.750001064,-1.06E-06,54.68427498
2130.9 sec,0.75,0.75000047,-4.70E-07,54.28024342
2131.7 sec,0.75,0.75000071,-7.10E-07,54.44338125
2132.5 sec,0.75,0.750002416,-2.42E-06,55.60401288
2133.2 sec,0.75,0.750001106,-1.11E-06,54.7127085
2133.8 sec,0.75,0.750000506,-5.06E-07,54.30483703
2134.5 sec,0.75,0.750000724,-7.24E-07,54.45292632
2135.4 sec,0.75,0.750002264,-2.26E-06,55.50065913
2136.2 sec,0.75,0.750003905,-3.90E-06,56.61615166
2136.8 sec,0.75,0.750001918,-1.92E-06,55.26516752
2137.4 sec,0.75,0.75000065,-6.50E-07,54.40249375
2138.1 sec,0.75,0.750000503,-5.03E-07,54.30253171
2138.9 sec,0.75,0.750001277,-1.28E-06,54.82940585
2139.8 sec,0.75,0.750003629,-3.63E-06,56.42869404
2140.5 sec,0.75,0.750003165,-3.17E-06,56.11308717
2141.1 sec,0.75,0.750001064,-1.06E-06,54.68427498
2141.7 sec,0.75,0.75000047,-4.70E-07,54.28024342
2142.5 sec,0.75,0.75000071,-7.10E-07,54.44338125
2143.3 sec,0.75,0.750002416,-2.42E-06,55.60401288
2144 sec,0.75,0.750001106,-1.11E-06,54.7127085
2144.6 sec,0.75,0.750000506,-5.06E-07,54.30483703
2145.4 sec,0.75,0.750000724,-7.24E-07,54.45292632
2146.2 sec,0.75,0.750002264,-2.26E-06,55.50065913
2147 sec,0.75,0.750003905,-3.90E-06,56.61615166
2147.6 sec,0.75,0.750001918,-1.92E-06,55.26516752
2148.2 sec,0.75,0.75000065,-6.50E-07,54.40249375
2148.9 sec,0.75,0.750000503,-5.03E-07,54.30253171
2149.7 sec,0.75,0.750001277,-1.28E-06,54.82940585
2150.6 sec,0.75,0.750003629,-3.63E-06,56.42869404
2151.3 sec,0.75,0.750003165,-3.17E-06,56.11308717
2151.9 sec,0.75,0.750001064,-1.06E-06,54.68427498
2152.5 sec,0.75,0.75000047,-4.70E-07,54.28024342
2153.3 sec,0.75,0.75000071,-7.10E-07,54.44338125
2154.1 sec,0.75,0.750002416,-2.42E-06,55.60401288
2154.8 sec,0.75,0.750001106,-1.11E-06,54.7127085
2155.4 sec,0.75,0.750000506,-5.06E-07,54.30483703
2156.2 sec,0.75,0.750000724,-7.24E-07,54.45292632
2157 sec,0.75,0.750002264,-2.26E-06,55.50065913
2157.8 sec,0.75,0.750003905,-3.90E-06,56.61615166
2158.4 sec,0.75,0.750001918,-1.92E-06,55.26516752
2159 sec,0.75,0.75000065,-6.50E-07,54.40249375
2159.7 sec,0.75,0.750000503,-5.03E-07,54.30253171
2160.6 sec,0.75,0.750001277,-1.28E-06,54.82940585
2161.4 sec,0.75,0.750003629,-3.63E-06,56.42869404
2162.1 sec,0.75,0.750003165,-3.17E-06,56.11308717
2162.7 sec,0.75,0.750001064,-1.06E-06,54.68427498
2163.3 sec,0.75,0.75000047,-4.70E-07,54.28024342
2164.1 sec,0.75,0.75000071,-7.10E-07,54.44338125
2165 sec,0.75,0.750002416,-2.42E-06,55.60401288
2165.6 sec,0.75,0.750001106,-1.11E-06,54.7127085
2166.2 sec,0.75,0.750000506,-5.06E-07,54.30483703
2167 sec,0.75,0.750000724,-7.24E-07,54.45292632
2167.8 sec,0.75,0.750002264,-2.26E-06,55.50065913
2168.6 sec,0.75,0.750003905,-3.90E-06,56.61615166
2169.3 sec,0.75,0.750001918,-1.92E-06,55.26516752
2169.8 sec,0.75,0.75000065,-6.50E-07,54.40249375
2170.5 sec,0.75,0.750000503,-5.03E-07,54.30253171
2171.4 sec,0.75,0.750001277,-1.28E-06,54.82940585
2172.2 sec,0.75,0.750003629,-3.63E-06,56.42869404
2172.9 sec,0.75,0.750003165,-3.17E-06,56.11308717
2173.5 sec,0.75,0.750001064,-1.06E-06,54.68427498
2174.1 sec,0.75,0.75000047,-4.70E-07,54.28024342
2174.9 sec,0.75,0.75000071,-7.10E-07,54.44338125
2175.8 sec,0.75,0.750002416,-2.42E-06,55.60401288
2176.4 sec,0.75,0.750001106,-1.11E-06,54.7127085
2177 sec,0.75,0.750000506,-5.06E-07,54.30483703
2177.8 sec,0.75,0.750000724,-7.24E-07,54.45292632
2178.6 sec,0.75,0.750002264,-2.26E-06,55.50065913
2179.4 sec,0.75,0.750003905,-3.90E-06,56.61615166
2180.1 sec,0.75,0.750001918,-1.92E-06,55.26516752
2180.7 sec,0.75,0.75000065,-6.50E-07,54.40249375
2181.3 sec,0.75,0.750000503,-5.03E-07,54.30253171
2182.2 sec,0.75,0.750001277,-1.28E-06,54.82940585
2183 sec,0.75,0.750003629,-3.63E-06,56.42869404
2183.7 sec,0.75,0.750003165,-3.17E-06,56.11308717
2184.3 sec,0.75,0.750001064,-1.06E-06,54.68427498
2184.9 sec,0.75,0.75000047,-4.70E-07,54.28024342
2185.7 sec,0.75,0.75000071,-7.10E-07,54.44338125
2186.6 sec,0.75,0.750002416,-2.42E-06,55.60401288
2187.2 sec,0.75,0.750001106,-1.11E-06,54.7127085
2187.8 sec,0.75,0.750000506,-5.06E-07,54.30483703
2188.6 sec,0.75,0.750000724,-7.24E-07,54.45292632
2189.5 sec,0.75,0.750002264,-2.26E-06,55.50065913
2190.2 sec,0.75,0.750003905,-3.90E-06,56.61615166
2190.9 sec,0.75,0.750001918,-1.92E-06,55.26516752
2191.5 sec,0.75,0.75000065,-6.50E-07,54.40249375
2192.2 sec,0.75,0.750000503,-5.03E-07,54.30253171
2193 sec,0.75,0.750001277,-1.28E-06,54.82940585
2193.8 sec,0.75,0.750003629,-3.63E-06,56.42869404
2194.5 sec,0.75,0.750003165,-3.17E-06,56.11308717
2195.1 sec,0.75,0.750001064,-1.06E-06,54.68427498
2195.8 sec,0.75,0.75000047,-4.70E-07,54.28024342
2196.5 sec,0.75,0.75000071,-7.10E-07,54.44338125
2197.4 sec,0.75,0.750002416,-2.42E-06,55.60401288
2198 sec,0.75,0.750001106,-1.11E-06,54.7127085
2198.6 sec,0.75,0.750000506,-5.06E-07,54.30483703
2199.4 sec,0.75,0.750000724,-7.24E-07,54.45292632
2200.3 sec,0.75,0.750002264,-2.26E-06,55.50065913
2201.1 sec,0.75,0.750003905,-3.90E-06,56.61615166
2201.7 sec,0.75,0.750001918,-1.92E-06,55.26516752
2202.3 sec,0.75,0.75000065,-6.50E-07,54.40249375
2203 sec,0.75,0.750000503,-5.03E-07,54.30253171
2203.8 sec,0.75,0.750001277,-1.28E-06,54.82940585
2204.6 sec,0.75,0.750003629,-3.63E-06,56.42869404
2205.4 sec,0.75,0.750003165,-3.17E-06,56.11308717
2205.9 sec,0.75,0.750001064,-1.06E-06,54.68427498
2206.6 sec,0.75,0.75000047,-4.70E-07,54.28024342
2207.3 sec,0.75,0.75000071,-7.10E-07,54.44338125
2208.2 sec,0.75,0.750002416,-2.42E-06,55.60401288
2208.8 sec,0.75,0.750001106,-1.11E-06,54.7127085
2209.5 sec,0.75,0.750000506,-5.06E-07,54.30483703
2210.2 sec,0.75,0.750000724,-7.24E-07,54.45292632
2211.1 sec,0.75,0.750002264,-2.26E-06,55.50065913
2211.9 sec,0.75,0.750003905,-3.90E-06,56.61615166
2212.5 sec,0.75,0.750001918,-1.92E-06,55.26516752
2213.1 sec,0.75,0.75000065,-6.50E-07,54.40249375
2213.8 sec,0.75,0.750000503,-5.03E-07,54.30253171
2214.6 sec,0.75,0.750001277,-1.28E-06,54.82940585
2215.5 sec,0.75,0.750003629,-3.63E-06,56.42869404
2216.2 sec,0.75,0.750003165,-3.17E-06,56.11308717
2216.8 sec,0.75,0.750001064,-1.06E-06,54.68427498
2217.4 sec,0.75,0.75000047,-4.70E-07,54.28024342
2218.1 sec,0.75,0.75000071,-7.10E-07,54.44338125
2219 sec,0.75,0.750002416,-2.42E-06,55.60401288
2219.6 sec,0.75,0.750001106,-1.11E-06,54.7127085
2220.3 sec,0.75,0.750000506,-5.06E-07,54.30483703
2221 sec,0.75,0.750000724,-7.24E-07,54.45292632
2221.9 sec,0.75,0.750002264,-2.26E-06,55.50065913
2222.7 sec,0.75,0.750003905,-3.90E-06,56.61615166
2223.3 sec,0.75,0.750001918,-1.92E-06,55.26516752
2223.9 sec,0.75,0.75000065,-6.50E-07,54.40249375
2224.6 sec,0.75,0.750000503,-5.03E-07,54.30253171
2225.4 sec,0.75,0.750001277,-1.28E-06,54.82940585
2226.3 sec,0.75,0.750003629,-3.63E-06,56.42869404
2227 sec,0.75,0.750003165,-3.17E-06,56.11308717
2227.6 sec,0.75,0.750001064,-1.06E-06,54.68427498
2228.2 sec,0.75,0.75000047,-4.70E-07,54.28024342
2229 sec,0.75,0.75000071,-7.10E-07,54.44338125
2229.8 sec,0.75,0.750002416,-2.42E-06,55.60401288
2230.5 sec,0.75,0.750001106,-1.11E-06,54.7127085
2231.1 sec,0.75,0.750000506,-5.06E-07,54.30483703
2231.8 sec,0.75,0.750000724,-7.24E-07,54.45292632
2232.7 sec,0.75,0.750002264,-2.26E-06,55.50065913
2233.5 sec,0.75,0.750003905,-3.90E-06,56.61615166
2234.1 sec,0.75,0.750001918,-1.92E-06,55.26516752
2234.7 sec,0.75,0.75000065,-6.50E-07,54.40249375
2235.4 sec,0.75,0.750000503,-5.03E-07,54.30253171
2236.2 sec,0.75,0.750001277,-1.28E-06,54.82940585
2237.1 sec,0.75,0.750003629,-3.63E-06,56.42869404
2237.8 sec,0.75,0.750003165,-3.17E-06,56.11308717
2238.4 sec,0.75,0.750001064,-1.06E-06,54.68427498
2239 sec,0.75,0.75000047,-4.70E-07,54.28024342
2239.8 sec,0.75,0.75000071,-7.10E-07,54.44338125
2240.6 sec,0.75,0.750002416,-2.42E-06,55.60401288
2241.3 sec,0.75,0.750001106,-1.11E-06,54.7127085
2241.9 sec,0.75,0.750000506,-5.06E-07,54.30483703
2242.7 sec,0.75,0.750000724,-7.24E-07,54.45292632
2243.5 sec,0.75,0.750002264,-2.26E-06,55.50065913
2244.3 sec,0.75,0.750003905,-3.90E-06,56.61615166
2244.9 sec,0.75,0.750001918,-1.92E-06,55.26516752
2245.5 sec,0.75,0.75000065,-6.50E-07,54.40249375
2246.2 sec,0.75,0.750000503,-5.03E-07,54.30253171
2247 sec,0.75,0.750001277,-1.28E-06,54.82940585
2247.9 sec,0.75,0.750003629,-3.63E-06,56.42869404
2248.6 sec,0.75,0.750003165,-3.17E-06,56.11308717
2249.2 sec,0.75,0.750001064,-1.06E-06,54.68427498
2249.8 sec,0.75,0.75000047,-4.70E-07,54.28024342
2250.6 sec,0.75,0.75000071,-7.10E-07,54.44338125
2251.4 sec,0.75,0.750002416,-2.42E-06,55.60401288
2252.1 sec,0.75,0.750001106,-1.11E-06,54.7127085
2252.7 sec,0.75,0.750000506,-5.06E-07,54.30483703
2253.5 sec,0.75,0.750000724,-7.24E-07,54.45292632
2254.3 sec,0.75,0.750002264,-2.26E-06,55.50065913
2255.1 sec,0.75,0.750003905,-3.90E-06,56.61615166
2255.7 sec,0.75,0.750001918,-1.92E-06,55.26516752
2256.3 sec,0.75,0.75000065,-6.50E-07,54.40249375
2257 sec,0.75,0.750000503,-5.03E-07,54.30253171
2257.9 sec,0.75,0.750001277,-1.28E-06,54.82940585
2258.7 sec,0.75,0.750003629,-3.63E-06,56.42869404
2259.4 sec,0.75,0.750003165,-3.17E-06,56.11308717
2260 sec,0.75,0.750001064,-1.06E-06,54.68427498
2260.6 sec,0.75,0.75000047,-4.70E-07,54.28024342
2261.4 sec,0.75,0.75000071,-7.10E-07,54.44338125
2262.3 sec,0.75,0.750002416,-2.42E-06,55.60401288
2262.9 sec,0.75,0.750001106,-1.11E-06,54.7127085
2263.5 sec,0.75,0.750000506,-5.06E-07,54.30483703
2264.3 sec,0.75,0.750000724,-7.24E-07,54.45292632
2265.1 sec,0.75,0.750002264,-2.26E-06,55.50065913
2265.9 sec,0.75,0.750003905,-3.90E-06,56.61615166
2266.6 sec,0.75,0.750001918,-1.92E-06,55.26516752
2267.1 sec,0.75,0.75000065,-6.50E-07,54.40249375
2267.8 sec,0.75,0.750000503,-5.03E-07,54.30253171
2268.7 sec,0.75,0.750001277,-1.28E-06,54.82940585
2269.5 sec,0.75,0.750003629,-3.63E-06,56.42869404
2270.2 sec,0.75,0.750003165,-3.17E-06,56.11308717
2270.8 sec,0.75,0.750001064,-1.06E-06,54.68427498
2271.4 sec,0.75,0.75000047,-4.70E-07,54.28024342
2272.2 sec,0.75,0.75000071,-7.10E-07,54.44338125
2273.1 sec,0.75,0.750002416,-2.42E-06,55.60401288
2273.7 sec,0.75,0.750001106,-1.11E-06,54.7127085
2274.3 sec,0.75,0.750000506,-5.06E-07,54.30483703
2275.1 sec,0.75,0.750000724,-7.24E-07,54.45292632
2275.9 sec,0.75,0.750002264,-2.26E-06,55.50065913
2276.7 sec,0.75,0.750003905,-3.90E-06,56.61615166
2277.4 sec,0.75,0.750001918,-1.92E-06,55.26516752
2278 sec,0.75,0.75000065,-6.50E-07,54.40249375
2278.6 sec,0.75,0.750000503,-5.03E-07,54.30253171
2279.5 sec,0.75,0.750001277,-1.28E-06,54.82940585
2280.3 sec,0.75,0.750003629,-3.63E-06,56.42869404
2281 sec,0.75,0.750003165,-3.17E-06,56.11308717
2281.6 sec,0.75,0.750001064,-1.06E-06,54.68427498
2282.2 sec,0.75,0.75000047,-4.70E-07,54.28024342
2283 sec,0.75,0.75000071,-7.10E-07,54.44338125
2283.9 sec,0.75,0.750002416,-2.42E-06,55.60401288
2284.5 sec,0.75,0.750001106,-1.11E-06,54.7127085
2285.1 sec,0.75,0.750000506,-5.06E-07,54.30483703
2285.9 sec,0.75,0.750000724,-7.24E-07,54.45292632
2286.8 sec,0.75,0.750002264,-2.26E-06,55.50065913
2287.5 sec,0.75,0.750003905,-3.90E-06,56.61615166
2288.2 sec,0.75,0.750001918,-1.92E-06,55.26516752
2288.8 sec,0.75,0.75000065,-6.50E-07,54.40249375
2289.5 sec,0.75,0.750000503,-5.03E-07,54.30253171
2290.3 sec,0.75,0.750001277,-1.28E-06,54.82940585
2291.1 sec,0.75,0.750003629,-3.63E-06,56.42869404
2291.8 sec,0.75,0.750003165,-3.17E-06,56.11308717
2292.4 sec,0.75,0.750001064,-1.06E-06,54.68427498
2293.1 sec,0.75,0.75000047,-4.70E-07,54.28024342
2293.8 sec,0.75,0.75000071,-7.10E-07,54.44338125
2294.7 sec,0.75,0.750002416,-2.42E-06,55.60401288
2295.3 sec,0.75,0.750001106,-1.11E-06,54.7127085
2295.9 sec,0.75,0.750000506,-5.06E-07,54.30483703
2296.7 sec,0.75,0.750000724,-7.24E-07,54.45292632
2297.6 sec,0.75,0.750002264,-2.26E-06,55.50065913
2298.4 sec,0.75,0.750003905,-3.90E-06,56.61615166
2299 sec,0.75,0.750001918,-1.92E-06,55.26516752
2299.6 sec,0.75,0.75000065,-6.50E-07,54.40249375
2300.3 sec,0.75,0.750000503,-5.03E-07,54.30253171
2301.1 sec,0.75,0.750001277,-1.28E-06,54.82940585
2301.9 sec,0.75,0.750003629,-3.63E-06,56.42869404
2302.7 sec,0.75,0.750003165,-3.17E-06,56.11308717
2303.2 sec,0.75,0.750001064,-1.06E-06,54.68427498
2303.9 sec,0.75,0.75000047,-4.70E-07,54.28024342
2304.6 sec,0.75,0.75000071,-7.10E-07,54.44338125
2305.5 sec,0.75,0.750002416,-2.42E-06,55.60401288
2306.1 sec,0.75,0.750001106,-1.11E-06,54.7127085
2306.8 sec,0.75,0.750000506,-5.06E-07,54.30483703
2307.5 sec,0.75,0.750000724,-7.24E-07,54.45292632
2308.4 sec,0.75,0.750002264,-2.26E-06,55.50065913
2309.2 sec,0.75,0.750003905,-3.90E-06,56.61615166
2309.8 sec,0.75,0.750001918,-1.92E-06,55.26516752
2310.4 sec,0.75,0.75000065,-6.50E-07,54.40249375
2311.1 sec,0.75,0.750000503,-5.03E-07,54.30253171
2311.9 sec,0.75,0.750001277,-1.28E-06,54.82940585
2312.8 sec,0.75,0.750003629,-3.63E-06,56.42869404
2313.5 sec,0.75,0.750003165,-3.17E-06,56.11308717
2314.1 sec,0.75,0.750001064,-1.06E-06,54.68427498
2314.7 sec,0.75,0.75000047,-4.70E-07,54.28024342
2315.4 sec,0.75,0.75000071,-7.10E-07,54.44338125
2316.3 sec,0.75,0.750002416,-2.42E-06,55.60401288
2316.9 sec,0.75,0.750001106,-1.11E-06,54.7127085
2317.6 sec,0.75,0.750000506,-5.06E-07,54.30483703
2318.3 sec,0.75,0.750000724,-7.24E-07,54.45292632
2319.2 sec,0.75,0.750002264,-2.26E-06,55.50065913
2320 sec,0.75,0.750003905,-3.90E-06,56.61615166
2320.6 sec,0.75,0.750001918,-1.92E-06,55.26516752
2321.2 sec,0.75,0.75000065,-6.50E-07,54.40249375
2321.9 sec,0.75,0.750000503,-5.03E-07,54.30253171
2322.7 sec,0.75,0.750001277,-1.28E-06,54.82940585
2323.6 sec,0.75,0.750003629,-3.63E-06,56.42869404
2324.3 sec,0.75,0.750003165,-3.17E-06,56.11308717
2324.9 sec,0.75,0.750001064,-1.06E-06,54.68427498
2325.5 sec,0.75,0.75000047,-4.70E-07,54.28024342
2326.3 sec,0.75,0.75000071,-7.10E-07,54.44338125
2327.1 sec,0.75,0.750002416,-2.42E-06,55.60401288
2327.8 sec,0.75,0.750001106,-1.11E-06,54.7127085
2328.4 sec,0.75,0.750000506,-5.06E-07,54.30483703
2329.1 sec,0.75,0.750000724,-7.24E-07,54.45292632
2330 sec,0.75,0.750002264,-2.26E-06,55.50065913
2330.8 sec,0.75,0.750003905,-3.90E-06,56.61615166
2331.4 sec,0.75,0.750001918,-1.92E-06,55.26516752
2332 sec,0.75,0.75000065,-6.50E-07,54.40249375
2332.7 sec,0.75,0.750000503,-5.03E-07,54.30253171
2333.5 sec,0.75,0.750001277,-1.28E-06,54.82940585
2334.4 sec,0.75,0.750003629,-3.63E-06,56.42869404
2335.1 sec,0.75,0.750003165,-3.17E-06,56.11308717
2335.7 sec,0.75,0.750001064,-1.06E-06,54.68427498
2336.3 sec,0.75,0.75000047,-4.70E-07,54.28024342
2337.1 sec,0.75,0.75000071,-7.10E-07,54.44338125
2337.9 sec,0.75,0.750002416,-2.42E-06,55.60401288
2338.6 sec,0.75,0.750001106,-1.11E-06,54.7127085
2339.2 sec,0.75,0.750000506,-5.06E-07,54.30483703
2340 sec,0.75,0.750000724,-7.24E-07,54.45292632
2340.8 sec,0.75,0.750002264,-2.26E-06,55.50065913
2341.6 sec,0.75,0.750003905,-3.90E-06,56.61615166
2342.2 sec,0.75,0.750001918,-1.92E-06,55.26516752
2342.8 sec,0.75,0.75000065,-6.50E-07,54.40249375
2343.5 sec,0.75,0.750000503,-5.03E-07,54.30253171
2344.3 sec,0.75,0.750001277,-1.28E-06,54.82940585
2345.2 sec,0.75,0.750003629,-3.63E-06,56.42869404
2345.9 sec,0.75,0.750003165,-3.17E-06,56.11308717
2346.5 sec,0.75,0.750001064,-1.06E-06,54.68427498
2347.1 sec,0.75,0.75000047,-4.70E-07,54.28024342
2347.9 sec,0.75,0.75000071,-7.10E-07,54.44338125
2348.7 sec,0.75,0.750002416,-2.42E-06,55.60401288
2349.4 sec,0.75,0.750001106,-1.11E-06,54.7127085
2350 sec,0.75,0.750000506,-5.06E-07,54.30483703
2350.8 sec,0.75,0.750000724,-7.24E-07,54.45292632
2351.6 sec,0.75,0.750002264,-2.26E-06,55.50065913
2352.4 sec,0.75,0.750003905,-3.90E-06,56.61615166
2353 sec,0.75,0.750001918,-1.92E-06,55.26516752
2353.6 sec,0.75,0.75000065,-6.50E-07,54.40249375
2354.3 sec,0.75,0.750000503,-5.03E-07,54.30253171
2355.2 sec,0.75,0.750001277,-1.28E-06,54.82940585
2356 sec,0.75,0.750003629,-3.63E-06,56.42869404
2356.7 sec,0.75,0.750003165,-3.17E-06,56.11308717
2357.3 sec,0.75,0.750001064,-1.06E-06,54.68427498
2357.9 sec,0.75,0.75000047,-4.70E-07,54.28024342
2358.7 sec,0.75,0.75000071,-7.10E-07,54.44338125
2359.6 sec,0.75,0.750002416,-2.42E-06,55.60401288
2360.2 sec,0.75,0.750001106,-1.11E-06,54.7127085
2360.8 sec,0.75,0.750000506,-5.06E-07,54.30483703
2361.6 sec,0.75,0.750000724,-7.24E-07,54.45292632
2362.4 sec,0.75,0.750002264,-2.26E-06,55.50065913
2363.2 sec,0.75,0.750003905,-3.90E-06,56.61615166
2363.9 sec,0.75,0.750001918,-1.92E-06,55.26516752
2364.4 sec,0.75,0.75000065,-6.50E-07,54.40249375
2365.1 sec,0.75,0.750000503,-5.03E-07,54.30253171
2366 sec,0.75,0.750001277,-1.28E-06,54.82940585
2366.8 sec,0.75,0.750003629,-3.63E-06,56.42869404
2367.5 sec,0.75,0.750003165,-3.17E-06,56.11308717
2368.1 sec,0.75,0.750001064,-1.06E-06,54.68427498
2368.7 sec,0.75,0.75000047,-4.70E-07,54.28024342
2369.5 sec,0.75,0.75000071,-7.10E-07,54.44338125
2370.4 sec,0.75,0.750002416,-2.42E-06,55.60401288
2371 sec,0.75,0.750001106,-1.11E-06,54.7127085
2371.6 sec,0.75,0.750000506,-5.06E-07,54.30483703
2372.4 sec,0.75,0.750000724,-7.24E-07,54.45292632
2373.2 sec,0.75,0.750002264,-2.26E-06,55.50065913
2374 sec,0.75,0.750003905,-3.90E-06,56.61615166
2374.7 sec,0.75,0.750001918,-1.92E-06,55.26516752
2375.3 sec,0.75,0.75000065,-6.50E-07,54.40249375
2375.9 sec,0.75,0.750000503,-5.03E-07,54.30253171
2376.8 sec,0.75,0.750001277,-1.28E-06,54.82940585
2377.6 sec,0.75,0.750003629,-3.63E-06,56.42869404
2378.3 sec,0.75,0.750003165,-3.17E-06,56.11308717
2378.9 sec,0.75,0.750001064,-1.06E-06,54.68427498
2379.5 sec,0.75,0.75000047,-4.70E-07,54.28024342
2380.3 sec,0.75,0.75000071,-7.10E-07,54.44338125
2381.2 sec,0.75,0.750002416,-2.42E-06,55.60401288
2381.8 sec,0.75,0.750001106,-1.11E-06,54.7127085
2382.4 sec,0.75,0.750000506,-5.06E-07,54.30483703
2383.2 sec,0.75,0.750000724,-7.24E-07,54.45292632
2384.1 sec,0.75,0.750002264,-2.26E-06,55.50065913
2384.8 sec,0.75,0.750003905,-3.90E-06,56.61615166
2385.5 sec,0.75,0.750001918,-1.92E-06,55.26516752
2386.1 sec,0.75,0.75000065,-6.50E-07,54.40249375
2386.8 sec,0.75,0.750000503,-5.03E-07,54.30253171
2387.6 sec,0.75,0.750001277,-1.28E-06,54.82940585
2388.4 sec,0.75,0.750003629,-3.63E-06,56.42869404
2389.1 sec,0.75,0.750003165,-3.17E-06,56.11308717
2389.7 sec,0.75,0.750001064,-1.06E-06,54.68427498
2390.4 sec,0.75,0.75000047,-4.70E-07,54.28024342
2391.1 sec,0.75,0.75000071,-7.10E-07,54.44338125
2392 sec,0.75,0.750002416,-2.42E-06,55.60401288
2392.6 sec,0.75,0.750001106,-1.11E-06,54.7127085
2393.2 sec,0.75,0.750000506,-5.06E-07,54.30483703
2394 sec,0.75,0.750000724,-7.24E-07,54.45292632
2394.9 sec,0.75,0.750002264,-2.26E-06,55.50065913
2395.7 sec,0.75,0.750003905,-3.90E-06,56.61615166
2396.3 sec,0.75,0.750001918,-1.92E-06,55.26516752
2396.9 sec,0.75,0.75000065,-6.50E-07,54.40249375
2397.6 sec,0.75,0.750000503,-5.03E-07,54.30253171
2398.4 sec,0.75,0.750001277,-1.28E-06,54.82940585
2399.2 sec,0.75,0.750003629,-3.63E-06,56.42869404
2400 sec,0.75,0.750003165,-3.17E-06,56.11308717
2400.5 sec,0.75,0.750001064,-1.06E-06,54.68427498
2401.2 sec,0.75,0.75000047,-4.70E-07,54.28024342
2401.9 sec,0.75,0.75000071,-7.10E-07,54.44338125
2402.8 sec,0.75,0.750002416,-2.42E-06,55.60401288
2403.4 sec,0.75,0.750001106,-1.11E-06,54.7127085
2404.1 sec,0.75,0.750000506,-5.06E-07,54.30483703
2404.8 sec,0.75,0.750000724,-7.24E-07,54.45292632
2405.7 sec,0.75,0.750002264,-2.26E-06,55.50065913
2406.5 sec,0.75,0.750003905,-3.90E-06,56.61615166
2407.1 sec,0.75,0.750001918,-1.92E-06,55.26516752
2407.7 sec,0.75,0.75000065,-6.50E-07,54.40249375
2408.4 sec,0.75,0.750000503,-5.03E-07,54.30253171
2409.2 sec,0.75,0.750001277,-1.28E-06,54.82940585
2410.1 sec,0.75,0.750003629,-3.63E-06,56.42869404
2410.8 sec,0.75,0.750003165,-3.17E-06,56.11308717
2411.4 sec,0.75,0.750001064,-1.06E-06,54.68427498
2412 sec,0.75,0.75000047,-4.70E-07,54.28024342
2412.7 sec,0.75,0.75000071,-7.10E-07,54.44338125
2413.6 sec,0.75,0.750002416,-2.42E-06,55.60401288
2414.2 sec,0.75,0.750001106,-1.11E-06,54.7127085
2414.9 sec,0.75,0.750000506,-5.06E-07,54.30483703
2415.6 sec,0.75,0.750000724,-7.24E-07,54.45292632
2416.5 sec,0.75,0.750002264,-2.26E-06,55.50065913
2417.3 sec,0.75,0.750003905,-3.90E-06,56.61615166
2417.9 sec,0.75,0.750001918,-1.92E-06,55.26516752
2418.5 sec,0.75,0.75000065,-6.50E-07,54.40249375
2419.2 sec,0.75,0.750000503,-5.03E-07,54.30253171
2420 sec,0.75,0.750001277,-1.28E-06,54.82940585
2420.9 sec,0.75,0.750003629,-3.63E-06,56.42869404
2421.6 sec,0.75,0.750003165,-3.17E-06,56.11308717
2422.2 sec,0.75,0.750001064,-1.06E-06,54.68427498
2422.8 sec,0.75,0.75000047,-4.70E-07,54.28024342
2423.6 sec,0.75,0.75000071,-7.10E-07,54.44338125
2424.4 sec,0.75,0.750002416,-2.42E-06,55.60401288
2425.1 sec,0.75,0.750001106,-1.11E-06,54.7127085
2425.7 sec,0.75,0.750000506,-5.06E-07,54.30483703
2426.4 sec,0.75,0.750000724,-7.24E-07,54.45292632
2427.3 sec,0.75,0.750002264,-2.26E-06,55.50065913
2428.1 sec,0.75,0.750003905,-3.90E-06,56.61615166
2428.7 sec,0.75,0.750001918,-1.92E-06,55.26516752
2429.3 sec,0.75,0.75000065,-6.50E-07,54.40249375
2430 sec,0.75,0.750000503,-5.03E-07,54.30253171
2430.8 sec,0.75,0.750001277,-1.28E-06,54.82940585
2431.7 sec,0.75,0.750003629,-3.63E-06,56.42869404
2432.4 sec,0.75,0.750003165,-3.17E-06,56.11308717
2433 sec,0.75,0.750001064,-1.06E-06,54.68427498
2433.6 sec,0.75,0.75000047,-4.70E-07,54.28024342
2434.4 sec,0.75,0.75000071,-7.10E-07,54.44338125
2435.2 sec,0.75,0.750002416,-2.42E-06,55.60401288
2435.9 sec,0.75,0.750001106,-1.11E-06,54.7127085
2436.5 sec,0.75,0.750000506,-5.06E-07,54.30483703
2437.3 sec,0.75,0.750000724,-7.24E-07,54.45292632
2438.1 sec,0.75,0.750002264,-2.26E-06,55.50065913
2438.9 sec,0.75,0.750003905,-3.90E-06,56.61615166
2439.5 sec,0.75,0.750001918,-1.92E-06,55.26516752
2440.1 sec,0.75,0.75000065,-6.50E-07,54.40249375
2440.8 sec,0.75,0.750000503,-5.03E-07,54.30253171
2441.6 sec,0.75,0.750001277,-1.28E-06,54.82940585
2442.5 sec,0.75,0.750003629,-3.63E-06,56.42869404
2443.2 sec,0.75,0.750003165,-3.17E-06,56.11308717
2443.8 sec,0.75,0.750001064,-1.06E-06,54.68427498
2444.4 sec,0.75,0.75000047,-4.70E-07,54.28024342
2445.2 sec,0.75,0.75000071,-7.10E-07,54.44338125
2446 sec,0.75,0.750002416,-2.42E-06,55.60401288
2446.7 sec,0.75,0.750001106,-1.11E-06,54.7127085
2447.3 sec,0.75,0.750000506,-5.06E-07,54.30483703
2448.1 sec,0.75,0.750000724,-7.24E-07,54.45292632
2448.9 sec,0.75,0.750002264,-2.26E-06,55.50065913
2449.7 sec,0.75,0.750003905,-3.90E-06,56.61615166
2450.3 sec,0.75,0.750001918,-1.92E-06,55.26516752
2450.9 sec,0.75,0.75000065,-6.50E-07,54.40249375
2451.6 sec,0.75,0.750000503,-5.03E-07,54.30253171
2452.5 sec,0.75,0.750001277,-1.28E-06,54.82940585
2453.3 sec,0.75,0.750003629,-3.63E-06,56.42869404
2454 sec,0.75,0.750003165,-3.17E-06,56.11308717
2454.6 sec,0.75,0.750001064,-1.06E-06,54.68427498
2455.2 sec,0.75,0.75000047,-4.70E-07,54.28024342
2456 sec,0.75,0.75000071,-7.10E-07,54.44338125
2456.9 sec,0.75,0.750002416,-2.42E-06,55.60401288
2457.5 sec,0.75,0.750001106,-1.11E-06,54.7127085
2458.1 sec,0.75,0.750000506,-5.06E-07,54.30483703
2458.9 sec,0.75,0.750000724,-7.24E-07,54.45292632
2459.7 sec,0.75,0.750002264,-2.26E-06,55.50065913
2460.5 sec,0.75,0.750003905,-3.90E-06,56.61615166
2461.2 sec,0.75,0.750001918,-1.92E-06,55.26516752
2461.7 sec,0.75,0.75000065,-6.50E-07,54.40249375
2462.4 sec,0.75,0.750000503,-5.03E-07,54.30253171
2463.3 sec,0.75,0.750001277,-1.28E-06,54.82940585
2464.1 sec,0.75,0.750003629,-3.63E-06,56.42869404
2464.8 sec,0.75,0.750003165,-3.17E-06,56.11308717
2465.4 sec,0.75,0.750001064,-1.06E-06,54.68427498
2466 sec,0.75,0.75000047,-4.70E-07,54.28024342
2466.8 sec,0.75,0.75000071,-7.10E-07,54.44338125
2467.7 sec,0.75,0.750002416,-2.42E-06,55.60401288
2468.3 sec,0.75,0.750001106,-1.11E-06,54.7127085
2468.9 sec,0.75,0.750000506,-5.06E-07,54.30483703
2469.7 sec,0.75,0.750000724,-7.24E-07,54.45292632
2470.5 sec,0.75,0.750002264,-2.26E-06,55.50065913
2471.3 sec,0.75,0.750003905,-3.90E-06,56.61615166
2472 sec,0.75,0.750001918,-1.92E-06,55.26516752
2472.6 sec,0.75,0.75000065,-6.50E-07,54.40249375
2473.2 sec,0.75,0.750000503,-5.03E-07,54.30253171
2474.1 sec,0.75,0.750001277,-1.28E-06,54.82940585
2474.9 sec,0.75,0.750003629,-3.63E-06,56.42869404
2475.6 sec,0.75,0.750003165,-3.17E-06,56.11308717
2476.2 sec,0.75,0.750001064,-1.06E-06,54.68427498
2476.8 sec,0.75,0.75000047,-4.70E-07,54.28024342
2477.6 sec,0.75,0.75000071,-7.10E-07,54.44338125
2478.5 sec,0.75,0.750002416,-2.42E-06,55.60401288
2479.1 sec,0.75,0.750001106,-1.11E-06,54.7127085
2479.7 sec,0.75,0.750000506,-5.06E-07,54.30483703
2480.5 sec,0.75,0.750000724,-7.24E-07,54.45292632
2481.4 sec,0.75,0.750002264,-2.26E-06,55.50065913
2482.1 sec,0.75,0.750003905,-3.90E-06,56.61615166
2482.8 sec,0.75,0.750001918,-1.92E-06,55.26516752
2483.4 sec,0.75,0.75000065,-6.50E-07,54.40249375
2484.1 sec,0.75,0.750000503,-5.03E-07,54.30253171
2484.9 sec,0.75,0.750001277,-1.28E-06,54.82940585
2485.7 sec,0.75,0.750003629,-3.63E-06,56.42869404
2486.4 sec,0.75,0.750003165,-3.17E-06,56.11308717
2487 sec,0.75,0.750001064,-1.06E-06,54.68427498
2487.7 sec,0.75,0.75000047,-4.70E-07,54.28024342
2488.4 sec,0.75,0.75000071,-7.10E-07,54.44338125
2489.3 sec,0.75,0.750002416,-2.42E-06,55.60401288
2489.9 sec,0.75,0.750001106,-1.11E-06,54.7127085
2490.5 sec,0.75,0.750000506,-5.06E-07,54.30483703
2491.3 sec,0.75,0.750000724,-7.24E-07,54.45292632
2492.2 sec,0.75,0.750002264,-2.26E-06,55.50065913
2493 sec,0.75,0.750003905,-3.90E-06,56.61615166
2493.6 sec,0.75,0.750001918,-1.92E-06,55.26516752
2494.2 sec,0.75,0.75000065,-6.50E-07,54.40249375
2494.9 sec,0.75,0.750000503,-5.03E-07,54.30253171
2495.7 sec,0.75,0.750001277,-1.28E-06,54.82940585
2496.5 sec,0.75,0.750003629,-3.63E-06,56.42869404
2497.3 sec,0.75,0.750003165,-3.17E-06,56.11308717
2497.8 sec,0.75,0.750001064,-1.06E-06,54.68427498
2498.5 sec,0.75,0.75000047,-4.70E-07,54.28024342
2499.2 sec,0.75,0.75000071,-7.10E-07,54.44338125
2500.1 sec,0.75,0.750002416,-2.42E-06,55.60401288
2500.7 sec,0.75,0.750001106,-1.11E-06,54.7127085
2501.4 sec,0.75,0.750000506,-5.06E-07,54.30483703
2502.1 sec,0.75,0.750000724,-7.24E-07,54.45292632
2503 sec,0.75,0.750002264,-2.26E-06,55.50065913
2503.8 sec,0.75,0.750003905,-3.90E-06,56.61615166
2504.4 sec,0.75,0.750001918,-1.92E-06,55.26516752
2505 sec,0.75,0.75000065,-6.50E-07,54.40249375
2505.7 sec,0.75,0.750000503,-5.03E-07,54.30253171
2506.5 sec,0.75,0.750001277,-1.28E-06,54.82940585
2507.4 sec,0.75,0.750003629,-3.63E-06,56.42869404
2508.1 sec,0.75,0.750003165,-3.17E-06,56.11308717
2508.7 sec,0.75,0.750001064,-1.06E-06,54.68427498
2509.3 sec,0.75,0.75000047,-4.70E-07,54.28024342
2510 sec,0.75,0.75000071,-7.10E-07,54.44338125
2510.9 sec,0.75,0.750002416,-2.42E-06,55.60401288
2511.5 sec,0.75,0.750001106,-1.11E-06,54.7127085
2512.2 sec,0.75,0.750000506,-5.06E-07,54.30483703
2512.9 sec,0.75,0.750000724,-7.24E-07,54.45292632
2513.8 sec,0.75,0.750002264,-2.26E-06,55.50065913
2514.6 sec,0.75,0.750003905,-3.90E-06,56.61615166
2515.2 sec,0.75,0.750001918,-1.92E-06,55.26516752
2515.8 sec,0.75,0.75000065,-6.50E-07,54.40249375
2516.5 sec,0.75,0.750000503,-5.03E-07,54.30253171
2517.3 sec,0.75,0.750001277,-1.28E-06,54.82940585
2518.2 sec,0.75,0.750003629,-3.63E-06,56.42869404
2518.9 sec,0.75,0.750003165,-3.17E-06,56.11308717
2519.5 sec,0.75,0.750001064,-1.06E-06,54.68427498
2520.1 sec,0.75,0.75000047,-4.70E-07,54.28024342
2520.9 sec,0.75,0.75000071,-7.10E-07,54.44338125
2521.7 sec,0.75,0.750002416,-2.42E-06,55.60401288
2522.4 sec,0.75,0.750001106,-1.11E-06,54.7127085
2523 sec,0.75,0.750000506,-5.06E-07,54.30483703
2523.7 sec,0.75,0.750000724,-7.24E-07,54.45292632
2524.6 sec,0.75,0.750002264,-2.26E-06,55.50065913
2525.4 sec,0.75,0.750003905,-3.90E-06,56.61615166
2526 sec,0.75,0.750001918,-1.92E-06,55.26516752
2526.6 sec,0.75,0.75000065,-6.50E-07,54.40249375
2527.3 sec,0.75,0.750000503,-5.03E-07,54.30253171
2528.1 sec,0.75,0.750001277,-1.28E-06,54.82940585
2529 sec,0.75,0.750003629,-3.63E-06,56.42869404
2529.7 sec,0.75,0.750003165,-3.17E-06,56.11308717
2530.3 sec,0.75,0.750001064,-1.06E-06,54.68427498
2530.9 sec,0.75,0.75000047,-4.70E-07,54.28024342
2531.7 sec,0.75,0.75000071,-7.10E-07,54.44338125
2532.5 sec,0.75,0.750002416,-2.42E-06,55.60401288
2533.2 sec,0.75,0.750001106,-1.11E-06,54.7127085
2533.8 sec,0.75,0.750000506,-5.06E-07,54.30483703
2534.6 sec,0.75,0.750000724,-7.24E-07,54.45292632
2535.4 sec,0.75,0.750002264,-2.26E-06,55.50065913
2536.2 sec,0.75,0.750003905,-3.90E-06,56.61615166
2536.8 sec,0.75,0.750001918,-1.92E-06,55.26516752
2537.4 sec,0.75,0.75000065,-6.50E-07,54.40249375
2538.1 sec,0.75,0.750000503,-5.03E-07,54.30253171
2538.9 sec,0.75,0.750001277,-1.28E-06,54.82940585
2539.8 sec,0.75,0.750003629,-3.63E-06,56.42869404
2540.5 sec,0.75,0.750003165,-3.17E-06,56.11308717
2541.1 sec,0.75,0.750001064,-1.06E-06,54.68427498
2541.7 sec,0.75,0.75000047,-4.70E-07,54.28024342
2542.5 sec,0.75,0.75000071,-7.10E-07,54.44338125
2543.3 sec,0.75,0.750002416,-2.42E-06,55.60401288
2544 sec,0.75,0.750001106,-1.11E-06,54.7127085
2544.6 sec,0.75,0.750000506,-5.06E-07,54.30483703
2545.4 sec,0.75,0.750000724,-7.24E-07,54.45292632
2546.2 sec,0.75,0.750002264,-2.26E-06,55.50065913
2547 sec,0.75,0.750003905,-3.90E-06,56.61615166
2547.6 sec,0.75,0.750001918,-1.92E-06,55.26516752
2548.2 sec,0.75,0.75000065,-6.50E-07,54.40249375
2548.9 sec,0.75,0.750000503,-5.03E-07,54.30253171
2549.8 sec,0.75,0.750001277,-1.28E-06,54.82940585
2550.6 sec,0.75,0.750003629,-3.63E-06,56.42869404
2551.3 sec,0.75,0.750003165,-3.17E-06,56.11308717
2551.9 sec,0.75,0.750001064,-1.06E-06,54.68427498
2552.5 sec,0.75,0.75000047,-4.70E-07,54.28024342
2553.3 sec,0.75,0.75000071,-7.10E-07,54.44338125
2554.2 sec,0.75,0.750002416,-2.42E-06,55.60401288
2554.8 sec,0.75,0.750001106,-1.11E-06,54.7127085
2555.4 sec,0.75,0.750000506,-5.06E-07,54.30483703
2556.2 sec,0.75,0.750000724,-7.24E-07,54.45292632
2557 sec,0.75,0.750002264,-2.26E-06,55.50065913
2557.8 sec,0.75,0.750003905,-3.90E-06,56.61615166
2558.5 sec,0.75,0.750001918,-1.92E-06,55.26516752
2559 sec,0.75,0.75000065,-6.50E-07,54.40249375
2559.7 sec,0.75,0.750000503,-5.03E-07,54.30253171
2560.6 sec,0.75,0.750001277,-1.28E-06,54.82940585
2561.4 sec,0.75,0.750003629,-3.63E-06,56.42869404
2562.1 sec,0.75,0.750003165,-3.17E-06,56.11308717
2562.7 sec,0.75,0.750001064,-1.06E-06,54.68427498
2563.3 sec,0.75,0.75000047,-4.70E-07,54.28024342
2564.1 sec,0.75,0.75000071,-7.10E-07,54.44338125
2565 sec,0.75,0.750002416,-2.42E-06,55.60401288
2565.6 sec,0.75,0.750001106,-1.11E-06,54.7127085
2566.2 sec,0.75,0.750000506,-5.06E-07,54.30483703
2567 sec,0.75,0.750000724,-7.24E-07,54.45292632
2567.8 sec,0.75,0.750002264,-2.26E-06,55.50065913
2568.6 sec,0.75,0.750003905,-3.90E-06,56.61615166
2569.3 sec,0.75,0.750001918,-1.92E-06,55.26516752
2569.9 sec,0.75,0.75000065,-6.50E-07,54.40249375
2570.5 sec,0.75,0.750000503,-5.03E-07,54.30253171
2571.4 sec,0.75,0.750001277,-1.28E-06,54.82940585
2572.2 sec,0.75,0.750003629,-3.63E-06,56.42869404
2572.9 sec,0.75,0.750003165,-3.17E-06,56.11308717
2573.5 sec,0.75,0.750001064,-1.06E-06,54.68427498
2574.1 sec,0.75,0.75000047,-4.70E-07,54.28024342
2574.9 sec,0.75,0.75000071,-7.10E-07,54.44338125
2575.8 sec,0.75,0.750002416,-2.42E-06,55.60401288
2576.4 sec,0.75,0.750001106,-1.11E-06,54.7127085
2577 sec,0.75,0.750000506,-5.06E-07,54.30483703
2577.8 sec,0.75,0.750000724,-7.24E-07,54.45292632
2578.7 sec,0.75,0.750002264,-2.26E-06,55.50065913
2579.4 sec,0.75,0.750003905,-3.90E-06,56.61615166
2580.1 sec,0.75,0.750001918,-1.92E-06,55.26516752
2580.7 sec,0.75,0.75000065,-6.50E-07,54.40249375
2581.4 sec,0.75,0.750000503,-5.03E-07,54.30253171
2582.2 sec,0.75,0.750001277,-1.28E-06,54.82940585
2583 sec,0.75,0.750003629,-3.63E-06,56.42869404
2583.7 sec,0.75,0.750003165,-3.17E-06,56.11308717
2584.3 sec,0.75,0.750001064,-1.06E-06,54.68427498
2585 sec,0.75,0.75000047,-4.70E-07,54.28024342
2585.7 sec,0.75,0.75000071,-7.10E-07,54.44338125
2586.6 sec,0.75,0.750002416,-2.42E-06,55.60401288
2587.2 sec,0.75,0.750001106,-1.11E-06,54.7127085
2587.8 sec,0.75,0.750000506,-5.06E-07,54.30483703
2588.6 sec,0.75,0.750000724,-7.24E-07,54.45292632
2589.5 sec,0.75,0.750002264,-2.26E-06,55.50065913
2590.3 sec,0.75,0.750003905,-3.90E-06,56.61615166
2590.9 sec,0.75,0.750001918,-1.92E-06,55.26516752
2591.5 sec,0.75,0.75000065,-6.50E-07,54.40249375
2592.2 sec,0.75,0.750000503,-5.03E-07,54.30253171
2593 sec,0.75,0.750001277,-1.28E-06,54.82940585
2593.8 sec,0.75,0.750003629,-3.63E-06,56.42869404
2594.6 sec,0.75,0.750003165,-3.17E-06,56.11308717
2595.1 sec,0.75,0.750001064,-1.06E-06,54.68427498
2595.8 sec,0.75,0.75000047,-4.70E-07,54.28024342
2596.5 sec,0.75,0.75000071,-7.10E-07,54.44338125
2597.4 sec,0.75,0.750002416,-2.42E-06,55.60401288
2598 sec,0.75,0.750001106,-1.11E-06,54.7127085
2598.7 sec,0.75,0.750000506,-5.06E-07,54.30483703
2599.4 sec,0.75,0.750000724,-7.24E-07,54.45292632
2600.3 sec,0.75,0.750002264,-2.26E-06,55.50065913
2601.1 sec,0.75,0.750003905,-3.90E-06,56.61615166
2601.7 sec,0.75,0.750001918,-1.92E-06,55.26516752
2602.3 sec,0.75,0.75000065,-6.50E-07,54.40249375
2603 sec,0.75,0.750000503,-5.03E-07,54.30253171
2603.8 sec,0.75,0.750001277,-1.28E-06,54.82940585
2604.7 sec,0.75,0.750003629,-3.63E-06,56.42869404
2605.4 sec,0.75,0.750003165,-3.17E-06,56.11308717
2606 sec,0.75,0.750001064,-1.06E-06,54.68427498
2606.6 sec,0.75,0.75000047,-4.70E-07,54.28024342
2607.3 sec,0.75,0.75000071,-7.10E-07,54.44338125
2608.2 sec,0.75,0.750002416,-2.42E-06,55.60401288
2608.8 sec,0.75,0.750001106,-1.11E-06,54.7127085
2609.5 sec,0.75,0.750000506,-5.06E-07,54.30483703
2610.2 sec,0.75,0.750000724,-7.24E-07,54.45292632
2611.1 sec,0.75,0.750002264,-2.26E-06,55.50065913
2611.9 sec,0.75,0.750003905,-3.90E-06,56.61615166
2612.5 sec,0.75,0.750001918,-1.92E-06,55.26516752
2613.1 sec,0.75,0.75000065,-6.50E-07,54.40249375
2613.8 sec,0.75,0.750000503,-5.03E-07,54.30253171
2614.6 sec,0.75,0.750001277,-1.28E-06,54.82940585
2615.5 sec,0.75,0.750003629,-3.63E-06,56.42869404
2616.2 sec,0.75,0.750003165,-3.17E-06,56.11308717
2616.8 sec,0.75,0.750001064,-1.06E-06,54.68427498
2617.4 sec,0.75,0.75000047,-4.70E-07,54.28024342
2618.2 sec,0.75,0.75000071,-7.10E-07,54.44338125
2619 sec,0.75,0.750002416,-2.42E-06,55.60401288
2619.7 sec,0.75,0.750001106,-1.11E-06,54.7127085
2620.3 sec,0.75,0.750000506,-5.06E-07,54.30483703
2621 sec,0.75,0.750000724,-7.24E-07,54.45292632
2621.9 sec,0.75,0.750002264,-2.26E-06,55.50065913
2622.7 sec,0.75,0.750003905,-3.90E-06,56.61615166
2623.3 sec,0.75,0.750001918,-1.92E-06,55.26516752
2623.9 sec,0.75,0.75000065,-6.50E-07,54.40249375
2624.6 sec,0.75,0.750000503,-5.03E-07,54.30253171
2625.4 sec,0.75,0.750001277,-1.28E-06,54.82940585
2626.3 sec,0.75,0.750003629,-3.63E-06,56.42869404
2627 sec,0.75,0.750003165,-3.17E-06,56.11308717
2627.6 sec,0.75,0.750001064,-1.06E-06,54.68427498
2628.2 sec,0.75,0.75000047,-4.70E-07,54.28024342
2629 sec,0.75,0.75000071,-7.10E-07,54.44338125
2629.8 sec,0.75,0.750002416,-2.42E-06,55.60401288
2630.5 sec,0.75,0.750001106,-1.11E-06,54.7127085
2631.1 sec,0.75,0.750000506,-5.06E-07,54.30483703
2631.9 sec,0.75,0.750000724,-7.24E-07,54.45292632
2632.7 sec,0.75,0.750002264,-2.26E-06,55.50065913
2633.5 sec,0.75,0.750003905,-3.90E-06,56.61615166
2634.1 sec,0.75,0.750001918,-1.92E-06,55.26516752
2634.7 sec,0.75,0.75000065,-6.50E-07,54.40249375
2635.4 sec,0.75,0.750000503,-5.03E-07,54.30253171
2636.2 sec,0.75,0.750001277,-1.28E-06,54.82940585
2637.1 sec,0.75,0.750003629,-3.63E-06,56.42869404
2637.8 sec,0.75,0.750003165,-3.17E-06,56.11308717
2638.4 sec,0.75,0.750001064,-1.06E-06,54.68427498
2639 sec,0.75,0.75000047,-4.70E-07,54.28024342
2639.8 sec,0.75,0.75000071,-7.10E-07,54.44338125
2640.6 sec,0.75,0.750002416,-2.42E-06,55.60401288
2641.3 sec,0.75,0.750001106,-1.11E-06,54.7127085
2641.9 sec,0.75,0.750000506,-5.06E-07,54.30483703
2642.7 sec,0.75,0.750000724,-7.24E-07,54.45292632
2643.5 sec,0.75,0.750002264,-2.26E-06,55.50065913
2644.3 sec,0.75,0.750003905,-3.90E-06,56.61615166
2644.9 sec,0.75,0.750001918,-1.92E-06,55.26516752
2645.5 sec,0.75,0.75000065,-6.50E-07,54.40249375
2646.2 sec,0.75,0.750000503,-5.03E-07,54.30253171
2647.1 sec,0.75,0.750001277,-1.28E-06,54.82940585
2647.9 sec,0.75,0.750003629,-3.63E-06,56.42869404
2648.6 sec,0.75,0.750003165,-3.17E-06,56.11308717
2649.2 sec,0.75,0.750001064,-1.06E-06,54.68427498
2649.8 sec,0.75,0.75000047,-4.70E-07,54.28024342
2650.6 sec,0.75,0.75000071,-7.10E-07,54.44338125
2651.5 sec,0.75,0.750002416,-2.42E-06,55.60401288
2652.1 sec,0.75,0.750001106,-1.11E-06,54.7127085
2652.7 sec,0.75,0.750000506,-5.06E-07,54.30483703
2653.5 sec,0.75,0.750000724,-7.24E-07,54.45292632
2654.3 sec,0.75,0.750002264,-2.26E-06,55.50065913
2655.1 sec,0.75,0.750003905,-3.90E-06,56.61615166
2655.8 sec,0.75,0.750001918,-1.92E-06,55.26516752
2656.3 sec,0.75,0.75000065,-6.50E-07,54.40249375
2657 sec,0.75,0.750000503,-5.03E-07,54.30253171
2657.9 sec,0.75,0.750001277,-1.28E-06,54.82940585
2658.7 sec,0.75,0.750003629,-3.63E-06,56.42869404
2659.4 sec,0.75,0.750003165,-3.17E-06,56.11308717
2660 sec,0.75,0.750001064,-1.06E-06,54.68427498
2660.6 sec,0.75,0.75000047,-4.70E-07,54.28024342
2661.4 sec,0.75,0.75000071,-7.10E-07,54.44338125
2662.3 sec,0.75,0.750002416,-2.42E-06,55.60401288
2662.9 sec,0.75,0.750001106,-1.11E-06,54.7127085
2663.5 sec,0.75,0.750000506,-5.06E-07,54.30483703
2664.3 sec,0.75,0.750000724,-7.24E-07,54.45292632
2665.1 sec,0.75,0.750002264,-2.26E-06,55.50065913
2665.9 sec,0.75,0.750003905,-3.90E-06,56.61615166
2666.6 sec,0.75,0.750001918,-1.92E-06,55.26516752
2667.2 sec,0.75,0.75000065,-6.50E-07,54.40249375
2667.8 sec,0.75,0.750000503,-5.03E-07,54.30253171
2668.7 sec,0.75,0.750001277,-1.28E-06,54.82940585
2669.5 sec,0.75,0.750003629,-3.63E-06,56.42869404
2670.2 sec,0.75,0.750003165,-3.17E-06,56.11308717
2670.8 sec,0.75,0.750001064,-1.06E-06,54.68427498
2671.4 sec,0.75,0.75000047,-4.70E-07,54.28024342
2672.2 sec,0.75,0.75000071,-7.10E-07,54.44338125
2673.1 sec,0.75,0.750002416,-2.42E-06,55.60401288
2673.7 sec,0.75,0.750001106,-1.11E-06,54.7127085
2674.3 sec,0.75,0.750000506,-5.06E-07,54.30483703
2675.1 sec,0.75,0.750000724,-7.24E-07,54.45292632
2676 sec,0.75,0.750002264,-2.26E-06,55.50065913
2676.7 sec,0.75,0.750003905,-3.90E-06,56.61615166
2677.4 sec,0.75,0.750001918,-1.92E-06,55.26516752
2678 sec,0.75,0.75000065,-6.50E-07,54.40249375
2678.7 sec,0.75,0.750000503,-5.03E-07,54.30253171
2679.5 sec,0.75,0.750001277,-1.28E-06,54.82940585
2680.3 sec,0.75,0.750003629,-3.63E-06,56.42869404
2681 sec,0.75,0.750003165,-3.17E-06,56.11308717
2681.6 sec,0.75,0.750001064,-1.06E-06,54.68427498
2682.3 sec,0.75,0.75000047,-4.70E-07,54.28024342
2683 sec,0.75,0.75000071,-7.10E-07,54.44338125
2683.9 sec,0.75,0.750002416,-2.42E-06,55.60401288
2684.5 sec,0.75,0.750001106,-1.11E-06,54.7127085
2685.1 sec,0.75,0.750000506,-5.06E-07,54.30483703
2685.9 sec,0.75,0.750000724,-7.24E-07,54.45292632
2686.8 sec,0.75,0.750002264,-2.26E-06,55.50065913
2687.6 sec,0.75,0.750003905,-3.90E-06,56.61615166
2688.2 sec,0.75,0.750001918,-1.92E-06,55.26516752
2688.8 sec,0.75,0.75000065,-6.50E-07,54.40249375
2689.5 sec,0.75,0.750000503,-5.03E-07,54.30253171
2690.3 sec,0.75,0.750001277,-1.28E-06,54.82940585
2691.1 sec,0.75,0.750003629,-3.63E-06,56.42869404
2691.9 sec,0.75,0.750003165,-3.17E-06,56.11308717
2692.4 sec,0.75,0.750001064,-1.06E-06,54.68427498
2693.1 sec,0.75,0.75000047,-4.70E-07,54.28024342
2693.8 sec,0.75,0.75000071,-7.10E-07,54.44338125
2694.7 sec,0.75,0.750002416,-2.42E-06,55.60401288
2695.3 sec,0.75,0.750001106,-1.11E-06,54.7127085
2696 sec,0.75,0.750000506,-5.06E-07,54.30483703
2696.7 sec,0.75,0.750000724,-7.24E-07,54.45292632
2697.6 sec,0.75,0.750002264,-2.26E-06,55.50065913
2698.4 sec,0.75,0.750003905,-3.90E-06,56.61615166
2699 sec,0.75,0.750001918,-1.92E-06,55.26516752
2699.6 sec,0.75,0.75000065,-6.50E-07,54.40249375
2700.3 sec,0.75,0.750000503,-5.03E-07,54.30253171
2701.1 sec,0.75,0.750001277,-1.28E-06,54.82940585
2702 sec,0.75,0.750003629,-3.63E-06,56.42869404
2702.7 sec,0.75,0.750003165,-3.17E-06,56.11308717
2703.3 sec,0.75,0.750001064,-1.06E-06,54.68427498
2703.9 sec,0.75,0.75000047,-4.70E-07,54.28024342
2704.6 sec,0.75,0.75000071,-7.10E-07,54.44338125
2705.5 sec,0.75,0.750002416,-2.42E-06,55.60401288
2706.1 sec,0.75,0.750001106,-1.11E-06,54.7127085
2706.8 sec,0.75,0.750000506,-5.06E-07,54.30483703
2707.5 sec,0.75,0.750000724,-7.24E-07,54.45292632
2708.4 sec,0.75,0.750002264,-2.26E-06,55.50065913
2709.2 sec,0.75,0.750003905,-3.90E-06,56.61615166
2709.8 sec,0.75,0.750001918,-1.92E-06,55.26516752
2710.4 sec,0.75,0.75000065,-6.50E-07,54.40249375
2711.1 sec,0.75,0.750000503,-5.03E-07,54.30253171
2711.9 sec,0.75,0.750001277,-1.28E-06,54.82940585
2712.8 sec,0.75,0.750003629,-3.63E-06,56.42869404
2713.5 sec,0.75,0.750003165,-3.17E-06,56.11308717
2714.1 sec,0.75,0.750001064,-1.06E-06,54.68427498
2714.7 sec,0.75,0.75000047,-4.70E-07,54.28024342
2715.5 sec,0.75,0.75000071,-7.10E-07,54.44338125
2716.3 sec,0.75,0.750002416,-2.42E-06,55.60401288
2717 sec,0.75,0.750001106,-1.11E-06,54.7127085
2717.6 sec,0.75,0.750000506,-5.06E-07,54.30483703
2718.3 sec,0.75,0.750000724,-7.24E-07,54.45292632
2719.2 sec,0.75,0.750002264,-2.26E-06,55.50065913
2720 sec,0.75,0.750003905,-3.90E-06,56.61615166
2720.6 sec,0.75,0.750001918,-1.92E-06,55.26516752
2721.2 sec,0.75,0.75000065,-6.50E-07,54.40249375
2721.9 sec,0.75,0.750000503,-5.03E-07,54.30253171
2722.7 sec,0.75,0.750001277,-1.28E-06,54.82940585
2723.6 sec,0.75,0.750003629,-3.63E-06,56.42869404
2724.3 sec,0.75,0.750003165,-3.17E-06,56.11308717
2724.9 sec,0.75,0.750001064,-1.06E-06,54.68427498
2725.5 sec,0.75,0.75000047,-4.70E-07,54.28024342
2726.3 sec,0.75,0.75000071,-7.10E-07,54.44338125
2727.1 sec,0.75,0.750002416,-2.42E-06,55.60401288
2727.8 sec,0.75,0.750001106,-1.11E-06,54.7127085
2728.4 sec,0.75,0.750000506,-5.06E-07,54.30483703
2729.2 sec,0.75,0.750000724,-7.24E-07,54.45292632
2730 sec,0.75,0.750002264,-2.26E-06,55.50065913
2730.8 sec,0.75,0.750003905,-3.90E-06,56.61615166
2731.4 sec,0.75,0.750001918,-1.92E-06,55.26516752
2732 sec,0.75,0.75000065,-6.50E-07,54.40249375
2732.7 sec,0.75,0.750000503,-5.03E-07,54.30253171
2733.5 sec,0.75,0.750001277,-1.28E-06,54.82940585
2734.4 sec,0.75,0.750003629,-3.63E-06,56.42869404
2735.1 sec,0.75,0.750003165,-3.17E-06,56.11308717
2735.7 sec,0.75,0.750001064,-1.06E-06,54.68427498
2736.3 sec,0.75,0.75000047,-4.70E-07,54.28024342
2737.1 sec,0.75,0.75000071,-7.10E-07,54.44338125
2737.9 sec,0.75,0.750002416,-2.42E-06,55.60401288
2738.6 sec,0.75,0.750001106,-1.11E-06,54.7127085
2739.2 sec,0.75,0.750000506,-5.06E-07,54.30483703
2740 sec,0.75,0.750000724,-7.24E-07,54.45292632
2740.8 sec,0.75,0.750002264,-2.26E-06,55.50065913
2741.6 sec,0.75,0.750003905,-3.90E-06,56.61615166
2742.2 sec,0.75,0.750001918,-1.92E-06,55.26516752
2742.8 sec,0.75,0.75000065,-6.50E-07,54.40249375
2743.5 sec,0.75,0.750000503,-5.03E-07,54.30253171
2744.4 sec,0.75,0.750001277,-1.28E-06,54.82940585
2745.2 sec,0.75,0.750003629,-3.63E-06,56.42869404
2745.9 sec,0.75,0.750003165,-3.17E-06,56.11308717
2746.5 sec,0.75,0.750001064,-1.06E-06,54.68427498
2747.1 sec,0.75,0.75000047,-4.70E-07,54.28024342
2747.9 sec,0.75,0.75000071,-7.10E-07,54.44338125
2748.8 sec,0.75,0.750002416,-2.42E-06,55.60401288
2749.4 sec,0.75,0.750001106,-1.11E-06,54.7127085
2750 sec,0.75,0.750000506,-5.06E-07,54.30483703
2750.8 sec,0.75,0.750000724,-7.24E-07,54.45292632
2751.6 sec,0.75,0.750002264,-2.26E-06,55.50065913
2752.4 sec,0.75,0.750003905,-3.90E-06,56.61615166
2753.1 sec,0.75,0.750001918,-1.92E-06,55.26516752
2753.6 sec,0.75,0.75000065,-6.50E-07,54.40249375
2754.3 sec,0.75,0.750000503,-5.03E-07,54.30253171
2755.2 sec,0.75,0.750001277,-1.28E-06,54.82940585
2756 sec,0.75,0.750003629,-3.63E-06,56.42869404
2756.7 sec,0.75,0.750003165,-3.17E-06,56.11308717
2757.3 sec,0.75,0.750001064,-1.06E-06,54.68427498
2757.9 sec,0.75,0.75000047,-4.70E-07,54.28024342
2758.7 sec,0.75,0.75000071,-7.10E-07,54.44338125
2759.6 sec,0.75,0.750002416,-2.42E-06,55.60401288
2760.2 sec,0.75,0.750001106,-1.11E-06,54.7127085
2760.8 sec,0.75,0.750000506,-5.06E-07,54.30483703
2761.6 sec,0.75,0.750000724,-7.24E-07,54.45292632
2762.4 sec,0.75,0.750002264,-2.26E-06,55.50065913
2763.2 sec,0.75,0.750003905,-3.90E-06,56.61615166
2763.9 sec,0.75,0.750001918,-1.92E-06,55.26516752
2764.5 sec,0.75,0.75000065,-6.50E-07,54.40249375
2765.1 sec,0.75,0.750000503,-5.03E-07,54.30253171
2766 sec,0.75,0.750001277,-1.28E-06,54.82940585
2766.8 sec,0.75,0.750003629,-3.63E-06,56.42869404
2767.5 sec,0.75,0.750003165,-3.17E-06,56.11308717
2768.1 sec,0.75,0.750001064,-1.06E-06,54.68427498
2768.7 sec,0.75,0.75000047,-4.70E-07,54.28024342
2769.5 sec,0.75,0.75000071,-7.10E-07,54.44338125
2770.4 sec,0.75,0.750002416,-2.42E-06,55.60401288
2771 sec,0.75,0.750001106,-1.11E-06,54.7127085
2771.6 sec,0.75,0.750000506,-5.06E-07,54.30483703
2772.4 sec,0.75,0.750000724,-7.24E-07,54.45292632
2773.3 sec,0.75,0.750002264,-2.26E-06,55.50065913
2774 sec,0.75,0.750003905,-3.90E-06,56.61615166
2774.7 sec,0.75,0.750001918,-1.92E-06,55.26516752
2775.3 sec,0.75,0.75000065,-6.50E-07,54.40249375
2776 sec,0.75,0.750000503,-5.03E-07,54.30253171
2776.8 sec,0.75,0.750001277,-1.28E-06,54.82940585
2777.6 sec,0.75,0.750003629,-3.63E-06,56.42869404
2778.3 sec,0.75,0.750003165,-3.17E-06,56.11308717
2778.9 sec,0.75,0.750001064,-1.06E-06,54.68427498
2779.6 sec,0.75,0.75000047,-4.70E-07,54.28024342
2780.3 sec,0.75,0.75000071,-7.10E-07,54.44338125
2781.2 sec,0.75,0.750002416,-2.42E-06,55.60401288
2781.8 sec,0.75,0.750001106,-1.11E-06,54.7127085
2782.4 sec,0.75,0.750000506,-5.06E-07,54.30483703
2783.2 sec,0.75,0.750000724,-7.24E-07,54.45292632
2784.1 sec,0.75,0.750002264,-2.26E-06,55.50065913
2784.9 sec,0.75,0.750003905,-3.90E-06,56.61615166
2785.5 sec,0.75,0.750001918,-1.92E-06,55.26516752
2786.1 sec,0.75,0.75000065,-6.50E-07,54.40249375
2786.8 sec,0.75,0.750000503,-5.03E-07,54.30253171
2787.6 sec,0.75,0.750001277,-1.28E-06,54.82940585
2788.4 sec,0.75,0.750003629,-3.63E-06,56.42869404
2789.2 sec,0.75,0.750003165,-3.17E-06,56.11308717
2789.7 sec,0.75,0.750001064,-1.06E-06,54.68427498
2790.4 sec,0.75,0.75000047,-4.70E-07,54.28024342
2791.1 sec,0.75,0.75000071,-7.10E-07,54.44338125
2792 sec,0.75,0.750002416,-2.42E-06,55.60401288
2792.6 sec,0.75,0.750001106,-1.11E-06,54.7127085
2793.3 sec,0.75,0.750000506,-5.06E-07,54.30483703
2794 sec,0.75,0.750000724,-7.24E-07,54.45292632
2794.9 sec,0.75,0.750002264,-2.26E-06,55.50065913
2795.7 sec,0.75,0.750003905,-3.90E-06,56.61615166
2796.3 sec,0.75,0.750001918,-1.92E-06,55.26516752
2796.9 sec,0.75,0.75000065,-6.50E-07,54.40249375
2797.6 sec,0.75,0.750000503,-5.03E-07,54.30253171
2798.4 sec,0.75,0.750001277,-1.28E-06,54.82940585
2799.3 sec,0.75,0.750003629,-3.63E-06,56.42869404
2800 sec,0.75,0.750003165,-3.17E-06,56.11308717
2800.6 sec,0.75,0.750001064,-1.06E-06,54.68427498
2801.2 sec,0.75,0.75000047,-4.70E-07,54.28024342
2801.9 sec,0.75,0.75000071,-7.10E-07,54.44338125
2802.8 sec,0.75,0.750002416,-2.42E-06,55.60401288
2803.4 sec,0.75,0.750001106,-1.11E-06,54.7127085
2804.1 sec,0.75,0.750000506,-5.06E-07,54.30483703
2804.8 sec,0.75,0.750000724,-7.24E-07,54.45292632
2805.7 sec,0.75,0.750002264,-2.26E-06,55.50065913
2806.5 sec,0.75,0.750003905,-3.90E-06,56.61615166
2807.1 sec,0.75,0.750001918,-1.92E-06,55.26516752
2807.7 sec,0.75,0.75000065,-6.50E-07,54.40249375
2808.4 sec,0.75,0.750000503,-5.03E-07,54.30253171
2809.2 sec,0.75,0.750001277,-1.28E-06,54.82940585
2810.1 sec,0.75,0.750003629,-3.63E-06,56.42869404
2810.8 sec,0.75,0.750003165,-3.17E-06,56.11308717
2811.4 sec,0.75,0.750001064,-1.06E-06,54.68427498
2812 sec,0.75,0.75000047,-4.70E-07,54.28024342
2812.8 sec,0.75,0.75000071,-7.10E-07,54.44338125
2813.6 sec,0.75,0.750002416,-2.42E-06,55.60401288
2814.3 sec,0.75,0.750001106,-1.11E-06,54.7127085
2814.9 sec,0.75,0.750000506,-5.06E-07,54.30483703
2815.6 sec,0.75,0.750000724,-7.24E-07,54.45292632
2816.5 sec,0.75,0.750002264,-2.26E-06,55.50065913
2817.3 sec,0.75,0.750003905,-3.90E-06,56.61615166
2817.9 sec,0.75,0.750001918,-1.92E-06,55.26516752
2818.5 sec,0.75,0.75000065,-6.50E-07,54.40249375
2819.2 sec,0.75,0.750000503,-5.03E-07,54.30253171
2820 sec,0.75,0.750001277,-1.28E-06,54.82940585
2820.9 sec,0.75,0.750003629,-3.63E-06,56.42869404
2821.6 sec,0.75,0.750003165,-3.17E-06,56.11308717
2822.2 sec,0.75,0.750001064,-1.06E-06,54.68427498
2822.8 sec,0.75,0.75000047,-4.70E-07,54.28024342
2823.6 sec,0.75,0.75000071,-7.10E-07,54.44338125
2824.4 sec,0.75,0.750002416,-2.42E-06,55.60401288
2825.1 sec,0.75,0.750001106,-1.11E-06,54.7127085
2825.7 sec,0.75,0.750000506,-5.06E-07,54.30483703
2826.5 sec,0.75,0.750000724,-7.24E-07,54.45292632
2827.3 sec,0.75,0.750002264,-2.26E-06,55.50065913
2828.1 sec,0.75,0.750003905,-3.90E-06,56.61615166
2828.7 sec,0.75,0.750001918,-1.92E-06,55.26516752
2829.3 sec,0.75,0.75000065,-6.50E-07,54.40249375
2830 sec,0.75,0.750000503,-5.03E-07,54.30253171
2830.8 sec,0.75,0.750001277,-1.28E-06,54.82940585
2831.7 sec,0.75,0.750003629,-3.63E-06,56.42869404
2832.4 sec,0.75,0.750003165,-3.17E-06,56.11308717
2833 sec,0.75,0.750001064,-1.06E-06,54.68427498
2833.6 sec,0.75,0.75000047,-4.70E-07,54.28024342
2834.4 sec,0.75,0.75000071,-7.10E-07,54.44338125
2835.2 sec,0.75,0.750002416,-2.42E-06,55.60401288
2835.9 sec,0.75,0.750001106,-1.11E-06,54.7127085
2836.5 sec,0.75,0.750000506,-5.06E-07,54.30483703
2837.3 sec,0.75,0.750000724,-7.24E-07,54.45292632
2838.1 sec,0.75,0.750002264,-2.26E-06,55.50065913
2838.9 sec,0.75,0.750003905,-3.90E-06,56.61615166
2839.5 sec,0.75,0.750001918,-1.92E-06,55.26516752
2840.1 sec,0.75,0.75000065,-6.50E-07,54.40249375
2840.8 sec,0.75,0.750000503,-5.03E-07,54.30253171
2841.7 sec,0.75,0.750001277,-1.28E-06,54.82940585
2842.5 sec,0.75,0.750003629,-3.63E-06,56.42869404
2843.2 sec,0.75,0.750003165,-3.17E-06,56.11308717
2843.8 sec,0.75,0.750001064,-1.06E-06,54.68427498
2844.4 sec,0.75,0.75000047,-4.70E-07,54.28024342
2845.2 sec,0.75,0.75000071,-7.10E-07,54.44338125
2846.1 sec,0.75,0.750002416,-2.42E-06,55.60401288
2846.7 sec,0.75,0.750001106,-1.11E-06,54.7127085
2847.3 sec,0.75,0.750000506,-5.06E-07,54.30483703
2848.1 sec,0.75,0.750000724,-7.24E-07,54.45292632
2848.9 sec,0.75,0.750002264,-2.26E-06,55.50065913
2849.7 sec,0.75,0.750003905,-3.90E-06,56.61615166
2850.4 sec,0.75,0.750001918,-1.92E-06,55.26516752
2850.9 sec,0.75,0.75000065,-6.50E-07,54.40249375
2851.6 sec,0.75,0.750000503,-5.03E-07,54.30253171
2852.5 sec,0.75,0.750001277,-1.28E-06,54.82940585
2853.3 sec,0.75,0.750003629,-3.63E-06,56.42869404
2854 sec,0.75,0.750003165,-3.17E-06,56.11308717
2854.6 sec,0.75,0.750001064,-1.06E-06,54.68427498
2855.2 sec,0.75,0.75000047,-4.70E-07,54.28024342
2856 sec,0.75,0.75000071,-7.10E-07,54.44338125
2856.9 sec,0.75,0.750002416,-2.42E-06,55.60401288
2857.5 sec,0.75,0.750001106,-1.11E-06,54.7127085
2858.1 sec,0.75,0.750000506,-5.06E-07,54.30483703
2858.9 sec,0.75,0.750000724,-7.24E-07,54.45292632
2859.7 sec,0.75,0.750002264,-2.26E-06,55.50065913
2860.5 sec,0.75,0.750003905,-3.90E-06,56.61615166
2861.2 sec,0.75,0.750001918,-1.92E-06,55.26516752
2861.8 sec,0.75,0.75000065,-6.50E-07,54.40249375
2862.4 sec,0.75,0.750000503,-5.03E-07,54.30253171
2863.3 sec,0.75,0.750001277,-1.28E-06,54.82940585
2864.1 sec,0.75,0.750003629,-3.63E-06,56.42869404
2864.8 sec,0.75,0.750003165,-3.17E-06,56.11308717
2865.4 sec,0.75,0.750001064,-1.06E-06,54.68427498
2866 sec,0.75,0.75000047,-4.70E-07,54.28024342
2866.8 sec,0.75,0.75000071,-7.10E-07,54.44338125
2867.7 sec,0.75,0.750002416,-2.42E-06,55.60401288
2868.3 sec,0.75,0.750001106,-1.11E-06,54.7127085
2868.9 sec,0.75,0.750000506,-5.06E-07,54.30483703
2869.7 sec,0.75,0.750000724,-7.24E-07,54.45292632
2870.6 sec,0.75,0.750002264,-2.26E-06,55.50065913
2871.3 sec,0.75,0.750003905,-3.90E-06,56.61615166
2872 sec,0.75,0.750001918,-1.92E-06,55.26516752
2872.6 sec,0.75,0.75000065,-6.50E-07,54.40249375
2873.3 sec,0.75,0.750000503,-5.03E-07,54.30253171
2874.1 sec,0.75,0.750001277,-1.28E-06,54.82940585
2874.9 sec,0.75,0.750003629,-3.63E-06,56.42869404
2875.6 sec,0.75,0.750003165,-3.17E-06,56.11308717
2876.2 sec,0.75,0.750001064,-1.06E-06,54.68427498
2876.9 sec,0.75,0.75000047,-4.70E-07,54.28024342
2877.6 sec,0.75,0.75000071,-7.10E-07,54.44338125
2878.5 sec,0.75,0.750002416,-2.42E-06,55.60401288
2879.1 sec,0.75,0.750001106,-1.11E-06,54.7127085
2879.7 sec,0.75,0.750000506,-5.06E-07,54.30483703
2880.5 sec,0.75,0.750000724,-7.24E-07,54.45292632
2881.4 sec,0.75,0.750002264,-2.26E-06,55.50065913
2882.2 sec,0.75,0.750003905,-3.90E-06,56.61615166
2882.8 sec,0.75,0.750001918,-1.92E-06,55.26516752
2883.4 sec,0.75,0.75000065,-6.50E-07,54.40249375
2884.1 sec,0.75,0.750000503,-5.03E-07,54.30253171
2884.9 sec,0.75,0.750001277,-1.28E-06,54.82940585
2885.7 sec,0.75,0.750003629,-3.63E-06,56.42869404
2886.5 sec,0.75,0.750003165,-3.17E-06,56.11308717
2887 sec,0.75,0.750001064,-1.06E-06,54.68427498
2887.7 sec,0.75,0.75000047,-4.70E-07,54.28024342
2888.4 sec,0.75,0.75000071,-7.10E-07,54.44338125
2889.3 sec,0.75,0.750002416,-2.42E-06,55.60401288
2889.9 sec,0.75,0.750001106,-1.11E-06,54.7127085
2890.6 sec,0.75,0.750000506,-5.06E-07,54.30483703
2891.3 sec,0.75,0.750000724,-7.24E-07,54.45292632
2892.2 sec,0.75,0.750002264,-2.26E-06,55.50065913
2893 sec,0.75,0.750003905,-3.90E-06,56.61615166
2893.6 sec,0.75,0.750001918,-1.92E-06,55.26516752
2894.2 sec,0.75,0.75000065,-6.50E-07,54.40249375
2894.9 sec,0.75,0.750000503,-5.03E-07,54.30253171
2895.7 sec,0.75,0.750001277,-1.28E-06,54.82940585
2896.6 sec,0.75,0.750003629,-3.63E-06,56.42869404
2897.3 sec,0.75,0.750003165,-3.17E-06,56.11308717
2897.9 sec,0.75,0.750001064,-1.06E-06,54.68427498
2898.5 sec,0.75,0.75000047,-4.70E-07,54.28024342
2899.2 sec,0.75,0.75000071,-7.10E-07,54.44338125
2900.1 sec,0.75,0.750002416,-2.42E-06,55.60401288
2900.7 sec,0.75,0.750001106,-1.11E-06,54.7127085
2901.4 sec,0.75,0.750000506,-5.06E-07,54.30483703
2902.1 sec,0.75,0.750000724,-7.24E-07,54.45292632
2903 sec,0.75,0.750002264,-2.26E-06,55.50065913
2903.8 sec,0.75,0.750003905,-3.90E-06,56.61615166
2904.4 sec,0.75,0.750001918,-1.92E-06,55.26516752
2905 sec,0.75,0.75000065,-6.50E-07,54.40249375
2905.7 sec,0.75,0.750000503,-5.03E-07,54.30253171
2906.5 sec,0.75,0.750001277,-1.28E-06,54.82940585
2907.4 sec,0.75,0.750003629,-3.63E-06,56.42869404
2908.1 sec,0.75,0.750003165,-3.17E-06,56.11308717
2908.7 sec,0.75,0.750001064,-1.06E-06,54.68427498
2909.3 sec,0.75,0.75000047,-4.70E-07,54.28024342
2910.1 sec,0.75,0.75000071,-7.10E-07,54.44338125
2910.9 sec,0.75,0.750002416,-2.42E-06,55.60401288
2911.6 sec,0.75,0.750001106,-1.11E-06,54.7127085
2912.2 sec,0.75,0.750000506,-5.06E-07,54.30483703
2912.9 sec,0.75,0.750000724,-7.24E-07,54.45292632
2913.8 sec,0.75,0.750002264,-2.26E-06,55.50065913
2914.6 sec,0.75,0.750003905,-3.90E-06,56.61615166
2915.2 sec,0.75,0.750001918,-1.92E-06,55.26516752
2915.8 sec,0.75,0.75000065,-6.50E-07,54.40249375
2916.5 sec,0.75,0.750000503,-5.03E-07,54.30253171
2917.3 sec,0.75,0.750001277,-1.28E-06,54.82940585
2918.2 sec,0.75,0.750003629,-3.63E-06,56.42869404
2918.9 sec,0.75,0.750003165,-3.17E-06,56.11308717
2919.5 sec,0.75,0.750001064,-1.06E-06,54.68427498
2920.1 sec,0.75,0.75000047,-4.70E-07,54.28024342
2920.9 sec,0.75,0.75000071,-7.10E-07,54.44338125
2921.7 sec,0.75,0.750002416,-2.42E-06,55.60401288
2922.4 sec,0.75,0.750001106,-1.11E-06,54.7127085
2923 sec,0.75,0.750000506,-5.06E-07,54.30483703
2923.8 sec,0.75,0.750000724,-7.24E-07,54.45292632
2924.6 sec,0.75,0.750002264,-2.26E-06,55.50065913
2925.4 sec,0.75,0.750003905,-3.90E-06,56.61615166
2926 sec,0.75,0.750001918,-1.92E-06,55.26516752
2926.6 sec,0.75,0.75000065,-6.50E-07,54.40249375
2927.3 sec,0.75,0.750000503,-5.03E-07,54.30253171
2928.1 sec,0.75,0.750001277,-1.28E-06,54.82940585
2929 sec,0.75,0.750003629,-3.63E-06,56.42869404
2929.7 sec,0.75,0.750003165,-3.17E-06,56.11308717
2930.3 sec,0.75,0.750001064,-1.06E-06,54.68427498
2930.9 sec,0.75,0.75000047,-4.70E-07,54.28024342
2931.7 sec,0.75,0.75000071,-7.10E-07,54.44338125
2932.5 sec,0.75,0.750002416,-2.42E-06,55.60401288
2933.2 sec,0.75,0.750001106,-1.11E-06,54.7127085
2933.8 sec,0.75,0.750000506,-5.06E-07,54.30483703
2934.6 sec,0.75,0.750000724,-7.24E-07,54.45292632
2935.4 sec,0.75,0.750002264,-2.26E-06,55.50065913
2936.2 sec,0.75,0.750003905,-3.90E-06,56.61615166
2936.8 sec,0.75,0.750001918,-1.92E-06,55.26516752
2937.4 sec,0.75,0.75000065,-6.50E-07,54.40249375
2938.1 sec,0.75,0.750000503,-5.03E-07,54.30253171
2939 sec,0.75,0.750001277,-1.28E-06,54.82940585
2939.8 sec,0.75,0.750003629,-3.63E-06,56.42869404
2940.5 sec,0.75,0.750003165,-3.17E-06,56.11308717
2941.1 sec,0.75,0.750001064,-1.06E-06,54.68427498
2941.7 sec,0.75,0.75000047,-4.70E-07,54.28024342
2942.5 sec,0.75,0.75000071,-7.10E-07,54.44338125
2943.4 sec,0.75,0.750002416,-2.42E-06,55.60401288
2944 sec,0.75,0.750001106,-1.11E-06,54.7127085
2944.6 sec,0.75,0.750000506,-5.06E-07,54.30483703
2945.4 sec,0.75,0.750000724,-7.24E-07,54.45292632
2946.2 sec,0.75,0.750002264,-2.26E-06,55.50065913
2947 sec,0.75,0.750003905,-3.90E-06,56.61615166
2947.7 sec,0.75,0.750001918,-1.92E-06,55.26516752
2948.2 sec,0.75,0.75000065,-6.50E-07,54.40249375
2948.9 sec,0.75,0.750000503,-5.03E-07,54.30253171
2949.8 sec,0.75,0.750001277,-1.28E-06,54.82940585
2950.6 sec,0.75,0.750003629,-3.63E-06,56.42869404
2951.3 sec,0.75,0.750003165,-3.17E-06,56.11308717
2951.9 sec,0.75,0.750001064,-1.06E-06,54.68427498
2952.5 sec,0.75,0.75000047,-4.70E-07,54.28024342
2953.3 sec,0.75,0.75000071,-7.10E-07,54.44338125
2954.2 sec,0.75,0.750002416,-2.42E-06,55.60401288
2954.8 sec,0.75,0.750001106,-1.11E-06,54.7127085
2955.4 sec,0.75,0.750000506,-5.06E-07,54.30483703
2956.2 sec,0.75,0.750000724,-7.24E-07,54.45292632
2957 sec,0.75,0.750002264,-2.26E-06,55.50065913
2957.8 sec,0.75,0.750003905,-3.90E-06,56.61615166
2958.5 sec,0.75,0.750001918,-1.92E-06,55.26516752
2959.1 sec,0.75,0.75000065,-6.50E-07,54.40249375
2959.7 sec,0.75,0.750000503,-5.03E-07,54.30253171
2960.6 sec,0.75,0.750001277,-1.28E-06,54.82940585
2961.4 sec,0.75,0.750003629,-3.63E-06,56.42869404
2962.1 sec,0.75,0.750003165,-3.17E-06,56.11308717
2962.7 sec,0.75,0.750001064,-1.06E-06,54.68427498
2963.3 sec,0.75,0.75000047,-4.70E-07,54.28024342
2964.1 sec,0.75,0.75000071,-7.10E-07,54.44338125
2965 sec,0.75,0.750002416,-2.42E-06,55.60401288
2965.6 sec,0.75,0.750001106,-1.11E-06,54.7127085
2966.2 sec,0.75,0.750000506,-5.06E-07,54.30483703
2967 sec,0.75,0.750000724,-7.24E-07,54.45292632
2967.9 sec,0.75,0.750002264,-2.26E-06,55.50065913
2968.6 sec,0.75,0.750003905,-3.90E-06,56.61615166
2969.3 sec,0.75,0.750001918,-1.92E-06,55.26516752
2969.9 sec,0.75,0.75000065,-6.50E-07,54.40249375
2970.6 sec,0.75,0.750000503,-5.03E-07,54.30253171
2971.4 sec,0.75,0.750001277,-1.28E-06,54.82940585
2972.2 sec,0.75,0.750003629,-3.63E-06,56.42869404
2972.9 sec,0.75,0.750003165,-3.17E-06,56.11308717
2973.5 sec,0.75,0.750001064,-1.06E-06,54.68427498
2974.2 sec,0.75,0.75000047,-4.70E-07,54.28024342
2974.9 sec,0.75,0.75000071,-7.10E-07,54.44338125
2975.8 sec,0.75,0.750002416,-2.42E-06,55.60401288
2976.4 sec,0.75,0.750001106,-1.11E-06,54.7127085
2977 sec,0.75,0.750000506,-5.06E-07,54.30483703
2977.8 sec,0.75,0.750000724,-7.24E-07,54.45292632
2978.7 sec,0.75,0.750002264,-2.26E-06,55.50065913
2979.5 sec,0.75,0.750003905,-3.90E-06,56.61615166
2980.1 sec,0.75,0.750001918,-1.92E-06,55.26516752
2980.7 sec,0.75,0.75000065,-6.50E-07,54.40249375
2981.4 sec,0.75,0.750000503,-5.03E-07,54.30253171
2982.2 sec,0.75,0.750001277,-1.28E-06,54.82940585
2983 sec,0.75,0.750003629,-3.63E-06,56.42869404
2983.8 sec,0.75,0.750003165,-3.17E-06,56.11308717
2984.3 sec,0.75,0.750001064,-1.06E-06,54.68427498
2985 sec,0.75,0.75000047,-4.70E-07,54.28024342
2985.7 sec,0.75,0.75000071,-7.10E-07,54.44338125
2986.6 sec,0.75,0.750002416,-2.42E-06,55.60401288
2987.2 sec,0.75,0.750001106,-1.11E-06,54.7127085
2987.9 sec,0.75,0.750000506,-5.06E-07,54.30483703
2988.6 sec,0.75,0.750000724,-7.24E-07,54.45292632
2989.5 sec,0.75,0.750002264,-2.26E-06,55.50065913
2990.3 sec,0.75,0.750003905,-3.90E-06,56.61615166
2990.9 sec,0.75,0.750001918,-1.92E-06,55.26516752
2991.5 sec,0.75,0.75000065,-6.50E-07,54.40249375
2992.2 sec,0.75,0.750000503,-5.03E-07,54.30253171
2993 sec,0.75,0.750001277,-1.28E-06,54.82940585
2993.9 sec,0.75,0.750003629,-3.63E-06,56.42869404
2994.6 sec,0.75,0.750003165,-3.17E-06,56.11308717
2995.2 sec,0.75,0.750001064,-1.06E-06,54.68427498
2995.8 sec,0.75,0.75000047,-4.70E-07,54.28024342
2996.5 sec,0.75,0.75000071,-7.10E-07,54.44338125
2997.4 sec,0.75,0.750002416,-2.42E-06,55.60401288
2998 sec,0.75,0.750001106,-1.11E-06,54.7127085
2998.7 sec,0.75,0.750000506,-5.06E-07,54.30483703
2999.4 sec,0.75,0.750000724,-7.24E-07,54.45292632
3000.3 sec,0.75,0.750002264,-2.26E-06,55.50065913
3001.1 sec,0.75,0.750003905,-3.90E-06,56.61615166
3001.7 sec,0.75,0.750001918,-1.92E-06,55.26516752
3002.3 sec,0.75,0.75000065,-6.50E-07,54.40249375
3003 sec,0.75,0.750000503,-5.03E-07,54.30253171
3003.8 sec,0.75,0.750001277,-1.28E-06,54.82940585
3004.7 sec,0.75,0.750003629,-3.63E-06,56.42869404
3005.4 sec,0.75,0.750003165,-3.17E-06,56.11308717
3006 sec,0.75,0.750001064,-1.06E-06,54.68427498
3006.6 sec,0.75,0.75000047,-4.70E-07,54.28024342
3007.4 sec,0.75,0.75000071,-7.10E-07,54.44338125
3008.2 sec,0.75,0.750002416,-2.42E-06,55.60401288
3008.9 sec,0.75,0.750001106,-1.11E-06,54.7127085
3009.5 sec,0.75,0.750000506,-5.06E-07,54.30483703
3010.2 sec,0.75,0.750000724,-7.24E-07,54.45292632
3011.1 sec,0.75,0.750002264,-2.26E-06,55.50065913
3011.9 sec,0.75,0.750003905,-3.90E-06,56.61615166
3012.5 sec,0.75,0.750001918,-1.92E-06,55.26516752
3013.1 sec,0.75,0.75000065,-6.50E-07,54.40249375
3013.8 sec,0.75,0.750000503,-5.03E-07,54.30253171
3014.6 sec,0.75,0.750001277,-1.28E-06,54.82940585
3015.5 sec,0.75,0.750003629,-3.63E-06,56.42869404
3016.2 sec,0.75,0.750003165,-3.17E-06,56.11308717
3016.8 sec,0.75,0.750001064,-1.06E-06,54.68427498
3017.4 sec,0.75,0.75000047,-4.70E-07,54.28024342
3018.2 sec,0.75,0.75000071,-7.10E-07,54.44338125
3019 sec,0.75,0.750002416,-2.42E-06,55.60401288
3019.7 sec,0.75,0.750001106,-1.11E-06,54.7127085
3020.3 sec,0.75,0.750000506,-5.06E-07,54.30483703
3021.1 sec,0.75,0.750000724,-7.24E-07,54.45292632
3021.9 sec,0.75,0.750002264,-2.26E-06,55.50065913
3022.7 sec,0.75,0.750003905,-3.90E-06,56.61615166
3023.3 sec,0.75,0.750001918,-1.92E-06,55.26516752
3023.9 sec,0.75,0.75000065,-6.50E-07,54.40249375
3024.6 sec,0.75,0.750000503,-5.03E-07,54.30253171
3025.4 sec,0.75,0.750001277,-1.28E-06,54.82940585
3026.3 sec,0.75,0.750003629,-3.63E-06,56.42869404
3027 sec,0.75,0.750003165,-3.17E-06,56.11308717
3027.6 sec,0.75,0.750001064,-1.06E-06,54.68427498
3028.2 sec,0.75,0.75000047,-4.70E-07,54.28024342
3029 sec,0.75,0.75000071,-7.10E-07,54.44338125
3029.8 sec,0.75,0.750002416,-2.42E-06,55.60401288
3030.5 sec,0.75,0.750001106,-1.11E-06,54.7127085
3031.1 sec,0.75,0.750000506,-5.06E-07,54.30483703
3031.9 sec,0.75,0.750000724,-7.24E-07,54.45292632
3032.7 sec,0.75,0.750002264,-2.26E-06,55.50065913
3033.5 sec,0.75,0.750003905,-3.90E-06,56.61615166
3034.1 sec,0.75,0.750001918,-1.92E-06,55.26516752
3034.7 sec,0.75,0.75000065,-6.50E-07,54.40249375
3035.4 sec,0.75,0.750000503,-5.03E-07,54.30253171
3036.3 sec,0.75,0.750001277,-1.28E-06,54.82940585
3037.1 sec,0.75,0.750003629,-3.63E-06,56.42869404
3037.8 sec,0.75,0.750003165,-3.17E-06,56.11308717
3038.4 sec,0.75,0.750001064,-1.06E-06,54.68427498
3039 sec,0.75,0.75000047,-4.70E-07,54.28024342
3039.8 sec,0.75,0.75000071,-7.10E-07,54.44338125
3040.7 sec,0.75,0.750002416,-2.42E-06,55.60401288
3041.3 sec,0.75,0.750001106,-1.11E-06,54.7127085
3041.9 sec,0.75,0.750000506,-5.06E-07,54.30483703
3042.7 sec,0.75,0.750000724,-7.24E-07,54.45292632
3043.5 sec,0.75,0.750002264,-2.26E-06,55.50065913
3044.3 sec,0.75,0.750003905,-3.90E-06,56.61615166
3045 sec,0.75,0.750001918,-1.92E-06,55.26516752
3045.5 sec,0.75,0.75000065,-6.50E-07,54.40249375
3046.2 sec,0.75,0.750000503,-5.03E-07,54.30253171
3047.1 sec,0.75,0.750001277,-1.28E-06,54.82940585
3047.9 sec,0.75,0.750003629,-3.63E-06,56.42869404
3048.6 sec,0.75,0.750003165,-3.17E-06,56.11308717
3049.2 sec,0.75,0.750001064,-1.06E-06,54.68427498
3049.8 sec,0.75,0.75000047,-4.70E-07,54.28024342
3050.6 sec,0.75,0.75000071,-7.10E-07,54.44338125
3051.5 sec,0.75,0.750002416,-2.42E-06,55.60401288
3052.1 sec,0.75,0.750001106,-1.11E-06,54.7127085
3052.7 sec,0.75,0.750000506,-5.06E-07,54.30483703
3053.5 sec,0.75,0.750000724,-7.24E-07,54.45292632
3054.3 sec,0.75,0.750002264,-2.26E-06,55.50065913
3055.1 sec,0.75,0.750003905,-3.90E-06,56.61615166
3055.8 sec,0.75,0.750001918,-1.92E-06,55.26516752
3056.4 sec,0.75,0.75000065,-6.50E-07,54.40249375
3057 sec,0.75,0.750000503,-5.03E-07,54.30253171
3057.9 sec,0.75,0.750001277,-1.28E-06,54.82940585
3058.7 sec,0.75,0.750003629,-3.63E-06,56.42869404
3059.4 sec,0.75,0.750003165,-3.17E-06,56.11308717
3060 sec,0.75,0.750001064,-1.06E-06,54.68427498
3060.6 sec,0.75,0.75000047,-4.70E-07,54.28024342
3061.4 sec,0.75,0.75000071,-7.10E-07,54.44338125
3062.3 sec,0.75,0.750002416,-2.42E-06,55.60401288
3062.9 sec,0.75,0.750001106,-1.11E-06,54.7127085
3063.5 sec,0.75,0.750000506,-5.06E-07,54.30483703
3064.3 sec,0.75,0.750000724,-7.24E-07,54.45292632
3065.2 sec,0.75,0.750002264,-2.26E-06,55.50065913
3065.9 sec,0.75,0.750003905,-3.90E-06,56.61615166
3066.6 sec,0.75,0.750001918,-1.92E-06,55.26516752
3067.2 sec,0.75,0.75000065,-6.50E-07,54.40249375
3067.9 sec,0.75,0.750000503,-5.03E-07,54.30253171
3068.7 sec,0.75,0.750001277,-1.28E-06,54.82940585
3069.5 sec,0.75,0.750003629,-3.63E-06,56.42869404
3070.2 sec,0.75,0.750003165,-3.17E-06,56.11308717
3070.8 sec,0.75,0.750001064,-1.06E-06,54.68427498
3071.5 sec,0.75,0.75000047,-4.70E-07,54.28024342
3072.2 sec,0.75,0.75000071,-7.10E-07,54.44338125
3073.1 sec,0.75,0.750002416,-2.42E-06,55.60401288
3073.7 sec,0.75,0.750001106,-1.11E-06,54.7127085
3074.3 sec,0.75,0.750000506,-5.06E-07,54.30483703
3075.1 sec,0.75,0.750000724,-7.24E-07,54.45292632
3076 sec,0.75,0.750002264,-2.26E-06,55.50065913
3076.8 sec,0.75,0.750003905,-3.90E-06,56.61615166
3077.4 sec,0.75,0.750001918,-1.92E-06,55.26516752
3078 sec,0.75,0.75000065,-6.50E-07,54.40249375
3078.7 sec,0.75,0.750000503,-5.03E-07,54.30253171
3079.5 sec,0.75,0.750001277,-1.28E-06,54.82940585
3080.3 sec,0.75,0.750003629,-3.63E-06,56.42869404
3081 sec,0.75,0.750003165,-3.17E-06,56.11308717
3081.6 sec,0.75,0.750001064,-1.06E-06,54.68427498
3082.3 sec,0.75,0.75000047,-4.70E-07,54.28024342
3083 sec,0.75,0.75000071,-7.10E-07,54.44338125
3083.9 sec,0.75,0.750002416,-2.42E-06,55.60401288
3084.5 sec,0.75,0.750001106,-1.11E-06,54.7127085
3085.2 sec,0.75,0.750000506,-5.06E-07,54.30483703
3085.9 sec,0.75,0.750000724,-7.24E-07,54.45292632
3086.8 sec,0.75,0.750002264,-2.26E-06,55.50065913
3087.6 sec,0.75,0.750003905,-3.90E-06,56.61615166
3088.2 sec,0.75,0.750001918,-1.92E-06,55.26516752
3088.8 sec,0.75,0.75000065,-6.50E-07,54.40249375
3089.5 sec,0.75,0.750000503,-5.03E-07,54.30253171
3090.3 sec,0.75,0.750001277,-1.28E-06,54.82940585
3091.2 sec,0.75,0.750003629,-3.63E-06,56.42869404
3091.9 sec,0.75,0.750003165,-3.17E-06,56.11308717
3092.5 sec,0.75,0.750001064,-1.06E-06,54.68427498
3093.1 sec,0.75,0.75000047,-4.70E-07,54.28024342
3093.8 sec,0.75,0.75000071,-7.10E-07,54.44338125
3094.7 sec,0.75,0.750002416,-2.42E-06,55.60401288
3095.3 sec,0.75,0.750001106,-1.11E-06,54.7127085
3096 sec,0.75,0.750000506,-5.06E-07,54.30483703
3096.7 sec,0.75,0.750000724,-7.24E-07,54.45292632
3097.6 sec,0.75,0.750002264,-2.26E-06,55.50065913
3098.4 sec,0.75,0.750003905,-3.90E-06,56.61615166
3099 sec,0.75,0.750001918,-1.92E-06,55.26516752
3099.6 sec,0.75,0.75000065,-6.50E-07,54.40249375
3100.3 sec,0.75,0.750000503,-5.03E-07,54.30253171
3101.1 sec,0.75,0.750001277,-1.28E-06,54.82940585
3102 sec,0.75,0.750003629,-3.63E-06,56.42869404
3102.7 sec,0.75,0.750003165,-3.17E-06,56.11308717
3103.3 sec,0.75,0.750001064,-1.06E-06,54.68427498
3103.9 sec,0.75,0.75000047,-4.70E-07,54.28024342
3104.7 sec,0.75,0.75000071,-7.10E-07,54.44338125
3105.5 sec,0.75,0.750002416,-2.42E-06,55.60401288
3106.2 sec,0.75,0.750001106,-1.11E-06,54.7127085
3106.8 sec,0.75,0.750000506,-5.06E-07,54.30483703
3107.5 sec,0.75,0.750000724,-7.24E-07,54.45292632
3108.4 sec,0.75,0.750002264,-2.26E-06,55.50065913
3109.2 sec,0.75,0.750003905,-3.90E-06,56.61615166
3109.8 sec,0.75,0.750001918,-1.92E-06,55.26516752
3110.4 sec,0.75,0.75000065,-6.50E-07,54.40249375
3111.1 sec,0.75,0.750000503,-5.03E-07,54.30253171
3111.9 sec,0.75,0.750001277,-1.28E-06,54.82940585
3112.8 sec,0.75,0.750003629,-3.63E-06,56.42869404
3113.5 sec,0.75,0.750003165,-3.17E-06,56.11308717
3114.1 sec,0.75,0.750001064,-1.06E-06,54.68427498
3114.7 sec,0.75,0.75000047,-4.70E-07,54.28024342
3115.5 sec,0.75,0.75000071,-7.10E-07,54.44338125
3116.3 sec,0.75,0.750002416,-2.42E-06,55.60401288
3117 sec,0.75,0.750001106,-1.11E-06,54.7127085
3117.6 sec,0.75,0.750000506,-5.06E-07,54.30483703
3118.4 sec,0.75,0.750000724,-7.24E-07,54.45292632
3119.2 sec,0.75,0.750002264,-2.26E-06,55.50065913
3120 sec,0.75,0.750003905,-3.90E-06,56.61615166
3120.6 sec,0.75,0.750001918,-1.92E-06,55.26516752
3121.2 sec,0.75,0.75000065,-6.50E-07,54.40249375
3121.9 sec,0.75,0.750000503,-5.03E-07,54.30253171
3122.7 sec,0.75,0.750001277,-1.28E-06,54.82940585
3123.6 sec,0.75,0.750003629,-3.63E-06,56.42869404
3124.3 sec,0.75,0.750003165,-3.17E-06,56.11308717
3124.9 sec,0.75,0.750001064,-1.06E-06,54.68427498
3125.5 sec,0.75,0.75000047,-4.70E-07,54.28024342
3126.3 sec,0.75,0.75000071,-7.10E-07,54.44338125
3127.1 sec,0.75,0.750002416,-2.42E-06,55.60401288
3127.8 sec,0.75,0.750001106,-1.11E-06,54.7127085
3128.4 sec,0.75,0.750000506,-5.06E-07,54.30483703
3129.2 sec,0.75,0.750000724,-7.24E-07,54.45292632
3130 sec,0.75,0.750002264,-2.26E-06,55.50065913
3130.8 sec,0.75,0.750003905,-3.90E-06,56.61615166
3131.4 sec,0.75,0.750001918,-1.92E-06,55.26516752
3132 sec,0.75,0.75000065,-6.50E-07,54.40249375
3132.7 sec,0.75,0.750000503,-5.03E-07,54.30253171
3133.6 sec,0.75,0.750001277,-1.28E-06,54.82940585
3134.4 sec,0.75,0.750003629,-3.63E-06,56.42869404
3135.1 sec,0.75,0.750003165,-3.17E-06,56.11308717
3135.7 sec,0.75,0.750001064,-1.06E-06,54.68427498
3136.3 sec,0.75,0.75000047,-4.70E-07,54.28024342
3137.1 sec,0.75,0.75000071,-7.10E-07,54.44338125
3138 sec,0.75,0.750002416,-2.42E-06,55.60401288
3138.6 sec,0.75,0.750001106,-1.11E-06,54.7127085
3139.2 sec,0.75,0.750000506,-5.06E-07,54.30483703
3140 sec,0.75,0.750000724,-7.24E-07,54.45292632
3140.8 sec,0.75,0.750002264,-2.26E-06,55.50065913
3141.6 sec,0.75,0.750003905,-3.90E-06,56.61615166
3142.3 sec,0.75,0.750001918,-1.92E-06,55.26516752
3142.8 sec,0.75,0.75000065,-6.50E-07,54.40249375
3143.5 sec,0.75,0.750000503,-5.03E-07,54.30253171
3144.4 sec,0.75,0.750001277,-1.28E-06,54.82940585
3145.2 sec,0.75,0.750003629,-3.63E-06,56.42869404
3145.9 sec,0.75,0.750003165,-3.17E-06,56.11308717
3146.5 sec,0.75,0.750001064,-1.06E-06,54.68427498
3147.1 sec,0.75,0.75000047,-4.70E-07,54.28024342
3147.9 sec,0.75,0.75000071,-7.10E-07,54.44338125
3148.8 sec,0.75,0.750002416,-2.42E-06,55.60401288
3149.4 sec,0.75,0.750001106,-1.11E-06,54.7127085
3150 sec,0.75,0.750000506,-5.06E-07,54.30483703
3150.8 sec,0.75,0.750000724,-7.24E-07,54.45292632
3151.6 sec,0.75,0.750002264,-2.26E-06,55.50065913
3152.4 sec,0.75,0.750003905,-3.90E-06,56.61615166
3153.1 sec,0.75,0.750001918,-1.92E-06,55.26516752
3153.7 sec,0.75,0.75000065,-6.50E-07,54.40249375
3154.3 sec,0.75,0.750000503,-5.03E-07,54.30253171
3155.2 sec,0.75,0.750001277,-1.28E-06,54.82940585
3156 sec,0.75,0.750003629,-3.63E-06,56.42869404
3156.7 sec,0.75,0.750003165,-3.17E-06,56.11308717
3157.3 sec,0.75,0.750001064,-1.06E-06,54.68427498
3157.9 sec,0.75,0.75000047,-4.70E-07,54.28024342
3158.7 sec,0.75,0.75000071,-7.10E-07,54.44338125
3159.6 sec,0.75,0.750002416,-2.42E-06,55.60401288
3160.2 sec,0.75,0.750001106,-1.11E-06,54.7127085
3160.8 sec,0.75,0.750000506,-5.06E-07,54.30483703
3161.6 sec,0.75,0.750000724,-7.24E-07,54.45292632
3162.5 sec,0.75,0.750002264,-2.26E-06,55.50065913
3163.2 sec,0.75,0.750003905,-3.90E-06,56.61615166
3163.9 sec,0.75,0.750001918,-1.92E-06,55.26516752
3164.5 sec,0.75,0.75000065,-6.50E-07,54.40249375
3165.2 sec,0.75,0.750000503,-5.03E-07,54.30253171
3166 sec,0.75,0.750001277,-1.28E-06,54.82940585
3166.8 sec,0.75,0.750003629,-3.63E-06,56.42869404
3167.5 sec,0.75,0.750003165,-3.17E-06,56.11308717
3168.1 sec,0.75,0.750001064,-1.06E-06,54.68427498
3168.8 sec,0.75,0.75000047,-4.70E-07,54.28024342
3169.5 sec,0.75,0.75000071,-7.10E-07,54.44338125
3170.4 sec,0.75,0.750002416,-2.42E-06,55.60401288
3171 sec,0.75,0.750001106,-1.11E-06,54.7127085
3171.6 sec,0.75,0.750000506,-5.06E-07,54.30483703
3172.4 sec,0.75,0.750000724,-7.24E-07,54.45292632
3173.3 sec,0.75,0.750002264,-2.26E-06,55.50065913
3174.1 sec,0.75,0.750003905,-3.90E-06,56.61615166
3174.7 sec,0.75,0.750001918,-1.92E-06,55.26516752
3175.3 sec,0.75,0.75000065,-6.50E-07,54.40249375
3176 sec,0.75,0.750000503,-5.03E-07,54.30253171
3176.8 sec,0.75,0.750001277,-1.28E-06,54.82940585
3177.6 sec,0.75,0.750003629,-3.63E-06,56.42869404
3178.3 sec,0.75,0.750003165,-3.17E-06,56.11308717
3178.9 sec,0.75,0.750001064,-1.06E-06,54.68427498
3179.6 sec,0.75,0.75000047,-4.70E-07,54.28024342
3180.3 sec,0.75,0.75000071,-7.10E-07,54.44338125
3181.2 sec,0.75,0.750002416,-2.42E-06,55.60401288
3181.8 sec,0.75,0.750001106,-1.11E-06,54.7127085
3182.5 sec,0.75,0.750000506,-5.06E-07,54.30483703
3183.2 sec,0.75,0.750000724,-7.24E-07,54.45292632
3184.1 sec,0.75,0.750002264,-2.26E-06,55.50065913
3184.9 sec,0.75,0.750003905,-3.90E-06,56.61615166
3185.5 sec,0.75,0.750001918,-1.92E-06,55.26516752
3186.1 sec,0.75,0.75000065,-6.50E-07,54.40249375
3186.8 sec,0.75,0.750000503,-5.03E-07,54.30253171
3187.6 sec,0.75,0.750001277,-1.28E-06,54.82940585
3188.5 sec,0.75,0.750003629,-3.63E-06,56.42869404
3189.2 sec,0.75,0.750003165,-3.17E-06,56.11308717
3189.8 sec,0.75,0.750001064,-1.06E-06,54.68427498
3190.4 sec,0.75,0.75000047,-4.70E-07,54.28024342
3191.1 sec,0.75,0.75000071,-7.10E-07,54.44338125
3192 sec,0.75,0.750002416,-2.42E-06,55.60401288
3192.6 sec,0.75,0.750001106,-1.11E-06,54.7127085
3193.3 sec,0.75,0.750000506,-5.06E-07,54.30483703
3194 sec,0.75,0.750000724,-7.24E-07,54.45292632
3194.9 sec,0.75,0.750002264,-2.26E-06,55.50065913
3195.7 sec,0.75,0.750003905,-3.90E-06,56.61615166
3196.3 sec,0.75,0.750001918,-1.92E-06,55.26516752
3196.9 sec,0.75,0.75000065,-6.50E-07,54.40249375
3197.6 sec,0.75,0.750000503,-5.03E-07,54.30253171
3198.4 sec,0.75,0.750001277,-1.28E-06,54.82940585
3199.3 sec,0.75,0.750003629,-3.63E-06,56.42869404
3200 sec,0.75,0.750003165,-3.17E-06,56.11308717
3200.6 sec,0.75,0.750001064,-1.06E-06,54.68427498
3201.2 sec,0.75,0.75000047,-4.70E-07,54.28024342
3202 sec,0.75,0.75000071,-7.10E-07,54.44338125
3202.8 sec,0.75,0.750002416,-2.42E-06,55.60401288
3203.5 sec,0.75,0.750001106,-1.11E-06,54.7127085
3204.1 sec,0.75,0.750000506,-5.06E-07,54.30483703
3204.8 sec,0.75,0.750000724,-7.24E-07,54.45292632
3205.7 sec,0.75,0.750002264,-2.26E-06,55.50065913
3206.5 sec,0.75,0.750003905,-3.90E-06,56.61615166
3207.1 sec,0.75,0.750001918,-1.92E-06,55.26516752
3207.7 sec,0.75,0.75000065,-6.50E-07,54.40249375
3208.4 sec,0.75,0.750000503,-5.03E-07,54.30253171
3209.2 sec,0.75,0.750001277,-1.28E-06,54.82940585
3210.1 sec,0.75,0.750003629,-3.63E-06,56.42869404
3210.8 sec,0.75,0.750003165,-3.17E-06,56.11308717
3211.4 sec,0.75,0.750001064,-1.06E-06,54.68427498
3212 sec,0.75,0.75000047,-4.70E-07,54.28024342
3212.8 sec,0.75,0.75000071,-7.10E-07,54.44338125
3213.6 sec,0.75,0.750002416,-2.42E-06,55.60401288
3214.3 sec,0.75,0.750001106,-1.11E-06,54.7127085
3214.9 sec,0.75,0.750000506,-5.06E-07,54.30483703
3215.7 sec,0.75,0.750000724,-7.24E-07,54.45292632
3216.5 sec,0.75,0.750002264,-2.26E-06,55.50065913
3217.3 sec,0.75,0.750003905,-3.90E-06,56.61615166
3217.9 sec,0.75,0.750001918,-1.92E-06,55.26516752
3218.5 sec,0.75,0.75000065,-6.50E-07,54.40249375
3219.2 sec,0.75,0.750000503,-5.03E-07,54.30253171
3220 sec,0.75,0.750001277,-1.28E-06,54.82940585
3220.9 sec,0.75,0.750003629,-3.63E-06,56.42869404
3221.6 sec,0.75,0.750003165,-3.17E-06,56.11308717
3222.2 sec,0.75,0.750001064,-1.06E-06,54.68427498
3222.8 sec,0.75,0.75000047,-4.70E-07,54.28024342
3223.6 sec,0.75,0.75000071,-7.10E-07,54.44338125
3224.4 sec,0.75,0.750002416,-2.42E-06,55.60401288
3225.1 sec,0.75,0.750001106,-1.11E-06,54.7127085
3225.7 sec,0.75,0.750000506,-5.06E-07,54.30483703
3226.5 sec,0.75,0.750000724,-7.24E-07,54.45292632
3227.3 sec,0.75,0.750002264,-2.26E-06,55.50065913
3228.1 sec,0.75,0.750003905,-3.90E-06,56.61615166
3228.7 sec,0.75,0.750001918,-1.92E-06,55.26516752
3229.3 sec,0.75,0.75000065,-6.50E-07,54.40249375
3230 sec,0.75,0.750000503,-5.03E-07,54.30253171
3230.9 sec,0.75,0.750001277,-1.28E-06,54.82940585
3231.7 sec,0.75,0.750003629,-3.63E-06,56.42869404
3232.4 sec,0.75,0.750003165,-3.17E-06,56.11308717
3233 sec,0.75,0.750001064,-1.06E-06,54.68427498
3233.6 sec,0.75,0.75000047,-4.70E-07,54.28024342
3234.4 sec,0.75,0.75000071,-7.10E-07,54.44338125
3235.3 sec,0.75,0.750002416,-2.42E-06,55.60401288
3235.9 sec,0.75,0.750001106,-1.11E-06,54.7127085
3236.5 sec,0.75,0.750000506,-5.06E-07,54.30483703
3237.3 sec,0.75,0.750000724,-7.24E-07,54.45292632
3238.1 sec,0.75,0.750002264,-2.26E-06,55.50065913
3238.9 sec,0.75,0.750003905,-3.90E-06,56.61615166
3239.6 sec,0.75,0.750001918,-1.92E-06,55.26516752
3240.1 sec,0.75,0.75000065,-6.50E-07,54.40249375
3240.8 sec,0.75,0.750000503,-5.03E-07,54.30253171
3241.7 sec,0.75,0.750001277,-1.28E-06,54.82940585
3242.5 sec,0.75,0.750003629,-3.63E-06,56.42869404
3243.2 sec,0.75,0.750003165,-3.17E-06,56.11308717
3243.8 sec,0.75,0.750001064,-1.06E-06,54.68427498
3244.4 sec,0.75,0.75000047,-4.70E-07,54.28024342
3245.2 sec,0.75,0.75000071,-7.10E-07,54.44338125
3246.1 sec,0.75,0.750002416,-2.42E-06,55.60401288
3246.7 sec,0.75,0.750001106,-1.11E-06,54.7127085
3247.3 sec,0.75,0.750000506,-5.06E-07,54.30483703
3248.1 sec,0.75,0.750000724,-7.24E-07,54.45292632
3248.9 sec,0.75,0.750002264,-2.26E-06,55.50065913
3249.7 sec,0.75,0.750003905,-3.90E-06,56.61615166
3250.4 sec,0.75,0.750001918,-1.92E-06,55.26516752
3251 sec,0.75,0.75000065,-6.50E-07,54.40249375
3251.6 sec,0.75,0.750000503,-5.03E-07,54.30253171
3252.5 sec,0.75,0.750001277,-1.28E-06,54.82940585
3253.3 sec,0.75,0.750003629,-3.63E-06,56.42869404
3254 sec,0.75,0.750003165,-3.17E-06,56.11308717
3254.6 sec,0.75,0.750001064,-1.06E-06,54.68427498
3255.2 sec,0.75,0.75000047,-4.70E-07,54.28024342
3256 sec,0.75,0.75000071,-7.10E-07,54.44338125
3256.9 sec,0.75,0.750002416,-2.42E-06,55.60401288
3257.5 sec,0.75,0.750001106,-1.11E-06,54.7127085
3258.1 sec,0.75,0.750000506,-5.06E-07,54.30483703
3258.9 sec,0.75,0.750000724,-7.24E-07,54.45292632
3259.8 sec,0.75,0.750002264,-2.26E-06,55.50065913
3260.5 sec,0.75,0.750003905,-3.90E-06,56.61615166
3261.2 sec,0.75,0.750001918,-1.92E-06,55.26516752
3261.8 sec,0.75,0.75000065,-6.50E-07,54.40249375
3262.5 sec,0.75,0.750000503,-5.03E-07,54.30253171
3263.3 sec,0.75,0.750001277,-1.28E-06,54.82940585
3264.1 sec,0.75,0.750003629,-3.63E-06,56.42869404
3264.8 sec,0.75,0.750003165,-3.17E-06,56.11308717
3265.4 sec,0.75,0.750001064,-1.06E-06,54.68427498
3266.1 sec,0.75,0.75000047,-4.70E-07,54.28024342
3266.8 sec,0.75,0.75000071,-7.10E-07,54.44338125
3267.7 sec,0.75,0.750002416,-2.42E-06,55.60401288
3268.3 sec,0.75,0.750001106,-1.11E-06,54.7127085
3268.9 sec,0.75,0.750000506,-5.06E-07,54.30483703
3269.7 sec,0.75,0.750000724,-7.24E-07,54.45292632
3270.6 sec,0.75,0.750002264,-2.26E-06,55.50065913
3271.4 sec,0.75,0.750003905,-3.90E-06,56.61615166
3272 sec,0.75,0.750001918,-1.92E-06,55.26516752
3272.6 sec,0.75,0.75000065,-6.50E-07,54.40249375
3273.3 sec,0.75,0.750000503,-5.03E-07,54.30253171
3274.1 sec,0.75,0.750001277,-1.28E-06,54.82940585
3274.9 sec,0.75,0.750003629,-3.63E-06,56.42869404
3275.6 sec,0.75,0.750003165,-3.17E-06,56.11308717
3276.2 sec,0.75,0.750001064,-1.06E-06,54.68427498
3276.9 sec,0.75,0.75000047,-4.70E-07,54.28024342
3277.6 sec,0.75,0.75000071,-7.10E-07,54.44338125
3278.5 sec,0.75,0.750002416,-2.42E-06,55.60401288
3279.1 sec,0.75,0.750001106,-1.11E-06,54.7127085
3279.8 sec,0.75,0.750000506,-5.06E-07,54.30483703
3280.5 sec,0.75,0.750000724,-7.24E-07,54.45292632
3281.4 sec,0.75,0.750002264,-2.26E-06,55.50065913
3282.2 sec,0.75,0.750003905,-3.90E-06,56.61615166
3282.8 sec,0.75,0.750001918,-1.92E-06,55.26516752
3283.4 sec,0.75,0.75000065,-6.50E-07,54.40249375
3284.1 sec,0.75,0.750000503,-5.03E-07,54.30253171
3284.9 sec,0.75,0.750001277,-1.28E-06,54.82940585
3285.8 sec,0.75,0.750003629,-3.63E-06,56.42869404
3286.5 sec,0.75,0.750003165,-3.17E-06,56.11308717
3287 sec,0.75,0.750001064,-1.06E-06,54.68427498
3287.7 sec,0.75,0.75000047,-4.70E-07,54.28024342
3288.4 sec,0.75,0.75000071,-7.10E-07,54.44338125
3289.3 sec,0.75,0.750002416,-2.42E-06,55.60401288
3289.9 sec,0.75,0.750001106,-1.11E-06,54.7127085
3290.6 sec,0.75,0.750000506,-5.06E-07,54.30483703
3291.3 sec,0.75,0.750000724,-7.24E-07,54.45292632
3292.2 sec,0.75,0.750002264,-2.26E-06,55.50065913
3293 sec,0.75,0.750003905,-3.90E-06,56.61615166
3293.6 sec,0.75,0.750001918,-1.92E-06,55.26516752
3294.2 sec,0.75,0.75000065,-6.50E-07,54.40249375
3294.9 sec,0.75,0.750000503,-5.03E-07,54.30253171
3295.7 sec,0.75,0.750001277,-1.28E-06,54.82940585
3296.6 sec,0.75,0.750003629,-3.63E-06,56.42869404
3297.3 sec,0.75,0.750003165,-3.17E-06,56.11308717
3297.9 sec,0.75,0.750001064,-1.06E-06,54.68427498
3298.5 sec,0.75,0.75000047,-4.70E-07,54.28024342
3299.3 sec,0.75,0.75000071,-7.10E-07,54.44338125
3300.1 sec,0.75,0.750002416,-2.42E-06,55.60401288
3300.8 sec,0.75,0.750001106,-1.11E-06,54.7127085
3301.4 sec,0.75,0.750000506,-5.06E-07,54.30483703
3302.1 sec,0.75,0.750000724,-7.24E-07,54.45292632
3303 sec,0.75,0.750002264,-2.26E-06,55.50065913
3303.8 sec,0.75,0.750003905,-3.90E-06,56.61615166
3304.4 sec,0.75,0.750001918,-1.92E-06,55.26516752
3305 sec,0.75,0.75000065,-6.50E-07,54.40249375
3305.7 sec,0.75,0.750000503,-5.03E-07,54.30253171
3306.5 sec,0.75,0.750001277,-1.28E-06,54.82940585
3307.4 sec,0.75,0.750003629,-3.63E-06,56.42869404
3308.1 sec,0.75,0.750003165,-3.17E-06,56.11308717
3308.7 sec,0.75,0.750001064,-1.06E-06,54.68427498
3309.3 sec,0.75,0.75000047,-4.70E-07,54.28024342
3310.1 sec,0.75,0.75000071,-7.10E-07,54.44338125
3310.9 sec,0.75,0.750002416,-2.42E-06,55.60401288
3311.6 sec,0.75,0.750001106,-1.11E-06,54.7127085
3312.2 sec,0.75,0.750000506,-5.06E-07,54.30483703
3313 sec,0.75,0.750000724,-7.24E-07,54.45292632
3313.8 sec,0.75,0.750002264,-2.26E-06,55.50065913
3314.6 sec,0.75,0.750003905,-3.90E-06,56.61615166
3315.2 sec,0.75,0.750001918,-1.92E-06,55.26516752
3315.8 sec,0.75,0.75000065,-6.50E-07,54.40249375
3316.5 sec,0.75,0.750000503,-5.03E-07,54.30253171
3317.3 sec,0.75,0.750001277,-1.28E-06,54.82940585
3318.2 sec,0.75,0.750003629,-3.63E-06,56.42869404
3318.9 sec,0.75,0.750003165,-3.17E-06,56.11308717
3319.5 sec,0.75,0.750001064,-1.06E-06,54.68427498
3320.1 sec,0.75,0.75000047,-4.70E-07,54.28024342
3320.9 sec,0.75,0.75000071,-7.10E-07,54.44338125
3321.7 sec,0.75,0.750002416,-2.42E-06,55.60401288
3322.4 sec,0.75,0.750001106,-1.11E-06,54.7127085
3323 sec,0.75,0.750000506,-5.06E-07,54.30483703
3323.8 sec,0.75,0.750000724,-7.24E-07,54.45292632
3324.6 sec,0.75,0.750002264,-2.26E-06,55.50065913
3325.4 sec,0.75,0.750003905,-3.90E-06,56.61615166
3326 sec,0.75,0.750001918,-1.92E-06,55.26516752
3326.6 sec,0.75,0.75000065,-6.50E-07,54.40249375
3327.3 sec,0.75,0.750000503,-5.03E-07,54.30253171
3328.2 sec,0.75,0.750001277,-1.28E-06,54.82940585
3329 sec,0.75,0.750003629,-3.63E-06,56.42869404
3329.7 sec,0.75,0.750003165,-3.17E-06,56.11308717
3330.3 sec,0.75,0.750001064,-1.06E-06,54.68427498
3330.9 sec,0.75,0.75000047,-4.70E-07,54.28024342
3331.7 sec,0.75,0.75000071,-7.10E-07,54.44338125
3332.6 sec,0.75,0.750002416,-2.42E-06,55.60401288
3333.2 sec,0.75,0.750001106,-1.11E-06,54.7127085
3333.8 sec,0.75,0.750000506,-5.06E-07,54.30483703
3334.6 sec,0.75,0.750000724,-7.24E-07,54.45292632
3335.4 sec,0.75,0.750002264,-2.26E-06,55.50065913
3336.2 sec,0.75,0.750003905,-3.90E-06,56.61615166
3336.9 sec,0.75,0.750001918,-1.92E-06,55.26516752
3337.4 sec,0.75,0.75000065,-6.50E-07,54.40249375
3338.1 sec,0.75,0.750000503,-5.03E-07,54.30253171
3339 sec,0.75,0.750001277,-1.28E-06,54.82940585
3339.8 sec,0.75,0.750003629,-3.63E-06,56.42869404
3340.5 sec,0.75,0.750003165,-3.17E-06,56.11308717
3341.1 sec,0.75,0.750001064,-1.06E-06,54.68427498
3341.7 sec,0.75,0.75000047,-4.70E-07,54.28024342
3342.5 sec,0.75,0.75000071,-7.10E-07,54.44338125
3343.4 sec,0.75,0.750002416,-2.42E-06,55.60401288
3344 sec,0.75,0.750001106,-1.11E-06,54.7127085
3344.6 sec,0.75,0.750000506,-5.06E-07,54.30483703
3345.4 sec,0.75,0.750000724,-7.24E-07,54.45292632
3346.2 sec,0.75,0.750002264,-2.26E-06,55.50065913
3347 sec,0.75,0.750003905,-3.90E-06,56.61615166
3347.7 sec,0.75,0.750001918,-1.92E-06,55.26516752
3348.3 sec,0.75,0.75000065,-6.50E-07,54.40249375
3348.9 sec,0.75,0.750000503,-5.03E-07,54.30253171
3349.8 sec,0.75,0.750001277,-1.28E-06,54.82940585
3350.6 sec,0.75,0.750003629,-3.63E-06,56.42869404
3351.3 sec,0.75,0.750003165,-3.17E-06,56.11308717
3351.9 sec,0.75,0.750001064,-1.06E-06,54.68427498
3352.5 sec,0.75,0.75000047,-4.70E-07,54.28024342
3353.3 sec,0.75,0.75000071,-7.10E-07,54.44338125
3354.2 sec,0.75,0.750002416,-2.42E-06,55.60401288
3354.8 sec,0.75,0.750001106,-1.11E-06,54.7127085
3355.4 sec,0.75,0.750000506,-5.06E-07,54.30483703
3356.2 sec,0.75,0.750000724,-7.24E-07,54.45292632
3357.1 sec,0.75,0.750002264,-2.26E-06,55.50065913
3357.8 sec,0.75,0.750003905,-3.90E-06,56.61615166
3358.5 sec,0.75,0.750001918,-1.92E-06,55.26516752
3359.1 sec,0.75,0.75000065,-6.50E-07,54.40249375
3359.8 sec,0.75,0.750000503,-5.03E-07,54.30253171
3360.6 sec,0.75,0.750001277,-1.28E-06,54.82940585
3361.4 sec,0.75,0.750003629,-3.63E-06,56.42869404
3362.1 sec,0.75,0.750003165,-3.17E-06,56.11308717
3362.7 sec,0.75,0.750001064,-1.06E-06,54.68427498
3363.4 sec,0.75,0.75000047,-4.70E-07,54.28024342
3364.1 sec,0.75,0.75000071,-7.10E-07,54.44338125
3365 sec,0.75,0.750002416,-2.42E-06,55.60401288
3365.6 sec,0.75,0.750001106,-1.11E-06,54.7127085
3366.2 sec,0.75,0.750000506,-5.06E-07,54.30483703
3367 sec,0.75,0.750000724,-7.24E-07,54.45292632
3367.9 sec,0.75,0.750002264,-2.26E-06,55.50065913
3368.7 sec,0.75,0.750003905,-3.90E-06,56.61615166
3369.3 sec,0.75,0.750001918,-1.92E-06,55.26516752
3369.9 sec,0.75,0.75000065,-6.50E-07,54.40249375
3370.6 sec,0.75,0.750000503,-5.03E-07,54.30253171
3371.4 sec,0.75,0.750001277,-1.28E-06,54.82940585
3372.2 sec,0.75,0.750003629,-3.63E-06,56.42869404
3372.9 sec,0.75,0.750003165,-3.17E-06,56.11308717
3373.5 sec,0.75,0.750001064,-1.06E-06,54.68427498
3374.2 sec,0.75,0.75000047,-4.70E-07,54.28024342
3374.9 sec,0.75,0.75000071,-7.10E-07,54.44338125
3375.8 sec,0.75,0.750002416,-2.42E-06,55.60401288
3376.4 sec,0.75,0.750001106,-1.11E-06,54.7127085
3377.1 sec,0.75,0.750000506,-5.06E-07,54.30483703
3377.8 sec,0.75,0.750000724,-7.24E-07,54.45292632
3378.7 sec,0.75,0.750002264,-2.26E-06,55.50065913
3379.5 sec,0.75,0.750003905,-3.90E-06,56.61615166
3380.1 sec,0.75,0.750001918,-1.92E-06,55.26516752
3380.7 sec,0.75,0.75000065,-6.50E-07,54.40249375
3381.4 sec,0.75,0.750000503,-5.03E-07,54.30253171
3382.2 sec,0.75,0.750001277,-1.28E-06,54.82940585
3383.1 sec,0.75,0.750003629,-3.63E-06,56.42869404
3383.8 sec,0.75,0.750003165,-3.17E-06,56.11308717
3384.3 sec,0.75,0.750001064,-1.06E-06,54.68427498
3385 sec,0.75,0.75000047,-4.70E-07,54.28024342
3385.7 sec,0.75,0.75000071,-7.10E-07,54.44338125
3386.6 sec,0.75,0.750002416,-2.42E-06,55.60401288
3387.2 sec,0.75,0.750001106,-1.11E-06,54.7127085
3387.9 sec,0.75,0.750000506,-5.06E-07,54.30483703
3388.6 sec,0.75,0.750000724,-7.24E-07,54.45292632
3389.5 sec,0.75,0.750002264,-2.26E-06,55.50065913
3390.3 sec,0.75,0.750003905,-3.90E-06,56.61615166
3390.9 sec,0.75,0.750001918,-1.92E-06,55.26516752
3391.5 sec,0.75,0.75000065,-6.50E-07,54.40249375
3392.2 sec,0.75,0.750000503,-5.03E-07,54.30253171
3393 sec,0.75,0.750001277,-1.28E-06,54.82940585
3393.9 sec,0.75,0.750003629,-3.63E-06,56.42869404
3394.6 sec,0.75,0.750003165,-3.17E-06,56.11308717
3395.2 sec,0.75,0.750001064,-1.06E-06,54.68427498
3395.8 sec,0.75,0.75000047,-4.70E-07,54.28024342
3396.6 sec,0.75,0.75000071,-7.10E-07,54.44338125
3397.4 sec,0.75,0.750002416,-2.42E-06,55.60401288
3398.1 sec,0.75,0.750001106,-1.11E-06,54.7127085
3398.7 sec,0.75,0.750000506,-5.06E-07,54.30483703
3399.4 sec,0.75,0.750000724,-7.24E-07,54.45292632
3400.3 sec,0.75,0.750002264,-2.26E-06,55.50065913
3401.1 sec,0.75,0.750003905,-3.90E-06,56.61615166
3401.7 sec,0.75,0.750001918,-1.92E-06,55.26516752
3402.3 sec,0.75,0.75000065,-6.50E-07,54.40249375
3403 sec,0.75,0.750000503,-5.03E-07,54.30253171
3403.8 sec,0.75,0.750001277,-1.28E-06,54.82940585
3404.7 sec,0.75,0.750003629,-3.63E-06,56.42869404
3405.4 sec,0.75,0.750003165,-3.17E-06,56.11308717
3406 sec,0.75,0.750001064,-1.06E-06,54.68427498
3406.6 sec,0.75,0.75000047,-4.70E-07,54.28024342
3407.4 sec,0.75,0.75000071,-7.10E-07,54.44338125
3408.2 sec,0.75,0.750002416,-2.42E-06,55.60401288
3408.9 sec,0.75,0.750001106,-1.11E-06,54.7127085
3409.5 sec,0.75,0.750000506,-5.06E-07,54.30483703
3410.3 sec,0.75,0.750000724,-7.24E-07,54.45292632
3411.1 sec,0.75,0.750002264,-2.26E-06,55.50065913
3411.9 sec,0.75,0.750003905,-3.90E-06,56.61615166
3412.5 sec,0.75,0.750001918,-1.92E-06,55.26516752
3413.1 sec,0.75,0.75000065,-6.50E-07,54.40249375
3413.8 sec,0.75,0.750000503,-5.03E-07,54.30253171
3414.6 sec,0.75,0.750001277,-1.28E-06,54.82940585
3415.5 sec,0.75,0.750003629,-3.63E-06,56.42869404
3416.2 sec,0.75,0.750003165,-3.17E-06,56.11308717
3416.8 sec,0.75,0.750001064,-1.06E-06,54.68427498
3417.4 sec,0.75,0.75000047,-4.70E-07,54.28024342
3418.2 sec,0.75,0.75000071,-7.10E-07,54.44338125
3419 sec,0.75,0.750002416,-2.42E-06,55.60401288
3419.7 sec,0.75,0.750001106,-1.11E-06,54.7127085
3420.3 sec,0.75,0.750000506,-5.06E-07,54.30483703
3421.1 sec,0.75,0.750000724,-7.24E-07,54.45292632
3421.9 sec,0.75,0.750002264,-2.26E-06,55.50065913
3422.7 sec,0.75,0.750003905,-3.90E-06,56.61615166
3423.3 sec,0.75,0.750001918,-1.92E-06,55.26516752
3423.9 sec,0.75,0.75000065,-6.50E-07,54.40249375
3424.6 sec,0.75,0.750000503,-5.03E-07,54.30253171
3425.5 sec,0.75,0.750001277,-1.28E-06,54.82940585
3426.3 sec,0.75,0.750003629,-3.63E-06,56.42869404
3427 sec,0.75,0.750003165,-3.17E-06,56.11308717
3427.6 sec,0.75,0.750001064,-1.06E-06,54.68427498
3428.2 sec,0.75,0.75000047,-4.70E-07,54.28024342
3429 sec,0.75,0.75000071,-7.10E-07,54.44338125
3429.9 sec,0.75,0.750002416,-2.42E-06,55.60401288
3430.5 sec,0.75,0.750001106,-1.11E-06,54.7127085
3431.1 sec,0.75,0.750000506,-5.06E-07,54.30483703
3431.9 sec,0.75,0.750000724,-7.24E-07,54.45292632
3432.7 sec,0.75,0.750002264,-2.26E-06,55.50065913
3433.5 sec,0.75,0.750003905,-3.90E-06,56.61615166
3434.2 sec,0.75,0.750001918,-1.92E-06,55.26516752
3434.7 sec,0.75,0.75000065,-6.50E-07,54.40249375
3435.4 sec,0.75,0.750000503,-5.03E-07,54.30253171
3436.3 sec,0.75,0.750001277,-1.28E-06,54.82940585
3437.1 sec,0.75,0.750003629,-3.63E-06,56.42869404
3437.8 sec,0.75,0.750003165,-3.17E-06,56.11308717
3438.4 sec,0.75,0.750001064,-1.06E-06,54.68427498
3439 sec,0.75,0.75000047,-4.70E-07,54.28024342
3439.8 sec,0.75,0.75000071,-7.10E-07,54.44338125
3440.7 sec,0.75,0.750002416,-2.42E-06,55.60401288
3441.3 sec,0.75,0.750001106,-1.11E-06,54.7127085
3441.9 sec,0.75,0.750000506,-5.06E-07,54.30483703
3442.7 sec,0.75,0.750000724,-7.24E-07,54.45292632
3443.5 sec,0.75,0.750002264,-2.26E-06,55.50065913
3444.3 sec,0.75,0.750003905,-3.90E-06,56.61615166
3445 sec,0.75,0.750001918,-1.92E-06,55.26516752
3445.6 sec,0.75,0.75000065,-6.50E-07,54.40249375
3446.2 sec,0.75,0.750000503,-5.03E-07,54.30253171
3447.1 sec,0.75,0.750001277,-1.28E-06,54.82940585
3447.9 sec,0.75,0.750003629,-3.63E-06,56.42869404
3448.6 sec,0.75,0.750003165,-3.17E-06,56.11308717
3449.2 sec,0.75,0.750001064,-1.06E-06,54.68427498
3449.8 sec,0.75,0.75000047,-4.70E-07,54.28024342
3450.6 sec,0.75,0.75000071,-7.10E-07,54.44338125
3451.5 sec,0.75,0.750002416,-2.42E-06,55.60401288
3452.1 sec,0.75,0.750001106,-1.11E-06,54.7127085
3452.7 sec,0.75,0.750000506,-5.06E-07,54.30483703
3453.5 sec,0.75,0.750000724,-7.24E-07,54.45292632
3454.4 sec,0.75,0.750002264,-2.26E-06,55.50065913
3455.1 sec,0.75,0.750003905,-3.90E-06,56.61615166
3455.8 sec,0.75,0.750001918,-1.92E-06,55.26516752
3456.4 sec,0.75,0.75000065,-6.50E-07,54.40249375
3457.1 sec,0.75,0.750000503,-5.03E-07,54.30253171
3457.9 sec,0.75,0.750001277,-1.28E-06,54.82940585
3458.7 sec,0.75,0.750003629,-3.63E-06,56.42869404
3459.4 sec,0.75,0.750003165,-3.17E-06,56.11308717
3460 sec,0.75,0.750001064,-1.06E-06,54.68427498
3460.6 sec,0.75,0.75000047,-4.70E-07,54.28024342
3461.4 sec,0.75,0.75000071,-7.10E-07,54.44338125
3462.3 sec,0.75,0.750002416,-2.42E-06,55.60401288
3462.9 sec,0.75,0.750001106,-1.11E-06,54.7127085
3463.5 sec,0.75,0.750000506,-5.06E-07,54.30483703
3464.3 sec,0.75,0.750000724,-7.24E-07,54.45292632
3465.2 sec,0.75,0.750002264,-2.26E-06,55.50065913
3466 sec,0.75,0.750003905,-3.90E-06,56.61615166
3466.6 sec,0.75,0.750001918,-1.92E-06,55.26516752
3467.2 sec,0.75,0.75000065,-6.50E-07,54.40249375
3467.9 sec,0.75,0.750000503,-5.03E-07,54.30253171
3468.7 sec,0.75,0.750001277,-1.28E-06,54.82940585
3469.5 sec,0.75,0.750003629,-3.63E-06,56.42869404
3470.2 sec,0.75,0.750003165,-3.17E-06,56.11308717
3470.8 sec,0.75,0.750001064,-1.06E-06,54.68427498
3471.5 sec,0.75,0.75000047,-4.70E-07,54.28024342
3472.2 sec,0.75,0.75000071,-7.10E-07,54.44338125
3473.1 sec,0.75,0.750002416,-2.42E-06,55.60401288
3473.7 sec,0.75,0.750001106,-1.11E-06,54.7127085
3474.4 sec,0.75,0.750000506,-5.06E-07,54.30483703
3475.1 sec,0.75,0.750000724,-7.24E-07,54.45292632
3476 sec,0.75,0.750002264,-2.26E-06,55.50065913
3476.8 sec,0.75,0.750003905,-3.90E-06,56.61615166
3477.4 sec,0.75,0.750001918,-1.92E-06,55.26516752
3478 sec,0.75,0.75000065,-6.50E-07,54.40249375
3478.7 sec,0.75,0.750000503,-5.03E-07,54.30253171
3479.5 sec,0.75,0.750001277,-1.28E-06,54.82940585
3480.4 sec,0.75,0.750003629,-3.63E-06,56.42869404
3481.1 sec,0.75,0.750003165,-3.17E-06,56.11308717
3481.6 sec,0.75,0.750001064,-1.06E-06,54.68427498
3482.3 sec,0.75,0.75000047,-4.70E-07,54.28024342
3483 sec,0.75,0.75000071,-7.10E-07,54.44338125
3483.9 sec,0.75,0.750002416,-2.42E-06,55.60401288
3484.5 sec,0.75,0.750001106,-1.11E-06,54.7127085
3485.2 sec,0.75,0.750000506,-5.06E-07,54.30483703
3485.9 sec,0.75,0.750000724,-7.24E-07,54.45292632
3486.8 sec,0.75,0.750002264,-2.26E-06,55.50065913
3487.6 sec,0.75,0.750003905,-3.90E-06,56.61615166
3488.2 sec,0.75,0.750001918,-1.92E-06,55.26516752
3488.8 sec,0.75,0.75000065,-6.50E-07,54.40249375
3489.5 sec,0.75,0.750000503,-5.03E-07,54.30253171
3490.3 sec,0.75,0.750001277,-1.28E-06,54.82940585
3491.2 sec,0.75,0.750003629,-3.63E-06,56.42869404
3491.9 sec,0.75,0.750003165,-3.17E-06,56.11308717
3492.5 sec,0.75,0.750001064,-1.06E-06,54.68427498
3493.1 sec,0.75,0.75000047,-4.70E-07,54.28024342
3493.9 sec,0.75,0.75000071,-7.10E-07,54.44338125
3494.7 sec,0.75,0.750002416,-2.42E-06,55.60401288
3495.4 sec,0.75,0.750001106,-1.11E-06,54.7127085
3496 sec,0.75,0.750000506,-5.06E-07,54.30483703
3496.7 sec,0.75,0.750000724,-7.24E-07,54.45292632
3497.6 sec,0.75,0.750002264,-2.26E-06,55.50065913
3498.4 sec,0.75,0.750003905,-3.90E-06,56.61615166
3499 sec,0.75,0.750001918,-1.92E-06,55.26516752
3499.6 sec,0.75,0.75000065,-6.50E-07,54.40249375
3500.3 sec,0.75,0.750000503,-5.03E-07,54.30253171
3501.1 sec,0.75,0.750001277,-1.28E-06,54.82940585
3502 sec,0.75,0.750003629,-3.63E-06,56.42869404
3502.7 sec,0.75,0.750003165,-3.17E-06,56.11308717
3503.3 sec,0.75,0.750001064,-1.06E-06,54.68427498
3503.9 sec,0.75,0.75000047,-4.70E-07,54.28024342
3504.7 sec,0.75,0.75000071,-7.10E-07,54.44338125
3505.5 sec,0.75,0.750002416,-2.42E-06,55.60401288
3506.2 sec,0.75,0.750001106,-1.11E-06,54.7127085
3506.8 sec,0.75,0.750000506,-5.06E-07,54.30483703
3507.5 sec,0.75,0.750000724,-7.24E-07,54.45292632
3508.4 sec,0.75,0.750002264,-2.26E-06,55.50065913
3509.2 sec,0.75,0.750003905,-3.90E-06,56.61615166
3509.8 sec,0.75,0.750001918,-1.92E-06,55.26516752
3510.4 sec,0.75,0.75000065,-6.50E-07,54.40249375
3511.1 sec,0.75,0.750000503,-5.03E-07,54.30253171
3511.9 sec,0.75,0.750001277,-1.28E-06,54.82940585
3512.8 sec,0.75,0.750003629,-3.63E-06,56.42869404
3513.5 sec,0.75,0.750003165,-3.17E-06,56.11308717
3514.1 sec,0.75,0.750001064,-1.06E-06,54.68427498
3514.7 sec,0.75,0.75000047,-4.70E-07,54.28024342
3515.5 sec,0.75,0.75000071,-7.10E-07,54.44338125
3516.3 sec,0.75,0.750002416,-2.42E-06,55.60401288
3517 sec,0.75,0.750001106,-1.11E-06,54.7127085
3517.6 sec,0.75,0.750000506,-5.06E-07,54.30483703
3518.4 sec,0.75,0.750000724,-7.24E-07,54.45292632
3519.2 sec,0.75,0.750002264,-2.26E-06,55.50065913
3520 sec,0.75,0.750003905,-3.90E-06,56.61615166
3520.6 sec,0.75,0.750001918,-1.92E-06,55.26516752
3521.2 sec,0.75,0.75000065,-6.50E-07,54.40249375
3521.9 sec,0.75,0.750000503,-5.03E-07,54.30253171
3522.8 sec,0.75,0.750001277,-1.28E-06,54.82940585
3523.6 sec,0.75,0.750003629,-3.63E-06,56.42869404
3524.3 sec,0.75,0.750003165,-3.17E-06,56.11308717
3524.9 sec,0.75,0.750001064,-1.06E-06,54.68427498
3525.5 sec,0.75,0.75000047,-4.70E-07,54.28024342
3526.3 sec,0.75,0.75000071,-7.10E-07,54.44338125
3527.2 sec,0.75,0.750002416,-2.42E-06,55.60401288
3527.8 sec,0.75,0.750001106,-1.11E-06,54.7127085
3528.4 sec,0.75,0.750000506,-5.06E-07,54.30483703
3529.2 sec,0.75,0.750000724,-7.24E-07,54.45292632
3530 sec,0.75,0.750002264,-2.26E-06,55.50065913
3530.8 sec,0.75,0.750003905,-3.90E-06,56.61615166
3531.5 sec,0.75,0.750001918,-1.92E-06,55.26516752
3532 sec,0.75,0.75000065,-6.50E-07,54.40249375
3532.7 sec,0.75,0.750000503,-5.03E-07,54.30253171
3533.6 sec,0.75,0.750001277,-1.28E-06,54.82940585
3534.4 sec,0.75,0.750003629,-3.63E-06,56.42869404
3535.1 sec,0.75,0.750003165,-3.17E-06,56.11308717
3535.7 sec,0.75,0.750001064,-1.06E-06,54.68427498
3536.3 sec,0.75,0.75000047,-4.70E-07,54.28024342
3537.1 sec,0.75,0.75000071,-7.10E-07,54.44338125
3538 sec,0.75,0.750002416,-2.42E-06,55.60401288
3538.6 sec,0.75,0.750001106,-1.11E-06,54.7127085
3539.2 sec,0.75,0.750000506,-5.06E-07,54.30483703
3540 sec,0.75,0.750000724,-7.24E-07,54.45292632
3540.8 sec,0.75,0.750002264,-2.26E-06,55.50065913
3541.6 sec,0.75,0.750003905,-3.90E-06,56.61615166
3542.3 sec,0.75,0.750001918,-1.92E-06,55.26516752
3542.9 sec,0.75,0.75000065,-6.50E-07,54.40249375
3543.5 sec,0.75,0.750000503,-5.03E-07,54.30253171
3544.4 sec,0.75,0.750001277,-1.28E-06,54.82940585
3545.2 sec,0.75,0.750003629,-3.63E-06,56.42869404
3545.9 sec,0.75,0.750003165,-3.17E-06,56.11308717
3546.5 sec,0.75,0.750001064,-1.06E-06,54.68427498
3547.1 sec,0.75,0.75000047,-4.70E-07,54.28024342
3547.9 sec,0.75,0.75000071,-7.10E-07,54.44338125
3548.8 sec,0.75,0.750002416,-2.42E-06,55.60401288
3549.4 sec,0.75,0.750001106,-1.11E-06,54.7127085
3550 sec,0.75,0.750000506,-5.06E-07,54.30483703
3550.8 sec,0.75,0.750000724,-7.24E-07,54.45292632
3551.7 sec,0.75,0.750002264,-2.26E-06,55.50065913
3552.4 sec,0.75,0.750003905,-3.90E-06,56.61615166
3553.1 sec,0.75,0.750001918,-1.92E-06,55.26516752
3553.7 sec,0.75,0.75000065,-6.50E-07,54.40249375
3554.4 sec,0.75,0.750000503,-5.03E-07,54.30253171
3555.2 sec,0.75,0.750001277,-1.28E-06,54.82940585
3556 sec,0.75,0.750003629,-3.63E-06,56.42869404
3556.7 sec,0.75,0.750003165,-3.17E-06,56.11308717
3557.3 sec,0.75,0.750001064,-1.06E-06,54.68427498
3557.9 sec,0.75,0.75000047,-4.70E-07,54.28024342
3558.7 sec,0.75,0.75000071,-7.10E-07,54.44338125
3559.6 sec,0.75,0.750002416,-2.42E-06,55.60401288
3560.2 sec,0.75,0.750001106,-1.11E-06,54.7127085
3560.8 sec,0.75,0.750000506,-5.06E-07,54.30483703
3561.6 sec,0.75,0.750000724,-7.24E-07,54.45292632
3562.5 sec,0.75,0.750002264,-2.26E-06,55.50065913
3563.3 sec,0.75,0.750003905,-3.90E-06,56.61615166
3563.9 sec,0.75,0.750001918,-1.92E-06,55.26516752
3564.5 sec,0.75,0.75000065,-6.50E-07,54.40249375
3565.2 sec,0.75,0.750000503,-5.03E-07,54.30253171
3566 sec,0.75,0.750001277,-1.28E-06,54.82940585
3566.8 sec,0.75,0.750003629,-3.63E-06,56.42869404
3567.5 sec,0.75,0.750003165,-3.17E-06,56.11308717
3568.1 sec,0.75,0.750001064,-1.06E-06,54.68427498
3568.8 sec,0.75,0.75000047,-4.70E-07,54.28024342
3569.5 sec,0.75,0.75000071,-7.10E-07,54.44338125
3570.4 sec,0.75,0.750002416,-2.42E-06,55.60401288
3571 sec,0.75,0.750001106,-1.11E-06,54.7127085
3571.7 sec,0.75,0.750000506,-5.06E-07,54.30483703
3572.4 sec,0.75,0.750000724,-7.24E-07,54.45292632
3573.3 sec,0.75,0.750002264,-2.26E-06,55.50065913
3574.1 sec,0.75,0.750003905,-3.90E-06,56.61615166
3574.7 sec,0.75,0.750001918,-1.92E-06,55.26516752
3575.3 sec,0.75,0.75000065,-6.50E-07,54.40249375
3576 sec,0.75,0.750000503,-5.03E-07,54.30253171
3576.8 sec,0.75,0.750001277,-1.28E-06,54.82940585
3577.7 sec,0.75,0.750003629,-3.63E-06,56.42869404
3578.4 sec,0.75,0.750003165,-3.17E-06,56.11308717
3578.9 sec,0.75,0.750001064,-1.06E-06,54.68427498
3579.6 sec,0.75,0.75000047,-4.70E-07,54.28024342
3580.3 sec,0.75,0.75000071,-7.10E-07,54.44338125
3581.2 sec,0.75,0.750002416,-2.42E-06,55.60401288
3581.8 sec,0.75,0.750001106,-1.11E-06,54.7127085
3582.5 sec,0.75,0.750000506,-5.06E-07,54.30483703
3583.2 sec,0.75,0.750000724,-7.24E-07,54.45292632
3584.1 sec,0.75,0.750002264,-2.26E-06,55.50065913
3584.9 sec,0.75,0.750003905,-3.90E-06,56.61615166
3585.5 sec,0.75,0.750001918,-1.92E-06,55.26516752
3586.1 sec,0.75,0.75000065,-6.50E-07,54.40249375
3586.8 sec,0.75,0.750000503,-5.03E-07,54.30253171
3587.6 sec,0.75,0.750001277,-1.28E-06,54.82940585
3588.5 sec,0.75,0.750003629,-3.63E-06,56.42869404
3589.2 sec,0.75,0.750003165,-3.17E-06,56.11308717
3589.8 sec,0.75,0.750001064,-1.06E-06,54.68427498
3590.4 sec,0.75,0.75000047,-4.70E-07,54.28024342
3591.2 sec,0.75,0.75000071,-7.10E-07,54.44338125
3592 sec,0.75,0.750002416,-2.42E-06,55.60401288
3592.7 sec,0.75,0.750001106,-1.11E-06,54.7127085
3593.3 sec,0.75,0.750000506,-5.06E-07,54.30483703
3594 sec,0.75,0.750000724,-7.24E-07,54.45292632
3594.9 sec,0.75,0.750002264,-2.26E-06,55.50065913
3595.7 sec,0.75,0.750003905,-3.90E-06,56.61615166
3596.3 sec,0.75,0.750001918,-1.92E-06,55.26516752
3596.9 sec,0.75,0.75000065,-6.50E-07,54.40249375
3597.6 sec,0.75,0.750000503,-5.03E-07,54.30253171
3598.4 sec,0.75,0.750001277,-1.28E-06,54.82940585
3599.3 sec,0.75,0.750003629,-3.63E-06,56.42869404
3600 sec,0.75,0.750003165,-3.17E-06,56.11308717
3600.6 sec,0.75,0.750001064,-1.06E-06,54.68427498
3601.2 sec,0.75,0.75000047,-4.70E-07,54.28024342
3602 sec,0.75,0.75000071,-7.10E-07,54.44338125
3602.8 sec,0.75,0.750002416,-2.42E-06,55.60401288
3603.5 sec,0.75,0.750001106,-1.11E-06,54.7127085
3604.1 sec,0.75,0.750000506,-5.06E-07,54.30483703
3604.8 sec,0.75,0.750000724,-7.24E-07,54.45292632
3605.7 sec,0.75,0.750002264,-2.26E-06,55.50065913
3606.5 sec,0.75,0.750003905,-3.90E-06,56.61615166
3607.1 sec,0.75,0.750001918,-1.92E-06,55.26516752
3607.7 sec,0.75,0.75000065,-6.50E-07,54.40249375
3608.4 sec,0.75,0.750000503,-5.03E-07,54.30253171
3609.2 sec,0.75,0.750001277,-1.28E-06,54.82940585
3610.1 sec,0.75,0.750003629,-3.63E-06,56.42869404
3610.8 sec,0.75,0.750003165,-3.17E-06,56.11308717
3611.4 sec,0.75,0.750001064,-1.06E-06,54.68427498
3612 sec,0.75,0.75000047,-4.70E-07,54.28024342
3612.8 sec,0.75,0.75000071,-7.10E-07,54.44338125
3613.6 sec,0.75,0.750002416,-2.42E-06,55.60401288
3614.3 sec,0.75,0.750001106,-1.11E-06,54.7127085
3614.9 sec,0.75,0.750000506,-5.06E-07,54.30483703
3615.7 sec,0.75,0.750000724,-7.24E-07,54.45292632
3616.5 sec,0.75,0.750002264,-2.26E-06,55.50065913
3617.3 sec,0.75,0.750003905,-3.90E-06,56.61615166
3617.9 sec,0.75,0.750001918,-1.92E-06,55.26516752
3618.5 sec,0.75,0.75000065,-6.50E-07,54.40249375
3619.2 sec,0.75,0.750000503,-5.03E-07,54.30253171
3620.1 sec,0.75,0.750001277,-1.28E-06,54.82940585
3620.9 sec,0.75,0.750003629,-3.63E-06,56.42869404
3621.6 sec,0.75,0.750003165,-3.17E-06,56.11308717
3622.2 sec,0.75,0.750001064,-1.06E-06,54.68427498
3622.8 sec,0.75,0.75000047,-4.70E-07,54.28024342
3623.6 sec,0.75,0.75000071,-7.10E-07,54.44338125
3624.5 sec,0.75,0.750002416,-2.42E-06,55.60401288
3625.1 sec,0.75,0.750001106,-1.11E-06,54.7127085
3625.7 sec,0.75,0.750000506,-5.06E-07,54.30483703
3626.5 sec,0.75,0.750000724,-7.24E-07,54.45292632
3627.3 sec,0.75,0.750002264,-2.26E-06,55.50065913
3628.1 sec,0.75,0.750003905,-3.90E-06,56.61615166
3628.8 sec,0.75,0.750001918,-1.92E-06,55.26516752
3629.3 sec,0.75,0.75000065,-6.50E-07,54.40249375
3630 sec,0.75,0.750000503,-5.03E-07,54.30253171
3630.9 sec,0.75,0.750001277,-1.28E-06,54.82940585
3631.7 sec,0.75,0.750003629,-3.63E-06,56.42869404
3632.4 sec,0.75,0.750003165,-3.17E-06,56.11308717
3633 sec,0.75,0.750001064,-1.06E-06,54.68427498
3633.6 sec,0.75,0.75000047,-4.70E-07,54.28024342
3634.4 sec,0.75,0.75000071,-7.10E-07,54.44338125
3635.3 sec,0.75,0.750002416,-2.42E-06,55.60401288
3635.9 sec,0.75,0.750001106,-1.11E-06,54.7127085
3636.5 sec,0.75,0.750000506,-5.06E-07,54.30483703
3637.3 sec,0.75,0.750000724,-7.24E-07,54.45292632
3638.1 sec,0.75,0.750002264,-2.26E-06,55.50065913
3638.9 sec,0.75,0.750003905,-3.90E-06,56.61615166
3639.6 sec,0.75,0.750001918,-1.92E-06,55.26516752
3640.2 sec,0.75,0.75000065,-6.50E-07,54.40249375
3640.8 sec,0.75,0.750000503,-5.03E-07,54.30253171
3641.7 sec,0.75,0.750001277,-1.28E-06,54.82940585
3642.5 sec,0.75,0.750003629,-3.63E-06,56.42869404
3643.2 sec,0.75,0.750003165,-3.17E-06,56.11308717
3643.8 sec,0.75,0.750001064,-1.06E-06,54.68427498
3644.4 sec,0.75,0.75000047,-4.70E-07,54.28024342
3645.2 sec,0.75,0.75000071,-7.10E-07,54.44338125
3646.1 sec,0.75,0.750002416,-2.42E-06,55.60401288
3646.7 sec,0.75,0.750001106,-1.11E-06,54.7127085
3647.3 sec,0.75,0.750000506,-5.06E-07,54.30483703
3648.1 sec,0.75,0.750000724,-7.24E-07,54.45292632
3649 sec,0.75,0.750002264,-2.26E-06,55.50065913
3649.7 sec,0.75,0.750003905,-3.90E-06,56.61615166
3650.4 sec,0.75,0.750001918,-1.92E-06,55.26516752
3651 sec,0.75,0.75000065,-6.50E-07,54.40249375
3651.7 sec,0.75,0.750000503,-5.03E-07,54.30253171
3652.5 sec,0.75,0.750001277,-1.28E-06,54.82940585
3653.3 sec,0.75,0.750003629,-3.63E-06,56.42869404
3654 sec,0.75,0.750003165,-3.17E-06,56.11308717
3654.6 sec,0.75,0.750001064,-1.06E-06,54.68427498
3655.2 sec,0.75,0.75000047,-4.70E-07,54.28024342
3656 sec,0.75,0.75000071,-7.10E-07,54.44338125
3656.9 sec,0.75,0.750002416,-2.42E-06,55.60401288
3657.5 sec,0.75,0.750001106,-1.11E-06,54.7127085
3658.1 sec,0.75,0.750000506,-5.06E-07,54.30483703
3658.9 sec,0.75,0.750000724,-7.24E-07,54.45292632
3659.8 sec,0.75,0.750002264,-2.26E-06,55.50065913
3660.6 sec,0.75,0.750003905,-3.90E-06,56.61615166
3661.2 sec,0.75,0.750001918,-1.92E-06,55.26516752
3661.8 sec,0.75,0.75000065,-6.50E-07,54.40249375
3662.5 sec,0.75,0.750000503,-5.03E-07,54.30253171
3663.3 sec,0.75,0.750001277,-1.28E-06,54.82940585
3664.1 sec,0.75,0.750003629,-3.63E-06,56.42869404
3664.8 sec,0.75,0.750003165,-3.17E-06,56.11308717
3665.4 sec,0.75,0.750001064,-1.06E-06,54.68427498
3666.1 sec,0.75,0.75000047,-4.70E-07,54.28024342
3666.8 sec,0.75,0.75000071,-7.10E-07,54.44338125
3667.7 sec,0.75,0.750002416,-2.42E-06,55.60401288
3668.3 sec,0.75,0.750001106,-1.11E-06,54.7127085
3669 sec,0.75,0.750000506,-5.06E-07,54.30483703
3669.7 sec,0.75,0.750000724,-7.24E-07,54.45292632
3670.6 sec,0.75,0.750002264,-2.26E-06,55.50065913
3671.4 sec,0.75,0.750003905,-3.90E-06,56.61615166
3672 sec,0.75,0.750001918,-1.92E-06,55.26516752
3672.6 sec,0.75,0.75000065,-6.50E-07,54.40249375
3673.3 sec,0.75,0.750000503,-5.03E-07,54.30253171
3674.1 sec,0.75,0.750001277,-1.28E-06,54.82940585
3675 sec,0.75,0.750003629,-3.63E-06,56.42869404
3675.7 sec,0.75,0.750003165,-3.17E-06,56.11308717
3676.2 sec,0.75,0.750001064,-1.06E-06,54.68427498
3676.9 sec,0.75,0.75000047,-4.70E-07,54.28024342
3677.6 sec,0.75,0.75000071,-7.10E-07,54.44338125
3678.5 sec,0.75,0.750002416,-2.42E-06,55.60401288
3679.1 sec,0.75,0.750001106,-1.11E-06,54.7127085
3679.8 sec,0.75,0.750000506,-5.06E-07,54.30483703
3680.5 sec,0.75,0.750000724,-7.24E-07,54.45292632
3681.4 sec,0.75,0.750002264,-2.26E-06,55.50065913
3682.2 sec,0.75,0.750003905,-3.90E-06,56.61615166
3682.8 sec,0.75,0.750001918,-1.92E-06,55.26516752
3683.4 sec,0.75,0.75000065,-6.50E-07,54.40249375
3684.1 sec,0.75,0.750000503,-5.03E-07,54.30253171
3684.9 sec,0.75,0.750001277,-1.28E-06,54.82940585
3685.8 sec,0.75,0.750003629,-3.63E-06,56.42869404
3686.5 sec,0.75,0.750003165,-3.17E-06,56.11308717
3687.1 sec,0.75,0.750001064,-1.06E-06,54.68427498
3687.7 sec,0.75,0.75000047,-4.70E-07,54.28024342
3688.5 sec,0.75,0.75000071,-7.10E-07,54.44338125
3689.3 sec,0.75,0.750002416,-2.42E-06,55.60401288
3690 sec,0.75,0.750001106,-1.11E-06,54.7127085
3690.6 sec,0.75,0.750000506,-5.06E-07,54.30483703
3691.3 sec,0.75,0.750000724,-7.24E-07,54.45292632
3692.2 sec,0.75,0.750002264,-2.26E-06,55.50065913
3693 sec,0.75,0.750003905,-3.90E-06,56.61615166
3693.6 sec,0.75,0.750001918,-1.92E-06,55.26516752
3694.2 sec,0.75,0.75000065,-6.50E-07,54.40249375
3694.9 sec,0.75,0.750000503,-5.03E-07,54.30253171
3695.7 sec,0.75,0.750001277,-1.28E-06,54.82940585
3696.6 sec,0.75,0.750003629,-3.63E-06,56.42869404
3697.3 sec,0.75,0.750003165,-3.17E-06,56.11308717
3697.9 sec,0.75,0.750001064,-1.06E-06,54.68427498
3698.5 sec,0.75,0.75000047,-4.70E-07,54.28024342
3699.3 sec,0.75,0.75000071,-7.10E-07,54.44338125
3700.1 sec,0.75,0.750002416,-2.42E-06,55.60401288
3700.8 sec,0.75,0.750001106,-1.11E-06,54.7127085
3701.4 sec,0.75,0.750000506,-5.06E-07,54.30483703
3702.1 sec,0.75,0.750000724,-7.24E-07,54.45292632
3703 sec,0.75,0.750002264,-2.26E-06,55.50065913
3703.8 sec,0.75,0.750003905,-3.90E-06,56.61615166
3704.4 sec,0.75,0.750001918,-1.92E-06,55.26516752
3705 sec,0.75,0.75000065,-6.50E-07,54.40249375
3705.7 sec,0.75,0.750000503,-5.03E-07,54.30253171
3706.5 sec,0.75,0.750001277,-1.28E-06,54.82940585
3707.4 sec,0.75,0.750003629,-3.63E-06,56.42869404
3708.1 sec,0.75,0.750003165,-3.17E-06,56.11308717
3708.7 sec,0.75,0.750001064,-1.06E-06,54.68427498
3709.3 sec,0.75,0.75000047,-4.70E-07,54.28024342
3710.1 sec,0.75,0.75000071,-7.10E-07,54.44338125
3710.9 sec,0.75,0.750002416,-2.42E-06,55.60401288
3711.6 sec,0.75,0.750001106,-1.11E-06,54.7127085
3712.2 sec,0.75,0.750000506,-5.06E-07,54.30483703
3713 sec,0.75,0.750000724,-7.24E-07,54.45292632
3713.8 sec,0.75,0.750002264,-2.26E-06,55.50065913
3714.6 sec,0.75,0.750003905,-3.90E-06,56.61615166
3715.2 sec,0.75,0.750001918,-1.92E-06,55.26516752
3715.8 sec,0.75,0.75000065,-6.50E-07,54.40249375
3716.5 sec,0.75,0.750000503,-5.03E-07,54.30253171
3717.4 sec,0.75,0.750001277,-1.28E-06,54.82940585
3718.2 sec,0.75,0.750003629,-3.63E-06,56.42869404
3718.9 sec,0.75,0.750003165,-3.17E-06,56.11308717
3719.5 sec,0.75,0.750001064,-1.06E-06,54.68427498
3720.1 sec,0.75,0.75000047,-4.70E-07,54.28024342
3720.9 sec,0.75,0.75000071,-7.10E-07,54.44338125
3721.8 sec,0.75,0.750002416,-2.42E-06,55.60401288
3722.4 sec,0.75,0.750001106,-1.11E-06,54.7127085
3723 sec,0.75,0.750000506,-5.06E-07,54.30483703
3723.8 sec,0.75,0.750000724,-7.24E-07,54.45292632
3724.6 sec,0.75,0.750002264,-2.26E-06,55.50065913
3725.4 sec,0.75,0.750003905,-3.90E-06,56.61615166
3726.1 sec,0.75,0.750001918,-1.92E-06,55.26516752
3726.6 sec,0.75,0.75000065,-6.50E-07,54.40249375
3727.3 sec,0.75,0.750000503,-5.03E-07,54.30253171
3728.2 sec,0.75,0.750001277,-1.28E-06,54.82940585
3729 sec,0.75,0.750003629,-3.63E-06,56.42869404
3729.7 sec,0.75,0.750003165,-3.17E-06,56.11308717
3730.3 sec,0.75,0.750001064,-1.06E-06,54.68427498
3730.9 sec,0.75,0.75000047,-4.70E-07,54.28024342
3731.7 sec,0.75,0.75000071,-7.10E-07,54.44338125
3732.6 sec,0.75,0.750002416,-2.42E-06,55.60401288
3733.2 sec,0.75,0.750001106,-1.11E-06,54.7127085
3733.8 sec,0.75,0.750000506,-5.06E-07,54.30483703
3734.6 sec,0.75,0.750000724,-7.24E-07,54.45292632
3735.4 sec,0.75,0.750002264,-2.26E-06,55.50065913
3736.2 sec,0.75,0.750003905,-3.90E-06,56.61615166
3736.9 sec,0.75,0.750001918,-1.92E-06,55.26516752
3737.5 sec,0.75,0.75000065,-6.50E-07,54.40249375
3738.1 sec,0.75,0.750000503,-5.03E-07,54.30253171
3739 sec,0.75,0.750001277,-1.28E-06,54.82940585
3739.8 sec,0.75,0.750003629,-3.63E-06,56.42869404
3740.5 sec,0.75,0.750003165,-3.17E-06,56.11308717
3741.1 sec,0.75,0.750001064,-1.06E-06,54.68427498
3741.7 sec,0.75,0.75000047,-4.70E-07,54.28024342
3742.5 sec,0.75,0.75000071,-7.10E-07,54.44338125
3743.4 sec,0.75,0.750002416,-2.42E-06,55.60401288
3744 sec,0.75,0.750001106,-1.11E-06,54.7127085
3744.6 sec,0.75,0.750000506,-5.06E-07,54.30483703
3745.4 sec,0.75,0.750000724,-7.24E-07,54.45292632
3746.3 sec,0.75,0.750002264,-2.26E-06,55.50065913
3747 sec,0.75,0.750003905,-3.90E-06,56.61615166
3747.7 sec,0.75,0.750001918,-1.92E-06,55.26516752
3748.3 sec,0.75,0.75000065,-6.50E-07,54.40249375
3749 sec,0.75,0.750000503,-5.03E-07,54.30253171
3749.8 sec,0.75,0.750001277,-1.28E-06,54.82940585
3750.6 sec,0.75,0.750003629,-3.63E-06,56.42869404
3751.3 sec,0.75,0.750003165,-3.17E-06,56.11308717
3751.9 sec,0.75,0.750001064,-1.06E-06,54.68427498
3752.5 sec,0.75,0.75000047,-4.70E-07,54.28024342
3753.3 sec,0.75,0.75000071,-7.10E-07,54.44338125
3754.2 sec,0.75,0.750002416,-2.42E-06,55.60401288
3754.8 sec,0.75,0.750001106,-1.11E-06,54.7127085
3755.4 sec,0.75,0.750000506,-5.06E-07,54.30483703
3756.2 sec,0.75,0.750000724,-7.24E-07,54.45292632
3757.1 sec,0.75,0.750002264,-2.26E-06,55.50065913
3757.9 sec,0.75,0.750003905,-3.90E-06,56.61615166
3758.5 sec,0.75,0.750001918,-1.92E-06,55.26516752
3759.1 sec,0.75,0.75000065,-6.50E-07,54.40249375
3759.8 sec,0.75,0.750000503,-5.03E-07,54.30253171
3760.6 sec,0.75,0.750001277,-1.28E-06,54.82940585
3761.4 sec,0.75,0.750003629,-3.63E-06,56.42869404
3762.1 sec,0.75,0.750003165,-3.17E-06,56.11308717
3762.7 sec,0.75,0.750001064,-1.06E-06,54.68427498
3763.4 sec,0.75,0.75000047,-4.70E-07,54.28024342
3764.1 sec,0.75,0.75000071,-7.10E-07,54.44338125
3765 sec,0.75,0.750002416,-2.42E-06,55.60401288
3765.6 sec,0.75,0.750001106,-1.11E-06,54.7127085
3766.3 sec,0.75,0.750000506,-5.06E-07,54.30483703
3767 sec,0.75,0.750000724,-7.24E-07,54.45292632
3767.9 sec,0.75,0.750002264,-2.26E-06,55.50065913
3768.7 sec,0.75,0.750003905,-3.90E-06,56.61615166
3769.3 sec,0.75,0.750001918,-1.92E-06,55.26516752
3769.9 sec,0.75,0.75000065,-6.50E-07,54.40249375
3770.6 sec,0.75,0.750000503,-5.03E-07,54.30253171
3771.4 sec,0.75,0.750001277,-1.28E-06,54.82940585
3772.3 sec,0.75,0.750003629,-3.63E-06,56.42869404
3773 sec,0.75,0.750003165,-3.17E-06,56.11308717
3773.5 sec,0.75,0.750001064,-1.06E-06,54.68427498
3774.2 sec,0.75,0.75000047,-4.70E-07,54.28024342
3774.9 sec,0.75,0.75000071,-7.10E-07,54.44338125
3775.8 sec,0.75,0.750002416,-2.42E-06,55.60401288
3776.4 sec,0.75,0.750001106,-1.11E-06,54.7127085
3777.1 sec,0.75,0.750000506,-5.06E-07,54.30483703
3777.8 sec,0.75,0.750000724,-7.24E-07,54.45292632
3778.7 sec,0.75,0.750002264,-2.26E-06,55.50065913
3779.5 sec,0.75,0.750003905,-3.90E-06,56.61615166
3780.1 sec,0.75,0.750001918,-1.92E-06,55.26516752
3780.7 sec,0.75,0.75000065,-6.50E-07,54.40249375
3781.4 sec,0.75,0.750000503,-5.03E-07,54.30253171
3782.2 sec,0.75,0.750001277,-1.28E-06,54.82940585
3783.1 sec,0.75,0.750003629,-3.63E-06,56.42869404
3783.8 sec,0.75,0.750003165,-3.17E-06,56.11308717
3784.4 sec,0.75,0.750001064,-1.06E-06,54.68427498
3785 sec,0.75,0.75000047,-4.70E-07,54.28024342
3785.8 sec,0.75,0.75000071,-7.10E-07,54.44338125
3786.6 sec,0.75,0.750002416,-2.42E-06,55.60401288
3787.3 sec,0.75,0.750001106,-1.11E-06,54.7127085
3787.9 sec,0.75,0.750000506,-5.06E-07,54.30483703
3788.6 sec,0.75,0.750000724,-7.24E-07,54.45292632
3789.5 sec,0.75,0.750002264,-2.26E-06,55.50065913
3790.3 sec,0.75,0.750003905,-3.90E-06,56.61615166
3790.9 sec,0.75,0.750001918,-1.92E-06,55.26516752
3791.5 sec,0.75,0.75000065,-6.50E-07,54.40249375
3792.2 sec,0.75,0.750000503,-5.03E-07,54.30253171
3793 sec,0.75,0.750001277,-1.28E-06,54.82940585
3793.9 sec,0.75,0.750003629,-3.63E-06,56.42869404
3794.6 sec,0.75,0.750003165,-3.17E-06,56.11308717
3795.2 sec,0.75,0.750001064,-1.06E-06,54.68427498
3795.8 sec,0.75,0.75000047,-4.70E-07,54.28024342
3796.6 sec,0.75,0.75000071,-7.10E-07,54.44338125
3797.4 sec,0.75,0.750002416,-2.42E-06,55.60401288
3798.1 sec,0.75,0.750001106,-1.11E-06,54.7127085
3798.7 sec,0.75,0.750000506,-5.06E-07,54.30483703
3799.4 sec,0.75,0.750000724,-7.24E-07,54.45292632
3800.3 sec,0.75,0.750002264,-2.26E-06,55.50065913
3801.1 sec,0.75,0.750003905,-3.90E-06,56.61615166
3801.7 sec,0.75,0.750001918,-1.92E-06,55.26516752
3802.3 sec,0.75,0.75000065,-6.50E-07,54.40249375
3803 sec,0.75,0.750000503,-5.03E-07,54.30253171
3803.8 sec,0.75,0.750001277,-1.28E-06,54.82940585
3804.7 sec,0.75,0.750003629,-3.63E-06,56.42869404
3805.4 sec,0.75,0.750003165,-3.17E-06,56.11308717
3806 sec,0.75,0.750001064,-1.06E-06,54.68427498
3806.6 sec,0.75,0.75000047,-4.70E-07,54.28024342
3807.4 sec,0.75,0.75000071,-7.10E-07,54.44338125
3808.2 sec,0.75,0.750002416,-2.42E-06,55.60401288
3808.9 sec,0.75,0.750001106,-1.11E-06,54.7127085
3809.5 sec,0.75,0.750000506,-5.06E-07,54.30483703
3810.3 sec,0.75,0.750000724,-7.24E-07,54.45292632
3811.1 sec,0.75,0.750002264,-2.26E-06,55.50065913
3811.9 sec,0.75,0.750003905,-3.90E-06,56.61615166
3812.5 sec,0.75,0.750001918,-1.92E-06,55.26516752
3813.1 sec,0.75,0.75000065,-6.50E-07,54.40249375
3813.8 sec,0.75,0.750000503,-5.03E-07,54.30253171
3814.7 sec,0.75,0.750001277,-1.28E-06,54.82940585
3815.5 sec,0.75,0.750003629,-3.63E-06,56.42869404
3816.2 sec,0.75,0.750003165,-3.17E-06,56.11308717
3816.8 sec,0.75,0.750001064,-1.06E-06,54.68427498
3817.4 sec,0.75,0.75000047,-4.70E-07,54.28024342
3818.2 sec,0.75,0.75000071,-7.10E-07,54.44338125
3819.1 sec,0.75,0.750002416,-2.42E-06,55.60401288
3819.7 sec,0.75,0.750001106,-1.11E-06,54.7127085
3820.3 sec,0.75,0.750000506,-5.06E-07,54.30483703
3821.1 sec,0.75,0.750000724,-7.24E-07,54.45292632
3821.9 sec,0.75,0.750002264,-2.26E-06,55.50065913
3822.7 sec,0.75,0.750003905,-3.90E-06,56.61615166
3823.4 sec,0.75,0.750001918,-1.92E-06,55.26516752
3823.9 sec,0.75,0.75000065,-6.50E-07,54.40249375
3824.6 sec,0.75,0.750000503,-5.03E-07,54.30253171
3825.5 sec,0.75,0.750001277,-1.28E-06,54.82940585
3826.3 sec,0.75,0.750003629,-3.63E-06,56.42869404
3827 sec,0.75,0.750003165,-3.17E-06,56.11308717
3827.6 sec,0.75,0.750001064,-1.06E-06,54.68427498
3828.2 sec,0.75,0.75000047,-4.70E-07,54.28024342
3829 sec,0.75,0.75000071,-7.10E-07,54.44338125
3829.9 sec,0.75,0.750002416,-2.42E-06,55.60401288
3830.5 sec,0.75,0.750001106,-1.11E-06,54.7127085
3831.1 sec,0.75,0.750000506,-5.06E-07,54.30483703
3831.9 sec,0.75,0.750000724,-7.24E-07,54.45292632
3832.7 sec,0.75,0.750002264,-2.26E-06,55.50065913
3833.5 sec,0.75,0.750003905,-3.90E-06,56.61615166
3834.2 sec,0.75,0.750001918,-1.92E-06,55.26516752
3834.8 sec,0.75,0.75000065,-6.50E-07,54.40249375
3835.4 sec,0.75,0.750000503,-5.03E-07,54.30253171
3836.3 sec,0.75,0.750001277,-1.28E-06,54.82940585
3837.1 sec,0.75,0.750003629,-3.63E-06,56.42869404
3837.8 sec,0.75,0.750003165,-3.17E-06,56.11308717
3838.4 sec,0.75,0.750001064,-1.06E-06,54.68427498
3839 sec,0.75,0.75000047,-4.70E-07,54.28024342
3839.8 sec,0.75,0.75000071,-7.10E-07,54.44338125
3840.7 sec,0.75,0.750002416,-2.42E-06,55.60401288
3841.3 sec,0.75,0.750001106,-1.11E-06,54.7127085
3841.9 sec,0.75,0.750000506,-5.06E-07,54.30483703
3842.7 sec,0.75,0.750000724,-7.24E-07,54.45292632
3843.6 sec,0.75,0.750002264,-2.26E-06,55.50065913
3844.3 sec,0.75,0.750003905,-3.90E-06,56.61615166
3845 sec,0.75,0.750001918,-1.92E-06,55.26516752
3845.6 sec,0.75,0.75000065,-6.50E-07,54.40249375
3846.3 sec,0.75,0.750000503,-5.03E-07,54.30253171
3847.1 sec,0.75,0.750001277,-1.28E-06,54.82940585
3847.9 sec,0.75,0.750003629,-3.63E-06,56.42869404
3848.6 sec,0.75,0.750003165,-3.17E-06,56.11308717
3849.2 sec,0.75,0.750001064,-1.06E-06,54.68427498
3849.8 sec,0.75,0.75000047,-4.70E-07,54.28024342
3850.6 sec,0.75,0.75000071,-7.10E-07,54.44338125
3851.5 sec,0.75,0.750002416,-2.42E-06,55.60401288
3852.1 sec,0.75,0.750001106,-1.11E-06,54.7127085
3852.7 sec,0.75,0.750000506,-5.06E-07,54.30483703
3853.5 sec,0.75,0.750000724,-7.24E-07,54.45292632
3854.4 sec,0.75,0.750002264,-2.26E-06,55.50065913
3855.2 sec,0.75,0.750003905,-3.90E-06,56.61615166
3855.8 sec,0.75,0.750001918,-1.92E-06,55.26516752
3856.4 sec,0.75,0.75000065,-6.50E-07,54.40249375
3857.1 sec,0.75,0.750000503,-5.03E-07,54.30253171
3857.9 sec,0.75,0.750001277,-1.28E-06,54.82940585
3858.7 sec,0.75,0.750003629,-3.63E-06,56.42869404
3859.4 sec,0.75,0.750003165,-3.17E-06,56.11308717
3860 sec,0.75,0.750001064,-1.06E-06,54.68427498
3860.7 sec,0.75,0.75000047,-4.70E-07,54.28024342
3861.4 sec,0.75,0.75000071,-7.10E-07,54.44338125
3862.3 sec,0.75,0.750002416,-2.42E-06,55.60401288
3862.9 sec,0.75,0.750001106,-1.11E-06,54.7127085
3863.6 sec,0.75,0.750000506,-5.06E-07,54.30483703
3864.3 sec,0.75,0.750000724,-7.24E-07,54.45292632
3865.2 sec,0.75,0.750002264,-2.26E-06,55.50065913
3866 sec,0.75,0.750003905,-3.90E-06,56.61615166
3866.6 sec,0.75,0.750001918,-1.92E-06,55.26516752
3867.2 sec,0.75,0.75000065,-6.50E-07,54.40249375
3867.9 sec,0.75,0.750000503,-5.03E-07,54.30253171
3868.7 sec,0.75,0.750001277,-1.28E-06,54.82940585
3869.6 sec,0.75,0.750003629,-3.63E-06,56.42869404
3870.3 sec,0.75,0.750003165,-3.17E-06,56.11308717
3870.8 sec,0.75,0.750001064,-1.06E-06,54.68427498
3871.5 sec,0.75,0.75000047,-4.70E-07,54.28024342
3872.2 sec,0.75,0.75000071,-7.10E-07,54.44338125
3873.1 sec,0.75,0.750002416,-2.42E-06,55.60401288
3873.7 sec,0.75,0.750001106,-1.11E-06,54.7127085
3874.4 sec,0.75,0.750000506,-5.06E-07,54.30483703
3875.1 sec,0.75,0.750000724,-7.24E-07,54.45292632
3876 sec,0.75,0.750002264,-2.26E-06,55.50065913
3876.8 sec,0.75,0.750003905,-3.90E-06,56.61615166
3877.4 sec,0.75,0.750001918,-1.92E-06,55.26516752
3878 sec,0.75,0.75000065,-6.50E-07,54.40249375
3878.7 sec,0.75,0.750000503,-5.03E-07,54.30253171
3879.5 sec,0.75,0.750001277,-1.28E-06,54.82940585
3880.4 sec,0.75,0.750003629,-3.63E-06,56.42869404
3881.1 sec,0.75,0.750003165,-3.17E-06,56.11308717
3881.7 sec,0.75,0.750001064,-1.06E-06,54.68427498
3882.3 sec,0.75,0.75000047,-4.70E-07,54.28024342
3883.1 sec,0.75,0.75000071,-7.10E-07,54.44338125
3883.9 sec,0.75,0.750002416,-2.42E-06,55.60401288
3884.6 sec,0.75,0.750001106,-1.11E-06,54.7127085
3885.2 sec,0.75,0.750000506,-5.06E-07,54.30483703
3885.9 sec,0.75,0.750000724,-7.24E-07,54.45292632
3886.8 sec,0.75,0.750002264,-2.26E-06,55.50065913
3887.6 sec,0.75,0.750003905,-3.90E-06,56.61615166
3888.2 sec,0.75,0.750001918,-1.92E-06,55.26516752
3888.8 sec,0.75,0.75000065,-6.50E-07,54.40249375
3889.5 sec,0.75,0.750000503,-5.03E-07,54.30253171
3890.3 sec,0.75,0.750001277,-1.28E-06,54.82940585
3891.2 sec,0.75,0.750003629,-3.63E-06,56.42869404
3891.9 sec,0.75,0.750003165,-3.17E-06,56.11308717
3892.5 sec,0.75,0.750001064,-1.06E-06,54.68427498
3893.1 sec,0.75,0.75000047,-4.70E-07,54.28024342
3893.9 sec,0.75,0.75000071,-7.10E-07,54.44338125
3894.7 sec,0.75,0.750002416,-2.42E-06,55.60401288
3895.4 sec,0.75,0.750001106,-1.11E-06,54.7127085
3896 sec,0.75,0.750000506,-5.06E-07,54.30483703
3896.7 sec,0.75,0.750000724,-7.24E-07,54.45292632
3897.6 sec,0.75,0.750002264,-2.26E-06,55.50065913
3898.4 sec,0.75,0.750003905,-3.90E-06,56.61615166
3899 sec,0.75,0.750001918,-1.92E-06,55.26516752
3899.6 sec,0.75,0.75000065,-6.50E-07,54.40249375
3900.3 sec,0.75,0.750000503,-5.03E-07,54.30253171
3901.1 sec,0.75,0.750001277,-1.28E-06,54.82940585
3902 sec,0.75,0.750003629,-3.63E-06,56.42869404
3902.7 sec,0.75,0.750003165,-3.17E-06,56.11308717
3903.3 sec,0.75,0.750001064,-1.06E-06,54.68427498
3903.9 sec,0.75,0.75000047,-4.70E-07,54.28024342
3904.7 sec,0.75,0.75000071,-7.10E-07,54.44338125
3905.5 sec,0.75,0.750002416,-2.42E-06,55.60401288
3906.2 sec,0.75,0.750001106,-1.11E-06,54.7127085
3906.8 sec,0.75,0.750000506,-5.06E-07,54.30483703
3907.6 sec,0.75,0.750000724,-7.24E-07,54.45292632
3908.4 sec,0.75,0.750002264,-2.26E-06,55.50065913
3909.2 sec,0.75,0.750003905,-3.90E-06,56.61615166
3909.8 sec,0.75,0.750001918,-1.92E-06,55.26516752
3910.4 sec,0.75,0.75000065,-6.50E-07,54.40249375
3911.1 sec,0.75,0.750000503,-5.03E-07,54.30253171
3912 sec,0.75,0.750001277,-1.28E-06,54.82940585
3912.8 sec,0.75,0.750003629,-3.63E-06,56.42869404
3913.5 sec,0.75,0.750003165,-3.17E-06,56.11308717
3914.1 sec,0.75,0.750001064,-1.06E-06,54.68427498
3914.7 sec,0.75,0.75000047,-4.70E-07,54.28024342
3915.5 sec,0.75,0.75000071,-7.10E-07,54.44338125
3916.4 sec,0.75,0.750002416,-2.42E-06,55.60401288
3917 sec,0.75,0.750001106,-1.11E-06,54.7127085
3917.6 sec,0.75,0.750000506,-5.06E-07,54.30483703
3918.4 sec,0.75,0.750000724,-7.24E-07,54.45292632
3919.2 sec,0.75,0.750002264,-2.26E-06,55.50065913
3920 sec,0.75,0.750003905,-3.90E-06,56.61615166
3920.7 sec,0.75,0.750001918,-1.92E-06,55.26516752
3921.2 sec,0.75,0.75000065,-6.50E-07,54.40249375
3921.9 sec,0.75,0.750000503,-5.03E-07,54.30253171
3922.8 sec,0.75,0.750001277,-1.28E-06,54.82940585
3923.6 sec,0.75,0.750003629,-3.63E-06,56.42869404
3924.3 sec,0.75,0.750003165,-3.17E-06,56.11308717
3924.9 sec,0.75,0.750001064,-1.06E-06,54.68427498
3925.5 sec,0.75,0.75000047,-4.70E-07,54.28024342
3926.3 sec,0.75,0.75000071,-7.10E-07,54.44338125
3927.2 sec,0.75,0.750002416,-2.42E-06,55.60401288
3927.8 sec,0.75,0.750001106,-1.11E-06,54.7127085
3928.4 sec,0.75,0.750000506,-5.06E-07,54.30483703
3929.2 sec,0.75,0.750000724,-7.24E-07,54.45292632
3930 sec,0.75,0.750002264,-2.26E-06,55.50065913
3930.8 sec,0.75,0.750003905,-3.90E-06,56.61615166
3931.5 sec,0.75,0.750001918,-1.92E-06,55.26516752
3932.1 sec,0.75,0.75000065,-6.50E-07,54.40249375
3932.7 sec,0.75,0.750000503,-5.03E-07,54.30253171
3933.6 sec,0.75,0.750001277,-1.28E-06,54.82940585
3934.4 sec,0.75,0.750003629,-3.63E-06,56.42869404
3935.1 sec,0.75,0.750003165,-3.17E-06,56.11308717
3935.7 sec,0.75,0.750001064,-1.06E-06,54.68427498
3936.3 sec,0.75,0.75000047,-4.70E-07,54.28024342
3937.1 sec,0.75,0.75000071,-7.10E-07,54.44338125
3938 sec,0.75,0.750002416,-2.42E-06,55.60401288
3938.6 sec,0.75,0.750001106,-1.11E-06,54.7127085
3939.2 sec,0.75,0.750000506,-5.06E-07,54.30483703
3940 sec,0.75,0.750000724,-7.24E-07,54.45292632
3940.9 sec,0.75,0.750002264,-2.26E-06,55.50065913
3941.6 sec,0.75,0.750003905,-3.90E-06,56.61615166
3942.3 sec,0.75,0.750001918,-1.92E-06,55.26516752
3942.9 sec,0.75,0.75000065,-6.50E-07,54.40249375
3943.6 sec,0.75,0.750000503,-5.03E-07,54.30253171
3944.4 sec,0.75,0.750001277,-1.28E-06,54.82940585
3945.2 sec,0.75,0.750003629,-3.63E-06,56.42869404
3945.9 sec,0.75,0.750003165,-3.17E-06,56.11308717
3946.5 sec,0.75,0.750001064,-1.06E-06,54.68427498
3947.1 sec,0.75,0.75000047,-4.70E-07,54.28024342
3947.9 sec,0.75,0.75000071,-7.10E-07,54.44338125
3948.8 sec,0.75,0.750002416,-2.42E-06,55.60401288
3949.4 sec,0.75,0.750001106,-1.11E-06,54.7127085
3950 sec,0.75,0.750000506,-5.06E-07,54.30483703
3950.8 sec,0.75,0.750000724,-7.24E-07,54.45292632
3951.7 sec,0.75,0.750002264,-2.26E-06,55.50065913
3952.5 sec,0.75,0.750003905,-3.90E-06,56.61615166
3953.1 sec,0.75,0.750001918,-1.92E-06,55.26516752
3953.7 sec,0.75,0.75000065,-6.50E-07,54.40249375
3954.4 sec,0.75,0.750000503,-5.03E-07,54.30253171
3955.2 sec,0.75,0.750001277,-1.28E-06,54.82940585
3956 sec,0.75,0.750003629,-3.63E-06,56.42869404
3956.7 sec,0.75,0.750003165,-3.17E-06,56.11308717
3957.3 sec,0.75,0.750001064,-1.06E-06,54.68427498
3958 sec,0.75,0.75000047,-4.70E-07,54.28024342
3958.7 sec,0.75,0.75000071,-7.10E-07,54.44338125
3959.6 sec,0.75,0.750002416,-2.42E-06,55.60401288
3960.2 sec,0.75,0.750001106,-1.11E-06,54.7127085
3960.9 sec,0.75,0.750000506,-5.06E-07,54.30483703
3961.6 sec,0.75,0.750000724,-7.24E-07,54.45292632
3962.5 sec,0.75,0.750002264,-2.26E-06,55.50065913
3963.3 sec,0.75,0.750003905,-3.90E-06,56.61615166
3963.9 sec,0.75,0.750001918,-1.92E-06,55.26516752
3964.5 sec,0.75,0.75000065,-6.50E-07,54.40249375
3965.2 sec,0.75,0.750000503,-5.03E-07,54.30253171
3966 sec,0.75,0.750001277,-1.28E-06,54.82940585
3966.9 sec,0.75,0.750003629,-3.63E-06,56.42869404
3967.6 sec,0.75,0.750003165,-3.17E-06,56.11308717
3968.1 sec,0.75,0.750001064,-1.06E-06,54.68427498
3968.8 sec,0.75,0.75000047,-4.70E-07,54.28024342
3969.5 sec,0.75,0.75000071,-7.10E-07,54.44338125
3970.4 sec,0.75,0.750002416,-2.42E-06,55.60401288
3971 sec,0.75,0.750001106,-1.11E-06,54.7127085
3971.7 sec,0.75,0.750000506,-5.06E-07,54.30483703
3972.4 sec,0.75,0.750000724,-7.24E-07,54.45292632
3973.3 sec,0.75,0.750002264,-2.26E-06,55.50065913
3974.1 sec,0.75,0.750003905,-3.90E-06,56.61615166
3974.7 sec,0.75,0.750001918,-1.92E-06,55.26516752
3975.3 sec,0.75,0.75000065,-6.50E-07,54.40249375
3976 sec,0.75,0.750000503,-5.03E-07,54.30253171
3976.8 sec,0.75,0.750001277,-1.28E-06,54.82940585
3977.7 sec,0.75,0.750003629,-3.63E-06,56.42869404
3978.4 sec,0.75,0.750003165,-3.17E-06,56.11308717
3979 sec,0.75,0.750001064,-1.06E-06,54.68427498
3979.6 sec,0.75,0.75000047,-4.70E-07,54.28024342
3980.4 sec,0.75,0.75000071,-7.10E-07,54.44338125
3981.2 sec,0.75,0.750002416,-2.42E-06,55.60401288
3981.9 sec,0.75,0.750001106,-1.11E-06,54.7127085
3982.5 sec,0.75,0.750000506,-5.06E-07,54.30483703
3983.2 sec,0.75,0.750000724,-7.24E-07,54.45292632
3984.1 sec,0.75,0.750002264,-2.26E-06,55.50065913
3984.9 sec,0.75,0.750003905,-3.90E-06,56.61615166
3985.5 sec,0.75,0.750001918,-1.92E-06,55.26516752
3986.1 sec,0.75,0.75000065,-6.50E-07,54.40249375
3986.8 sec,0.75,0.750000503,-5.03E-07,54.30253171
3987.6 sec,0.75,0.750001277,-1.28E-06,54.82940585
3988.5 sec,0.75,0.750003629,-3.63E-06,56.42869404
3989.2 sec,0.75,0.750003165,-3.17E-06,56.11308717
3989.8 sec,0.75,0.750001064,-1.06E-06,54.68427498
3990.4 sec,0.75,0.75000047,-4.70E-07,54.28024342
3991.2 sec,0.75,0.75000071,-7.10E-07,54.44338125
3992 sec,0.75,0.750002416,-2.42E-06,55.60401288
3992.7 sec,0.75,0.750001106,-1.11E-06,54.7127085
3993.3 sec,0.75,0.750000506,-5.06E-07,54.30483703
3994 sec,0.75,0.750000724,-7.24E-07,54.45292632
3994.9 sec,0.75,0.750002264,-2.26E-06,55.50065913
3995.7 sec,0.75,0.750003905,-3.90E-06,56.61615166
3996.3 sec,0.75,0.750001918,-1.92E-06,55.26516752
3996.9 sec,0.75,0.75000065,-6.50E-07,54.40249375
3997.6 sec,0.75,0.750000503,-5.03E-07,54.30253171
3998.4 sec,0.75,0.750001277,-1.28E-06,54.82940585
3999.3 sec,0.75,0.750003629,-3.63E-06,56.42869404
4000 sec,0.75,0.750003165,-3.17E-06,56.11308717
4000.6 sec,0.75,0.750001064,-1.06E-06,54.68427498
4001.2 sec,0.75,0.75000047,-4.70E-07,54.28024342
4002 sec,0.75,0.75000071,-7.10E-07,54.44338125
4002.8 sec,0.75,0.750002416,-2.42E-06,55.60401288
4003.5 sec,0.75,0.750001106,-1.11E-06,54.7127085
4004.1 sec,0.75,0.750000506,-5.06E-07,54.30483703
4004.9 sec,0.75,0.750000724,-7.24E-07,54.45292632
4005.7 sec,0.75,0.750002264,-2.26E-06,55.50065913
4006.5 sec,0.75,0.750003905,-3.90E-06,56.61615166
4007.1 sec,0.75,0.750001918,-1.92E-06,55.26516752
4007.7 sec,0.75,0.75000065,-6.50E-07,54.40249375
4008.4 sec,0.75,0.750000503,-5.03E-07,54.30253171
4009.3 sec,0.75,0.750001277,-1.28E-06,54.82940585
4010.1 sec,0.75,0.750003629,-3.63E-06,56.42869404
4010.8 sec,0.75,0.750003165,-3.17E-06,56.11308717
4011.4 sec,0.75,0.750001064,-1.06E-06,54.68427498
4012 sec,0.75,0.75000047,-4.70E-07,54.28024342
4012.8 sec,0.75,0.75000071,-7.10E-07,54.44338125
4013.7 sec,0.75,0.750002416,-2.42E-06,55.60401288
4014.3 sec,0.75,0.750001106,-1.11E-06,54.7127085
4014.9 sec,0.75,0.750000506,-5.06E-07,54.30483703
4015.7 sec,0.75,0.750000724,-7.24E-07,54.45292632
4016.5 sec,0.75,0.750002264,-2.26E-06,55.50065913
4017.3 sec,0.75,0.750003905,-3.90E-06,56.61615166
4018 sec,0.75,0.750001918,-1.92E-06,55.26516752
4018.5 sec,0.75,0.75000065,-6.50E-07,54.40249375
4019.2 sec,0.75,0.750000503,-5.03E-07,54.30253171
4020.1 sec,0.75,0.750001277,-1.28E-06,54.82940585
4020.9 sec,0.75,0.750003629,-3.63E-06,56.42869404
4021.6 sec,0.75,0.750003165,-3.17E-06,56.11308717
4022.2 sec,0.75,0.750001064,-1.06E-06,54.68427498
4022.8 sec,0.75,0.75000047,-4.70E-07,54.28024342
4023.6 sec,0.75,0.75000071,-7.10E-07,54.44338125
4024.5 sec,0.75,0.750002416,-2.42E-06,55.60401288
4025.1 sec,0.75,0.750001106,-1.11E-06,54.7127085
4025.7 sec,0.75,0.750000506,-5.06E-07,54.30483703
4026.5 sec,0.75,0.750000724,-7.24E-07,54.45292632
4027.3 sec,0.75,0.750002264,-2.26E-06,55.50065913
4028.1 sec,0.75,0.750003905,-3.90E-06,56.61615166
4028.8 sec,0.75,0.750001918,-1.92E-06,55.26516752
4029.4 sec,0.75,0.75000065,-6.50E-07,54.40249375
4030 sec,0.75,0.750000503,-5.03E-07,54.30253171
4030.9 sec,0.75,0.750001277,-1.28E-06,54.82940585
4031.7 sec,0.75,0.750003629,-3.63E-06,56.42869404
4032.4 sec,0.75,0.750003165,-3.17E-06,56.11308717
4033 sec,0.75,0.750001064,-1.06E-06,54.68427498
4033.6 sec,0.75,0.75000047,-4.70E-07,54.28024342
4034.4 sec,0.75,0.75000071,-7.10E-07,54.44338125
4035.3 sec,0.75,0.750002416,-2.42E-06,55.60401288
4035.9 sec,0.75,0.750001106,-1.11E-06,54.7127085
4036.5 sec,0.75,0.750000506,-5.06E-07,54.30483703
4037.3 sec,0.75,0.750000724,-7.24E-07,54.45292632
4038.2 sec,0.75,0.750002264,-2.26E-06,55.50065913
4038.9 sec,0.75,0.750003905,-3.90E-06,56.61615166
4039.6 sec,0.75,0.750001918,-1.92E-06,55.26516752
4040.2 sec,0.75,0.75000065,-6.50E-07,54.40249375
4040.9 sec,0.75,0.750000503,-5.03E-07,54.30253171
4041.7 sec,0.75,0.750001277,-1.28E-06,54.82940585
4042.5 sec,0.75,0.750003629,-3.63E-06,56.42869404
4043.2 sec,0.75,0.750003165,-3.17E-06,56.11308717
4043.8 sec,0.75,0.750001064,-1.06E-06,54.68427498
4044.4 sec,0.75,0.75000047,-4.70E-07,54.28024342
4045.2 sec,0.75,0.75000071,-7.10E-07,54.44338125
4046.1 sec,0.75,0.750002416,-2.42E-06,55.60401288
4046.7 sec,0.75,0.750001106,-1.11E-06,54.7127085
4047.3 sec,0.75,0.750000506,-5.06E-07,54.30483703
4048.1 sec,0.75,0.750000724,-7.24E-07,54.45292632
4049 sec,0.75,0.750002264,-2.26E-06,55.50065913
4049.8 sec,0.75,0.750003905,-3.90E-06,56.61615166
4050.4 sec,0.75,0.750001918,-1.92E-06,55.26516752
4051 sec,0.75,0.75000065,-6.50E-07,54.40249375
4051.7 sec,0.75,0.750000503,-5.03E-07,54.30253171
4052.5 sec,0.75,0.750001277,-1.28E-06,54.82940585
4053.3 sec,0.75,0.750003629,-3.63E-06,56.42869404
4054 sec,0.75,0.750003165,-3.17E-06,56.11308717
4054.6 sec,0.75,0.750001064,-1.06E-06,54.68427498
4055.3 sec,0.75,0.75000047,-4.70E-07,54.28024342
4056 sec,0.75,0.75000071,-7.10E-07,54.44338125
4056.9 sec,0.75,0.750002416,-2.42E-06,55.60401288
4057.5 sec,0.75,0.750001106,-1.11E-06,54.7127085
4058.2 sec,0.75,0.750000506,-5.06E-07,54.30483703
4058.9 sec,0.75,0.750000724,-7.24E-07,54.45292632
4059.8 sec,0.75,0.750002264,-2.26E-06,55.50065913
4060.6 sec,0.75,0.750003905,-3.90E-06,56.61615166
4061.2 sec,0.75,0.750001918,-1.92E-06,55.26516752
4061.8 sec,0.75,0.75000065,-6.50E-07,54.40249375
4062.5 sec,0.75,0.750000503,-5.03E-07,54.30253171
4063.3 sec,0.75,0.750001277,-1.28E-06,54.82940585
4064.2 sec,0.75,0.750003629,-3.63E-06,56.42869404
4064.9 sec,0.75,0.750003165,-3.17E-06,56.11308717
4065.4 sec,0.75,0.750001064,-1.06E-06,54.68427498
4066.1 sec,0.75,0.75000047,-4.70E-07,54.28024342
4066.8 sec,0.75,0.75000071,-7.10E-07,54.44338125
4067.7 sec,0.75,0.750002416,-2.42E-06,55.60401288
4068.3 sec,0.75,0.750001106,-1.11E-06,54.7127085
4069 sec,0.75,0.750000506,-5.06E-07,54.30483703
4069.7 sec,0.75,0.750000724,-7.24E-07,54.45292632
4070.6 sec,0.75,0.750002264,-2.26E-06,55.50065913
4071.4 sec,0.75,0.750003905,-3.90E-06,56.61615166
4072 sec,0.75,0.750001918,-1.92E-06,55.26516752
4072.6 sec,0.75,0.75000065,-6.50E-07,54.40249375
4073.3 sec,0.75,0.750000503,-5.03E-07,54.30253171
4074.1 sec,0.75,0.750001277,-1.28E-06,54.82940585
4075 sec,0.75,0.750003629,-3.63E-06,56.42869404
4075.7 sec,0.75,0.750003165,-3.17E-06,56.11308717
4076.3 sec,0.75,0.750001064,-1.06E-06,54.68427498
4076.9 sec,0.75,0.75000047,-4.70E-07,54.28024342
4077.7 sec,0.75,0.75000071,-7.10E-07,54.44338125
4078.5 sec,0.75,0.750002416,-2.42E-06,55.60401288
4079.2 sec,0.75,0.750001106,-1.11E-06,54.7127085
4079.8 sec,0.75,0.750000506,-5.06E-07,54.30483703
4080.5 sec,0.75,0.750000724,-7.24E-07,54.45292632
4081.4 sec,0.75,0.750002264,-2.26E-06,55.50065913
4082.2 sec,0.75,0.750003905,-3.90E-06,56.61615166
4082.8 sec,0.75,0.750001918,-1.92E-06,55.26516752
4083.4 sec,0.75,0.75000065,-6.50E-07,54.40249375
4084.1 sec,0.75,0.750000503,-5.03E-07,54.30253171
4084.9 sec,0.75,0.750001277,-1.28E-06,54.82940585
4085.8 sec,0.75,0.750003629,-3.63E-06,56.42869404
4086.5 sec,0.75,0.750003165,-3.17E-06,56.11308717
4087.1 sec,0.75,0.750001064,-1.06E-06,54.68427498
4087.7 sec,0.75,0.75000047,-4.70E-07,54.28024342
4088.5 sec,0.75,0.75000071,-7.10E-07,54.44338125
4089.3 sec,0.75,0.750002416,-2.42E-06,55.60401288
4090 sec,0.75,0.750001106,-1.11E-06,54.7127085
4090.6 sec,0.75,0.750000506,-5.06E-07,54.30483703
4091.3 sec,0.75,0.750000724,-7.24E-07,54.45292632
4092.2 sec,0.75,0.750002264,-2.26E-06,55.50065913
4093 sec,0.75,0.750003905,-3.90E-06,56.61615166
4093.6 sec,0.75,0.750001918,-1.92E-06,55.26516752
4094.2 sec,0.75,0.75000065,-6.50E-07,54.40249375
4094.9 sec,0.75,0.750000503,-5.03E-07,54.30253171
4095.7 sec,0.75,0.750001277,-1.28E-06,54.82940585
4096.6 sec,0.75,0.750003629,-3.63E-06,56.42869404
4097.3 sec,0.75,0.750003165,-3.17E-06,56.11308717
4097.9 sec,0.75,0.750001064,-1.06E-06,54.68427498
4098.5 sec,0.75,0.75000047,-4.70E-07,54.28024342
4099.3 sec,0.75,0.75000071,-7.10E-07,54.44338125
4100.1 sec,0.75,0.750002416,-2.42E-06,55.60401288
4100.8 sec,0.75,0.750001106,-1.11E-06,54.7127085
4101.4 sec,0.75,0.750000506,-5.06E-07,54.30483703
4102.2 sec,0.75,0.750000724,-7.24E-07,54.45292632
4103 sec,0.75,0.750002264,-2.26E-06,55.50065913
4103.8 sec,0.75,0.750003905,-3.90E-06,56.61615166
4104.4 sec,0.75,0.750001918,-1.92E-06,55.26516752
4105 sec,0.75,0.75000065,-6.50E-07,54.40249375
4105.7 sec,0.75,0.750000503,-5.03E-07,54.30253171
4106.6 sec,0.75,0.750001277,-1.28E-06,54.82940585
4107.4 sec,0.75,0.750003629,-3.63E-06,56.42869404
4108.1 sec,0.75,0.750003165,-3.17E-06,56.11308717
4108.7 sec,0.75,0.750001064,-1.06E-06,54.68427498
4109.3 sec,0.75,0.75000047,-4.70E-07,54.28024342
4110.1 sec,0.75,0.75000071,-7.10E-07,54.44338125
4111 sec,0.75,0.750002416,-2.42E-06,55.60401288
4111.6 sec,0.75,0.750001106,-1.11E-06,54.7127085
4112.2 sec,0.75,0.750000506,-5.06E-07,54.30483703
4113 sec,0.75,0.750000724,-7.24E-07,54.45292632
4113.8 sec,0.75,0.750002264,-2.26E-06,55.50065913
4114.6 sec,0.75,0.750003905,-3.90E-06,56.61615166
4115.3 sec,0.75,0.750001918,-1.92E-06,55.26516752
4115.8 sec,0.75,0.75000065,-6.50E-07,54.40249375
4116.5 sec,0.75,0.750000503,-5.03E-07,54.30253171
4117.4 sec,0.75,0.750001277,-1.28E-06,54.82940585
4118.2 sec,0.75,0.750003629,-3.63E-06,56.42869404
4118.9 sec,0.75,0.750003165,-3.17E-06,56.11308717
4119.5 sec,0.75,0.750001064,-1.06E-06,54.68427498
4120.1 sec,0.75,0.75000047,-4.70E-07,54.28024342
4120.9 sec,0.75,0.75000071,-7.10E-07,54.44338125
4121.8 sec,0.75,0.750002416,-2.42E-06,55.60401288
4122.4 sec,0.75,0.750001106,-1.11E-06,54.7127085
4123 sec,0.75,0.750000506,-5.06E-07,54.30483703
4123.8 sec,0.75,0.750000724,-7.24E-07,54.45292632
4124.6 sec,0.75,0.750002264,-2.26E-06,55.50065913
4125.4 sec,0.75,0.750003905,-3.90E-06,56.61615166
4126.1 sec,0.75,0.750001918,-1.92E-06,55.26516752
4126.7 sec,0.75,0.75000065,-6.50E-07,54.40249375
4127.3 sec,0.75,0.750000503,-5.03E-07,54.30253171
4128.2 sec,0.75,0.750001277,-1.28E-06,54.82940585
4129 sec,0.75,0.750003629,-3.63E-06,56.42869404
4129.7 sec,0.75,0.750003165,-3.17E-06,56.11308717
4130.3 sec,0.75,0.750001064,-1.06E-06,54.68427498
4130.9 sec,0.75,0.75000047,-4.70E-07,54.28024342
4131.7 sec,0.75,0.75000071,-7.10E-07,54.44338125
4132.6 sec,0.75,0.750002416,-2.42E-06,55.60401288
4133.2 sec,0.75,0.750001106,-1.11E-06,54.7127085
4133.8 sec,0.75,0.750000506,-5.06E-07,54.30483703
4134.6 sec,0.75,0.750000724,-7.24E-07,54.45292632
4135.5 sec,0.75,0.750002264,-2.26E-06,55.50065913
4136.2 sec,0.75,0.750003905,-3.90E-06,56.61615166
4136.9 sec,0.75,0.750001918,-1.92E-06,55.26516752
4137.5 sec,0.75,0.75000065,-6.50E-07,54.40249375
4138.2 sec,0.75,0.750000503,-5.03E-07,54.30253171
4139 sec,0.75,0.750001277,-1.28E-06,54.82940585
4139.8 sec,0.75,0.750003629,-3.63E-06,56.42869404
4140.5 sec,0.75,0.750003165,-3.17E-06,56.11308717
4141.1 sec,0.75,0.750001064,-1.06E-06,54.68427498
4141.7 sec,0.75,0.75000047,-4.70E-07,54.28024342
4142.5 sec,0.75,0.75000071,-7.10E-07,54.44338125
4143.4 sec,0.75,0.750002416,-2.42E-06,55.60401288
4144 sec,0.75,0.750001106,-1.11E-06,54.7127085
4144.6 sec,0.75,0.750000506,-5.06E-07,54.30483703
4145.4 sec,0.75,0.750000724,-7.24E-07,54.45292632
4146.3 sec,0.75,0.750002264,-2.26E-06,55.50065913
4147.1 sec,0.75,0.750003905,-3.90E-06,56.61615166
4147.7 sec,0.75,0.750001918,-1.92E-06,55.26516752
4148.3 sec,0.75,0.75000065,-6.50E-07,54.40249375
4149 sec,0.75,0.750000503,-5.03E-07,54.30253171
4149.8 sec,0.75,0.750001277,-1.28E-06,54.82940585
4150.6 sec,0.75,0.750003629,-3.63E-06,56.42869404
4151.3 sec,0.75,0.750003165,-3.17E-06,56.11308717
4151.9 sec,0.75,0.750001064,-1.06E-06,54.68427498
4152.6 sec,0.75,0.75000047,-4.70E-07,54.28024342
4153.3 sec,0.75,0.75000071,-7.10E-07,54.44338125
4154.2 sec,0.75,0.750002416,-2.42E-06,55.60401288
4154.8 sec,0.75,0.750001106,-1.11E-06,54.7127085
4155.5 sec,0.75,0.750000506,-5.06E-07,54.30483703
4156.2 sec,0.75,0.750000724,-7.24E-07,54.45292632
4157.1 sec,0.75,0.750002264,-2.26E-06,55.50065913
4157.9 sec,0.75,0.750003905,-3.90E-06,56.61615166
4158.5 sec,0.75,0.750001918,-1.92E-06,55.26516752
4159.1 sec,0.75,0.75000065,-6.50E-07,54.40249375
4159.8 sec,0.75,0.750000503,-5.03E-07,54.30253171
4160.6 sec,0.75,0.750001277,-1.28E-06,54.82940585
4161.5 sec,0.75,0.750003629,-3.63E-06,56.42869404
4162.2 sec,0.75,0.750003165,-3.17E-06,56.11308717
4162.7 sec,0.75,0.750001064,-1.06E-06,54.68427498
4163.4 sec,0.75,0.75000047,-4.70E-07,54.28024342
4164.1 sec,0.75,0.75000071,-7.10E-07,54.44338125
4165 sec,0.75,0.750002416,-2.42E-06,55.60401288
4165.6 sec,0.75,0.750001106,-1.11E-06,54.7127085
4166.3 sec,0.75,0.750000506,-5.06E-07,54.30483703
4167 sec,0.75,0.750000724,-7.24E-07,54.45292632
4167.9 sec,0.75,0.750002264,-2.26E-06,55.50065913
4168.7 sec,0.75,0.750003905,-3.90E-06,56.61615166
4169.3 sec,0.75,0.750001918,-1.92E-06,55.26516752
4169.9 sec,0.75,0.75000065,-6.50E-07,54.40249375
4170.6 sec,0.75,0.750000503,-5.03E-07,54.30253171
4171.4 sec,0.75,0.750001277,-1.28E-06,54.82940585
4172.3 sec,0.75,0.750003629,-3.63E-06,56.42869404
4173 sec,0.75,0.750003165,-3.17E-06,56.11308717
4173.6 sec,0.75,0.750001064,-1.06E-06,54.68427498
4174.2 sec,0.75,0.75000047,-4.70E-07,54.28024342
4175 sec,0.75,0.75000071,-7.10E-07,54.44338125
4175.8 sec,0.75,0.750002416,-2.42E-06,55.60401288
4176.5 sec,0.75,0.750001106,-1.11E-06,54.7127085
4177.1 sec,0.75,0.750000506,-5.06E-07,54.30483703
4177.8 sec,0.75,0.750000724,-7.24E-07,54.45292632
4178.7 sec,0.75,0.750002264,-2.26E-06,55.50065913
4179.5 sec,0.75,0.750003905,-3.90E-06,56.61615166
4180.1 sec,0.75,0.750001918,-1.92E-06,55.26516752
4180.7 sec,0.75,0.75000065,-6.50E-07,54.40249375
4181.4 sec,0.75,0.750000503,-5.03E-07,54.30253171
4182.2 sec,0.75,0.750001277,-1.28E-06,54.82940585
4183.1 sec,0.75,0.750003629,-3.63E-06,56.42869404
4183.8 sec,0.75,0.750003165,-3.17E-06,56.11308717
4184.4 sec,0.75,0.750001064,-1.06E-06,54.68427498
4185 sec,0.75,0.75000047,-4.70E-07,54.28024342
4185.8 sec,0.75,0.75000071,-7.10E-07,54.44338125
4186.6 sec,0.75,0.750002416,-2.42E-06,55.60401288
4187.3 sec,0.75,0.750001106,-1.11E-06,54.7127085
4187.9 sec,0.75,0.750000506,-5.06E-07,54.30483703
4188.6 sec,0.75,0.750000724,-7.24E-07,54.45292632
4189.5 sec,0.75,0.750002264,-2.26E-06,55.50065913
4190.3 sec,0.75,0.750003905,-3.90E-06,56.61615166
4190.9 sec,0.75,0.750001918,-1.92E-06,55.26516752
4191.5 sec,0.75,0.75000065,-6.50E-07,54.40249375
4192.2 sec,0.75,0.750000503,-5.03E-07,54.30253171
4193 sec,0.75,0.750001277,-1.28E-06,54.82940585
4193.9 sec,0.75,0.750003629,-3.63E-06,56.42869404
4194.6 sec,0.75,0.750003165,-3.17E-06,56.11308717
4195.2 sec,0.75,0.750001064,-1.06E-06,54.68427498
4195.8 sec,0.75,0.75000047,-4.70E-07,54.28024342
4196.6 sec,0.75,0.75000071,-7.10E-07,54.44338125
4197.4 sec,0.75,0.750002416,-2.42E-06,55.60401288
4198.1 sec,0.75,0.750001106,-1.11E-06,54.7127085
4198.7 sec,0.75,0.750000506,-5.06E-07,54.30483703
4199.5 sec,0.75,0.750000724,-7.24E-07,54.45292632
4200.3 sec,0.75,0.750002264,-2.26E-06,55.50065913
4201.1 sec,0.75,0.750003905,-3.90E-06,56.61615166
4201.7 sec,0.75,0.750001918,-1.92E-06,55.26516752
4202.3 sec,0.75,0.75000065,-6.50E-07,54.40249375
4203 sec,0.75,0.750000503,-5.03E-07,54.30253171
4203.9 sec,0.75,0.750001277,-1.28E-06,54.82940585
4204.7 sec,0.75,0.750003629,-3.63E-06,56.42869404
4205.4 sec,0.75,0.750003165,-3.17E-06,56.11308717
4206 sec,0.75,0.750001064,-1.06E-06,54.68427498
4206.6 sec,0.75,0.75000047,-4.70E-07,54.28024342
4207.4 sec,0.75,0.75000071,-7.10E-07,54.44338125
4208.3 sec,0.75,0.750002416,-2.42E-06,55.60401288
4208.9 sec,0.75,0.750001106,-1.11E-06,54.7127085
4209.5 sec,0.75,0.750000506,-5.06E-07,54.30483703
4210.3 sec,0.75,0.750000724,-7.24E-07,54.45292632
4211.1 sec,0.75,0.750002264,-2.26E-06,55.50065913
4211.9 sec,0.75,0.750003905,-3.90E-06,56.61615166
4212.6 sec,0.75,0.750001918,-1.92E-06,55.26516752
4213.1 sec,0.75,0.75000065,-6.50E-07,54.40249375
4213.8 sec,0.75,0.750000503,-5.03E-07,54.30253171
4214.7 sec,0.75,0.750001277,-1.28E-06,54.82940585
4215.5 sec,0.75,0.750003629,-3.63E-06,56.42869404
4216.2 sec,0.75,0.750003165,-3.17E-06,56.11308717
4216.8 sec,0.75,0.750001064,-1.06E-06,54.68427498
4217.4 sec,0.75,0.75000047,-4.70E-07,54.28024342
4218.2 sec,0.75,0.75000071,-7.10E-07,54.44338125
4219.1 sec,0.75,0.750002416,-2.42E-06,55.60401288
4219.7 sec,0.75,0.750001106,-1.11E-06,54.7127085
4220.3 sec,0.75,0.750000506,-5.06E-07,54.30483703
4221.1 sec,0.75,0.750000724,-7.24E-07,54.45292632
4221.9 sec,0.75,0.750002264,-2.26E-06,55.50065913
4222.7 sec,0.75,0.750003905,-3.90E-06,56.61615166
4223.4 sec,0.75,0.750001918,-1.92E-06,55.26516752
4224 sec,0.75,0.75000065,-6.50E-07,54.40249375
4224.6 sec,0.75,0.750000503,-5.03E-07,54.30253171
4225.5 sec,0.75,0.750001277,-1.28E-06,54.82940585
4226.3 sec,0.75,0.750003629,-3.63E-06,56.42869404
4227 sec,0.75,0.750003165,-3.17E-06,56.11308717
4227.6 sec,0.75,0.750001064,-1.06E-06,54.68427498
4228.2 sec,0.75,0.75000047,-4.70E-07,54.28024342
4229 sec,0.75,0.75000071,-7.10E-07,54.44338125
4229.9 sec,0.75,0.750002416,-2.42E-06,55.60401288
4230.5 sec,0.75,0.750001106,-1.11E-06,54.7127085
4231.1 sec,0.75,0.750000506,-5.06E-07,54.30483703
4231.9 sec,0.75,0.750000724,-7.24E-07,54.45292632
4232.8 sec,0.75,0.750002264,-2.26E-06,55.50065913
4233.5 sec,0.75,0.750003905,-3.90E-06,56.61615166
4234.2 sec,0.75,0.750001918,-1.92E-06,55.26516752
4234.8 sec,0.75,0.75000065,-6.50E-07,54.40249375
4235.5 sec,0.75,0.750000503,-5.03E-07,54.30253171
4236.3 sec,0.75,0.750001277,-1.28E-06,54.82940585
4237.1 sec,0.75,0.750003629,-3.63E-06,56.42869404
4237.8 sec,0.75,0.750003165,-3.17E-06,56.11308717
4238.4 sec,0.75,0.750001064,-1.06E-06,54.68427498
4239 sec,0.75,0.75000047,-4.70E-07,54.28024342
4239.8 sec,0.75,0.75000071,-7.10E-07,54.44338125
4240.7 sec,0.75,0.750002416,-2.42E-06,55.60401288
4241.3 sec,0.75,0.750001106,-1.11E-06,54.7127085
4241.9 sec,0.75,0.750000506,-5.06E-07,54.30483703
4242.7 sec,0.75,0.750000724,-7.24E-07,54.45292632
4243.6 sec,0.75,0.750002264,-2.26E-06,55.50065913
4244.4 sec,0.75,0.750003905,-3.90E-06,56.61615166
4245 sec,0.75,0.750001918,-1.92E-06,55.26516752
4245.6 sec,0.75,0.75000065,-6.50E-07,54.40249375
4246.3 sec,0.75,0.750000503,-5.03E-07,54.30253171
4247.1 sec,0.75,0.750001277,-1.28E-06,54.82940585
4247.9 sec,0.75,0.750003629,-3.63E-06,56.42869404
4248.6 sec,0.75,0.750003165,-3.17E-06,56.11308717
4249.2 sec,0.75,0.750001064,-1.06E-06,54.68427498
4249.9 sec,0.75,0.75000047,-4.70E-07,54.28024342
4250.6 sec,0.75,0.75000071,-7.10E-07,54.44338125
4251.5 sec,0.75,0.750002416,-2.42E-06,55.60401288
4252.1 sec,0.75,0.750001106,-1.11E-06,54.7127085
4252.8 sec,0.75,0.750000506,-5.06E-07,54.30483703
4253.5 sec,0.75,0.750000724,-7.24E-07,54.45292632
4254.4 sec,0.75,0.750002264,-2.26E-06,55.50065913
4255.2 sec,0.75,0.750003905,-3.90E-06,56.61615166
4255.8 sec,0.75,0.750001918,-1.92E-06,55.26516752
4256.4 sec,0.75,0.75000065,-6.50E-07,54.40249375
4257.1 sec,0.75,0.750000503,-5.03E-07,54.30253171
4257.9 sec,0.75,0.750001277,-1.28E-06,54.82940585
4258.8 sec,0.75,0.750003629,-3.63E-06,56.42869404
4259.5 sec,0.75,0.750003165,-3.17E-06,56.11308717
4260 sec,0.75,0.750001064,-1.06E-06,54.68427498
4260.7 sec,0.75,0.75000047,-4.70E-07,54.28024342
4261.4 sec,0.75,0.75000071,-7.10E-07,54.44338125
4262.3 sec,0.75,0.750002416,-2.42E-06,55.60401288
4262.9 sec,0.75,0.750001106,-1.11E-06,54.7127085
4263.6 sec,0.75,0.750000506,-5.06E-07,54.30483703
4264.3 sec,0.75,0.750000724,-7.24E-07,54.45292632
4265.2 sec,0.75,0.750002264,-2.26E-06,55.50065913
4266 sec,0.75,0.750003905,-3.90E-06,56.61615166
4266.6 sec,0.75,0.750001918,-1.92E-06,55.26516752
4267.2 sec,0.75,0.75000065,-6.50E-07,54.40249375
4267.9 sec,0.75,0.750000503,-5.03E-07,54.30253171
4268.7 sec,0.75,0.750001277,-1.28E-06,54.82940585
4269.6 sec,0.75,0.750003629,-3.63E-06,56.42869404
4270.3 sec,0.75,0.750003165,-3.17E-06,56.11308717
4270.9 sec,0.75,0.750001064,-1.06E-06,54.68427498
4271.5 sec,0.75,0.75000047,-4.70E-07,54.28024342
4272.2 sec,0.75,0.75000071,-7.10E-07,54.44338125
4273.1 sec,0.75,0.750002416,-2.42E-06,55.60401288
4273.7 sec,0.75,0.750001106,-1.11E-06,54.7127085
4274.4 sec,0.75,0.750000506,-5.06E-07,54.30483703
4275.1 sec,0.75,0.750000724,-7.24E-07,54.45292632
4276 sec,0.75,0.750002264,-2.26E-06,55.50065913
4276.8 sec,0.75,0.750003905,-3.90E-06,56.61615166
4277.4 sec,0.75,0.750001918,-1.92E-06,55.26516752
4278 sec,0.75,0.75000065,-6.50E-07,54.40249375
4278.7 sec,0.75,0.750000503,-5.03E-07,54.30253171
4279.5 sec,0.75,0.750001277,-1.28E-06,54.82940585
4280.4 sec,0.75,0.750003629,-3.63E-06,56.42869404
4281.1 sec,0.75,0.750003165,-3.17E-06,56.11308717
4281.7 sec,0.75,0.750001064,-1.06E-06,54.68427498
4282.3 sec,0.75,0.75000047,-4.70E-07,54.28024342
4283.1 sec,0.75,0.75000071,-7.10E-07,54.44338125
4283.9 sec,0.75,0.750002416,-2.42E-06,55.60401288
4284.6 sec,0.75,0.750001106,-1.11E-06,54.7127085
4285.2 sec,0.75,0.750000506,-5.06E-07,54.30483703
4285.9 sec,0.75,0.750000724,-7.24E-07,54.45292632
4286.8 sec,0.75,0.750002264,-2.26E-06,55.50065913
4287.6 sec,0.75,0.750003905,-3.90E-06,56.61615166
4288.2 sec,0.75,0.750001918,-1.92E-06,55.26516752
4288.8 sec,0.75,0.75000065,-6.50E-07,54.40249375
4289.5 sec,0.75,0.750000503,-5.03E-07,54.30253171
4290.3 sec,0.75,0.750001277,-1.28E-06,54.82940585
4291.2 sec,0.75,0.750003629,-3.63E-06,56.42869404
4291.9 sec,0.75,0.750003165,-3.17E-06,56.11308717
4292.5 sec,0.75,0.750001064,-1.06E-06,54.68427498
4293.1 sec,0.75,0.75000047,-4.70E-07,54.28024342
4293.9 sec,0.75,0.75000071,-7.10E-07,54.44338125
4294.7 sec,0.75,0.750002416,-2.42E-06,55.60401288
4295.4 sec,0.75,0.750001106,-1.11E-06,54.7127085
4296 sec,0.75,0.750000506,-5.06E-07,54.30483703
4296.8 sec,0.75,0.750000724,-7.24E-07,54.45292632
4297.6 sec,0.75,0.750002264,-2.26E-06,55.50065913
4298.4 sec,0.75,0.750003905,-3.90E-06,56.61615166
4299 sec,0.75,0.750001918,-1.92E-06,55.26516752
4299.6 sec,0.75,0.75000065,-6.50E-07,54.40249375
4300.3 sec,0.75,0.750000503,-5.03E-07,54.30253171
4301.2 sec,0.75,0.750001277,-1.28E-06,54.82940585
4302 sec,0.75,0.750003629,-3.63E-06,56.42869404
4302.7 sec,0.75,0.750003165,-3.17E-06,56.11308717
4303.3 sec,0.75,0.750001064,-1.06E-06,54.68427498
4303.9 sec,0.75,0.75000047,-4.70E-07,54.28024342
4304.7 sec,0.75,0.75000071,-7.10E-07,54.44338125
4305.6 sec,0.75,0.750002416,-2.42E-06,55.60401288
4306.2 sec,0.75,0.750001106,-1.11E-06,54.7127085
4306.8 sec,0.75,0.750000506,-5.06E-07,54.30483703
4307.6 sec,0.75,0.750000724,-7.24E-07,54.45292632
4308.4 sec,0.75,0.750002264,-2.26E-06,55.50065913
4309.2 sec,0.75,0.750003905,-3.90E-06,56.61615166
4309.9 sec,0.75,0.750001918,-1.92E-06,55.26516752
4310.4 sec,0.75,0.75000065,-6.50E-07,54.40249375
4311.1 sec,0.75,0.750000503,-5.03E-07,54.30253171
4312 sec,0.75,0.750001277,-1.28E-06,54.82940585
4312.8 sec,0.75,0.750003629,-3.63E-06,56.42869404
4313.5 sec,0.75,0.750003165,-3.17E-06,56.11308717
4314.1 sec,0.75,0.750001064,-1.06E-06,54.68427498
4314.7 sec,0.75,0.75000047,-4.70E-07,54.28024342
4315.5 sec,0.75,0.75000071,-7.10E-07,54.44338125
4316.4 sec,0.75,0.750002416,-2.42E-06,55.60401288
4317 sec,0.75,0.750001106,-1.11E-06,54.7127085
4317.6 sec,0.75,0.750000506,-5.06E-07,54.30483703
4318.4 sec,0.75,0.750000724,-7.24E-07,54.45292632
4319.2 sec,0.75,0.750002264,-2.26E-06,55.50065913
4320 sec,0.75,0.750003905,-3.90E-06,56.61615166
4320.7 sec,0.75,0.750001918,-1.92E-06,55.26516752
4321.3 sec,0.75,0.75000065,-6.50E-07,54.40249375
4321.9 sec,0.75,0.750000503,-5.03E-07,54.30253171
4322.8 sec,0.75,0.750001277,-1.28E-06,54.82940585
4323.6 sec,0.75,0.750003629,-3.63E-06,56.42869404
4324.3 sec,0.75,0.750003165,-3.17E-06,56.11308717
4324.9 sec,0.75,0.750001064,-1.06E-06,54.68427498
4325.5 sec,0.75,0.75000047,-4.70E-07,54.28024342
4326.3 sec,0.75,0.75000071,-7.10E-07,54.44338125
4327.2 sec,0.75,0.750002416,-2.42E-06,55.60401288
4327.8 sec,0.75,0.750001106,-1.11E-06,54.7127085
4328.4 sec,0.75,0.750000506,-5.06E-07,54.30483703
4329.2 sec,0.75,0.750000724,-7.24E-07,54.45292632
4330.1 sec,0.75,0.750002264,-2.26E-06,55.50065913
4330.8 sec,0.75,0.750003905,-3.90E-06,56.61615166
4331.5 sec,0.75,0.750001918,-1.92E-06,55.26516752
4332.1 sec,0.75,0.75000065,-6.50E-07,54.40249375
4332.8 sec,0.75,0.750000503,-5.03E-07,54.30253171
4333.6 sec,0.75,0.750001277,-1.28E-06,54.82940585
4334.4 sec,0.75,0.750003629,-3.63E-06,56.42869404
4335.1 sec,0.75,0.750003165,-3.17E-06,56.11308717
4335.7 sec,0.75,0.750001064,-1.06E-06,54.68427498
4336.3 sec,0.75,0.75000047,-4.70E-07,54.28024342
4337.1 sec,0.75,0.75000071,-7.10E-07,54.44338125
4338 sec,0.75,0.750002416,-2.42E-06,55.60401288
4338.6 sec,0.75,0.750001106,-1.11E-06,54.7127085
4339.2 sec,0.75,0.750000506,-5.06E-07,54.30483703
4340 sec,0.75,0.750000724,-7.24E-07,54.45292632
4340.9 sec,0.75,0.750002264,-2.26E-06,55.50065913
4341.7 sec,0.75,0.750003905,-3.90E-06,56.61615166
4342.3 sec,0.75,0.750001918,-1.92E-06,55.26516752
4342.9 sec,0.75,0.75000065,-6.50E-07,54.40249375
4343.6 sec,0.75,0.750000503,-5.03E-07,54.30253171
4344.4 sec,0.75,0.750001277,-1.28E-06,54.82940585
4345.2 sec,0.75,0.750003629,-3.63E-06,56.42869404
4345.9 sec,0.75,0.750003165,-3.17E-06,56.11308717
4346.5 sec,0.75,0.750001064,-1.06E-06,54.68427498
4347.2 sec,0.75,0.75000047,-4.70E-07,54.28024342
4347.9 sec,0.75,0.75000071,-7.10E-07,54.44338125
4348.8 sec,0.75,0.750002416,-2.42E-06,55.60401288
4349.4 sec,0.75,0.750001106,-1.11E-06,54.7127085
4350.1 sec,0.75,0.750000506,-5.06E-07,54.30483703
4350.8 sec,0.75,0.750000724,-7.24E-07,54.45292632
4351.7 sec,0.75,0.750002264,-2.26E-06,55.50065913
4352.5 sec,0.75,0.750003905,-3.90E-06,56.61615166
4353.1 sec,0.75,0.750001918,-1.92E-06,55.26516752
4353.7 sec,0.75,0.75000065,-6.50E-07,54.40249375
4354.4 sec,0.75,0.750000503,-5.03E-07,54.30253171
4355.2 sec,0.75,0.750001277,-1.28E-06,54.82940585
4356.1 sec,0.75,0.750003629,-3.63E-06,56.42869404
4356.8 sec,0.75,0.750003165,-3.17E-06,56.11308717
4357.3 sec,0.75,0.750001064,-1.06E-06,54.68427498
4358 sec,0.75,0.75000047,-4.70E-07,54.28024342
4358.7 sec,0.75,0.75000071,-7.10E-07,54.44338125
4359.6 sec,0.75,0.750002416,-2.42E-06,55.60401288
4360.2 sec,0.75,0.750001106,-1.11E-06,54.7127085
4360.9 sec,0.75,0.750000506,-5.06E-07,54.30483703
4361.6 sec,0.75,0.750000724,-7.24E-07,54.45292632
4362.5 sec,0.75,0.750002264,-2.26E-06,55.50065913
4363.3 sec,0.75,0.750003905,-3.90E-06,56.61615166
4363.9 sec,0.75,0.750001918,-1.92E-06,55.26516752
4364.5 sec,0.75,0.75000065,-6.50E-07,54.40249375
4365.2 sec,0.75,0.750000503,-5.03E-07,54.30253171
4366 sec,0.75,0.750001277,-1.28E-06,54.82940585
4366.9 sec,0.75,0.750003629,-3.63E-06,56.42869404
4367.6 sec,0.75,0.750003165,-3.17E-06,56.11308717
4368.2 sec,0.75,0.750001064,-1.06E-06,54.68427498
4368.8 sec,0.75,0.75000047,-4.70E-07,54.28024342
4369.5 sec,0.75,0.75000071,-7.10E-07,54.44338125
4370.4 sec,0.75,0.750002416,-2.42E-06,55.60401288
4371 sec,0.75,0.750001106,-1.11E-06,54.7127085
4371.7 sec,0.75,0.750000506,-5.06E-07,54.30483703
4372.4 sec,0.75,0.750000724,-7.24E-07,54.45292632
4373.3 sec,0.75,0.750002264,-2.26E-06,55.50065913
4374.1 sec,0.75,0.750003905,-3.90E-06,56.61615166
4374.7 sec,0.75,0.750001918,-1.92E-06,55.26516752
4375.3 sec,0.75,0.75000065,-6.50E-07,54.40249375
4376 sec,0.75,0.750000503,-5.03E-07,54.30253171
4376.8 sec,0.75,0.750001277,-1.28E-06,54.82940585
4377.7 sec,0.75,0.750003629,-3.63E-06,56.42869404
4378.4 sec,0.75,0.750003165,-3.17E-06,56.11308717
4379 sec,0.75,0.750001064,-1.06E-06,54.68427498
4379.6 sec,0.75,0.75000047,-4.70E-07,54.28024342
4380.4 sec,0.75,0.75000071,-7.10E-07,54.44338125
4381.2 sec,0.75,0.750002416,-2.42E-06,55.60401288
4381.9 sec,0.75,0.750001106,-1.11E-06,54.7127085
4382.5 sec,0.75,0.750000506,-5.06E-07,54.30483703
4383.2 sec,0.75,0.750000724,-7.24E-07,54.45292632
4384.1 sec,0.75,0.750002264,-2.26E-06,55.50065913
4384.9 sec,0.75,0.750003905,-3.90E-06,56.61615166
4385.5 sec,0.75,0.750001918,-1.92E-06,55.26516752
4386.1 sec,0.75,0.75000065,-6.50E-07,54.40249375
4386.8 sec,0.75,0.750000503,-5.03E-07,54.30253171
4387.6 sec,0.75,0.750001277,-1.28E-06,54.82940585
4388.5 sec,0.75,0.750003629,-3.63E-06,56.42869404
4389.2 sec,0.75,0.750003165,-3.17E-06,56.11308717
4389.8 sec,0.75,0.750001064,-1.06E-06,54.68427498
4390.4 sec,0.75,0.75000047,-4.70E-07,54.28024342
4391.2 sec,0.75,0.75000071,-7.10E-07,54.44338125
4392 sec,0.75,0.750002416,-2.42E-06,55.60401288
4392.7 sec,0.75,0.750001106,-1.11E-06,54.7127085
4393.3 sec,0.75,0.750000506,-5.06E-07,54.30483703
4394.1 sec,0.75,0.750000724,-7.24E-07,54.45292632
4394.9 sec,0.75,0.750002264,-2.26E-06,55.50065913
4395.7 sec,0.75,0.750003905,-3.90E-06,56.61615166
4396.3 sec,0.75,0.750001918,-1.92E-06,55.26516752
4396.9 sec,0.75,0.75000065,-6.50E-07,54.40249375
4397.6 sec,0.75,0.750000503,-5.03E-07,54.30253171
4398.5 sec,0.75,0.750001277,-1.28E-06,54.82940585
4399.3 sec,0.75,0.750003629,-3.63E-06,56.42869404
4400 sec,0.75,0.750003165,-3.17E-06,56.11308717
4400.6 sec,0.75,0.750001064,-1.06E-06,54.68427498
4401.2 sec,0.75,0.75000047,-4.70E-07,54.28024342
4402 sec,0.75,0.75000071,-7.10E-07,54.44338125
4402.9 sec,0.75,0.750002416,-2.42E-06,55.60401288
4403.5 sec,0.75,0.750001106,-1.11E-06,54.7127085
4404.1 sec,0.75,0.750000506,-5.06E-07,54.30483703
4404.9 sec,0.75,0.750000724,-7.24E-07,54.45292632
4405.7 sec,0.75,0.750002264,-2.26E-06,55.50065913
4406.5 sec,0.75,0.750003905,-3.90E-06,56.61615166
4407.2 sec,0.75,0.750001918,-1.92E-06,55.26516752
4407.7 sec,0.75,0.75000065,-6.50E-07,54.40249375
4408.4 sec,0.75,0.750000503,-5.03E-07,54.30253171
4409.3 sec,0.75,0.750001277,-1.28E-06,54.82940585
4410.1 sec,0.75,0.750003629,-3.63E-06,56.42869404
4410.8 sec,0.75,0.750003165,-3.17E-06,56.11308717
4411.4 sec,0.75,0.750001064,-1.06E-06,54.68427498
4412 sec,0.75,0.75000047,-4.70E-07,54.28024342
4412.8 sec,0.75,0.75000071,-7.10E-07,54.44338125
4413.7 sec,0.75,0.750002416,-2.42E-06,55.60401288
4414.3 sec,0.75,0.750001106,-1.11E-06,54.7127085
4414.9 sec,0.75,0.750000506,-5.06E-07,54.30483703
4415.7 sec,0.75,0.750000724,-7.24E-07,54.45292632
4416.5 sec,0.75,0.750002264,-2.26E-06,55.50065913
4417.3 sec,0.75,0.750003905,-3.90E-06,56.61615166
4418 sec,0.75,0.750001918,-1.92E-06,55.26516752
4418.6 sec,0.75,0.75000065,-6.50E-07,54.40249375
4419.2 sec,0.75,0.750000503,-5.03E-07,54.30253171
4420.1 sec,0.75,0.750001277,-1.28E-06,54.82940585
4420.9 sec,0.75,0.750003629,-3.63E-06,56.42869404
4421.6 sec,0.75,0.750003165,-3.17E-06,56.11308717
4422.2 sec,0.75,0.750001064,-1.06E-06,54.68427498
4422.8 sec,0.75,0.75000047,-4.70E-07,54.28024342
4423.6 sec,0.75,0.75000071,-7.10E-07,54.44338125
4424.5 sec,0.75,0.750002416,-2.42E-06,55.60401288
4425.1 sec,0.75,0.750001106,-1.11E-06,54.7127085
4425.7 sec,0.75,0.750000506,-5.06E-07,54.30483703
4426.5 sec,0.75,0.750000724,-7.24E-07,54.45292632
4427.4 sec,0.75,0.750002264,-2.26E-06,55.50065913
4428.1 sec,0.75,0.750003905,-3.90E-06,56.61615166
4428.8 sec,0.75,0.750001918,-1.92E-06,55.26516752
4429.4 sec,0.75,0.75000065,-6.50E-07,54.40249375
4430.1 sec,0.75,0.750000503,-5.03E-07,54.30253171
4430.9 sec,0.75,0.750001277,-1.28E-06,54.82940585
4431.7 sec,0.75,0.750003629,-3.63E-06,56.42869404
4432.4 sec,0.75,0.750003165,-3.17E-06,56.11308717
4433 sec,0.75,0.750001064,-1.06E-06,54.68427498
4433.6 sec,0.75,0.75000047,-4.70E-07,54.28024342
4434.4 sec,0.75,0.75000071,-7.10E-07,54.44338125
4435.3 sec,0.75,0.750002416,-2.42E-06,55.60401288
4435.9 sec,0.75,0.750001106,-1.11E-06,54.7127085
4436.5 sec,0.75,0.750000506,-5.06E-07,54.30483703
4437.3 sec,0.75,0.750000724,-7.24E-07,54.45292632
4438.2 sec,0.75,0.750002264,-2.26E-06,55.50065913
4439 sec,0.75,0.750003905,-3.90E-06,56.61615166
4439.6 sec,0.75,0.750001918,-1.92E-06,55.26516752
4440.2 sec,0.75,0.75000065,-6.50E-07,54.40249375
4440.9 sec,0.75,0.750000503,-5.03E-07,54.30253171
4441.7 sec,0.75,0.750001277,-1.28E-06,54.82940585
4442.5 sec,0.75,0.750003629,-3.63E-06,56.42869404
4443.2 sec,0.75,0.750003165,-3.17E-06,56.11308717
4443.8 sec,0.75,0.750001064,-1.06E-06,54.68427498
4444.5 sec,0.75,0.75000047,-4.70E-07,54.28024342
4445.2 sec,0.75,0.75000071,-7.10E-07,54.44338125
4446.1 sec,0.75,0.750002416,-2.42E-06,55.60401288
4446.7 sec,0.75,0.750001106,-1.11E-06,54.7127085
4447.4 sec,0.75,0.750000506,-5.06E-07,54.30483703
4448.1 sec,0.75,0.750000724,-7.24E-07,54.45292632
4449 sec,0.75,0.750002264,-2.26E-06,55.50065913
4449.8 sec,0.75,0.750003905,-3.90E-06,56.61615166
4450.4 sec,0.75,0.750001918,-1.92E-06,55.26516752
4451 sec,0.75,0.75000065,-6.50E-07,54.40249375
4451.7 sec,0.75,0.750000503,-5.03E-07,54.30253171
4452.5 sec,0.75,0.750001277,-1.28E-06,54.82940585
4453.4 sec,0.75,0.750003629,-3.63E-06,56.42869404
4454.1 sec,0.75,0.750003165,-3.17E-06,56.11308717
4454.6 sec,0.75,0.750001064,-1.06E-06,54.68427498
4455.3 sec,0.75,0.75000047,-4.70E-07,54.28024342
4456 sec,0.75,0.75000071,-7.10E-07,54.44338125
4456.9 sec,0.75,0.750002416,-2.42E-06,55.60401288
4457.5 sec,0.75,0.750001106,-1.11E-06,54.7127085
4458.2 sec,0.75,0.750000506,-5.06E-07,54.30483703
4458.9 sec,0.75,0.750000724,-7.24E-07,54.45292632
4459.8 sec,0.75,0.750002264,-2.26E-06,55.50065913
4460.6 sec,0.75,0.750003905,-3.90E-06,56.61615166
4461.2 sec,0.75,0.750001918,-1.92E-06,55.26516752
4461.8 sec,0.75,0.75000065,-6.50E-07,54.40249375
4462.5 sec,0.75,0.750000503,-5.03E-07,54.30253171
4463.3 sec,0.75,0.750001277,-1.28E-06,54.82940585
4464.2 sec,0.75,0.750003629,-3.63E-06,56.42869404
4464.9 sec,0.75,0.750003165,-3.17E-06,56.11308717
4465.5 sec,0.75,0.750001064,-1.06E-06,54.68427498
4466.1 sec,0.75,0.75000047,-4.70E-07,54.28024342
4466.8 sec,0.75,0.75000071,-7.10E-07,54.44338125
4467.7 sec,0.75,0.750002416,-2.42E-06,55.60401288
4468.3 sec,0.75,0.750001106,-1.11E-06,54.7127085
4469 sec,0.75,0.750000506,-5.06E-07,54.30483703
4469.7 sec,0.75,0.750000724,-7.24E-07,54.45292632
4470.6 sec,0.75,0.750002264,-2.26E-06,55.50065913
4471.4 sec,0.75,0.750003905,-3.90E-06,56.61615166
4472 sec,0.75,0.750001918,-1.92E-06,55.26516752
4472.6 sec,0.75,0.75000065,-6.50E-07,54.40249375
4473.3 sec,0.75,0.750000503,-5.03E-07,54.30253171
4474.1 sec,0.75,0.750001277,-1.28E-06,54.82940585
4475 sec,0.75,0.750003629,-3.63E-06,56.42869404
4475.7 sec,0.75,0.750003165,-3.17E-06,56.11308717
4476.3 sec,0.75,0.750001064,-1.06E-06,54.68427498
4476.9 sec,0.75,0.75000047,-4.70E-07,54.28024342
4477.7 sec,0.75,0.75000071,-7.10E-07,54.44338125
4478.5 sec,0.75,0.750002416,-2.42E-06,55.60401288
4479.2 sec,0.75,0.750001106,-1.11E-06,54.7127085
4479.8 sec,0.75,0.750000506,-5.06E-07,54.30483703
4480.5 sec,0.75,0.750000724,-7.24E-07,54.45292632
4481.4 sec,0.75,0.750002264,-2.26E-06,55.50065913
4482.2 sec,0.75,0.750003905,-3.90E-06,56.61615166
4482.8 sec,0.75,0.750001918,-1.92E-06,55.26516752
4483.4 sec,0.75,0.75000065,-6.50E-07,54.40249375
4484.1 sec,0.75,0.750000503,-5.03E-07,54.30253171
4484.9 sec,0.75,0.750001277,-1.28E-06,54.82940585
4485.8 sec,0.75,0.750003629,-3.63E-06,56.42869404
4486.5 sec,0.75,0.750003165,-3.17E-06,56.11308717
4487.1 sec,0.75,0.750001064,-1.06E-06,54.68427498
4487.7 sec,0.75,0.75000047,-4.70E-07,54.28024342
4488.5 sec,0.75,0.75000071,-7.10E-07,54.44338125
4489.3 sec,0.75,0.750002416,-2.42E-06,55.60401288
4490 sec,0.75,0.750001106,-1.11E-06,54.7127085
4490.6 sec,0.75,0.750000506,-5.06E-07,54.30483703
4491.4 sec,0.75,0.750000724,-7.24E-07,54.45292632
4492.2 sec,0.75,0.750002264,-2.26E-06,55.50065913
4493 sec,0.75,0.750003905,-3.90E-06,56.61615166
4493.6 sec,0.75,0.750001918,-1.92E-06,55.26516752
4494.2 sec,0.75,0.75000065,-6.50E-07,54.40249375
4494.9 sec,0.75,0.750000503,-5.03E-07,54.30253171
4495.8 sec,0.75,0.750001277,-1.28E-06,54.82940585
4496.6 sec,0.75,0.750003629,-3.63E-06,56.42869404
4497.3 sec,0.75,0.750003165,-3.17E-06,56.11308717
4497.9 sec,0.75,0.750001064,-1.06E-06,54.68427498
4498.5 sec,0.75,0.75000047,-4.70E-07,54.28024342
4499.3 sec,0.75,0.75000071,-7.10E-07,54.44338125
4500.2 sec,0.75,0.750002416,-2.42E-06,55.60401288
4500.8 sec,0.75,0.750001106,-1.11E-06,54.7127085
4501.4 sec,0.75,0.750000506,-5.06E-07,54.30483703
4502.2 sec,0.75,0.750000724,-7.24E-07,54.45292632
4503 sec,0.75,0.750002264,-2.26E-06,55.50065913
4503.8 sec,0.75,0.750003905,-3.90E-06,56.61615166
4504.5 sec,0.75,0.750001918,-1.92E-06,55.26516752
4505 sec,0.75,0.75000065,-6.50E-07,54.40249375
4505.7 sec,0.75,0.750000503,-5.03E-07,54.30253171
4506.6 sec,0.75,0.750001277,-1.28E-06,54.82940585
4507.4 sec,0.75,0.750003629,-3.63E-06,56.42869404
4508.1 sec,0.75,0.750003165,-3.17E-06,56.11308717
4508.7 sec,0.75,0.750001064,-1.06E-06,54.68427498
4509.3 sec,0.75,0.75000047,-4.70E-07,54.28024342
4510.1 sec,0.75,0.75000071,-7.10E-07,54.44338125
4511 sec,0.75,0.750002416,-2.42E-06,55.60401288
4511.6 sec,0.75,0.750001106,-1.11E-06,54.7127085
4512.2 sec,0.75,0.750000506,-5.06E-07,54.30483703
4513 sec,0.75,0.750000724,-7.24E-07,54.45292632
4513.8 sec,0.75,0.750002264,-2.26E-06,55.50065913
4514.6 sec,0.75,0.750003905,-3.90E-06,56.61615166
4515.3 sec,0.75,0.750001918,-1.92E-06,55.26516752
4515.9 sec,0.75,0.75000065,-6.50E-07,54.40249375
4516.5 sec,0.75,0.750000503,-5.03E-07,54.30253171
4517.4 sec,0.75,0.750001277,-1.28E-06,54.82940585
4518.2 sec,0.75,0.750003629,-3.63E-06,56.42869404
4518.9 sec,0.75,0.750003165,-3.17E-06,56.11308717
4519.5 sec,0.75,0.750001064,-1.06E-06,54.68427498
4520.1 sec,0.75,0.75000047,-4.70E-07,54.28024342
4520.9 sec,0.75,0.75000071,-7.10E-07,54.44338125
4521.8 sec,0.75,0.750002416,-2.42E-06,55.60401288
4522.4 sec,0.75,0.750001106,-1.11E-06,54.7127085
4523 sec,0.75,0.750000506,-5.06E-07,54.30483703
4523.8 sec,0.75,0.750000724,-7.24E-07,54.45292632
4524.7 sec,0.75,0.750002264,-2.26E-06,55.50065913
4525.4 sec,0.75,0.750003905,-3.90E-06,56.61615166
4526.1 sec,0.75,0.750001918,-1.92E-06,55.26516752
4526.7 sec,0.75,0.75000065,-6.50E-07,54.40249375
4527.4 sec,0.75,0.750000503,-5.03E-07,54.30253171
4528.2 sec,0.75,0.750001277,-1.28E-06,54.82940585
4529 sec,0.75,0.750003629,-3.63E-06,56.42869404
4529.7 sec,0.75,0.750003165,-3.17E-06,56.11308717
4530.3 sec,0.75,0.750001064,-1.06E-06,54.68427498
4530.9 sec,0.75,0.75000047,-4.70E-07,54.28024342
4531.7 sec,0.75,0.75000071,-7.10E-07,54.44338125
4532.6 sec,0.75,0.750002416,-2.42E-06,55.60401288
4533.2 sec,0.75,0.750001106,-1.11E-06,54.7127085
4533.8 sec,0.75,0.750000506,-5.06E-07,54.30483703
4534.6 sec,0.75,0.750000724,-7.24E-07,54.45292632
4535.5 sec,0.75,0.750002264,-2.26E-06,55.50065913
4536.2 sec,0.75,0.750003905,-3.90E-06,56.61615166
4536.9 sec,0.75,0.750001918,-1.92E-06,55.26516752
4537.5 sec,0.75,0.75000065,-6.50E-07,54.40249375
4538.2 sec,0.75,0.750000503,-5.03E-07,54.30253171
4539 sec,0.75,0.750001277,-1.28E-06,54.82940585
4539.8 sec,0.75,0.750003629,-3.63E-06,56.42869404
4540.5 sec,0.75,0.750003165,-3.17E-06,56.11308717
4541.1 sec,0.75,0.750001064,-1.06E-06,54.68427498
4541.8 sec,0.75,0.75000047,-4.70E-07,54.28024342
4542.5 sec,0.75,0.75000071,-7.10E-07,54.44338125
4543.4 sec,0.75,0.750002416,-2.42E-06,55.60401288
4544 sec,0.75,0.750001106,-1.11E-06,54.7127085
4544.7 sec,0.75,0.750000506,-5.06E-07,54.30483703
4545.4 sec,0.75,0.750000724,-7.24E-07,54.45292632
4546.3 sec,0.75,0.750002264,-2.26E-06,55.50065913
4547.1 sec,0.75,0.750003905,-3.90E-06,56.61615166
4547.7 sec,0.75,0.750001918,-1.92E-06,55.26516752
4548.3 sec,0.75,0.75000065,-6.50E-07,54.40249375
4549 sec,0.75,0.750000503,-5.03E-07,54.30253171
4549.8 sec,0.75,0.750001277,-1.28E-06,54.82940585
4550.7 sec,0.75,0.750003629,-3.63E-06,56.42869404
4551.4 sec,0.75,0.750003165,-3.17E-06,56.11308717
4551.9 sec,0.75,0.750001064,-1.06E-06,54.68427498
4552.6 sec,0.75,0.75000047,-4.70E-07,54.28024342
4553.3 sec,0.75,0.75000071,-7.10E-07,54.44338125
4554.2 sec,0.75,0.750002416,-2.42E-06,55.60401288
4554.8 sec,0.75,0.750001106,-1.11E-06,54.7127085
4555.5 sec,0.75,0.750000506,-5.06E-07,54.30483703
4556.2 sec,0.75,0.750000724,-7.24E-07,54.45292632
4557.1 sec,0.75,0.750002264,-2.26E-06,55.50065913
4557.9 sec,0.75,0.750003905,-3.90E-06,56.61615166
4558.5 sec,0.75,0.750001918,-1.92E-06,55.26516752
4559.1 sec,0.75,0.75000065,-6.50E-07,54.40249375
4559.8 sec,0.75,0.750000503,-5.03E-07,54.30253171
4560.6 sec,0.75,0.750001277,-1.28E-06,54.82940585
4561.5 sec,0.75,0.750003629,-3.63E-06,56.42869404
4562.2 sec,0.75,0.750003165,-3.17E-06,56.11308717
4562.8 sec,0.75,0.750001064,-1.06E-06,54.68427498
4563.4 sec,0.75,0.75000047,-4.70E-07,54.28024342
4564.1 sec,0.75,0.75000071,-7.10E-07,54.44338125
4565 sec,0.75,0.750002416,-2.42E-06,55.60401288
4565.6 sec,0.75,0.750001106,-1.11E-06,54.7127085
4566.3 sec,0.75,0.750000506,-5.06E-07,54.30483703
4567 sec,0.75,0.750000724,-7.24E-07,54.45292632
4567.9 sec,0.75,0.750002264,-2.26E-06,55.50065913
4568.7 sec,0.75,0.750003905,-3.90E-06,56.61615166
4569.3 sec,0.75,0.750001918,-1.92E-06,55.26516752
4569.9 sec,0.75,0.75000065,-6.50E-07,54.40249375
4570.6 sec,0.75,0.750000503,-5.03E-07,54.30253171
4571.4 sec,0.75,0.750001277,-1.28E-06,54.82940585
4572.3 sec,0.75,0.750003629,-3.63E-06,56.42869404
4573 sec,0.75,0.750003165,-3.17E-06,56.11308717
4573.6 sec,0.75,0.750001064,-1.06E-06,54.68427498
4574.2 sec,0.75,0.75000047,-4.70E-07,54.28024342
4575 sec,0.75,0.75000071,-7.10E-07,54.44338125
4575.8 sec,0.75,0.750002416,-2.42E-06,55.60401288
4576.5 sec,0.75,0.750001106,-1.11E-06,54.7127085
4577.1 sec,0.75,0.750000506,-5.06E-07,54.30483703
4577.8 sec,0.75,0.750000724,-7.24E-07,54.45292632
4578.7 sec,0.75,0.750002264,-2.26E-06,55.50065913
4579.5 sec,0.75,0.750003905,-3.90E-06,56.61615166
4580.1 sec,0.75,0.750001918,-1.92E-06,55.26516752
4580.7 sec,0.75,0.75000065,-6.50E-07,54.40249375
4581.4 sec,0.75,0.750000503,-5.03E-07,54.30253171
4582.2 sec,0.75,0.750001277,-1.28E-06,54.82940585
4583.1 sec,0.75,0.750003629,-3.63E-06,56.42869404
4583.8 sec,0.75,0.750003165,-3.17E-06,56.11308717
4584.4 sec,0.75,0.750001064,-1.06E-06,54.68427498
4585 sec,0.75,0.75000047,-4.70E-07,54.28024342
4585.8 sec,0.75,0.75000071,-7.10E-07,54.44338125
4586.6 sec,0.75,0.750002416,-2.42E-06,55.60401288
4587.3 sec,0.75,0.750001106,-1.11E-06,54.7127085
4587.9 sec,0.75,0.750000506,-5.06E-07,54.30483703
4588.7 sec,0.75,0.750000724,-7.24E-07,54.45292632
4589.5 sec,0.75,0.750002264,-2.26E-06,55.50065913
4590.3 sec,0.75,0.750003905,-3.90E-06,56.61615166
4590.9 sec,0.75,0.750001918,-1.92E-06,55.26516752
4591.5 sec,0.75,0.75000065,-6.50E-07,54.40249375
4592.2 sec,0.75,0.750000503,-5.03E-07,54.30253171
4593.1 sec,0.75,0.750001277,-1.28E-06,54.82940585
4593.9 sec,0.75,0.750003629,-3.63E-06,56.42869404
4594.6 sec,0.75,0.750003165,-3.17E-06,56.11308717
4595.2 sec,0.75,0.750001064,-1.06E-06,54.68427498
4595.8 sec,0.75,0.75000047,-4.70E-07,54.28024342
4596.6 sec,0.75,0.75000071,-7.10E-07,54.44338125
4597.5 sec,0.75,0.750002416,-2.42E-06,55.60401288
4598.1 sec,0.75,0.750001106,-1.11E-06,54.7127085
4598.7 sec,0.75,0.750000506,-5.06E-07,54.30483703
4599.5 sec,0.75,0.750000724,-7.24E-07,54.45292632
4600.3 sec,0.75,0.750002264,-2.26E-06,55.50065913
4601.1 sec,0.75,0.750003905,-3.90E-06,56.61615166
4601.8 sec,0.75,0.750001918,-1.92E-06,55.26516752
4602.3 sec,0.75,0.75000065,-6.50E-07,54.40249375
4603 sec,0.75,0.750000503,-5.03E-07,54.30253171
4603.9 sec,0.75,0.750001277,-1.28E-06,54.82940585
4604.7 sec,0.75,0.750003629,-3.63E-06,56.42869404
4605.4 sec,0.75,0.750003165,-3.17E-06,56.11308717
4606 sec,0.75,0.750001064,-1.06E-06,54.68427498
4606.6 sec,0.75,0.75000047,-4.70E-07,54.28024342
4607.4 sec,0.75,0.75000071,-7.10E-07,54.44338125
4608.3 sec,0.75,0.750002416,-2.42E-06,55.60401288
4608.9 sec,0.75,0.750001106,-1.11E-06,54.7127085
4609.5 sec,0.75,0.750000506,-5.06E-07,54.30483703
4610.3 sec,0.75,0.750000724,-7.24E-07,54.45292632
4611.1 sec,0.75,0.750002264,-2.26E-06,55.50065913
4611.9 sec,0.75,0.750003905,-3.90E-06,56.61615166
4612.6 sec,0.75,0.750001918,-1.92E-06,55.26516752
4613.2 sec,0.75,0.75000065,-6.50E-07,54.40249375
4613.8 sec,0.75,0.750000503,-5.03E-07,54.30253171
4614.7 sec,0.75,0.750001277,-1.28E-06,54.82940585
4615.5 sec,0.75,0.750003629,-3.63E-06,56.42869404
4616.2 sec,0.75,0.750003165,-3.17E-06,56.11308717
4616.8 sec,0.75,0.750001064,-1.06E-06,54.68427498
4617.4 sec,0.75,0.75000047,-4.70E-07,54.28024342
4618.2 sec,0.75,0.75000071,-7.10E-07,54.44338125
4619.1 sec,0.75,0.750002416,-2.42E-06,55.60401288
4619.7 sec,0.75,0.750001106,-1.11E-06,54.7127085
4620.3 sec,0.75,0.750000506,-5.06E-07,54.30483703
4621.1 sec,0.75,0.750000724,-7.24E-07,54.45292632
4622 sec,0.75,0.750002264,-2.26E-06,55.50065913
4622.7 sec,0.75,0.750003905,-3.90E-06,56.61615166
4623.4 sec,0.75,0.750001918,-1.92E-06,55.26516752
4624 sec,0.75,0.75000065,-6.50E-07,54.40249375
4624.7 sec,0.75,0.750000503,-5.03E-07,54.30253171
4625.5 sec,0.75,0.750001277,-1.28E-06,54.82940585
4626.3 sec,0.75,0.750003629,-3.63E-06,56.42869404
4627 sec,0.75,0.750003165,-3.17E-06,56.11308717
4627.6 sec,0.75,0.750001064,-1.06E-06,54.68427498
4628.2 sec,0.75,0.75000047,-4.70E-07,54.28024342
4629 sec,0.75,0.75000071,-7.10E-07,54.44338125
4629.9 sec,0.75,0.750002416,-2.42E-06,55.60401288
4630.5 sec,0.75,0.750001106,-1.11E-06,54.7127085
4631.1 sec,0.75,0.750000506,-5.06E-07,54.30483703
4631.9 sec,0.75,0.750000724,-7.24E-07,54.45292632
4632.8 sec,0.75,0.750002264,-2.26E-06,55.50065913
4633.5 sec,0.75,0.750003905,-3.90E-06,56.61615166
4634.2 sec,0.75,0.750001918,-1.92E-06,55.26516752
4634.8 sec,0.75,0.75000065,-6.50E-07,54.40249375
4635.5 sec,0.75,0.750000503,-5.03E-07,54.30253171
4636.3 sec,0.75,0.750001277,-1.28E-06,54.82940585
4637.1 sec,0.75,0.750003629,-3.63E-06,56.42869404
4637.8 sec,0.75,0.750003165,-3.17E-06,56.11308717
4638.4 sec,0.75,0.750001064,-1.06E-06,54.68427498
4639.1 sec,0.75,0.75000047,-4.70E-07,54.28024342
4639.8 sec,0.75,0.75000071,-7.10E-07,54.44338125
4640.7 sec,0.75,0.750002416,-2.42E-06,55.60401288
4641.3 sec,0.75,0.750001106,-1.11E-06,54.7127085
4642 sec,0.75,0.750000506,-5.06E-07,54.30483703
4642.7 sec,0.75,0.750000724,-7.24E-07,54.45292632
4643.6 sec,0.75,0.750002264,-2.26E-06,55.50065913
4644.4 sec,0.75,0.750003905,-3.90E-06,56.61615166
4645 sec,0.75,0.750001918,-1.92E-06,55.26516752
4645.6 sec,0.75,0.75000065,-6.50E-07,54.40249375
4646.3 sec,0.75,0.750000503,-5.03E-07,54.30253171
4647.1 sec,0.75,0.750001277,-1.28E-06,54.82940585
4648 sec,0.75,0.750003629,-3.63E-06,56.42869404
4648.7 sec,0.75,0.750003165,-3.17E-06,56.11308717
4649.2 sec,0.75,0.750001064,-1.06E-06,54.68427498
4649.9 sec,0.75,0.75000047,-4.70E-07,54.28024342
4650.6 sec,0.75,0.75000071,-7.10E-07,54.44338125
4651.5 sec,0.75,0.750002416,-2.42E-06,55.60401288
4652.1 sec,0.75,0.750001106,-1.11E-06,54.7127085
4652.8 sec,0.75,0.750000506,-5.06E-07,54.30483703
4653.5 sec,0.75,0.750000724,-7.24E-07,54.45292632
4654.4 sec,0.75,0.750002264,-2.26E-06,55.50065913
4655.2 sec,0.75,0.750003905,-3.90E-06,56.61615166
4655.8 sec,0.75,0.750001918,-1.92E-06,55.26516752
4656.4 sec,0.75,0.75000065,-6.50E-07,54.40249375
4657.1 sec,0.75,0.750000503,-5.03E-07,54.30253171
4657.9 sec,0.75,0.750001277,-1.28E-06,54.82940585
4658.8 sec,0.75,0.750003629,-3.63E-06,56.42869404
4659.5 sec,0.75,0.750003165,-3.17E-06,56.11308717
4660.1 sec,0.75,0.750001064,-1.06E-06,54.68427498
4660.7 sec,0.75,0.75000047,-4.70E-07,54.28024342
4661.4 sec,0.75,0.75000071,-7.10E-07,54.44338125
4662.3 sec,0.75,0.750002416,-2.42E-06,55.60401288
4662.9 sec,0.75,0.750001106,-1.11E-06,54.7127085
4663.6 sec,0.75,0.750000506,-5.06E-07,54.30483703
4664.3 sec,0.75,0.750000724,-7.24E-07,54.45292632
4665.2 sec,0.75,0.750002264,-2.26E-06,55.50065913
4666 sec,0.75,0.750003905,-3.90E-06,56.61615166
4666.6 sec,0.75,0.750001918,-1.92E-06,55.26516752
4667.2 sec,0.75,0.75000065,-6.50E-07,54.40249375
4667.9 sec,0.75,0.750000503,-5.03E-07,54.30253171
4668.7 sec,0.75,0.750001277,-1.28E-06,54.82940585
4669.6 sec,0.75,0.750003629,-3.63E-06,56.42869404
4670.3 sec,0.75,0.750003165,-3.17E-06,56.11308717
4670.9 sec,0.75,0.750001064,-1.06E-06,54.68427498
4671.5 sec,0.75,0.75000047,-4.70E-07,54.28024342
4672.3 sec,0.75,0.75000071,-7.10E-07,54.44338125
4673.1 sec,0.75,0.750002416,-2.42E-06,55.60401288
4673.8 sec,0.75,0.750001106,-1.11E-06,54.7127085
4674.4 sec,0.75,0.750000506,-5.06E-07,54.30483703
4675.1 sec,0.75,0.750000724,-7.24E-07,54.45292632
4676 sec,0.75,0.750002264,-2.26E-06,55.50065913
4676.8 sec,0.75,0.750003905,-3.90E-06,56.61615166
4677.4 sec,0.75,0.750001918,-1.92E-06,55.26516752
4678 sec,0.75,0.75000065,-6.50E-07,54.40249375
4678.7 sec,0.75,0.750000503,-5.03E-07,54.30253171
4679.5 sec,0.75,0.750001277,-1.28E-06,54.82940585
4680.4 sec,0.75,0.750003629,-3.63E-06,56.42869404
4681.1 sec,0.75,0.750003165,-3.17E-06,56.11308717
4681.7 sec,0.75,0.750001064,-1.06E-06,54.68427498
4682.3 sec,0.75,0.75000047,-4.70E-07,54.28024342
4683.1 sec,0.75,0.75000071,-7.10E-07,54.44338125
4683.9 sec,0.75,0.750002416,-2.42E-06,55.60401288
4684.6 sec,0.75,0.750001106,-1.11E-06,54.7127085
4685.2 sec,0.75,0.750000506,-5.06E-07,54.30483703
4686 sec,0.75,0.750000724,-7.24E-07,54.45292632
4686.8 sec,0.75,0.750002264,-2.26E-06,55.50065913
4687.6 sec,0.75,0.750003905,-3.90E-06,56.61615166
4688.2 sec,0.75,0.750001918,-1.92E-06,55.26516752
4688.8 sec,0.75,0.75000065,-6.50E-07,54.40249375
4689.5 sec,0.75,0.750000503,-5.03E-07,54.30253171
4690.4 sec,0.75,0.750001277,-1.28E-06,54.82940585
4691.2 sec,0.75,0.750003629,-3.63E-06,56.42869404
4691.9 sec,0.75,0.750003165,-3.17E-06,56.11308717
4692.5 sec,0.75,0.750001064,-1.06E-06,54.68427498
4693.1 sec,0.75,0.75000047,-4.70E-07,54.28024342
4693.9 sec,0.75,0.75000071,-7.10E-07,54.44338125
4694.8 sec,0.75,0.750002416,-2.42E-06,55.60401288
4695.4 sec,0.75,0.750001106,-1.11E-06,54.7127085
4696 sec,0.75,0.750000506,-5.06E-07,54.30483703
4696.8 sec,0.75,0.750000724,-7.24E-07,54.45292632
4697.6 sec,0.75,0.750002264,-2.26E-06,55.50065913
4698.4 sec,0.75,0.750003905,-3.90E-06,56.61615166
4699.1 sec,0.75,0.750001918,-1.92E-06,55.26516752
4699.6 sec,0.75,0.75000065,-6.50E-07,54.40249375
4700.3 sec,0.75,0.750000503,-5.03E-07,54.30253171
4701.2 sec,0.75,0.750001277,-1.28E-06,54.82940585
4702 sec,0.75,0.750003629,-3.63E-06,56.42869404
4702.7 sec,0.75,0.750003165,-3.17E-06,56.11308717
4703.3 sec,0.75,0.750001064,-1.06E-06,54.68427498
4703.9 sec,0.75,0.75000047,-4.70E-07,54.28024342
4704.7 sec,0.75,0.75000071,-7.10E-07,54.44338125
4705.6 sec,0.75,0.750002416,-2.42E-06,55.60401288
4706.2 sec,0.75,0.750001106,-1.11E-06,54.7127085
4706.8 sec,0.75,0.750000506,-5.06E-07,54.30483703
4707.6 sec,0.75,0.750000724,-7.24E-07,54.45292632
4708.4 sec,0.75,0.750002264,-2.26E-06,55.50065913
4709.2 sec,0.75,0.750003905,-3.90E-06,56.61615166
4709.9 sec,0.75,0.750001918,-1.92E-06,55.26516752
4710.5 sec,0.75,0.75000065,-6.50E-07,54.40249375
4711.1 sec,0.75,0.750000503,-5.03E-07,54.30253171
4712 sec,0.75,0.750001277,-1.28E-06,54.82940585
4712.8 sec,0.75,0.750003629,-3.63E-06,56.42869404
4713.5 sec,0.75,0.750003165,-3.17E-06,56.11308717
4714.1 sec,0.75,0.750001064,-1.06E-06,54.68427498
4714.7 sec,0.75,0.75000047,-4.70E-07,54.28024342
4715.5 sec,0.75,0.75000071,-7.10E-07,54.44338125
4716.4 sec,0.75,0.750002416,-2.42E-06,55.60401288
4717 sec,0.75,0.750001106,-1.11E-06,54.7127085
4717.6 sec,0.75,0.750000506,-5.06E-07,54.30483703
4718.4 sec,0.75,0.750000724,-7.24E-07,54.45292632
4719.3 sec,0.75,0.750002264,-2.26E-06,55.50065913
4720 sec,0.75,0.750003905,-3.90E-06,56.61615166
4720.7 sec,0.75,0.750001918,-1.92E-06,55.26516752
4721.3 sec,0.75,0.75000065,-6.50E-07,54.40249375
4722 sec,0.75,0.750000503,-5.03E-07,54.30253171
4722.8 sec,0.75,0.750001277,-1.28E-06,54.82940585
4723.6 sec,0.75,0.750003629,-3.63E-06,56.42869404
4724.3 sec,0.75,0.750003165,-3.17E-06,56.11308717
4724.9 sec,0.75,0.750001064,-1.06E-06,54.68427498
4725.5 sec,0.75,0.75000047,-4.70E-07,54.28024342
4726.3 sec,0.75,0.75000071,-7.10E-07,54.44338125
4727.2 sec,0.75,0.750002416,-2.42E-06,55.60401288
4727.8 sec,0.75,0.750001106,-1.11E-06,54.7127085
4728.4 sec,0.75,0.750000506,-5.06E-07,54.30483703
4729.2 sec,0.75,0.750000724,-7.24E-07,54.45292632
4730.1 sec,0.75,0.750002264,-2.26E-06,55.50065913
4730.8 sec,0.75,0.750003905,-3.90E-06,56.61615166
4731.5 sec,0.75,0.750001918,-1.92E-06,55.26516752
4732.1 sec,0.75,0.75000065,-6.50E-07,54.40249375
4732.8 sec,0.75,0.750000503,-5.03E-07,54.30253171
4733.6 sec,0.75,0.750001277,-1.28E-06,54.82940585
4734.4 sec,0.75,0.750003629,-3.63E-06,56.42869404
4735.1 sec,0.75,0.750003165,-3.17E-06,56.11308717
4735.7 sec,0.75,0.750001064,-1.06E-06,54.68427498
4736.4 sec,0.75,0.75000047,-4.70E-07,54.28024342
4737.1 sec,0.75,0.75000071,-7.10E-07,54.44338125
4738 sec,0.75,0.750002416,-2.42E-06,55.60401288
4738.6 sec,0.75,0.750001106,-1.11E-06,54.7127085
4739.3 sec,0.75,0.750000506,-5.06E-07,54.30483703
4740 sec,0.75,0.750000724,-7.24E-07,54.45292632
4740.9 sec,0.75,0.750002264,-2.26E-06,55.50065913
4741.7 sec,0.75,0.750003905,-3.90E-06,56.61615166
4742.3 sec,0.75,0.750001918,-1.92E-06,55.26516752
4742.9 sec,0.75,0.75000065,-6.50E-07,54.40249375
4743.6 sec,0.75,0.750000503,-5.03E-07,54.30253171
4744.4 sec,0.75,0.750001277,-1.28E-06,54.82940585
4745.3 sec,0.75,0.750003629,-3.63E-06,56.42869404
4746 sec,0.75,0.750003165,-3.17E-06,56.11308717
4746.5 sec,0.75,0.750001064,-1.06E-06,54.68427498
4747.2 sec,0.75,0.75000047,-4.70E-07,54.28024342
4747.9 sec,0.75,0.75000071,-7.10E-07,54.44338125
4748.8 sec,0.75,0.750002416,-2.42E-06,55.60401288
4749.4 sec,0.75,0.750001106,-1.11E-06,54.7127085
4750.1 sec,0.75,0.750000506,-5.06E-07,54.30483703
4750.8 sec,0.75,0.750000724,-7.24E-07,54.45292632
4751.7 sec,0.75,0.750002264,-2.26E-06,55.50065913
4752.5 sec,0.75,0.750003905,-3.90E-06,56.61615166
4753.1 sec,0.75,0.750001918,-1.92E-06,55.26516752
4753.7 sec,0.75,0.75000065,-6.50E-07,54.40249375
4754.4 sec,0.75,0.750000503,-5.03E-07,54.30253171
4755.2 sec,0.75,0.750001277,-1.28E-06,54.82940585
4756.1 sec,0.75,0.750003629,-3.63E-06,56.42869404
4756.8 sec,0.75,0.750003165,-3.17E-06,56.11308717
4757.4 sec,0.75,0.750001064,-1.06E-06,54.68427498
4758 sec,0.75,0.75000047,-4.70E-07,54.28024342
4758.7 sec,0.75,0.75000071,-7.10E-07,54.44338125
4759.6 sec,0.75,0.750002416,-2.42E-06,55.60401288
4760.2 sec,0.75,0.750001106,-1.11E-06,54.7127085
4760.9 sec,0.75,0.750000506,-5.06E-07,54.30483703
4761.6 sec,0.75,0.750000724,-7.24E-07,54.45292632
4762.5 sec,0.75,0.750002264,-2.26E-06,55.50065913
4763.3 sec,0.75,0.750003905,-3.90E-06,56.61615166
4763.9 sec,0.75,0.750001918,-1.92E-06,55.26516752
4764.5 sec,0.75,0.75000065,-6.50E-07,54.40249375
4765.2 sec,0.75,0.750000503,-5.03E-07,54.30253171
4766 sec,0.75,0.750001277,-1.28E-06,54.82940585
4766.9 sec,0.75,0.750003629,-3.63E-06,56.42869404
4767.6 sec,0.75,0.750003165,-3.17E-06,56.11308717
4768.2 sec,0.75,0.750001064,-1.06E-06,54.68427498
4768.8 sec,0.75,0.75000047,-4.70E-07,54.28024342
4769.6 sec,0.75,0.75000071,-7.10E-07,54.44338125
4770.4 sec,0.75,0.750002416,-2.42E-06,55.60401288
4771.1 sec,0.75,0.750001106,-1.11E-06,54.7127085
4771.7 sec,0.75,0.750000506,-5.06E-07,54.30483703
4772.4 sec,0.75,0.750000724,-7.24E-07,54.45292632
4773.3 sec,0.75,0.750002264,-2.26E-06,55.50065913
4774.1 sec,0.75,0.750003905,-3.90E-06,56.61615166
4774.7 sec,0.75,0.750001918,-1.92E-06,55.26516752
4775.3 sec,0.75,0.75000065,-6.50E-07,54.40249375
4776 sec,0.75,0.750000503,-5.03E-07,54.30253171
4776.8 sec,0.75,0.750001277,-1.28E-06,54.82940585
4777.7 sec,0.75,0.750003629,-3.63E-06,56.42869404
4778.4 sec,0.75,0.750003165,-3.17E-06,56.11308717
4779 sec,0.75,0.750001064,-1.06E-06,54.68427498
4779.6 sec,0.75,0.75000047,-4.70E-07,54.28024342
4780.4 sec,0.75,0.75000071,-7.10E-07,54.44338125
4781.2 sec,0.75,0.750002416,-2.42E-06,55.60401288
4781.9 sec,0.75,0.750001106,-1.11E-06,54.7127085
4782.5 sec,0.75,0.750000506,-5.06E-07,54.30483703
4783.3 sec,0.75,0.750000724,-7.24E-07,54.45292632
4784.1 sec,0.75,0.750002264,-2.26E-06,55.50065913
4784.9 sec,0.75,0.750003905,-3.90E-06,56.61615166
4785.5 sec,0.75,0.750001918,-1.92E-06,55.26516752
4786.1 sec,0.75,0.75000065,-6.50E-07,54.40249375
4786.8 sec,0.75,0.750000503,-5.03E-07,54.30253171
4787.7 sec,0.75,0.750001277,-1.28E-06,54.82940585
4788.5 sec,0.75,0.750003629,-3.63E-06,56.42869404
4789.2 sec,0.75,0.750003165,-3.17E-06,56.11308717
4789.8 sec,0.75,0.750001064,-1.06E-06,54.68427498
4790.4 sec,0.75,0.75000047,-4.70E-07,54.28024342
4791.2 sec,0.75,0.75000071,-7.10E-07,54.44338125
4792.1 sec,0.75,0.750002416,-2.42E-06,55.60401288
4792.7 sec,0.75,0.750001106,-1.11E-06,54.7127085
4793.3 sec,0.75,0.750000506,-5.06E-07,54.30483703
4794.1 sec,0.75,0.750000724,-7.24E-07,54.45292632
4794.9 sec,0.75,0.750002264,-2.26E-06,55.50065913
4795.7 sec,0.75,0.750003905,-3.90E-06,56.61615166
4796.4 sec,0.75,0.750001918,-1.92E-06,55.26516752
4796.9 sec,0.75,0.75000065,-6.50E-07,54.40249375
4797.6 sec,0.75,0.750000503,-5.03E-07,54.30253171
4798.5 sec,0.75,0.750001277,-1.28E-06,54.82940585
4799.3 sec,0.75,0.750003629,-3.63E-06,56.42869404
4800 sec,0.75,0.750003165,-3.17E-06,56.11308717
4800.6 sec,0.75,0.750001064,-1.06E-06,54.68427498
4801.2 sec,0.75,0.75000047,-4.70E-07,54.28024342
4802 sec,0.75,0.75000071,-7.10E-07,54.44338125
4802.9 sec,0.75,0.750002416,-2.42E-06,55.60401288
4803.5 sec,0.75,0.750001106,-1.11E-06,54.7127085
4804.1 sec,0.75,0.750000506,-5.06E-07,54.30483703
4804.9 sec,0.75,0.750000724,-7.24E-07,54.45292632
4805.7 sec,0.75,0.750002264,-2.26E-06,55.50065913
4806.5 sec,0.75,0.750003905,-3.90E-06,56.61615166
4807.2 sec,0.75,0.750001918,-1.92E-06,55.26516752
4807.8 sec,0.75,0.75000065,-6.50E-07,54.40249375
4808.4 sec,0.75,0.750000503,-5.03E-07,54.30253171
4809.3 sec,0.75,0.750001277,-1.28E-06,54.82940585
4810.1 sec,0.75,0.750003629,-3.63E-06,56.42869404
4810.8 sec,0.75,0.750003165,-3.17E-06,56.11308717
4811.4 sec,0.75,0.750001064,-1.06E-06,54.68427498
4812 sec,0.75,0.75000047,-4.70E-07,54.28024342
4812.8 sec,0.75,0.75000071,-7.10E-07,54.44338125
4813.7 sec,0.75,0.750002416,-2.42E-06,55.60401288
4814.3 sec,0.75,0.750001106,-1.11E-06,54.7127085
4814.9 sec,0.75,0.750000506,-5.06E-07,54.30483703
4815.7 sec,0.75,0.750000724,-7.24E-07,54.45292632
4816.6 sec,0.75,0.750002264,-2.26E-06,55.50065913
4817.3 sec,0.75,0.750003905,-3.90E-06,56.61615166
4818 sec,0.75,0.750001918,-1.92E-06,55.26516752
4818.6 sec,0.75,0.75000065,-6.50E-07,54.40249375
4819.3 sec,0.75,0.750000503,-5.03E-07,54.30253171
4820.1 sec,0.75,0.750001277,-1.28E-06,54.82940585
4820.9 sec,0.75,0.750003629,-3.63E-06,56.42869404
4821.6 sec,0.75,0.750003165,-3.17E-06,56.11308717
4822.2 sec,0.75,0.750001064,-1.06E-06,54.68427498
4822.8 sec,0.75,0.75000047,-4.70E-07,54.28024342
4823.6 sec,0.75,0.75000071,-7.10E-07,54.44338125
4824.5 sec,0.75,0.750002416,-2.42E-06,55.60401288
4825.1 sec,0.75,0.750001106,-1.11E-06,54.7127085
4825.7 sec,0.75,0.750000506,-5.06E-07,54.30483703
4826.5 sec,0.75,0.750000724,-7.24E-07,54.45292632
4827.4 sec,0.75,0.750002264,-2.26E-06,55.50065913
4828.1 sec,0.75,0.750003905,-3.90E-06,56.61615166
4828.8 sec,0.75,0.750001918,-1.92E-06,55.26516752
4829.4 sec,0.75,0.75000065,-6.50E-07,54.40249375
4830.1 sec,0.75,0.750000503,-5.03E-07,54.30253171
4830.9 sec,0.75,0.750001277,-1.28E-06,54.82940585
4831.7 sec,0.75,0.750003629,-3.63E-06,56.42869404
4832.4 sec,0.75,0.750003165,-3.17E-06,56.11308717
4833 sec,0.75,0.750001064,-1.06E-06,54.68427498
4833.7 sec,0.75,0.75000047,-4.70E-07,54.28024342
4834.4 sec,0.75,0.75000071,-7.10E-07,54.44338125
4835.3 sec,0.75,0.750002416,-2.42E-06,55.60401288
4835.9 sec,0.75,0.750001106,-1.11E-06,54.7127085
4836.6 sec,0.75,0.750000506,-5.06E-07,54.30483703
4837.3 sec,0.75,0.750000724,-7.24E-07,54.45292632
4838.2 sec,0.75,0.750002264,-2.26E-06,55.50065913
4839 sec,0.75,0.750003905,-3.90E-06,56.61615166
4839.6 sec,0.75,0.750001918,-1.92E-06,55.26516752
4840.2 sec,0.75,0.75000065,-6.50E-07,54.40249375
4840.9 sec,0.75,0.750000503,-5.03E-07,54.30253171
4841.7 sec,0.75,0.750001277,-1.28E-06,54.82940585
4842.6 sec,0.75,0.750003629,-3.63E-06,56.42869404
4843.3 sec,0.75,0.750003165,-3.17E-06,56.11308717
4843.8 sec,0.75,0.750001064,-1.06E-06,54.68427498
4844.5 sec,0.75,0.75000047,-4.70E-07,54.28024342
4845.2 sec,0.75,0.75000071,-7.10E-07,54.44338125
4846.1 sec,0.75,0.750002416,-2.42E-06,55.60401288
4846.7 sec,0.75,0.750001106,-1.11E-06,54.7127085
4847.4 sec,0.75,0.750000506,-5.06E-07,54.30483703
4848.1 sec,0.75,0.750000724,-7.24E-07,54.45292632
4849 sec,0.75,0.750002264,-2.26E-06,55.50065913
4849.8 sec,0.75,0.750003905,-3.90E-06,56.61615166
4850.4 sec,0.75,0.750001918,-1.92E-06,55.26516752
4851 sec,0.75,0.75000065,-6.50E-07,54.40249375
4851.7 sec,0.75,0.750000503,-5.03E-07,54.30253171
4852.5 sec,0.75,0.750001277,-1.28E-06,54.82940585
4853.4 sec,0.75,0.750003629,-3.63E-06,56.42869404
4854.1 sec,0.75,0.750003165,-3.17E-06,56.11308717
4854.7 sec,0.75,0.750001064,-1.06E-06,54.68427498
4855.3 sec,0.75,0.75000047,-4.70E-07,54.28024342
4856 sec,0.75,0.75000071,-7.10E-07,54.44338125
4856.9 sec,0.75,0.750002416,-2.42E-06,55.60401288
4857.5 sec,0.75,0.750001106,-1.11E-06,54.7127085
4858.2 sec,0.75,0.750000506,-5.06E-07,54.30483703
4858.9 sec,0.75,0.750000724,-7.24E-07,54.45292632
4859.8 sec,0.75,0.750002264,-2.26E-06,55.50065913
4860.6 sec,0.75,0.750003905,-3.90E-06,56.61615166
4861.2 sec,0.75,0.750001918,-1.92E-06,55.26516752
4861.8 sec,0.75,0.75000065,-6.50E-07,54.40249375
4862.5 sec,0.75,0.750000503,-5.03E-07,54.30253171
4863.3 sec,0.75,0.750001277,-1.28E-06,54.82940585
4864.2 sec,0.75,0.750003629,-3.63E-06,56.42869404
4864.9 sec,0.75,0.750003165,-3.17E-06,56.11308717
4865.5 sec,0.75,0.750001064,-1.06E-06,54.68427498
4866.1 sec,0.75,0.75000047,-4.70E-07,54.28024342
4866.9 sec,0.75,0.75000071,-7.10E-07,54.44338125
4867.7 sec,0.75,0.750002416,-2.42E-06,55.60401288
4868.4 sec,0.75,0.750001106,-1.11E-06,54.7127085
4869 sec,0.75,0.750000506,-5.06E-07,54.30483703
4869.7 sec,0.75,0.750000724,-7.24E-07,54.45292632
4870.6 sec,0.75,0.750002264,-2.26E-06,55.50065913
4871.4 sec,0.75,0.750003905,-3.90E-06,56.61615166
4872 sec,0.75,0.750001918,-1.92E-06,55.26516752
4872.6 sec,0.75,0.75000065,-6.50E-07,54.40249375
4873.3 sec,0.75,0.750000503,-5.03E-07,54.30253171
4874.1 sec,0.75,0.750001277,-1.28E-06,54.82940585
4875 sec,0.75,0.750003629,-3.63E-06,56.42869404
4875.7 sec,0.75,0.750003165,-3.17E-06,56.11308717
4876.3 sec,0.75,0.750001064,-1.06E-06,54.68427498
4876.9 sec,0.75,0.75000047,-4.70E-07,54.28024342
4877.7 sec,0.75,0.75000071,-7.10E-07,54.44338125
4878.5 sec,0.75,0.750002416,-2.42E-06,55.60401288
4879.2 sec,0.75,0.750001106,-1.11E-06,54.7127085
4879.8 sec,0.75,0.750000506,-5.06E-07,54.30483703
4880.6 sec,0.75,0.750000724,-7.24E-07,54.45292632
4881.4 sec,0.75,0.750002264,-2.26E-06,55.50065913
4882.2 sec,0.75,0.750003905,-3.90E-06,56.61615166
4882.8 sec,0.75,0.750001918,-1.92E-06,55.26516752
4883.4 sec,0.75,0.75000065,-6.50E-07,54.40249375
4884.1 sec,0.75,0.750000503,-5.03E-07,54.30253171
4885 sec,0.75,0.750001277,-1.28E-06,54.82940585
4885.8 sec,0.75,0.750003629,-3.63E-06,56.42869404
4886.5 sec,0.75,0.750003165,-3.17E-06,56.11308717
4887.1 sec,0.75,0.750001064,-1.06E-06,54.68427498
4887.7 sec,0.75,0.75000047,-4.70E-07,54.28024342
4888.5 sec,0.75,0.75000071,-7.10E-07,54.44338125
4889.4 sec,0.75,0.750002416,-2.42E-06,55.60401288
4890 sec,0.75,0.750001106,-1.11E-06,54.7127085
4890.6 sec,0.75,0.750000506,-5.06E-07,54.30483703
4891.4 sec,0.75,0.750000724,-7.24E-07,54.45292632
4892.2 sec,0.75,0.750002264,-2.26E-06,55.50065913
4893 sec,0.75,0.750003905,-3.90E-06,56.61615166
4893.7 sec,0.75,0.750001918,-1.92E-06,55.26516752
4894.2 sec,0.75,0.75000065,-6.50E-07,54.40249375
4894.9 sec,0.75,0.750000503,-5.03E-07,54.30253171
4895.8 sec,0.75,0.750001277,-1.28E-06,54.82940585
4896.6 sec,0.75,0.750003629,-3.63E-06,56.42869404
4897.3 sec,0.75,0.750003165,-3.17E-06,56.11308717
4897.9 sec,0.75,0.750001064,-1.06E-06,54.68427498
4898.5 sec,0.75,0.75000047,-4.70E-07,54.28024342
4899.3 sec,0.75,0.75000071,-7.10E-07,54.44338125
4900.2 sec,0.75,0.750002416,-2.42E-06,55.60401288
4900.8 sec,0.75,0.750001106,-1.11E-06,54.7127085
4901.4 sec,0.75,0.750000506,-5.06E-07,54.30483703
4902.2 sec,0.75,0.750000724,-7.24E-07,54.45292632
4903 sec,0.75,0.750002264,-2.26E-06,55.50065913
4903.8 sec,0.75,0.750003905,-3.90E-06,56.61615166
4904.5 sec,0.75,0.750001918,-1.92E-06,55.26516752
4905.1 sec,0.75,0.75000065,-6.50E-07,54.40249375
4905.7 sec,0.75,0.750000503,-5.03E-07,54.30253171
4906.6 sec,0.75,0.750001277,-1.28E-06,54.82940585
4907.4 sec,0.75,0.750003629,-3.63E-06,56.42869404
4908.1 sec,0.75,0.750003165,-3.17E-06,56.11308717
4908.7 sec,0.75,0.750001064,-1.06E-06,54.68427498
4909.3 sec,0.75,0.75000047,-4.70E-07,54.28024342
4910.1 sec,0.75,0.75000071,-7.10E-07,54.44338125
4911 sec,0.75,0.750002416,-2.42E-06,55.60401288
4911.6 sec,0.75,0.750001106,-1.11E-06,54.7127085
4912.2 sec,0.75,0.750000506,-5.06E-07,54.30483703
4913 sec,0.75,0.750000724,-7.24E-07,54.45292632
4913.9 sec,0.75,0.750002264,-2.26E-06,55.50065913
4914.6 sec,0.75,0.750003905,-3.90E-06,56.61615166
4915.3 sec,0.75,0.750001918,-1.92E-06,55.26516752
4915.9 sec,0.75,0.75000065,-6.50E-07,54.40249375
4916.6 sec,0.75,0.750000503,-5.03E-07,54.30253171
4917.4 sec,0.75,0.750001277,-1.28E-06,54.82940585
4918.2 sec,0.75,0.750003629,-3.63E-06,56.42869404
4918.9 sec,0.75,0.750003165,-3.17E-06,56.11308717
4919.5 sec,0.75,0.750001064,-1.06E-06,54.68427498
4920.1 sec,0.75,0.75000047,-4.70E-07,54.28024342
4920.9 sec,0.75,0.75000071,-7.10E-07,54.44338125
4921.8 sec,0.75,0.750002416,-2.42E-06,55.60401288
4922.4 sec,0.75,0.750001106,-1.11E-06,54.7127085
4923 sec,0.75,0.750000506,-5.06E-07,54.30483703
4923.8 sec,0.75,0.750000724,-7.24E-07,54.45292632
4924.7 sec,0.75,0.750002264,-2.26E-06,55.50065913
4925.4 sec,0.75,0.750003905,-3.90E-06,56.61615166
4926.1 sec,0.75,0.750001918,-1.92E-06,55.26516752
4926.7 sec,0.75,0.75000065,-6.50E-07,54.40249375
4927.4 sec,0.75,0.750000503,-5.03E-07,54.30253171
4928.2 sec,0.75,0.750001277,-1.28E-06,54.82940585
4929 sec,0.75,0.750003629,-3.63E-06,56.42869404
4929.7 sec,0.75,0.750003165,-3.17E-06,56.11308717
4930.3 sec,0.75,0.750001064,-1.06E-06,54.68427498
4931 sec,0.75,0.75000047,-4.70E-07,54.28024342
4931.7 sec,0.75,0.75000071,-7.10E-07,54.44338125
4932.6 sec,0.75,0.750002416,-2.42E-06,55.60401288
4933.2 sec,0.75,0.750001106,-1.11E-06,54.7127085
4933.9 sec,0.75,0.750000506,-5.06E-07,54.30483703
4934.6 sec,0.75,0.750000724,-7.24E-07,54.45292632
4935.5 sec,0.75,0.750002264,-2.26E-06,55.50065913
4936.3 sec,0.75,0.750003905,-3.90E-06,56.61615166
4936.9 sec,0.75,0.750001918,-1.92E-06,55.26516752
4937.5 sec,0.75,0.75000065,-6.50E-07,54.40249375
4938.2 sec,0.75,0.750000503,-5.03E-07,54.30253171
4939 sec,0.75,0.750001277,-1.28E-06,54.82940585
4939.9 sec,0.75,0.750003629,-3.63E-06,56.42869404
4940.6 sec,0.75,0.750003165,-3.17E-06,56.11308717
4941.1 sec,0.75,0.750001064,-1.06E-06,54.68427498
4941.8 sec,0.75,0.75000047,-4.70E-07,54.28024342
4942.5 sec,0.75,0.75000071,-7.10E-07,54.44338125
4943.4 sec,0.75,0.750002416,-2.42E-06,55.60401288
4944 sec,0.75,0.750001106,-1.11E-06,54.7127085
4944.7 sec,0.75,0.750000506,-5.06E-07,54.30483703
4945.4 sec,0.75,0.750000724,-7.24E-07,54.45292632
4946.3 sec,0.75,0.750002264,-2.26E-06,55.50065913
4947.1 sec,0.75,0.750003905,-3.90E-06,56.61615166
4947.7 sec,0.75,0.750001918,-1.92E-06,55.26516752
4948.3 sec,0.75,0.75000065,-6.50E-07,54.40249375
4949 sec,0.75,0.750000503,-5.03E-07,54.30253171
4949.8 sec,0.75,0.750001277,-1.28E-06,54.82940585
4950.7 sec,0.75,0.750003629,-3.63E-06,56.42869404
4951.4 sec,0.75,0.750003165,-3.17E-06,56.11308717
4952 sec,0.75,0.750001064,-1.06E-06,54.68427498
4952.6 sec,0.75,0.75000047,-4.70E-07,54.28024342
4953.3 sec,0.75,0.75000071,-7.10E-07,54.44338125
4954.2 sec,0.75,0.750002416,-2.42E-06,55.60401288
4954.8 sec,0.75,0.750001106,-1.11E-06,54.7127085
4955.5 sec,0.75,0.750000506,-5.06E-07,54.30483703
4956.2 sec,0.75,0.750000724,-7.24E-07,54.45292632
4957.1 sec,0.75,0.750002264,-2.26E-06,55.50065913
4957.9 sec,0.75,0.750003905,-3.90E-06,56.61615166
4958.5 sec,0.75,0.750001918,-1.92E-06,55.26516752
4959.1 sec,0.75,0.75000065,-6.50E-07,54.40249375
4959.8 sec,0.75,0.750000503,-5.03E-07,54.30253171
4960.6 sec,0.75,0.750001277,-1.28E-06,54.82940585
4961.5 sec,0.75,0.750003629,-3.63E-06,56.42869404
4962.2 sec,0.75,0.750003165,-3.17E-06,56.11308717
4962.8 sec,0.75,0.750001064,-1.06E-06,54.68427498
4963.4 sec,0.75,0.75000047,-4.70E-07,54.28024342
4964.2 sec,0.75,0.75000071,-7.10E-07,54.44338125
4965 sec,0.75,0.750002416,-2.42E-06,55.60401288
4965.7 sec,0.75,0.750001106,-1.11E-06,54.7127085
4966.3 sec,0.75,0.750000506,-5.06E-07,54.30483703
4967 sec,0.75,0.750000724,-7.24E-07,54.45292632
4967.9 sec,0.75,0.750002264,-2.26E-06,55.50065913
4968.7 sec,0.75,0.750003905,-3.90E-06,56.61615166
4969.3 sec,0.75,0.750001918,-1.92E-06,55.26516752
4969.9 sec,0.75,0.75000065,-6.50E-07,54.40249375
4970.6 sec,0.75,0.750000503,-5.03E-07,54.30253171
4971.4 sec,0.75,0.750001277,-1.28E-06,54.82940585
4972.3 sec,0.75,0.750003629,-3.63E-06,56.42869404
4973 sec,0.75,0.750003165,-3.17E-06,56.11308717
4973.6 sec,0.75,0.750001064,-1.06E-06,54.68427498
4974.2 sec,0.75,0.75000047,-4.70E-07,54.28024342
4975 sec,0.75,0.75000071,-7.10E-07,54.44338125
4975.8 sec,0.75,0.750002416,-2.42E-06,55.60401288
4976.5 sec,0.75,0.750001106,-1.11E-06,54.7127085
4977.1 sec,0.75,0.750000506,-5.06E-07,54.30483703
4977.9 sec,0.75,0.750000724,-7.24E-07,54.45292632
4978.7 sec,0.75,0.750002264,-2.26E-06,55.50065913
4979.5 sec,0.75,0.750003905,-3.90E-06,56.61615166
4980.1 sec,0.75,0.750001918,-1.92E-06,55.26516752
4980.7 sec,0.75,0.75000065,-6.50E-07,54.40249375
4981.4 sec,0.75,0.750000503,-5.03E-07,54.30253171
4982.3 sec,0.75,0.750001277,-1.28E-06,54.82940585
4983.1 sec,0.75,0.750003629,-3.63E-06,56.42869404
4983.8 sec,0.75,0.750003165,-3.17E-06,56.11308717
4984.4 sec,0.75,0.750001064,-1.06E-06,54.68427498
4985 sec,0.75,0.75000047,-4.70E-07,54.28024342
4985.8 sec,0.75,0.75000071,-7.10E-07,54.44338125
4986.7 sec,0.75,0.750002416,-2.42E-06,55.60401288
4987.3 sec,0.75,0.750001106,-1.11E-06,54.7127085
4987.9 sec,0.75,0.750000506,-5.06E-07,54.30483703
4988.7 sec,0.75,0.750000724,-7.24E-07,54.45292632
4989.5 sec,0.75,0.750002264,-2.26E-06,55.50065913
4990.3 sec,0.75,0.750003905,-3.90E-06,56.61615166
4991 sec,0.75,0.750001918,-1.92E-06,55.26516752
4991.5 sec,0.75,0.75000065,-6.50E-07,54.40249375
4992.2 sec,0.75,0.750000503,-5.03E-07,54.30253171
4993.1 sec,0.75,0.750001277,-1.28E-06,54.82940585
4993.9 sec,0.75,0.750003629,-3.63E-06,56.42869404
4994.6 sec,0.75,0.750003165,-3.17E-06,56.11308717
4995.2 sec,0.75,0.750001064,-1.06E-06,54.68427498
4995.8 sec,0.75,0.75000047,-4.70E-07,54.28024342
4996.6 sec,0.75,0.75000071,-7.10E-07,54.44338125
4997.5 sec,0.75,0.750002416,-2.42E-06,55.60401288
4998.1 sec,0.75,0.750001106,-1.11E-06,54.7127085
4998.7 sec,0.75,0.750000506,-5.06E-07,54.30483703
4999.5 sec,0.75,0.750000724,-7.24E-07,54.45292632
5000.3 sec,0.75,0.750002264,-2.26E-06,55.50065913
5001.1 sec,0.75,0.750003905,-3.90E-06,56.61615166
5001.8 sec,0.75,0.750001918,-1.92E-06,55.26516752
5002.4 sec,0.75,0.75000065,-6.50E-07,54.40249375
5003 sec,0.75,0.750000503,-5.03E-07,54.30253171
5003.9 sec,0.75,0.750001277,-1.28E-06,54.82940585
5004.7 sec,0.75,0.750003629,-3.63E-06,56.42869404
5005.4 sec,0.75,0.750003165,-3.17E-06,56.11308717
5006 sec,0.75,0.750001064,-1.06E-06,54.68427498
5006.6 sec,0.75,0.75000047,-4.70E-07,54.28024342
5007.4 sec,0.75,0.75000071,-7.10E-07,54.44338125
5008.3 sec,0.75,0.750002416,-2.42E-06,55.60401288
5008.9 sec,0.75,0.750001106,-1.11E-06,54.7127085
5009.5 sec,0.75,0.750000506,-5.06E-07,54.30483703
5010.3 sec,0.75,0.750000724,-7.24E-07,54.45292632
5011.2 sec,0.75,0.750002264,-2.26E-06,55.50065913
5011.9 sec,0.75,0.750003905,-3.90E-06,56.61615166
5012.6 sec,0.75,0.750001918,-1.92E-06,55.26516752
5013.2 sec,0.75,0.75000065,-6.50E-07,54.40249375
5013.9 sec,0.75,0.750000503,-5.03E-07,54.30253171
5014.7 sec,0.75,0.750001277,-1.28E-06,54.82940585
5015.5 sec,0.75,0.750003629,-3.63E-06,56.42869404
5016.2 sec,0.75,0.750003165,-3.17E-06,56.11308717
5016.8 sec,0.75,0.750001064,-1.06E-06,54.68427498
5017.4 sec,0.75,0.75000047,-4.70E-07,54.28024342
5018.2 sec,0.75,0.75000071,-7.10E-07,54.44338125
5019.1 sec,0.75,0.750002416,-2.42E-06,55.60401288
5019.7 sec,0.75,0.750001106,-1.11E-06,54.7127085
5020.3 sec,0.75,0.750000506,-5.06E-07,54.30483703
5021.1 sec,0.75,0.750000724,-7.24E-07,54.45292632
5022 sec,0.75,0.750002264,-2.26E-06,55.50065913
5022.7 sec,0.75,0.750003905,-3.90E-06,56.61615166
5023.4 sec,0.75,0.750001918,-1.92E-06,55.26516752
5024 sec,0.75,0.75000065,-6.50E-07,54.40249375
5024.7 sec,0.75,0.750000503,-5.03E-07,54.30253171
5025.5 sec,0.75,0.750001277,-1.28E-06,54.82940585
5026.3 sec,0.75,0.750003629,-3.63E-06,56.42869404
5027 sec,0.75,0.750003165,-3.17E-06,56.11308717
5027.6 sec,0.75,0.750001064,-1.06E-06,54.68427498
5028.3 sec,0.75,0.75000047,-4.70E-07,54.28024342
5029 sec,0.75,0.75000071,-7.10E-07,54.44338125
5029.9 sec,0.75,0.750002416,-2.42E-06,55.60401288
5030.5 sec,0.75,0.750001106,-1.11E-06,54.7127085
5031.2 sec,0.75,0.750000506,-5.06E-07,54.30483703
5031.9 sec,0.75,0.750000724,-7.24E-07,54.45292632
5032.8 sec,0.75,0.750002264,-2.26E-06,55.50065913
5033.6 sec,0.75,0.750003905,-3.90E-06,56.61615166
5034.2 sec,0.75,0.750001918,-1.92E-06,55.26516752
5034.8 sec,0.75,0.75000065,-6.50E-07,54.40249375
5035.5 sec,0.75,0.750000503,-5.03E-07,54.30253171
5036.3 sec,0.75,0.750001277,-1.28E-06,54.82940585
5037.2 sec,0.75,0.750003629,-3.63E-06,56.42869404
5037.9 sec,0.75,0.750003165,-3.17E-06,56.11308717
5038.4 sec,0.75,0.750001064,-1.06E-06,54.68427498
5039.1 sec,0.75,0.75000047,-4.70E-07,54.28024342
5039.8 sec,0.75,0.75000071,-7.10E-07,54.44338125
5040.7 sec,0.75,0.750002416,-2.42E-06,55.60401288
5041.3 sec,0.75,0.750001106,-1.11E-06,54.7127085
5042 sec,0.75,0.750000506,-5.06E-07,54.30483703
5042.7 sec,0.75,0.750000724,-7.24E-07,54.45292632
5043.6 sec,0.75,0.750002264,-2.26E-06,55.50065913
5044.4 sec,0.75,0.750003905,-3.90E-06,56.61615166
5045 sec,0.75,0.750001918,-1.92E-06,55.26516752
5045.6 sec,0.75,0.75000065,-6.50E-07,54.40249375
5046.3 sec,0.75,0.750000503,-5.03E-07,54.30253171
5047.1 sec,0.75,0.750001277,-1.28E-06,54.82940585
5048 sec,0.75,0.750003629,-3.63E-06,56.42869404
5048.7 sec,0.75,0.750003165,-3.17E-06,56.11308717
5049.3 sec,0.75,0.750001064,-1.06E-06,54.68427498
5049.9 sec,0.75,0.75000047,-4.70E-07,54.28024342
5050.6 sec,0.75,0.75000071,-7.10E-07,54.44338125
5051.5 sec,0.75,0.750002416,-2.42E-06,55.60401288
5052.1 sec,0.75,0.750001106,-1.11E-06,54.7127085
5052.8 sec,0.75,0.750000506,-5.06E-07,54.30483703
5053.5 sec,0.75,0.750000724,-7.24E-07,54.45292632
5054.4 sec,0.75,0.750002264,-2.26E-06,55.50065913
5055.2 sec,0.75,0.750003905,-3.90E-06,56.61615166
5055.8 sec,0.75,0.750001918,-1.92E-06,55.26516752
5056.4 sec,0.75,0.75000065,-6.50E-07,54.40249375
5057.1 sec,0.75,0.750000503,-5.03E-07,54.30253171
5057.9 sec,0.75,0.750001277,-1.28E-06,54.82940585
5058.8 sec,0.75,0.750003629,-3.63E-06,56.42869404
5059.5 sec,0.75,0.750003165,-3.17E-06,56.11308717
5060.1 sec,0.75,0.750001064,-1.06E-06,54.68427498
5060.7 sec,0.75,0.75000047,-4.70E-07,54.28024342
5061.5 sec,0.75,0.75000071,-7.10E-07,54.44338125
5062.3 sec,0.75,0.750002416,-2.42E-06,55.60401288
5063 sec,0.75,0.750001106,-1.11E-06,54.7127085
5063.6 sec,0.75,0.750000506,-5.06E-07,54.30483703
5064.3 sec,0.75,0.750000724,-7.24E-07,54.45292632
5065.2 sec,0.75,0.750002264,-2.26E-06,55.50065913
5066 sec,0.75,0.750003905,-3.90E-06,56.61615166
5066.6 sec,0.75,0.750001918,-1.92E-06,55.26516752
5067.2 sec,0.75,0.75000065,-6.50E-07,54.40249375
5067.9 sec,0.75,0.750000503,-5.03E-07,54.30253171
5068.7 sec,0.75,0.750001277,-1.28E-06,54.82940585
5069.6 sec,0.75,0.750003629,-3.63E-06,56.42869404
5070.3 sec,0.75,0.750003165,-3.17E-06,56.11308717
5070.9 sec,0.75,0.750001064,-1.06E-06,54.68427498
5071.5 sec,0.75,0.75000047,-4.70E-07,54.28024342
5072.3 sec,0.75,0.75000071,-7.10E-07,54.44338125
5073.1 sec,0.75,0.750002416,-2.42E-06,55.60401288
5073.8 sec,0.75,0.750001106,-1.11E-06,54.7127085
5074.4 sec,0.75,0.750000506,-5.06E-07,54.30483703
5075.2 sec,0.75,0.750000724,-7.24E-07,54.45292632
5076 sec,0.75,0.750002264,-2.26E-06,55.50065913
5076.8 sec,0.75,0.750003905,-3.90E-06,56.61615166
5077.4 sec,0.75,0.750001918,-1.92E-06,55.26516752
5078 sec,0.75,0.75000065,-6.50E-07,54.40249375
5078.7 sec,0.75,0.750000503,-5.03E-07,54.30253171
5079.6 sec,0.75,0.750001277,-1.28E-06,54.82940585
5080.4 sec,0.75,0.750003629,-3.63E-06,56.42869404
5081.1 sec,0.75,0.750003165,-3.17E-06,56.11308717
5081.7 sec,0.75,0.750001064,-1.06E-06,54.68427498
5082.3 sec,0.75,0.75000047,-4.70E-07,54.28024342
5083.1 sec,0.75,0.75000071,-7.10E-07,54.44338125
5084 sec,0.75,0.750002416,-2.42E-06,55.60401288
5084.6 sec,0.75,0.750001106,-1.11E-06,54.7127085
5085.2 sec,0.75,0.750000506,-5.06E-07,54.30483703
5086 sec,0.75,0.750000724,-7.24E-07,54.45292632
5086.8 sec,0.75,0.750002264,-2.26E-06,55.50065913
5087.6 sec,0.75,0.750003905,-3.90E-06,56.61615166
5088.3 sec,0.75,0.750001918,-1.92E-06,55.26516752
5088.8 sec,0.75,0.75000065,-6.50E-07,54.40249375
5089.5 sec,0.75,0.750000503,-5.03E-07,54.30253171
5090.4 sec,0.75,0.750001277,-1.28E-06,54.82940585
5091.2 sec,0.75,0.750003629,-3.63E-06,56.42869404
5091.9 sec,0.75,0.750003165,-3.17E-06,56.11308717
5092.5 sec,0.75,0.750001064,-1.06E-06,54.68427498
5093.1 sec,0.75,0.75000047,-4.70E-07,54.28024342
5093.9 sec,0.75,0.75000071,-7.10E-07,54.44338125
5094.8 sec,0.75,0.750002416,-2.42E-06,55.60401288
5095.4 sec,0.75,0.750001106,-1.11E-06,54.7127085
5096 sec,0.75,0.750000506,-5.06E-07,54.30483703
5096.8 sec,0.75,0.750000724,-7.24E-07,54.45292632
5097.6 sec,0.75,0.750002264,-2.26E-06,55.50065913
5098.4 sec,0.75,0.750003905,-3.90E-06,56.61615166
5099.1 sec,0.75,0.750001918,-1.92E-06,55.26516752
5099.7 sec,0.75,0.75000065,-6.50E-07,54.40249375
5100.3 sec,0.75,0.750000503,-5.03E-07,54.30253171
5101.2 sec,0.75,0.750001277,-1.28E-06,54.82940585
5102 sec,0.75,0.750003629,-3.63E-06,56.42869404
5102.7 sec,0.75,0.750003165,-3.17E-06,56.11308717
5103.3 sec,0.75,0.750001064,-1.06E-06,54.68427498
5103.9 sec,0.75,0.75000047,-4.70E-07,54.28024342
5104.7 sec,0.75,0.75000071,-7.10E-07,54.44338125
5105.6 sec,0.75,0.750002416,-2.42E-06,55.60401288
5106.2 sec,0.75,0.750001106,-1.11E-06,54.7127085
5106.8 sec,0.75,0.750000506,-5.06E-07,54.30483703
5107.6 sec,0.75,0.750000724,-7.24E-07,54.45292632
5108.5 sec,0.75,0.750002264,-2.26E-06,55.50065913
5109.2 sec,0.75,0.750003905,-3.90E-06,56.61615166
5109.9 sec,0.75,0.750001918,-1.92E-06,55.26516752
5110.5 sec,0.75,0.75000065,-6.50E-07,54.40249375
5111.2 sec,0.75,0.750000503,-5.03E-07,54.30253171
5112 sec,0.75,0.750001277,-1.28E-06,54.82940585
5112.8 sec,0.75,0.750003629,-3.63E-06,56.42869404
5113.5 sec,0.75,0.750003165,-3.17E-06,56.11308717
5114.1 sec,0.75,0.750001064,-1.06E-06,54.68427498
5114.7 sec,0.75,0.75000047,-4.70E-07,54.28024342
5115.5 sec,0.75,0.75000071,-7.10E-07,54.44338125
5116.4 sec,0.75,0.750002416,-2.42E-06,55.60401288
5117 sec,0.75,0.750001106,-1.11E-06,54.7127085
5117.6 sec,0.75,0.750000506,-5.06E-07,54.30483703
5118.4 sec,0.75,0.750000724,-7.24E-07,54.45292632
5119.3 sec,0.75,0.750002264,-2.26E-06,55.50065913
5120 sec,0.75,0.750003905,-3.90E-06,56.61615166
5120.7 sec,0.75,0.750001918,-1.92E-06,55.26516752
5121.3 sec,0.75,0.75000065,-6.50E-07,54.40249375
5122 sec,0.75,0.750000503,-5.03E-07,54.30253171
5122.8 sec,0.75,0.750001277,-1.28E-06,54.82940585
5123.6 sec,0.75,0.750003629,-3.63E-06,56.42869404
5124.3 sec,0.75,0.750003165,-3.17E-06,56.11308717
5124.9 sec,0.75,0.750001064,-1.06E-06,54.68427498
5125.6 sec,0.75,0.75000047,-4.70E-07,54.28024342
5126.3 sec,0.75,0.75000071,-7.10E-07,54.44338125
5127.2 sec,0.75,0.750002416,-2.42E-06,55.60401288
5127.8 sec,0.75,0.750001106,-1.11E-06,54.7127085
5128.5 sec,0.75,0.750000506,-5.06E-07,54.30483703
5129.2 sec,0.75,0.750000724,-7.24E-07,54.45292632
5130.1 sec,0.75,0.750002264,-2.26E-06,55.50065913
5130.9 sec,0.75,0.750003905,-3.90E-06,56.61615166
5131.5 sec,0.75,0.750001918,-1.92E-06,55.26516752
5132.1 sec,0.75,0.75000065,-6.50E-07,54.40249375
5132.8 sec,0.75,0.750000503,-5.03E-07,54.30253171
5133.6 sec,0.75,0.750001277,-1.28E-06,54.82940585
5134.5 sec,0.75,0.750003629,-3.63E-06,56.42869404
5135.2 sec,0.75,0.750003165,-3.17E-06,56.11308717
5135.7 sec,0.75,0.750001064,-1.06E-06,54.68427498
5136.4 sec,0.75,0.75000047,-4.70E-07,54.28024342
5137.1 sec,0.75,0.75000071,-7.10E-07,54.44338125
5138 sec,0.75,0.750002416,-2.42E-06,55.60401288
5138.6 sec,0.75,0.750001106,-1.11E-06,54.7127085
5139.3 sec,0.75,0.750000506,-5.06E-07,54.30483703
5140 sec,0.75,0.750000724,-7.24E-07,54.45292632
5140.9 sec,0.75,0.750002264,-2.26E-06,55.50065913
5141.7 sec,0.75,0.750003905,-3.90E-06,56.61615166
5142.3 sec,0.75,0.750001918,-1.92E-06,55.26516752
5142.9 sec,0.75,0.75000065,-6.50E-07,54.40249375
5143.6 sec,0.75,0.750000503,-5.03E-07,54.30253171
5144.4 sec,0.75,0.750001277,-1.28E-06,54.82940585
5145.3 sec,0.75,0.750003629,-3.63E-06,56.42869404
5146 sec,0.75,0.750003165,-3.17E-06,56.11308717
5146.6 sec,0.75,0.750001064,-1.06E-06,54.68427498
5147.2 sec,0.75,0.75000047,-4.70E-07,54.28024342
5147.9 sec,0.75,0.75000071,-7.10E-07,54.44338125
5148.8 sec,0.75,0.750002416,-2.42E-06,55.60401288
5149.4 sec,0.75,0.750001106,-1.11E-06,54.7127085
5150.1 sec,0.75,0.750000506,-5.06E-07,54.30483703
5150.8 sec,0.75,0.750000724,-7.24E-07,54.45292632
5151.7 sec,0.75,0.750002264,-2.26E-06,55.50065913
5152.5 sec,0.75,0.750003905,-3.90E-06,56.61615166
5153.1 sec,0.75,0.750001918,-1.92E-06,55.26516752
5153.7 sec,0.75,0.75000065,-6.50E-07,54.40249375
5154.4 sec,0.75,0.750000503,-5.03E-07,54.30253171
5155.2 sec,0.75,0.750001277,-1.28E-06,54.82940585
5156.1 sec,0.75,0.750003629,-3.63E-06,56.42869404
5156.8 sec,0.75,0.750003165,-3.17E-06,56.11308717
5157.4 sec,0.75,0.750001064,-1.06E-06,54.68427498
5158 sec,0.75,0.75000047,-4.70E-07,54.28024342
5158.8 sec,0.75,0.75000071,-7.10E-07,54.44338125
5159.6 sec,0.75,0.750002416,-2.42E-06,55.60401288
5160.3 sec,0.75,0.750001106,-1.11E-06,54.7127085
5160.9 sec,0.75,0.750000506,-5.06E-07,54.30483703
5161.6 sec,0.75,0.750000724,-7.24E-07,54.45292632
5162.5 sec,0.75,0.750002264,-2.26E-06,55.50065913
5163.3 sec,0.75,0.750003905,-3.90E-06,56.61615166
5163.9 sec,0.75,0.750001918,-1.92E-06,55.26516752
5164.5 sec,0.75,0.75000065,-6.50E-07,54.40249375
5165.2 sec,0.75,0.750000503,-5.03E-07,54.30253171
5166 sec,0.75,0.750001277,-1.28E-06,54.82940585
5166.9 sec,0.75,0.750003629,-3.63E-06,56.42869404
5167.6 sec,0.75,0.750003165,-3.17E-06,56.11308717
5168.2 sec,0.75,0.750001064,-1.06E-06,54.68427498
5168.8 sec,0.75,0.75000047,-4.70E-07,54.28024342
5169.6 sec,0.75,0.75000071,-7.10E-07,54.44338125
5170.4 sec,0.75,0.750002416,-2.42E-06,55.60401288
5171.1 sec,0.75,0.750001106,-1.11E-06,54.7127085
5171.7 sec,0.75,0.750000506,-5.06E-07,54.30483703
5172.5 sec,0.75,0.750000724,-7.24E-07,54.45292632
5173.3 sec,0.75,0.750002264,-2.26E-06,55.50065913
5174.1 sec,0.75,0.750003905,-3.90E-06,56.61615166
5174.7 sec,0.75,0.750001918,-1.92E-06,55.26516752
5175.3 sec,0.75,0.75000065,-6.50E-07,54.40249375
5176 sec,0.75,0.750000503,-5.03E-07,54.30253171
5176.9 sec,0.75,0.750001277,-1.28E-06,54.82940585
5177.7 sec,0.75,0.750003629,-3.63E-06,56.42869404
5178.4 sec,0.75,0.750003165,-3.17E-06,56.11308717
5179 sec,0.75,0.750001064,-1.06E-06,54.68427498
5179.6 sec,0.75,0.75000047,-4.70E-07,54.28024342
5180.4 sec,0.75,0.75000071,-7.10E-07,54.44338125
5181.3 sec,0.75,0.750002416,-2.42E-06,55.60401288
5181.9 sec,0.75,0.750001106,-1.11E-06,54.7127085
5182.5 sec,0.75,0.750000506,-5.06E-07,54.30483703
5183.3 sec,0.75,0.750000724,-7.24E-07,54.45292632
5184.1 sec,0.75,0.750002264,-2.26E-06,55.50065913
5184.9 sec,0.75,0.750003905,-3.90E-06,56.61615166
5185.6 sec,0.75,0.750001918,-1.92E-06,55.26516752
5186.1 sec,0.75,0.75000065,-6.50E-07,54.40249375
5186.8 sec,0.75,0.750000503,-5.03E-07,54.30253171
5187.7 sec,0.75,0.750001277,-1.28E-06,54.82940585
5188.5 sec,0.75,0.750003629,-3.63E-06,56.42869404
5189.2 sec,0.75,0.750003165,-3.17E-06,56.11308717
5189.8 sec,0.75,0.750001064,-1.06E-06,54.68427498
5190.4 sec,0.75,0.75000047,-4.70E-07,54.28024342
5191.2 sec,0.75,0.75000071,-7.10E-07,54.44338125
5192.1 sec,0.75,0.750002416,-2.42E-06,55.60401288
5192.7 sec,0.75,0.750001106,-1.11E-06,54.7127085
5193.3 sec,0.75,0.750000506,-5.06E-07,54.30483703
5194.1 sec,0.75,0.750000724,-7.24E-07,54.45292632
5194.9 sec,0.75,0.750002264,-2.26E-06,55.50065913
5195.7 sec,0.75,0.750003905,-3.90E-06,56.61615166
5196.4 sec,0.75,0.750001918,-1.92E-06,55.26516752
5197 sec,0.75,0.75000065,-6.50E-07,54.40249375
5197.6 sec,0.75,0.750000503,-5.03E-07,54.30253171
5198.5 sec,0.75,0.750001277,-1.28E-06,54.82940585
5199.3 sec,0.75,0.750003629,-3.63E-06,56.42869404
5200 sec,0.75,0.750003165,-3.17E-06,56.11308717
5200.6 sec,0.75,0.750001064,-1.06E-06,54.68427498
5201.2 sec,0.75,0.75000047,-4.70E-07,54.28024342
5202 sec,0.75,0.75000071,-7.10E-07,54.44338125
5202.9 sec,0.75,0.750002416,-2.42E-06,55.60401288
5203.5 sec,0.75,0.750001106,-1.11E-06,54.7127085
5204.1 sec,0.75,0.750000506,-5.06E-07,54.30483703
5204.9 sec,0.75,0.750000724,-7.24E-07,54.45292632
5205.8 sec,0.75,0.750002264,-2.26E-06,55.50065913
5206.5 sec,0.75,0.750003905,-3.90E-06,56.61615166
5207.2 sec,0.75,0.750001918,-1.92E-06,55.26516752
5207.8 sec,0.75,0.75000065,-6.50E-07,54.40249375
5208.5 sec,0.75,0.750000503,-5.03E-07,54.30253171
5209.3 sec,0.75,0.750001277,-1.28E-06,54.82940585
5210.1 sec,0.75,0.750003629,-3.63E-06,56.42869404
5210.8 sec,0.75,0.750003165,-3.17E-06,56.11308717
5211.4 sec,0.75,0.750001064,-1.06E-06,54.68427498
5212 sec,0.75,0.75000047,-4.70E-07,54.28024342
5212.8 sec,0.75,0.75000071,-7.10E-07,54.44338125
5213.7 sec,0.75,0.750002416,-2.42E-06,55.60401288
5214.3 sec,0.75,0.750001106,-1.11E-06,54.7127085
5214.9 sec,0.75,0.750000506,-5.06E-07,54.30483703
5215.7 sec,0.75,0.750000724,-7.24E-07,54.45292632
5216.6 sec,0.75,0.750002264,-2.26E-06,55.50065913
5217.3 sec,0.75,0.750003905,-3.90E-06,56.61615166
5218 sec,0.75,0.750001918,-1.92E-06,55.26516752
5218.6 sec,0.75,0.75000065,-6.50E-07,54.40249375
5219.3 sec,0.75,0.750000503,-5.03E-07,54.30253171
5220.1 sec,0.75,0.750001277,-1.28E-06,54.82940585
5220.9 sec,0.75,0.750003629,-3.63E-06,56.42869404
5221.6 sec,0.75,0.750003165,-3.17E-06,56.11308717
5222.2 sec,0.75,0.750001064,-1.06E-06,54.68427498
5222.9 sec,0.75,0.75000047,-4.70E-07,54.28024342
5223.6 sec,0.75,0.75000071,-7.10E-07,54.44338125
5224.5 sec,0.75,0.750002416,-2.42E-06,55.60401288
5225.1 sec,0.75,0.750001106,-1.11E-06,54.7127085
5225.8 sec,0.75,0.750000506,-5.06E-07,54.30483703
5226.5 sec,0.75,0.750000724,-7.24E-07,54.45292632
5227.4 sec,0.75,0.750002264,-2.26E-06,55.50065913
5228.2 sec,0.75,0.750003905,-3.90E-06,56.61615166
5228.8 sec,0.75,0.750001918,-1.92E-06,55.26516752
5229.4 sec,0.75,0.75000065,-6.50E-07,54.40249375
5230.1 sec,0.75,0.750000503,-5.03E-07,54.30253171
5230.9 sec,0.75,0.750001277,-1.28E-06,54.82940585
5231.8 sec,0.75,0.750003629,-3.63E-06,56.42869404
5232.5 sec,0.75,0.750003165,-3.17E-06,56.11308717
5233 sec,0.75,0.750001064,-1.06E-06,54.68427498
5233.7 sec,0.75,0.75000047,-4.70E-07,54.28024342
5234.4 sec,0.75,0.75000071,-7.10E-07,54.44338125
5235.3 sec,0.75,0.750002416,-2.42E-06,55.60401288
5235.9 sec,0.75,0.750001106,-1.11E-06,54.7127085
5236.6 sec,0.75,0.750000506,-5.06E-07,54.30483703
5237.3 sec,0.75,0.750000724,-7.24E-07,54.45292632
5238.2 sec,0.75,0.750002264,-2.26E-06,55.50065913
5239 sec,0.75,0.750003905,-3.90E-06,56.61615166
5239.6 sec,0.75,0.750001918,-1.92E-06,55.26516752
5240.2 sec,0.75,0.75000065,-6.50E-07,54.40249375
5240.9 sec,0.75,0.750000503,-5.03E-07,54.30253171
5241.7 sec,0.75,0.750001277,-1.28E-06,54.82940585
5242.6 sec,0.75,0.750003629,-3.63E-06,56.42869404
5243.3 sec,0.75,0.750003165,-3.17E-06,56.11308717
5243.9 sec,0.75,0.750001064,-1.06E-06,54.68427498
5244.5 sec,0.75,0.75000047,-4.70E-07,54.28024342
5245.2 sec,0.75,0.75000071,-7.10E-07,54.44338125
5246.1 sec,0.75,0.750002416,-2.42E-06,55.60401288
5246.7 sec,0.75,0.750001106,-1.11E-06,54.7127085
5247.4 sec,0.75,0.750000506,-5.06E-07,54.30483703
5248.1 sec,0.75,0.750000724,-7.24E-07,54.45292632
5249 sec,0.75,0.750002264,-2.26E-06,55.50065913
5249.8 sec,0.75,0.750003905,-3.90E-06,56.61615166
5250.4 sec,0.75,0.750001918,-1.92E-06,55.26516752
5251 sec,0.75,0.75000065,-6.50E-07,54.40249375
5251.7 sec,0.75,0.750000503,-5.03E-07,54.30253171
5252.5 sec,0.75,0.750001277,-1.28E-06,54.82940585
5253.4 sec,0.75,0.750003629,-3.63E-06,56.42869404
5254.1 sec,0.75,0.750003165,-3.17E-06,56.11308717
5254.7 sec,0.75,0.750001064,-1.06E-06,54.68427498
5255.3 sec,0.75,0.75000047,-4.70E-07,54.28024342
5256.1 sec,0.75,0.75000071,-7.10E-07,54.44338125
5256.9 sec,0.75,0.750002416,-2.42E-06,55.60401288
5257.6 sec,0.75,0.750001106,-1.11E-06,54.7127085
5258.2 sec,0.75,0.750000506,-5.06E-07,54.30483703
5258.9 sec,0.75,0.750000724,-7.24E-07,54.45292632
5259.8 sec,0.75,0.750002264,-2.26E-06,55.50065913
5260.6 sec,0.75,0.750003905,-3.90E-06,56.61615166
5261.2 sec,0.75,0.750001918,-1.92E-06,55.26516752
5261.8 sec,0.75,0.75000065,-6.50E-07,54.40249375
5262.5 sec,0.75,0.750000503,-5.03E-07,54.30253171
5263.3 sec,0.75,0.750001277,-1.28E-06,54.82940585
5264.2 sec,0.75,0.750003629,-3.63E-06,56.42869404
5264.9 sec,0.75,0.750003165,-3.17E-06,56.11308717
5265.5 sec,0.75,0.750001064,-1.06E-06,54.68427498
5266.1 sec,0.75,0.75000047,-4.70E-07,54.28024342
5266.9 sec,0.75,0.75000071,-7.10E-07,54.44338125
5267.7 sec,0.75,0.750002416,-2.42E-06,55.60401288
5268.4 sec,0.75,0.750001106,-1.11E-06,54.7127085
5269 sec,0.75,0.750000506,-5.06E-07,54.30483703
5269.8 sec,0.75,0.750000724,-7.24E-07,54.45292632
5270.6 sec,0.75,0.750002264,-2.26E-06,55.50065913
5271.4 sec,0.75,0.750003905,-3.90E-06,56.61615166
5272 sec,0.75,0.750001918,-1.92E-06,55.26516752
5272.6 sec,0.75,0.75000065,-6.50E-07,54.40249375
5273.3 sec,0.75,0.750000503,-5.03E-07,54.30253171
5274.2 sec,0.75,0.750001277,-1.28E-06,54.82940585
5275 sec,0.75,0.750003629,-3.63E-06,56.42869404
5275.7 sec,0.75,0.750003165,-3.17E-06,56.11308717
5276.3 sec,0.75,0.750001064,-1.06E-06,54.68427498
5276.9 sec,0.75,0.75000047,-4.70E-07,54.28024342
5277.7 sec,0.75,0.75000071,-7.10E-07,54.44338125
5278.6 sec,0.75,0.750002416,-2.42E-06,55.60401288
5279.2 sec,0.75,0.750001106,-1.11E-06,54.7127085
5279.8 sec,0.75,0.750000506,-5.06E-07,54.30483703
5280.6 sec,0.75,0.750000724,-7.24E-07,54.45292632
5281.4 sec,0.75,0.750002264,-2.26E-06,55.50065913
5282.2 sec,0.75,0.750003905,-3.90E-06,56.61615166
5282.9 sec,0.75,0.750001918,-1.92E-06,55.26516752
5283.4 sec,0.75,0.75000065,-6.50E-07,54.40249375
5284.1 sec,0.75,0.750000503,-5.03E-07,54.30253171
5285 sec,0.75,0.750001277,-1.28E-06,54.82940585
5285.8 sec,0.75,0.750003629,-3.63E-06,56.42869404
5286.5 sec,0.75,0.750003165,-3.17E-06,56.11308717
5287.1 sec,0.75,0.750001064,-1.06E-06,54.68427498
5287.7 sec,0.75,0.75000047,-4.70E-07,54.28024342
5288.5 sec,0.75,0.75000071,-7.10E-07,54.44338125
5289.4 sec,0.75,0.750002416,-2.42E-06,55.60401288
5290 sec,0.75,0.750001106,-1.11E-06,54.7127085
5290.6 sec,0.75,0.750000506,-5.06E-07,54.30483703
5291.4 sec,0.75,0.750000724,-7.24E-07,54.45292632
5292.2 sec,0.75,0.750002264,-2.26E-06,55.50065913
5293 sec,0.75,0.750003905,-3.90E-06,56.61615166
5293.7 sec,0.75,0.750001918,-1.92E-06,55.26516752
5294.3 sec,0.75,0.75000065,-6.50E-07,54.40249375
5294.9 sec,0.75,0.750000503,-5.03E-07,54.30253171
5295.8 sec,0.75,0.750001277,-1.28E-06,54.82940585
5296.6 sec,0.75,0.750003629,-3.63E-06,56.42869404
5297.3 sec,0.75,0.750003165,-3.17E-06,56.11308717
5297.9 sec,0.75,0.750001064,-1.06E-06,54.68427498
5298.5 sec,0.75,0.75000047,-4.70E-07,54.28024342
5299.3 sec,0.75,0.75000071,-7.10E-07,54.44338125
5300.2 sec,0.75,0.750002416,-2.42E-06,55.60401288
5300.8 sec,0.75,0.750001106,-1.11E-06,54.7127085
5301.4 sec,0.75,0.750000506,-5.06E-07,54.30483703
5302.2 sec,0.75,0.750000724,-7.24E-07,54.45292632
5303.1 sec,0.75,0.750002264,-2.26E-06,55.50065913
5303.8 sec,0.75,0.750003905,-3.90E-06,56.61615166
5304.5 sec,0.75,0.750001918,-1.92E-06,55.26516752
5305.1 sec,0.75,0.75000065,-6.50E-07,54.40249375
5305.8 sec,0.75,0.750000503,-5.03E-07,54.30253171
5306.6 sec,0.75,0.750001277,-1.28E-06,54.82940585
5307.4 sec,0.75,0.750003629,-3.63E-06,56.42869404
5308.1 sec,0.75,0.750003165,-3.17E-06,56.11308717
5308.7 sec,0.75,0.750001064,-1.06E-06,54.68427498
5309.3 sec,0.75,0.75000047,-4.70E-07,54.28024342
5310.1 sec,0.75,0.75000071,-7.10E-07,54.44338125
5311 sec,0.75,0.750002416,-2.42E-06,55.60401288
5311.6 sec,0.75,0.750001106,-1.11E-06,54.7127085
5312.2 sec,0.75,0.750000506,-5.06E-07,54.30483703
5313 sec,0.75,0.750000724,-7.24E-07,54.45292632
5313.9 sec,0.75,0.750002264,-2.26E-06,55.50065913
5314.6 sec,0.75,0.750003905,-3.90E-06,56.61615166
5315.3 sec,0.75,0.750001918,-1.92E-06,55.26516752
5315.9 sec,0.75,0.75000065,-6.50E-07,54.40249375
5316.6 sec,0.75,0.750000503,-5.03E-07,54.30253171
5317.4 sec,0.75,0.750001277,-1.28E-06,54.82940585
5318.2 sec,0.75,0.750003629,-3.63E-06,56.42869404
5318.9 sec,0.75,0.750003165,-3.17E-06,56.11308717
5319.5 sec,0.75,0.750001064,-1.06E-06,54.68427498
5320.2 sec,0.75,0.75000047,-4.70E-07,54.28024342
5320.9 sec,0.75,0.75000071,-7.10E-07,54.44338125
5321.8 sec,0.75,0.750002416,-2.42E-06,55.60401288
5322.4 sec,0.75,0.750001106,-1.11E-06,54.7127085
5323.1 sec,0.75,0.750000506,-5.06E-07,54.30483703
5323.8 sec,0.75,0.750000724,-7.24E-07,54.45292632
5324.7 sec,0.75,0.750002264,-2.26E-06,55.50065913
5325.5 sec,0.75,0.750003905,-3.90E-06,56.61615166
5326.1 sec,0.75,0.750001918,-1.92E-06,55.26516752
5326.7 sec,0.75,0.75000065,-6.50E-07,54.40249375
5327.4 sec,0.75,0.750000503,-5.03E-07,54.30253171
5328.2 sec,0.75,0.750001277,-1.28E-06,54.82940585
5329.1 sec,0.75,0.750003629,-3.63E-06,56.42869404
5329.8 sec,0.75,0.750003165,-3.17E-06,56.11308717
5330.3 sec,0.75,0.750001064,-1.06E-06,54.68427498
5331 sec,0.75,0.75000047,-4.70E-07,54.28024342
5331.7 sec,0.75,0.75000071,-7.10E-07,54.44338125
5332.6 sec,0.75,0.750002416,-2.42E-06,55.60401288
5333.2 sec,0.75,0.750001106,-1.11E-06,54.7127085
5333.9 sec,0.75,0.750000506,-5.06E-07,54.30483703
5334.6 sec,0.75,0.750000724,-7.24E-07,54.45292632
5335.5 sec,0.75,0.750002264,-2.26E-06,55.50065913
5336.3 sec,0.75,0.750003905,-3.90E-06,56.61615166
5336.9 sec,0.75,0.750001918,-1.92E-06,55.26516752
5337.5 sec,0.75,0.75000065,-6.50E-07,54.40249375
5338.2 sec,0.75,0.750000503,-5.03E-07,54.30253171
5339 sec,0.75,0.750001277,-1.28E-06,54.82940585
5339.9 sec,0.75,0.750003629,-3.63E-06,56.42869404
5340.6 sec,0.75,0.750003165,-3.17E-06,56.11308717
5341.2 sec,0.75,0.750001064,-1.06E-06,54.68427498
5341.8 sec,0.75,0.75000047,-4.70E-07,54.28024342
5342.5 sec,0.75,0.75000071,-7.10E-07,54.44338125
5343.4 sec,0.75,0.750002416,-2.42E-06,55.60401288
5344 sec,0.75,0.750001106,-1.11E-06,54.7127085
5344.7 sec,0.75,0.750000506,-5.06E-07,54.30483703
5345.4 sec,0.75,0.750000724,-7.24E-07,54.45292632
5346.3 sec,0.75,0.750002264,-2.26E-06,55.50065913
5347.1 sec,0.75,0.750003905,-3.90E-06,56.61615166
5347.7 sec,0.75,0.750001918,-1.92E-06,55.26516752
5348.3 sec,0.75,0.75000065,-6.50E-07,54.40249375
5349 sec,0.75,0.750000503,-5.03E-07,54.30253171
5349.8 sec,0.75,0.750001277,-1.28E-06,54.82940585
5350.7 sec,0.75,0.750003629,-3.63E-06,56.42869404
5351.4 sec,0.75,0.750003165,-3.17E-06,56.11308717
5352 sec,0.75,0.750001064,-1.06E-06,54.68427498
5352.6 sec,0.75,0.75000047,-4.70E-07,54.28024342
5353.4 sec,0.75,0.75000071,-7.10E-07,54.44338125
5354.2 sec,0.75,0.750002416,-2.42E-06,55.60401288
5354.9 sec,0.75,0.750001106,-1.11E-06,54.7127085
5355.5 sec,0.75,0.750000506,-5.06E-07,54.30483703
5356.2 sec,0.75,0.750000724,-7.24E-07,54.45292632
5357.1 sec,0.75,0.750002264,-2.26E-06,55.50065913
5357.9 sec,0.75,0.750003905,-3.90E-06,56.61615166
5358.5 sec,0.75,0.750001918,-1.92E-06,55.26516752
5359.1 sec,0.75,0.75000065,-6.50E-07,54.40249375
5359.8 sec,0.75,0.750000503,-5.03E-07,54.30253171
5360.6 sec,0.75,0.750001277,-1.28E-06,54.82940585
5361.5 sec,0.75,0.750003629,-3.63E-06,56.42869404
5362.2 sec,0.75,0.750003165,-3.17E-06,56.11308717
5362.8 sec,0.75,0.750001064,-1.06E-06,54.68427498
5363.4 sec,0.75,0.75000047,-4.70E-07,54.28024342
5364.2 sec,0.75,0.75000071,-7.10E-07,54.44338125
5365 sec,0.75,0.750002416,-2.42E-06,55.60401288
5365.7 sec,0.75,0.750001106,-1.11E-06,54.7127085
5366.3 sec,0.75,0.750000506,-5.06E-07,54.30483703
5367.1 sec,0.75,0.750000724,-7.24E-07,54.45292632
5367.9 sec,0.75,0.750002264,-2.26E-06,55.50065913
5368.7 sec,0.75,0.750003905,-3.90E-06,56.61615166
5369.3 sec,0.75,0.750001918,-1.92E-06,55.26516752
5369.9 sec,0.75,0.75000065,-6.50E-07,54.40249375
5370.6 sec,0.75,0.750000503,-5.03E-07,54.30253171
5371.5 sec,0.75,0.750001277,-1.28E-06,54.82940585
5372.3 sec,0.75,0.750003629,-3.63E-06,56.42869404
5373 sec,0.75,0.750003165,-3.17E-06,56.11308717
5373.6 sec,0.75,0.750001064,-1.06E-06,54.68427498
5374.2 sec,0.75,0.75000047,-4.70E-07,54.28024342
5375 sec,0.75,0.75000071,-7.10E-07,54.44338125
5375.9 sec,0.75,0.750002416,-2.42E-06,55.60401288
5376.5 sec,0.75,0.750001106,-1.11E-06,54.7127085
5377.1 sec,0.75,0.750000506,-5.06E-07,54.30483703
5377.9 sec,0.75,0.750000724,-7.24E-07,54.45292632
5378.7 sec,0.75,0.750002264,-2.26E-06,55.50065913
5379.5 sec,0.75,0.750003905,-3.90E-06,56.61615166
5380.2 sec,0.75,0.750001918,-1.92E-06,55.26516752
5380.7 sec,0.75,0.75000065,-6.50E-07,54.40249375
5381.4 sec,0.75,0.750000503,-5.03E-07,54.30253171
5382.3 sec,0.75,0.750001277,-1.28E-06,54.82940585
5383.1 sec,0.75,0.750003629,-3.63E-06,56.42869404
5383.8 sec,0.75,0.750003165,-3.17E-06,56.11308717
5384.4 sec,0.75,0.750001064,-1.06E-06,54.68427498
5385 sec,0.75,0.75000047,-4.70E-07,54.28024342
5385.8 sec,0.75,0.75000071,-7.10E-07,54.44338125
5386.7 sec,0.75,0.750002416,-2.42E-06,55.60401288
5387.3 sec,0.75,0.750001106,-1.11E-06,54.7127085
5387.9 sec,0.75,0.750000506,-5.06E-07,54.30483703
5388.7 sec,0.75,0.750000724,-7.24E-07,54.45292632
5389.5 sec,0.75,0.750002264,-2.26E-06,55.50065913
5390.3 sec,0.75,0.750003905,-3.90E-06,56.61615166
5391 sec,0.75,0.750001918,-1.92E-06,55.26516752
5391.6 sec,0.75,0.75000065,-6.50E-07,54.40249375
5392.2 sec,0.75,0.750000503,-5.03E-07,54.30253171
5393.1 sec,0.75,0.750001277,-1.28E-06,54.82940585
5393.9 sec,0.75,0.750003629,-3.63E-06,56.42869404
5394.6 sec,0.75,0.750003165,-3.17E-06,56.11308717
5395.2 sec,0.75,0.750001064,-1.06E-06,54.68427498
5395.8 sec,0.75,0.75000047,-4.70E-07,54.28024342
5396.6 sec,0.75,0.75000071,-7.10E-07,54.44338125
5397.5 sec,0.75,0.750002416,-2.42E-06,55.60401288
5398.1 sec,0.75,0.750001106,-1.11E-06,54.7127085
5398.7 sec,0.75,0.750000506,-5.06E-07,54.30483703
5399.5 sec,0.75,0.750000724,-7.24E-07,54.45292632
5400.4 sec,0.75,0.750002264,-2.26E-06,55.50065913
5401.1 sec,0.75,0.750003905,-3.90E-06,56.61615166
5401.8 sec,0.75,0.750001918,-1.92E-06,55.26516752
5402.4 sec,0.75,0.75000065,-6.50E-07,54.40249375
5403.1 sec,0.75,0.750000503,-5.03E-07,54.30253171
5403.9 sec,0.75,0.750001277,-1.28E-06,54.82940585
5404.7 sec,0.75,0.750003629,-3.63E-06,56.42869404
5405.4 sec,0.75,0.750003165,-3.17E-06,56.11308717
5406 sec,0.75,0.750001064,-1.06E-06,54.68427498
5406.6 sec,0.75,0.75000047,-4.70E-07,54.28024342
5407.4 sec,0.75,0.75000071,-7.10E-07,54.44338125
5408.3 sec,0.75,0.750002416,-2.42E-06,55.60401288
5408.9 sec,0.75,0.750001106,-1.11E-06,54.7127085
5409.5 sec,0.75,0.750000506,-5.06E-07,54.30483703
5410.3 sec,0.75,0.750000724,-7.24E-07,54.45292632
5411.2 sec,0.75,0.750002264,-2.26E-06,55.50065913
5411.9 sec,0.75,0.750003905,-3.90E-06,56.61615166
5412.6 sec,0.75,0.750001918,-1.92E-06,55.26516752
5413.2 sec,0.75,0.75000065,-6.50E-07,54.40249375
5413.9 sec,0.75,0.750000503,-5.03E-07,54.30253171
5414.7 sec,0.75,0.750001277,-1.28E-06,54.82940585
5415.5 sec,0.75,0.750003629,-3.63E-06,56.42869404
5416.2 sec,0.75,0.750003165,-3.17E-06,56.11308717
5416.8 sec,0.75,0.750001064,-1.06E-06,54.68427498
5417.5 sec,0.75,0.75000047,-4.70E-07,54.28024342
5418.2 sec,0.75,0.75000071,-7.10E-07,54.44338125
5419.1 sec,0.75,0.750002416,-2.42E-06,55.60401288
5419.7 sec,0.75,0.750001106,-1.11E-06,54.7127085
5420.4 sec,0.75,0.750000506,-5.06E-07,54.30483703
5421.1 sec,0.75,0.750000724,-7.24E-07,54.45292632
5422 sec,0.75,0.750002264,-2.26E-06,55.50065913
5422.8 sec,0.75,0.750003905,-3.90E-06,56.61615166
5423.4 sec,0.75,0.750001918,-1.92E-06,55.26516752
5424 sec,0.75,0.75000065,-6.50E-07,54.40249375
5424.7 sec,0.75,0.750000503,-5.03E-07,54.30253171
5425.5 sec,0.75,0.750001277,-1.28E-06,54.82940585
5426.4 sec,0.75,0.750003629,-3.63E-06,56.42869404
5427.1 sec,0.75,0.750003165,-3.17E-06,56.11308717
5427.6 sec,0.75,0.750001064,-1.06E-06,54.68427498
5428.3 sec,0.75,0.75000047,-4.70E-07,54.28024342
5429 sec,0.75,0.75000071,-7.10E-07,54.44338125
5429.9 sec,0.75,0.750002416,-2.42E-06,55.60401288
5430.5 sec,0.75,0.750001106,-1.11E-06,54.7127085
5431.2 sec,0.75,0.750000506,-5.06E-07,54.30483703
5431.9 sec,0.75,0.750000724,-7.24E-07,54.45292632
5432.8 sec,0.75,0.750002264,-2.26E-06,55.50065913
5433.6 sec,0.75,0.750003905,-3.90E-06,56.61615166
5434.2 sec,0.75,0.750001918,-1.92E-06,55.26516752
5434.8 sec,0.75,0.75000065,-6.50E-07,54.40249375
5435.5 sec,0.75,0.750000503,-5.03E-07,54.30253171
5436.3 sec,0.75,0.750001277,-1.28E-06,54.82940585
5437.2 sec,0.75,0.750003629,-3.63E-06,56.42869404
5437.9 sec,0.75,0.750003165,-3.17E-06,56.11308717
5438.5 sec,0.75,0.750001064,-1.06E-06,54.68427498
5439.1 sec,0.75,0.75000047,-4.70E-07,54.28024342
5439.8 sec,0.75,0.75000071,-7.10E-07,54.44338125
5440.7 sec,0.75,0.750002416,-2.42E-06,55.60401288
5441.3 sec,0.75,0.750001106,-1.11E-06,54.7127085
5442 sec,0.75,0.750000506,-5.06E-07,54.30483703
5442.7 sec,0.75,0.750000724,-7.24E-07,54.45292632
5443.6 sec,0.75,0.750002264,-2.26E-06,55.50065913
5444.4 sec,0.75,0.750003905,-3.90E-06,56.61615166
5445 sec,0.75,0.750001918,-1.92E-06,55.26516752
5445.6 sec,0.75,0.75000065,-6.50E-07,54.40249375
5446.3 sec,0.75,0.750000503,-5.03E-07,54.30253171
5447.1 sec,0.75,0.750001277,-1.28E-06,54.82940585
5448 sec,0.75,0.750003629,-3.63E-06,56.42869404
5448.7 sec,0.75,0.750003165,-3.17E-06,56.11308717
5449.3 sec,0.75,0.750001064,-1.06E-06,54.68427498
5449.9 sec,0.75,0.75000047,-4.70E-07,54.28024342
5450.7 sec,0.75,0.75000071,-7.10E-07,54.44338125
5451.5 sec,0.75,0.750002416,-2.42E-06,55.60401288
5452.2 sec,0.75,0.750001106,-1.11E-06,54.7127085
5452.8 sec,0.75,0.750000506,-5.06E-07,54.30483703
5453.5 sec,0.75,0.750000724,-7.24E-07,54.45292632
5454.4 sec,0.75,0.750002264,-2.26E-06,55.50065913
5455.2 sec,0.75,0.750003905,-3.90E-06,56.61615166
5455.8 sec,0.75,0.750001918,-1.92E-06,55.26516752
5456.4 sec,0.75,0.75000065,-6.50E-07,54.40249375
5457.1 sec,0.75,0.750000503,-5.03E-07,54.30253171
5457.9 sec,0.75,0.750001277,-1.28E-06,54.82940585
5458.8 sec,0.75,0.750003629,-3.63E-06,56.42869404
5459.5 sec,0.75,0.750003165,-3.17E-06,56.11308717
5460.1 sec,0.75,0.750001064,-1.06E-06,54.68427498
5460.7 sec,0.75,0.75000047,-4.70E-07,54.28024342
5461.5 sec,0.75,0.75000071,-7.10E-07,54.44338125
5462.3 sec,0.75,0.750002416,-2.42E-06,55.60401288
5463 sec,0.75,0.750001106,-1.11E-06,54.7127085
5463.6 sec,0.75,0.750000506,-5.06E-07,54.30483703
5464.4 sec,0.75,0.750000724,-7.24E-07,54.45292632
5465.2 sec,0.75,0.750002264,-2.26E-06,55.50065913
5466 sec,0.75,0.750003905,-3.90E-06,56.61615166
5466.6 sec,0.75,0.750001918,-1.92E-06,55.26516752
5467.2 sec,0.75,0.75000065,-6.50E-07,54.40249375
5467.9 sec,0.75,0.750000503,-5.03E-07,54.30253171
5468.8 sec,0.75,0.750001277,-1.28E-06,54.82940585
5469.6 sec,0.75,0.750003629,-3.63E-06,56.42869404
5470.3 sec,0.75,0.750003165,-3.17E-06,56.11308717
5470.9 sec,0.75,0.750001064,-1.06E-06,54.68427498
5471.5 sec,0.75,0.75000047,-4.70E-07,54.28024342
5472.3 sec,0.75,0.75000071,-7.10E-07,54.44338125
5473.2 sec,0.75,0.750002416,-2.42E-06,55.60401288
5473.8 sec,0.75,0.750001106,-1.11E-06,54.7127085
5474.4 sec,0.75,0.750000506,-5.06E-07,54.30483703
5475.2 sec,0.75,0.750000724,-7.24E-07,54.45292632
5476 sec,0.75,0.750002264,-2.26E-06,55.50065913
5476.8 sec,0.75,0.750003905,-3.90E-06,56.61615166
5477.5 sec,0.75,0.750001918,-1.92E-06,55.26516752
5478 sec,0.75,0.75000065,-6.50E-07,54.40249375
5478.7 sec,0.75,0.750000503,-5.03E-07,54.30253171
5479.6 sec,0.75,0.750001277,-1.28E-06,54.82940585
5480.4 sec,0.75,0.750003629,-3.63E-06,56.42869404
5481.1 sec,0.75,0.750003165,-3.17E-06,56.11308717
5481.7 sec,0.75,0.750001064,-1.06E-06,54.68427498
5482.3 sec,0.75,0.75000047,-4.70E-07,54.28024342
5483.1 sec,0.75,0.75000071,-7.10E-07,54.44338125
5484 sec,0.75,0.750002416,-2.42E-06,55.60401288
5484.6 sec,0.75,0.750001106,-1.11E-06,54.7127085
5485.2 sec,0.75,0.750000506,-5.06E-07,54.30483703
5486 sec,0.75,0.750000724,-7.24E-07,54.45292632
5486.8 sec,0.75,0.750002264,-2.26E-06,55.50065913
5487.6 sec,0.75,0.750003905,-3.90E-06,56.61615166
5488.3 sec,0.75,0.750001918,-1.92E-06,55.26516752
5488.9 sec,0.75,0.75000065,-6.50E-07,54.40249375
5489.5 sec,0.75,0.750000503,-5.03E-07,54.30253171
5490.4 sec,0.75,0.750001277,-1.28E-06,54.82940585
5491.2 sec,0.75,0.750003629,-3.63E-06,56.42869404
5491.9 sec,0.75,0.750003165,-3.17E-06,56.11308717
5492.5 sec,0.75,0.750001064,-1.06E-06,54.68427498
5493.1 sec,0.75,0.75000047,-4.70E-07,54.28024342
5493.9 sec,0.75,0.75000071,-7.10E-07,54.44338125
5494.8 sec,0.75,0.750002416,-2.42E-06,55.60401288
5495.4 sec,0.75,0.750001106,-1.11E-06,54.7127085
5496 sec,0.75,0.750000506,-5.06E-07,54.30483703
5496.8 sec,0.75,0.750000724,-7.24E-07,54.45292632
5497.7 sec,0.75,0.750002264,-2.26E-06,55.50065913
5498.4 sec,0.75,0.750003905,-3.90E-06,56.61615166
5499.1 sec,0.75,0.750001918,-1.92E-06,55.26516752
5499.7 sec,0.75,0.75000065,-6.50E-07,54.40249375
5500.4 sec,0.75,0.750000503,-5.03E-07,54.30253171
5501.2 sec,0.75,0.750001277,-1.28E-06,54.82940585
5502 sec,0.75,0.750003629,-3.63E-06,56.42869404
5502.7 sec,0.75,0.750003165,-3.17E-06,56.11308717
5503.3 sec,0.75,0.750001064,-1.06E-06,54.68427498
5503.9 sec,0.75,0.75000047,-4.70E-07,54.28024342
5504.7 sec,0.75,0.75000071,-7.10E-07,54.44338125
5505.6 sec,0.75,0.750002416,-2.42E-06,55.60401288
5506.2 sec,0.75,0.750001106,-1.11E-06,54.7127085
5506.8 sec,0.75,0.750000506,-5.06E-07,54.30483703
5507.6 sec,0.75,0.750000724,-7.24E-07,54.45292632
5508.5 sec,0.75,0.750002264,-2.26E-06,55.50065913
5509.2 sec,0.75,0.750003905,-3.90E-06,56.61615166
5509.9 sec,0.75,0.750001918,-1.92E-06,55.26516752
5510.5 sec,0.75,0.75000065,-6.50E-07,54.40249375
5511.2 sec,0.75,0.750000503,-5.03E-07,54.30253171
5512 sec,0.75,0.750001277,-1.28E-06,54.82940585
5512.8 sec,0.75,0.750003629,-3.63E-06,56.42869404
5513.5 sec,0.75,0.750003165,-3.17E-06,56.11308717
5514.1 sec,0.75,0.750001064,-1.06E-06,54.68427498
5514.8 sec,0.75,0.75000047,-4.70E-07,54.28024342
5515.5 sec,0.75,0.75000071,-7.10E-07,54.44338125
5516.4 sec,0.75,0.750002416,-2.42E-06,55.60401288
5517 sec,0.75,0.750001106,-1.11E-06,54.7127085
5517.7 sec,0.75,0.750000506,-5.06E-07,54.30483703
5518.4 sec,0.75,0.750000724,-7.24E-07,54.45292632
5519.3 sec,0.75,0.750002264,-2.26E-06,55.50065913
5520.1 sec,0.75,0.750003905,-3.90E-06,56.61615166
5520.7 sec,0.75,0.750001918,-1.92E-06,55.26516752
5521.3 sec,0.75,0.75000065,-6.50E-07,54.40249375
5522 sec,0.75,0.750000503,-5.03E-07,54.30253171
5522.8 sec,0.75,0.750001277,-1.28E-06,54.82940585
5523.7 sec,0.75,0.750003629,-3.63E-06,56.42869404
5524.4 sec,0.75,0.750003165,-3.17E-06,56.11308717
5524.9 sec,0.75,0.750001064,-1.06E-06,54.68427498
5525.6 sec,0.75,0.75000047,-4.70E-07,54.28024342
5526.3 sec,0.75,0.75000071,-7.10E-07,54.44338125
5527.2 sec,0.75,0.750002416,-2.42E-06,55.60401288
5527.8 sec,0.75,0.750001106,-1.11E-06,54.7127085
5528.5 sec,0.75,0.750000506,-5.06E-07,54.30483703
5529.2 sec,0.75,0.750000724,-7.24E-07,54.45292632
5530.1 sec,0.75,0.750002264,-2.26E-06,55.50065913
5530.9 sec,0.75,0.750003905,-3.90E-06,56.61615166
5531.5 sec,0.75,0.750001918,-1.92E-06,55.26516752
5532.1 sec,0.75,0.75000065,-6.50E-07,54.40249375
5532.8 sec,0.75,0.750000503,-5.03E-07,54.30253171
5533.6 sec,0.75,0.750001277,-1.28E-06,54.82940585
5534.5 sec,0.75,0.750003629,-3.63E-06,56.42869404
5535.2 sec,0.75,0.750003165,-3.17E-06,56.11308717
5535.8 sec,0.75,0.750001064,-1.06E-06,54.68427498
5536.4 sec,0.75,0.75000047,-4.70E-07,54.28024342
5537.1 sec,0.75,0.75000071,-7.10E-07,54.44338125
5538 sec,0.75,0.750002416,-2.42E-06,55.60401288
5538.6 sec,0.75,0.750001106,-1.11E-06,54.7127085
5539.3 sec,0.75,0.750000506,-5.06E-07,54.30483703
5540 sec,0.75,0.750000724,-7.24E-07,54.45292632
5540.9 sec,0.75,0.750002264,-2.26E-06,55.50065913
5541.7 sec,0.75,0.750003905,-3.90E-06,56.61615166
5542.3 sec,0.75,0.750001918,-1.92E-06,55.26516752
5542.9 sec,0.75,0.75000065,-6.50E-07,54.40249375
5543.6 sec,0.75,0.750000503,-5.03E-07,54.30253171
5544.4 sec,0.75,0.750001277,-1.28E-06,54.82940585
5545.3 sec,0.75,0.750003629,-3.63E-06,56.42869404
5546 sec,0.75,0.750003165,-3.17E-06,56.11308717
5546.6 sec,0.75,0.750001064,-1.06E-06,54.68427498
5547.2 sec,0.75,0.75000047,-4.70E-07,54.28024342
5548 sec,0.75,0.75000071,-7.10E-07,54.44338125
5548.8 sec,0.75,0.750002416,-2.42E-06,55.60401288
5549.5 sec,0.75,0.750001106,-1.11E-06,54.7127085
5550.1 sec,0.75,0.750000506,-5.06E-07,54.30483703
5550.8 sec,0.75,0.750000724,-7.24E-07,54.45292632
5551.7 sec,0.75,0.750002264,-2.26E-06,55.50065913
5552.5 sec,0.75,0.750003905,-3.90E-06,56.61615166
5553.1 sec,0.75,0.750001918,-1.92E-06,55.26516752
5553.7 sec,0.75,0.75000065,-6.50E-07,54.40249375
5554.4 sec,0.75,0.750000503,-5.03E-07,54.30253171
5555.2 sec,0.75,0.750001277,-1.28E-06,54.82940585
5556.1 sec,0.75,0.750003629,-3.63E-06,56.42869404
5556.8 sec,0.75,0.750003165,-3.17E-06,56.11308717
5557.4 sec,0.75,0.750001064,-1.06E-06,54.68427498
5558 sec,0.75,0.75000047,-4.70E-07,54.28024342
5558.8 sec,0.75,0.75000071,-7.10E-07,54.44338125
5559.6 sec,0.75,0.750002416,-2.42E-06,55.60401288
5560.3 sec,0.75,0.750001106,-1.11E-06,54.7127085
5560.9 sec,0.75,0.750000506,-5.06E-07,54.30483703
5561.7 sec,0.75,0.750000724,-7.24E-07,54.45292632
5562.5 sec,0.75,0.750002264,-2.26E-06,55.50065913
5563.3 sec,0.75,0.750003905,-3.90E-06,56.61615166
5563.9 sec,0.75,0.750001918,-1.92E-06,55.26516752
5564.5 sec,0.75,0.75000065,-6.50E-07,54.40249375
5565.2 sec,0.75,0.750000503,-5.03E-07,54.30253171
5566.1 sec,0.75,0.750001277,-1.28E-06,54.82940585
5566.9 sec,0.75,0.750003629,-3.63E-06,56.42869404
5567.6 sec,0.75,0.750003165,-3.17E-06,56.11308717
5568.2 sec,0.75,0.750001064,-1.06E-06,54.68427498
5568.8 sec,0.75,0.75000047,-4.70E-07,54.28024342
5569.6 sec,0.75,0.75000071,-7.10E-07,54.44338125
5570.5 sec,0.75,0.750002416,-2.42E-06,55.60401288
5571.1 sec,0.75,0.750001106,-1.11E-06,54.7127085
5571.7 sec,0.75,0.750000506,-5.06E-07,54.30483703
5572.5 sec,0.75,0.750000724,-7.24E-07,54.45292632
5573.3 sec,0.75,0.750002264,-2.26E-06,55.50065913
5574.1 sec,0.75,0.750003905,-3.90E-06,56.61615166
5574.8 sec,0.75,0.750001918,-1.92E-06,55.26516752
5575.3 sec,0.75,0.75000065,-6.50E-07,54.40249375
5576 sec,0.75,0.750000503,-5.03E-07,54.30253171
5576.9 sec,0.75,0.750001277,-1.28E-06,54.82940585
5577.7 sec,0.75,0.750003629,-3.63E-06,56.42869404
5578.4 sec,0.75,0.750003165,-3.17E-06,56.11308717
5579 sec,0.75,0.750001064,-1.06E-06,54.68427498
5579.6 sec,0.75,0.75000047,-4.70E-07,54.28024342
5580.4 sec,0.75,0.75000071,-7.10E-07,54.44338125
5581.3 sec,0.75,0.750002416,-2.42E-06,55.60401288
5581.9 sec,0.75,0.750001106,-1.11E-06,54.7127085
5582.5 sec,0.75,0.750000506,-5.06E-07,54.30483703
5583.3 sec,0.75,0.750000724,-7.24E-07,54.45292632
5584.1 sec,0.75,0.750002264,-2.26E-06,55.50065913
5584.9 sec,0.75,0.750003905,-3.90E-06,56.61615166
5585.6 sec,0.75,0.750001918,-1.92E-06,55.26516752
5586.2 sec,0.75,0.75000065,-6.50E-07,54.40249375
5586.8 sec,0.75,0.750000503,-5.03E-07,54.30253171
5587.7 sec,0.75,0.750001277,-1.28E-06,54.82940585
5588.5 sec,0.75,0.750003629,-3.63E-06,56.42869404
5589.2 sec,0.75,0.750003165,-3.17E-06,56.11308717
5589.8 sec,0.75,0.750001064,-1.06E-06,54.68427498
5590.4 sec,0.75,0.75000047,-4.70E-07,54.28024342
5591.2 sec,0.75,0.75000071,-7.10E-07,54.44338125
5592.1 sec,0.75,0.750002416,-2.42E-06,55.60401288
5592.7 sec,0.75,0.750001106,-1.11E-06,54.7127085
5593.3 sec,0.75,0.750000506,-5.06E-07,54.30483703
5594.1 sec,0.75,0.750000724,-7.24E-07,54.45292632
5595 sec,0.75,0.750002264,-2.26E-06,55.50065913
5595.7 sec,0.75,0.750003905,-3.90E-06,56.61615166
5596.4 sec,0.75,0.750001918,-1.92E-06,55.26516752
5597 sec,0.75,0.75000065,-6.50E-07,54.40249375
5597.7 sec,0.75,0.750000503,-5.03E-07,54.30253171
5598.5 sec,0.75,0.750001277,-1.28E-06,54.82940585
5599.3 sec,0.75,0.750003629,-3.63E-06,56.42869404
5600 sec,0.75,0.750003165,-3.17E-06,56.11308717
5600.6 sec,0.75,0.750001064,-1.06E-06,54.68427498
5601.2 sec,0.75,0.75000047,-4.70E-07,54.28024342
5602 sec,0.75,0.75000071,-7.10E-07,54.44338125
5602.9 sec,0.75,0.750002416,-2.42E-06,55.60401288
5603.5 sec,0.75,0.750001106,-1.11E-06,54.7127085
5604.1 sec,0.75,0.750000506,-5.06E-07,54.30483703
5604.9 sec,0.75,0.750000724,-7.24E-07,54.45292632
5605.8 sec,0.75,0.750002264,-2.26E-06,55.50065913
5606.5 sec,0.75,0.750003905,-3.90E-06,56.61615166
5607.2 sec,0.75,0.750001918,-1.92E-06,55.26516752
5607.8 sec,0.75,0.75000065,-6.50E-07,54.40249375
5608.5 sec,0.75,0.750000503,-5.03E-07,54.30253171
5609.3 sec,0.75,0.750001277,-1.28E-06,54.82940585
5610.1 sec,0.75,0.750003629,-3.63E-06,56.42869404
5610.8 sec,0.75,0.750003165,-3.17E-06,56.11308717
5611.4 sec,0.75,0.750001064,-1.06E-06,54.68427498
5612.1 sec,0.75,0.75000047,-4.70E-07,54.28024342
5612.8 sec,0.75,0.75000071,-7.10E-07,54.44338125
5613.7 sec,0.75,0.750002416,-2.42E-06,55.60401288
5614.3 sec,0.75,0.750001106,-1.11E-06,54.7127085
5615 sec,0.75,0.750000506,-5.06E-07,54.30483703
5615.7 sec,0.75,0.750000724,-7.24E-07,54.45292632
5616.6 sec,0.75,0.750002264,-2.26E-06,55.50065913
5617.4 sec,0.75,0.750003905,-3.90E-06,56.61615166
5618 sec,0.75,0.750001918,-1.92E-06,55.26516752
5618.6 sec,0.75,0.75000065,-6.50E-07,54.40249375
5619.3 sec,0.75,0.750000503,-5.03E-07,54.30253171
5620.1 sec,0.75,0.750001277,-1.28E-06,54.82940585
5621 sec,0.75,0.750003629,-3.63E-06,56.42869404
5621.7 sec,0.75,0.750003165,-3.17E-06,56.11308717
5622.2 sec,0.75,0.750001064,-1.06E-06,54.68427498
5622.9 sec,0.75,0.75000047,-4.70E-07,54.28024342
5623.6 sec,0.75,0.75000071,-7.10E-07,54.44338125
5624.5 sec,0.75,0.750002416,-2.42E-06,55.60401288
5625.1 sec,0.75,0.750001106,-1.11E-06,54.7127085
5625.8 sec,0.75,0.750000506,-5.06E-07,54.30483703
5626.5 sec,0.75,0.750000724,-7.24E-07,54.45292632
5627.4 sec,0.75,0.750002264,-2.26E-06,55.50065913
5628.2 sec,0.75,0.750003905,-3.90E-06,56.61615166
5628.8 sec,0.75,0.750001918,-1.92E-06,55.26516752
5629.4 sec,0.75,0.75000065,-6.50E-07,54.40249375
5630.1 sec,0.75,0.750000503,-5.03E-07,54.30253171
5630.9 sec,0.75,0.750001277,-1.28E-06,54.82940585
5631.8 sec,0.75,0.750003629,-3.63E-06,56.42869404
5632.5 sec,0.75,0.750003165,-3.17E-06,56.11308717
5633.1 sec,0.75,0.750001064,-1.06E-06,54.68427498
5633.7 sec,0.75,0.75000047,-4.70E-07,54.28024342
5634.4 sec,0.75,0.75000071,-7.10E-07,54.44338125
5635.3 sec,0.75,0.750002416,-2.42E-06,55.60401288
5635.9 sec,0.75,0.750001106,-1.11E-06,54.7127085
5636.6 sec,0.75,0.750000506,-5.06E-07,54.30483703
5637.3 sec,0.75,0.750000724,-7.24E-07,54.45292632
5638.2 sec,0.75,0.750002264,-2.26E-06,55.50065913
5639 sec,0.75,0.750003905,-3.90E-06,56.61615166
5639.6 sec,0.75,0.750001918,-1.92E-06,55.26516752
5640.2 sec,0.75,0.75000065,-6.50E-07,54.40249375
5640.9 sec,0.75,0.750000503,-5.03E-07,54.30253171
5641.7 sec,0.75,0.750001277,-1.28E-06,54.82940585
5642.6 sec,0.75,0.750003629,-3.63E-06,56.42869404
5643.3 sec,0.75,0.750003165,-3.17E-06,56.11308717
5643.9 sec,0.75,0.750001064,-1.06E-06,54.68427498
5644.5 sec,0.75,0.75000047,-4.70E-07,54.28024342
5645.3 sec,0.75,0.75000071,-7.10E-07,54.44338125
5646.1 sec,0.75,0.750002416,-2.42E-06,55.60401288
5646.8 sec,0.75,0.750001106,-1.11E-06,54.7127085
5647.4 sec,0.75,0.750000506,-5.06E-07,54.30483703
5648.1 sec,0.75,0.750000724,-7.24E-07,54.45292632
5649 sec,0.75,0.750002264,-2.26E-06,55.50065913
5649.8 sec,0.75,0.750003905,-3.90E-06,56.61615166
5650.4 sec,0.75,0.750001918,-1.92E-06,55.26516752
5651 sec,0.75,0.75000065,-6.50E-07,54.40249375
5651.7 sec,0.75,0.750000503,-5.03E-07,54.30253171
5652.5 sec,0.75,0.750001277,-1.28E-06,54.82940585
5653.4 sec,0.75,0.750003629,-3.63E-06,56.42869404
5654.1 sec,0.75,0.750003165,-3.17E-06,56.11308717
5654.7 sec,0.75,0.750001064,-1.06E-06,54.68427498
5655.3 sec,0.75,0.75000047,-4.70E-07,54.28024342
5656.1 sec,0.75,0.75000071,-7.10E-07,54.44338125
5656.9 sec,0.75,0.750002416,-2.42E-06,55.60401288
5657.6 sec,0.75,0.750001106,-1.11E-06,54.7127085
5658.2 sec,0.75,0.750000506,-5.06E-07,54.30483703
5659 sec,0.75,0.750000724,-7.24E-07,54.45292632
5659.8 sec,0.75,0.750002264,-2.26E-06,55.50065913
5660.6 sec,0.75,0.750003905,-3.90E-06,56.61615166
5661.2 sec,0.75,0.750001918,-1.92E-06,55.26516752
5661.8 sec,0.75,0.75000065,-6.50E-07,54.40249375
5662.5 sec,0.75,0.750000503,-5.03E-07,54.30253171
5663.4 sec,0.75,0.750001277,-1.28E-06,54.82940585
5664.2 sec,0.75,0.750003629,-3.63E-06,56.42869404
5664.9 sec,0.75,0.750003165,-3.17E-06,56.11308717
5665.5 sec,0.75,0.750001064,-1.06E-06,54.68427498
5666.1 sec,0.75,0.75000047,-4.70E-07,54.28024342
5666.9 sec,0.75,0.75000071,-7.10E-07,54.44338125
5667.8 sec,0.75,0.750002416,-2.42E-06,55.60401288
5668.4 sec,0.75,0.750001106,-1.11E-06,54.7127085
5669 sec,0.75,0.750000506,-5.06E-07,54.30483703
5669.8 sec,0.75,0.750000724,-7.24E-07,54.45292632
5670.6 sec,0.75,0.750002264,-2.26E-06,55.50065913
5671.4 sec,0.75,0.750003905,-3.90E-06,56.61615166
5672.1 sec,0.75,0.750001918,-1.92E-06,55.26516752
5672.6 sec,0.75,0.75000065,-6.50E-07,54.40249375
5673.3 sec,0.75,0.750000503,-5.03E-07,54.30253171
5674.2 sec,0.75,0.750001277,-1.28E-06,54.82940585
5675 sec,0.75,0.750003629,-3.63E-06,56.42869404
5675.7 sec,0.75,0.750003165,-3.17E-06,56.11308717
5676.3 sec,0.75,0.750001064,-1.06E-06,54.68427498
5676.9 sec,0.75,0.75000047,-4.70E-07,54.28024342
5677.7 sec,0.75,0.75000071,-7.10E-07,54.44338125
5678.6 sec,0.75,0.750002416,-2.42E-06,55.60401288
5679.2 sec,0.75,0.750001106,-1.11E-06,54.7127085
5679.8 sec,0.75,0.750000506,-5.06E-07,54.30483703
5680.6 sec,0.75,0.750000724,-7.24E-07,54.45292632
5681.4 sec,0.75,0.750002264,-2.26E-06,55.50065913
5682.2 sec,0.75,0.750003905,-3.90E-06,56.61615166
5682.9 sec,0.75,0.750001918,-1.92E-06,55.26516752
5683.5 sec,0.75,0.75000065,-6.50E-07,54.40249375
5684.1 sec,0.75,0.750000503,-5.03E-07,54.30253171
5685 sec,0.75,0.750001277,-1.28E-06,54.82940585
5685.8 sec,0.75,0.750003629,-3.63E-06,56.42869404
5686.5 sec,0.75,0.750003165,-3.17E-06,56.11308717
5687.1 sec,0.75,0.750001064,-1.06E-06,54.68427498
5687.7 sec,0.75,0.75000047,-4.70E-07,54.28024342
5688.5 sec,0.75,0.75000071,-7.10E-07,54.44338125
5689.4 sec,0.75,0.750002416,-2.42E-06,55.60401288
5690 sec,0.75,0.750001106,-1.11E-06,54.7127085
5690.6 sec,0.75,0.750000506,-5.06E-07,54.30483703
5691.4 sec,0.75,0.750000724,-7.24E-07,54.45292632
5692.3 sec,0.75,0.750002264,-2.26E-06,55.50065913
5693 sec,0.75,0.750003905,-3.90E-06,56.61615166
5693.7 sec,0.75,0.750001918,-1.92E-06,55.26516752
5694.3 sec,0.75,0.75000065,-6.50E-07,54.40249375
5695 sec,0.75,0.750000503,-5.03E-07,54.30253171
5695.8 sec,0.75,0.750001277,-1.28E-06,54.82940585
5696.6 sec,0.75,0.750003629,-3.63E-06,56.42869404
5697.3 sec,0.75,0.750003165,-3.17E-06,56.11308717
5697.9 sec,0.75,0.750001064,-1.06E-06,54.68427498
5698.5 sec,0.75,0.75000047,-4.70E-07,54.28024342
5699.3 sec,0.75,0.75000071,-7.10E-07,54.44338125
5700.2 sec,0.75,0.750002416,-2.42E-06,55.60401288
5700.8 sec,0.75,0.750001106,-1.11E-06,54.7127085
5701.4 sec,0.75,0.750000506,-5.06E-07,54.30483703
5702.2 sec,0.75,0.750000724,-7.24E-07,54.45292632
5703.1 sec,0.75,0.750002264,-2.26E-06,55.50065913
5703.8 sec,0.75,0.750003905,-3.90E-06,56.61615166
5704.5 sec,0.75,0.750001918,-1.92E-06,55.26516752
5705.1 sec,0.75,0.75000065,-6.50E-07,54.40249375
5705.8 sec,0.75,0.750000503,-5.03E-07,54.30253171
5706.6 sec,0.75,0.750001277,-1.28E-06,54.82940585
5707.4 sec,0.75,0.750003629,-3.63E-06,56.42869404
5708.1 sec,0.75,0.750003165,-3.17E-06,56.11308717
5708.7 sec,0.75,0.750001064,-1.06E-06,54.68427498
5709.4 sec,0.75,0.75000047,-4.70E-07,54.28024342
5710.1 sec,0.75,0.75000071,-7.10E-07,54.44338125
5711 sec,0.75,0.750002416,-2.42E-06,55.60401288
5711.6 sec,0.75,0.750001106,-1.11E-06,54.7127085
5712.3 sec,0.75,0.750000506,-5.06E-07,54.30483703
5713 sec,0.75,0.750000724,-7.24E-07,54.45292632
5713.9 sec,0.75,0.750002264,-2.26E-06,55.50065913
5714.7 sec,0.75,0.750003905,-3.90E-06,56.61615166
5715.3 sec,0.75,0.750001918,-1.92E-06,55.26516752
5715.9 sec,0.75,0.75000065,-6.50E-07,54.40249375
5716.6 sec,0.75,0.750000503,-5.03E-07,54.30253171
5717.4 sec,0.75,0.750001277,-1.28E-06,54.82940585
5718.3 sec,0.75,0.750003629,-3.63E-06,56.42869404
5719 sec,0.75,0.750003165,-3.17E-06,56.11308717
5719.5 sec,0.75,0.750001064,-1.06E-06,54.68427498
5720.2 sec,0.75,0.75000047,-4.70E-07,54.28024342
5720.9 sec,0.75,0.75000071,-7.10E-07,54.44338125
5721.8 sec,0.75,0.750002416,-2.42E-06,55.60401288
5722.4 sec,0.75,0.750001106,-1.11E-06,54.7127085
5723.1 sec,0.75,0.750000506,-5.06E-07,54.30483703
5723.8 sec,0.75,0.750000724,-7.24E-07,54.45292632
5724.7 sec,0.75,0.750002264,-2.26E-06,55.50065913
5725.5 sec,0.75,0.750003905,-3.90E-06,56.61615166
5726.1 sec,0.75,0.750001918,-1.92E-06,55.26516752
5726.7 sec,0.75,0.75000065,-6.50E-07,54.40249375
5727.4 sec,0.75,0.750000503,-5.03E-07,54.30253171
5728.2 sec,0.75,0.750001277,-1.28E-06,54.82940585
5729.1 sec,0.75,0.750003629,-3.63E-06,56.42869404
5729.8 sec,0.75,0.750003165,-3.17E-06,56.11308717
5730.4 sec,0.75,0.750001064,-1.06E-06,54.68427498
5731 sec,0.75,0.75000047,-4.70E-07,54.28024342
5731.7 sec,0.75,0.75000071,-7.10E-07,54.44338125
5732.6 sec,0.75,0.750002416,-2.42E-06,55.60401288
5733.2 sec,0.75,0.750001106,-1.11E-06,54.7127085
5733.9 sec,0.75,0.750000506,-5.06E-07,54.30483703
5734.6 sec,0.75,0.750000724,-7.24E-07,54.45292632
5735.5 sec,0.75,0.750002264,-2.26E-06,55.50065913
5736.3 sec,0.75,0.750003905,-3.90E-06,56.61615166
5736.9 sec,0.75,0.750001918,-1.92E-06,55.26516752
5737.5 sec,0.75,0.75000065,-6.50E-07,54.40249375
5738.2 sec,0.75,0.750000503,-5.03E-07,54.30253171
5739 sec,0.75,0.750001277,-1.28E-06,54.82940585
5739.9 sec,0.75,0.750003629,-3.63E-06,56.42869404
5740.6 sec,0.75,0.750003165,-3.17E-06,56.11308717
5741.2 sec,0.75,0.750001064,-1.06E-06,54.68427498
5741.8 sec,0.75,0.75000047,-4.70E-07,54.28024342
5742.6 sec,0.75,0.75000071,-7.10E-07,54.44338125
5743.4 sec,0.75,0.750002416,-2.42E-06,55.60401288
5744.1 sec,0.75,0.750001106,-1.11E-06,54.7127085
5744.7 sec,0.75,0.750000506,-5.06E-07,54.30483703
5745.4 sec,0.75,0.750000724,-7.24E-07,54.45292632
5746.3 sec,0.75,0.750002264,-2.26E-06,55.50065913
5747.1 sec,0.75,0.750003905,-3.90E-06,56.61615166
5747.7 sec,0.75,0.750001918,-1.92E-06,55.26516752
5748.3 sec,0.75,0.75000065,-6.50E-07,54.40249375
5749 sec,0.75,0.750000503,-5.03E-07,54.30253171
5749.8 sec,0.75,0.750001277,-1.28E-06,54.82940585
5750.7 sec,0.75,0.750003629,-3.63E-06,56.42869404
5751.4 sec,0.75,0.750003165,-3.17E-06,56.11308717
5752 sec,0.75,0.750001064,-1.06E-06,54.68427498
5752.6 sec,0.75,0.75000047,-4.70E-07,54.28024342
5753.4 sec,0.75,0.75000071,-7.10E-07,54.44338125
5754.2 sec,0.75,0.750002416,-2.42E-06,55.60401288
5754.9 sec,0.75,0.750001106,-1.11E-06,54.7127085
5755.5 sec,0.75,0.750000506,-5.06E-07,54.30483703
5756.3 sec,0.75,0.750000724,-7.24E-07,54.45292632
5757.1 sec,0.75,0.750002264,-2.26E-06,55.50065913
5757.9 sec,0.75,0.750003905,-3.90E-06,56.61615166
5758.5 sec,0.75,0.750001918,-1.92E-06,55.26516752
5759.1 sec,0.75,0.75000065,-6.50E-07,54.40249375
5759.8 sec,0.75,0.750000503,-5.03E-07,54.30253171
5760.7 sec,0.75,0.750001277,-1.28E-06,54.82940585
5761.5 sec,0.75,0.750003629,-3.63E-06,56.42869404
5762.2 sec,0.75,0.750003165,-3.17E-06,56.11308717
5762.8 sec,0.75,0.750001064,-1.06E-06,54.68427498
5763.4 sec,0.75,0.75000047,-4.70E-07,54.28024342
5764.2 sec,0.75,0.75000071,-7.10E-07,54.44338125
5765.1 sec,0.75,0.750002416,-2.42E-06,55.60401288
5765.7 sec,0.75,0.750001106,-1.11E-06,54.7127085
5766.3 sec,0.75,0.750000506,-5.06E-07,54.30483703
5767.1 sec,0.75,0.750000724,-7.24E-07,54.45292632
5767.9 sec,0.75,0.750002264,-2.26E-06,55.50065913
5768.7 sec,0.75,0.750003905,-3.90E-06,56.61615166
5769.3 sec,0.75,0.750001918,-1.92E-06,55.26516752
5769.9 sec,0.75,0.75000065,-6.50E-07,54.40249375
5770.6 sec,0.75,0.750000503,-5.03E-07,54.30253171
5771.5 sec,0.75,0.750001277,-1.28E-06,54.82940585
5772.3 sec,0.75,0.750003629,-3.63E-06,56.42869404
5773 sec,0.75,0.750003165,-3.17E-06,56.11308717
5773.6 sec,0.75,0.750001064,-1.06E-06,54.68427498
5774.2 sec,0.75,0.75000047,-4.70E-07,54.28024342
5775 sec,0.75,0.75000071,-7.10E-07,54.44338125
5775.9 sec,0.75,0.750002416,-2.42E-06,55.60401288
5776.5 sec,0.75,0.750001106,-1.11E-06,54.7127085
5777.1 sec,0.75,0.750000506,-5.06E-07,54.30483703
5777.9 sec,0.75,0.750000724,-7.24E-07,54.45292632
5778.7 sec,0.75,0.750002264,-2.26E-06,55.50065913
5779.5 sec,0.75,0.750003905,-3.90E-06,56.61615166
5780.2 sec,0.75,0.750001918,-1.92E-06,55.26516752
5780.8 sec,0.75,0.75000065,-6.50E-07,54.40249375
5781.4 sec,0.75,0.750000503,-5.03E-07,54.30253171
5782.3 sec,0.75,0.750001277,-1.28E-06,54.82940585
5783.1 sec,0.75,0.750003629,-3.63E-06,56.42869404
5783.8 sec,0.75,0.750003165,-3.17E-06,56.11308717
5784.4 sec,0.75,0.750001064,-1.06E-06,54.68427498
5785 sec,0.75,0.75000047,-4.70E-07,54.28024342
5785.8 sec,0.75,0.75000071,-7.10E-07,54.44338125
5786.7 sec,0.75,0.750002416,-2.42E-06,55.60401288
5787.3 sec,0.75,0.750001106,-1.11E-06,54.7127085
5787.9 sec,0.75,0.750000506,-5.06E-07,54.30483703
5788.7 sec,0.75,0.750000724,-7.24E-07,54.45292632
5789.6 sec,0.75,0.750002264,-2.26E-06,55.50065913
5790.3 sec,0.75,0.750003905,-3.90E-06,56.61615166
5791 sec,0.75,0.750001918,-1.92E-06,55.26516752
5791.6 sec,0.75,0.75000065,-6.50E-07,54.40249375
5792.3 sec,0.75,0.750000503,-5.03E-07,54.30253171
5793.1 sec,0.75,0.750001277,-1.28E-06,54.82940585
5793.9 sec,0.75,0.750003629,-3.63E-06,56.42869404
5794.6 sec,0.75,0.750003165,-3.17E-06,56.11308717
5795.2 sec,0.75,0.750001064,-1.06E-06,54.68427498
5795.8 sec,0.75,0.75000047,-4.70E-07,54.28024342
5796.6 sec,0.75,0.75000071,-7.10E-07,54.44338125
5797.5 sec,0.75,0.750002416,-2.42E-06,55.60401288
5798.1 sec,0.75,0.750001106,-1.11E-06,54.7127085
5798.7 sec,0.75,0.750000506,-5.06E-07,54.30483703
5799.5 sec,0.75,0.750000724,-7.24E-07,54.45292632
5800.4 sec,0.75,0.750002264,-2.26E-06,55.50065913
5801.1 sec,0.75,0.750003905,-3.90E-06,56.61615166
5801.8 sec,0.75,0.750001918,-1.92E-06,55.26516752
5802.4 sec,0.75,0.75000065,-6.50E-07,54.40249375
5803.1 sec,0.75,0.750000503,-5.03E-07,54.30253171
5803.9 sec,0.75,0.750001277,-1.28E-06,54.82940585
5804.7 sec,0.75,0.750003629,-3.63E-06,56.42869404
5805.4 sec,0.75,0.750003165,-3.17E-06,56.11308717
5806 sec,0.75,0.750001064,-1.06E-06,54.68427498
5806.7 sec,0.75,0.75000047,-4.70E-07,54.28024342
5807.4 sec,0.75,0.75000071,-7.10E-07,54.44338125
5808.3 sec,0.75,0.750002416,-2.42E-06,55.60401288
5808.9 sec,0.75,0.750001106,-1.11E-06,54.7127085
5809.6 sec,0.75,0.750000506,-5.06E-07,54.30483703
5810.3 sec,0.75,0.750000724,-7.24E-07,54.45292632
5811.2 sec,0.75,0.750002264,-2.26E-06,55.50065913
5812 sec,0.75,0.750003905,-3.90E-06,56.61615166
5812.6 sec,0.75,0.750001918,-1.92E-06,55.26516752
5813.2 sec,0.75,0.75000065,-6.50E-07,54.40249375
5813.9 sec,0.75,0.750000503,-5.03E-07,54.30253171
5814.7 sec,0.75,0.750001277,-1.28E-06,54.82940585
5815.6 sec,0.75,0.750003629,-3.63E-06,56.42869404
5816.3 sec,0.75,0.750003165,-3.17E-06,56.11308717
5816.8 sec,0.75,0.750001064,-1.06E-06,54.68427498
5817.5 sec,0.75,0.75000047,-4.70E-07,54.28024342
5818.2 sec,0.75,0.75000071,-7.10E-07,54.44338125
5819.1 sec,0.75,0.750002416,-2.42E-06,55.60401288
5819.7 sec,0.75,0.750001106,-1.11E-06,54.7127085
5820.4 sec,0.75,0.750000506,-5.06E-07,54.30483703
5821.1 sec,0.75,0.750000724,-7.24E-07,54.45292632
5822 sec,0.75,0.750002264,-2.26E-06,55.50065913
5822.8 sec,0.75,0.750003905,-3.90E-06,56.61615166
5823.4 sec,0.75,0.750001918,-1.92E-06,55.26516752
5824 sec,0.75,0.75000065,-6.50E-07,54.40249375
5824.7 sec,0.75,0.750000503,-5.03E-07,54.30253171
5825.5 sec,0.75,0.750001277,-1.28E-06,54.82940585
5826.4 sec,0.75,0.750003629,-3.63E-06,56.42869404
5827.1 sec,0.75,0.750003165,-3.17E-06,56.11308717
5827.7 sec,0.75,0.750001064,-1.06E-06,54.68427498
5828.3 sec,0.75,0.75000047,-4.70E-07,54.28024342
5829 sec,0.75,0.75000071,-7.10E-07,54.44338125
5829.9 sec,0.75,0.750002416,-2.42E-06,55.60401288
5830.5 sec,0.75,0.750001106,-1.11E-06,54.7127085
5831.2 sec,0.75,0.750000506,-5.06E-07,54.30483703
5831.9 sec,0.75,0.750000724,-7.24E-07,54.45292632
5832.8 sec,0.75,0.750002264,-2.26E-06,55.50065913
5833.6 sec,0.75,0.750003905,-3.90E-06,56.61615166
5834.2 sec,0.75,0.750001918,-1.92E-06,55.26516752
5834.8 sec,0.75,0.75000065,-6.50E-07,54.40249375
5835.5 sec,0.75,0.750000503,-5.03E-07,54.30253171
5836.3 sec,0.75,0.750001277,-1.28E-06,54.82940585
5837.2 sec,0.75,0.750003629,-3.63E-06,56.42869404
5837.9 sec,0.75,0.750003165,-3.17E-06,56.11308717
5838.5 sec,0.75,0.750001064,-1.06E-06,54.68427498
5839.1 sec,0.75,0.75000047,-4.70E-07,54.28024342
5839.9 sec,0.75,0.75000071,-7.10E-07,54.44338125
5840.7 sec,0.75,0.750002416,-2.42E-06,55.60401288
5841.4 sec,0.75,0.750001106,-1.11E-06,54.7127085
5842 sec,0.75,0.750000506,-5.06E-07,54.30483703
5842.7 sec,0.75,0.750000724,-7.24E-07,54.45292632
5843.6 sec,0.75,0.750002264,-2.26E-06,55.50065913
5844.4 sec,0.75,0.750003905,-3.90E-06,56.61615166
5845 sec,0.75,0.750001918,-1.92E-06,55.26516752
5845.6 sec,0.75,0.75000065,-6.50E-07,54.40249375
5846.3 sec,0.75,0.750000503,-5.03E-07,54.30253171
5847.1 sec,0.75,0.750001277,-1.28E-06,54.82940585
5848 sec,0.75,0.750003629,-3.63E-06,56.42869404
5848.7 sec,0.75,0.750003165,-3.17E-06,56.11308717
5849.3 sec,0.75,0.750001064,-1.06E-06,54.68427498
5849.9 sec,0.75,0.75000047,-4.70E-07,54.28024342
5850.7 sec,0.75,0.75000071,-7.10E-07,54.44338125
5851.5 sec,0.75,0.750002416,-2.42E-06,55.60401288
5852.2 sec,0.75,0.750001106,-1.11E-06,54.7127085
5852.8 sec,0.75,0.750000506,-5.06E-07,54.30483703
5853.6 sec,0.75,0.750000724,-7.24E-07,54.45292632
5854.4 sec,0.75,0.750002264,-2.26E-06,55.50065913
5855.2 sec,0.75,0.750003905,-3.90E-06,56.61615166
5855.8 sec,0.75,0.750001918,-1.92E-06,55.26516752
5856.4 sec,0.75,0.75000065,-6.50E-07,54.40249375
5857.1 sec,0.75,0.750000503,-5.03E-07,54.30253171
5858 sec,0.75,0.750001277,-1.28E-06,54.82940585
5858.8 sec,0.75,0.750003629,-3.63E-06,56.42869404
5859.5 sec,0.75,0.750003165,-3.17E-06,56.11308717
5860.1 sec,0.75,0.750001064,-1.06E-06,54.68427498
5860.7 sec,0.75,0.75000047,-4.70E-07,54.28024342
5861.5 sec,0.75,0.75000071,-7.10E-07,54.44338125
5862.4 sec,0.75,0.750002416,-2.42E-06,55.60401288
5863 sec,0.75,0.750001106,-1.11E-06,54.7127085
5863.6 sec,0.75,0.750000506,-5.06E-07,54.30483703
5864.4 sec,0.75,0.750000724,-7.24E-07,54.45292632
5865.2 sec,0.75,0.750002264,-2.26E-06,55.50065913
5866 sec,0.75,0.750003905,-3.90E-06,56.61615166
5866.6 sec,0.75,0.750001918,-1.92E-06,55.26516752
5867.2 sec,0.75,0.75000065,-6.50E-07,54.40249375
5867.9 sec,0.75,0.750000503,-5.03E-07,54.30253171
5868.8 sec,0.75,0.750001277,-1.28E-06,54.82940585
5869.6 sec,0.75,0.750003629,-3.63E-06,56.42869404
5870.3 sec,0.75,0.750003165,-3.17E-06,56.11308717
5870.9 sec,0.75,0.750001064,-1.06E-06,54.68427498
5871.5 sec,0.75,0.75000047,-4.70E-07,54.28024342
5872.3 sec,0.75,0.75000071,-7.10E-07,54.44338125
5873.2 sec,0.75,0.750002416,-2.42E-06,55.60401288
5873.8 sec,0.75,0.750001106,-1.11E-06,54.7127085
5874.4 sec,0.75,0.750000506,-5.06E-07,54.30483703
5875.2 sec,0.75,0.750000724,-7.24E-07,54.45292632
5876 sec,0.75,0.750002264,-2.26E-06,55.50065913
5876.8 sec,0.75,0.750003905,-3.90E-06,56.61615166
5877.5 sec,0.75,0.750001918,-1.92E-06,55.26516752
5878.1 sec,0.75,0.75000065,-6.50E-07,54.40249375
5878.7 sec,0.75,0.750000503,-5.03E-07,54.30253171
5879.6 sec,0.75,0.750001277,-1.28E-06,54.82940585
5880.4 sec,0.75,0.750003629,-3.63E-06,56.42869404
5881.1 sec,0.75,0.750003165,-3.17E-06,56.11308717
5881.7 sec,0.75,0.750001064,-1.06E-06,54.68427498
5882.3 sec,0.75,0.75000047,-4.70E-07,54.28024342
5883.1 sec,0.75,0.75000071,-7.10E-07,54.44338125
5884 sec,0.75,0.750002416,-2.42E-06,55.60401288
5884.6 sec,0.75,0.750001106,-1.11E-06,54.7127085
5885.2 sec,0.75,0.750000506,-5.06E-07,54.30483703
5886 sec,0.75,0.750000724,-7.24E-07,54.45292632
5886.9 sec,0.75,0.750002264,-2.26E-06,55.50065913
5887.6 sec,0.75,0.750003905,-3.90E-06,56.61615166
5888.3 sec,0.75,0.750001918,-1.92E-06,55.26516752
5888.9 sec,0.75,0.75000065,-6.50E-07,54.40249375
5889.6 sec,0.75,0.750000503,-5.03E-07,54.30253171
5890.4 sec,0.75,0.750001277,-1.28E-06,54.82940585
5891.2 sec,0.75,0.750003629,-3.63E-06,56.42869404
5891.9 sec,0.75,0.750003165,-3.17E-06,56.11308717
5892.5 sec,0.75,0.750001064,-1.06E-06,54.68427498
5893.1 sec,0.75,0.75000047,-4.70E-07,54.28024342
5893.9 sec,0.75,0.75000071,-7.10E-07,54.44338125
5894.8 sec,0.75,0.750002416,-2.42E-06,55.60401288
5895.4 sec,0.75,0.750001106,-1.11E-06,54.7127085
5896 sec,0.75,0.750000506,-5.06E-07,54.30483703
5896.8 sec,0.75,0.750000724,-7.24E-07,54.45292632
5897.7 sec,0.75,0.750002264,-2.26E-06,55.50065913
5898.4 sec,0.75,0.750003905,-3.90E-06,56.61615166
5899.1 sec,0.75,0.750001918,-1.92E-06,55.26516752
5899.7 sec,0.75,0.75000065,-6.50E-07,54.40249375
5900.4 sec,0.75,0.750000503,-5.03E-07,54.30253171
5901.2 sec,0.75,0.750001277,-1.28E-06,54.82940585
5902 sec,0.75,0.750003629,-3.63E-06,56.42869404
5902.7 sec,0.75,0.750003165,-3.17E-06,56.11308717
5903.3 sec,0.75,0.750001064,-1.06E-06,54.68427498
5904 sec,0.75,0.75000047,-4.70E-07,54.28024342
5904.7 sec,0.75,0.75000071,-7.10E-07,54.44338125
5905.6 sec,0.75,0.750002416,-2.42E-06,55.60401288
5906.2 sec,0.75,0.750001106,-1.11E-06,54.7127085
5906.9 sec,0.75,0.750000506,-5.06E-07,54.30483703
5907.6 sec,0.75,0.750000724,-7.24E-07,54.45292632
5908.5 sec,0.75,0.750002264,-2.26E-06,55.50065913
5909.3 sec,0.75,0.750003905,-3.90E-06,56.61615166
5909.9 sec,0.75,0.750001918,-1.92E-06,55.26516752
5910.5 sec,0.75,0.75000065,-6.50E-07,54.40249375
5911.2 sec,0.75,0.750000503,-5.03E-07,54.30253171
5912 sec,0.75,0.750001277,-1.28E-06,54.82940585
5912.9 sec,0.75,0.750003629,-3.63E-06,56.42869404
5913.6 sec,0.75,0.750003165,-3.17E-06,56.11308717
5914.1 sec,0.75,0.750001064,-1.06E-06,54.68427498
5914.8 sec,0.75,0.75000047,-4.70E-07,54.28024342
5915.5 sec,0.75,0.75000071,-7.10E-07,54.44338125
5916.4 sec,0.75,0.750002416,-2.42E-06,55.60401288
5917 sec,0.75,0.750001106,-1.11E-06,54.7127085
5917.7 sec,0.75,0.750000506,-5.06E-07,54.30483703
5918.4 sec,0.75,0.750000724,-7.24E-07,54.45292632
5919.3 sec,0.75,0.750002264,-2.26E-06,55.50065913
5920.1 sec,0.75,0.750003905,-3.90E-06,56.61615166
5920.7 sec,0.75,0.750001918,-1.92E-06,55.26516752
5921.3 sec,0.75,0.75000065,-6.50E-07,54.40249375
5922 sec,0.75,0.750000503,-5.03E-07,54.30253171
5922.8 sec,0.75,0.750001277,-1.28E-06,54.82940585
5923.7 sec,0.75,0.750003629,-3.63E-06,56.42869404
5924.4 sec,0.75,0.750003165,-3.17E-06,56.11308717
5925 sec,0.75,0.750001064,-1.06E-06,54.68427498
5925.6 sec,0.75,0.75000047,-4.70E-07,54.28024342
5926.3 sec,0.75,0.75000071,-7.10E-07,54.44338125
5927.2 sec,0.75,0.750002416,-2.42E-06,55.60401288
5927.8 sec,0.75,0.750001106,-1.11E-06,54.7127085
5928.5 sec,0.75,0.750000506,-5.06E-07,54.30483703
5929.2 sec,0.75,0.750000724,-7.24E-07,54.45292632
5930.1 sec,0.75,0.750002264,-2.26E-06,55.50065913
5930.9 sec,0.75,0.750003905,-3.90E-06,56.61615166
5931.5 sec,0.75,0.750001918,-1.92E-06,55.26516752
5932.1 sec,0.75,0.75000065,-6.50E-07,54.40249375
5932.8 sec,0.75,0.750000503,-5.03E-07,54.30253171
5933.6 sec,0.75,0.750001277,-1.28E-06,54.82940585
5934.5 sec,0.75,0.750003629,-3.63E-06,56.42869404
5935.2 sec,0.75,0.750003165,-3.17E-06,56.11308717
5935.8 sec,0.75,0.750001064,-1.06E-06,54.68427498
5936.4 sec,0.75,0.75000047,-4.70E-07,54.28024342
5937.2 sec,0.75,0.75000071,-7.10E-07,54.44338125
5938 sec,0.75,0.750002416,-2.42E-06,55.60401288
5938.7 sec,0.75,0.750001106,-1.11E-06,54.7127085
5939.3 sec,0.75,0.750000506,-5.06E-07,54.30483703
5940 sec,0.75,0.750000724,-7.24E-07,54.45292632
5940.9 sec,0.75,0.750002264,-2.26E-06,55.50065913
5941.7 sec,0.75,0.750003905,-3.90E-06,56.61615166
5942.3 sec,0.75,0.750001918,-1.92E-06,55.26516752
5942.9 sec,0.75,0.75000065,-6.50E-07,54.40249375
5943.6 sec,0.75,0.750000503,-5.03E-07,54.30253171
5944.4 sec,0.75,0.750001277,-1.28E-06,54.82940585
5945.3 sec,0.75,0.750003629,-3.63E-06,56.42869404
5946 sec,0.75,0.750003165,-3.17E-06,56.11308717
5946.6 sec,0.75,0.750001064,-1.06E-06,54.68427498
5947.2 sec,0.75,0.75000047,-4.70E-07,54.28024342
5948 sec,0.75,0.75000071,-7.10E-07,54.44338125
5948.8 sec,0.75,0.750002416,-2.42E-06,55.60401288
5949.5 sec,0.75,0.750001106,-1.11E-06,54.7127085
5950.1 sec,0.75,0.750000506,-5.06E-07,54.30483703
5950.9 sec,0.75,0.750000724,-7.24E-07,54.45292632
5951.7 sec,0.75,0.750002264,-2.26E-06,55.50065913
5952.5 sec,0.75,0.750003905,-3.90E-06,56.61615166
5953.1 sec,0.75,0.750001918,-1.92E-06,55.26516752
5953.7 sec,0.75,0.75000065,-6.50E-07,54.40249375
5954.4 sec,0.75,0.750000503,-5.03E-07,54.30253171
5955.3 sec,0.75,0.750001277,-1.28E-06,54.82940585
5956.1 sec,0.75,0.750003629,-3.63E-06,56.42869404
5956.8 sec,0.75,0.750003165,-3.17E-06,56.11308717
5957.4 sec,0.75,0.750001064,-1.06E-06,54.68427498
5958 sec,0.75,0.75000047,-4.70E-07,54.28024342
5958.8 sec,0.75,0.75000071,-7.10E-07,54.44338125
5959.7 sec,0.75,0.750002416,-2.42E-06,55.60401288
5960.3 sec,0.75,0.750001106,-1.11E-06,54.7127085
5960.9 sec,0.75,0.750000506,-5.06E-07,54.30483703
5961.7 sec,0.75,0.750000724,-7.24E-07,54.45292632
5962.5 sec,0.75,0.750002264,-2.26E-06,55.50065913
5963.3 sec,0.75,0.750003905,-3.90E-06,56.61615166
5963.9 sec,0.75,0.750001918,-1.92E-06,55.26516752
5964.5 sec,0.75,0.75000065,-6.50E-07,54.40249375
5965.2 sec,0.75,0.750000503,-5.03E-07,54.30253171
5966.1 sec,0.75,0.750001277,-1.28E-06,54.82940585
5966.9 sec,0.75,0.750003629,-3.63E-06,56.42869404
5967.6 sec,0.75,0.750003165,-3.17E-06,56.11308717
5968.2 sec,0.75,0.750001064,-1.06E-06,54.68427498
5968.8 sec,0.75,0.75000047,-4.70E-07,54.28024342
5969.6 sec,0.75,0.75000071,-7.10E-07,54.44338125
5970.5 sec,0.75,0.750002416,-2.42E-06,55.60401288
5971.1 sec,0.75,0.750001106,-1.11E-06,54.7127085
5971.7 sec,0.75,0.750000506,-5.06E-07,54.30483703
5972.5 sec,0.75,0.750000724,-7.24E-07,54.45292632
5973.3 sec,0.75,0.750002264,-2.26E-06,55.50065913
5974.1 sec,0.75,0.750003905,-3.90E-06,56.61615166
5974.8 sec,0.75,0.750001918,-1.92E-06,55.26516752
5975.4 sec,0.75,0.75000065,-6.50E-07,54.40249375
5976 sec,0.75,0.750000503,-5.03E-07,54.30253171
5976.9 sec,0.75,0.750001277,-1.28E-06,54.82940585
5977.7 sec,0.75,0.750003629,-3.63E-06,56.42869404
5978.4 sec,0.75,0.750003165,-3.17E-06,56.11308717
5979 sec,0.75,0.750001064,-1.06E-06,54.68427498
5979.6 sec,0.75,0.75000047,-4.70E-07,54.28024342
5980.4 sec,0.75,0.75000071,-7.10E-07,54.44338125
5981.3 sec,0.75,0.750002416,-2.42E-06,55.60401288
5981.9 sec,0.75,0.750001106,-1.11E-06,54.7127085
5982.5 sec,0.75,0.750000506,-5.06E-07,54.30483703
5983.3 sec,0.75,0.750000724,-7.24E-07,54.45292632
5984.2 sec,0.75,0.750002264,-2.26E-06,55.50065913
5984.9 sec,0.75,0.750003905,-3.90E-06,56.61615166
5985.6 sec,0.75,0.750001918,-1.92E-06,55.26516752
5986.2 sec,0.75,0.75000065,-6.50E-07,54.40249375
5986.9 sec,0.75,0.750000503,-5.03E-07,54.30253171
5987.7 sec,0.75,0.750001277,-1.28E-06,54.82940585
5988.5 sec,0.75,0.750003629,-3.63E-06,56.42869404
5989.2 sec,0.75,0.750003165,-3.17E-06,56.11308717
5989.8 sec,0.75,0.750001064,-1.06E-06,54.68427498
5990.4 sec,0.75,0.75000047,-4.70E-07,54.28024342
5991.2 sec,0.75,0.75000071,-7.10E-07,54.44338125
5992.1 sec,0.75,0.750002416,-2.42E-06,55.60401288
5992.7 sec,0.75,0.750001106,-1.11E-06,54.7127085
5993.3 sec,0.75,0.750000506,-5.06E-07,54.30483703
5994.1 sec,0.75,0.750000724,-7.24E-07,54.45292632
5995 sec,0.75,0.750002264,-2.26E-06,55.50065913
5995.7 sec,0.75,0.750003905,-3.90E-06,56.61615166
5996.4 sec,0.75,0.750001918,-1.92E-06,55.26516752
5997 sec,0.75,0.75000065,-6.50E-07,54.40249375
5997.7 sec,0.75,0.750000503,-5.03E-07,54.30253171
5998.5 sec,0.75,0.750001277,-1.28E-06,54.82940585
5999.3 sec,0.75,0.750003629,-3.63E-06,56.42869404
6000 sec,0.75,0.750003165,-3.17E-06,56.11308717
6000.6 sec,0.75,0.750001064,-1.06E-06,54.68427498
6001.3 sec,0.75,0.75000047,-4.70E-07,54.28024342
6002 sec,0.75,0.75000071,-7.10E-07,54.44338125
6002.9 sec,0.75,0.750002416,-2.42E-06,55.60401288
6003.5 sec,0.75,0.750001106,-1.11E-06,54.7127085
6004.2 sec,0.75,0.750000506,-5.06E-07,54.30483703
6004.9 sec,0.75,0.750000724,-7.24E-07,54.45292632
6005.8 sec,0.75,0.750002264,-2.26E-06,55.50065913
6006.6 sec,0.75,0.750003905,-3.90E-06,56.61615166
6007.2 sec,0.75,0.750001918,-1.92E-06,55.26516752
6007.8 sec,0.75,0.75000065,-6.50E-07,54.40249375
6008.5 sec,0.75,0.750000503,-5.03E-07,54.30253171
6009.3 sec,0.75,0.750001277,-1.28E-06,54.82940585
6010.2 sec,0.75,0.750003629,-3.63E-06,56.42869404
6010.9 sec,0.75,0.750003165,-3.17E-06,56.11308717
6011.4 sec,0.75,0.750001064,-1.06E-06,54.68427498
6012.1 sec,0.75,0.75000047,-4.70E-07,54.28024342
6012.8 sec,0.75,0.75000071,-7.10E-07,54.44338125
6013.7 sec,0.75,0.750002416,-2.42E-06,55.60401288
6014.3 sec,0.75,0.750001106,-1.11E-06,54.7127085
6015 sec,0.75,0.750000506,-5.06E-07,54.30483703
6015.7 sec,0.75,0.750000724,-7.24E-07,54.45292632
6016.6 sec,0.75,0.750002264,-2.26E-06,55.50065913
6017.4 sec,0.75,0.750003905,-3.90E-06,56.61615166
6018 sec,0.75,0.750001918,-1.92E-06,55.26516752
6018.6 sec,0.75,0.75000065,-6.50E-07,54.40249375
6019.3 sec,0.75,0.750000503,-5.03E-07,54.30253171
6020.1 sec,0.75,0.750001277,-1.28E-06,54.82940585
6021 sec,0.75,0.750003629,-3.63E-06,56.42869404
6021.7 sec,0.75,0.750003165,-3.17E-06,56.11308717
6022.3 sec,0.75,0.750001064,-1.06E-06,54.68427498
6022.9 sec,0.75,0.75000047,-4.70E-07,54.28024342
6023.6 sec,0.75,0.75000071,-7.10E-07,54.44338125
6024.5 sec,0.75,0.750002416,-2.42E-06,55.60401288
6025.1 sec,0.75,0.750001106,-1.11E-06,54.7127085
6025.8 sec,0.75,0.750000506,-5.06E-07,54.30483703
6026.5 sec,0.75,0.750000724,-7.24E-07,54.45292632
6027.4 sec,0.75,0.750002264,-2.26E-06,55.50065913
6028.2 sec,0.75,0.750003905,-3.90E-06,56.61615166
6028.8 sec,0.75,0.750001918,-1.92E-06,55.26516752
6029.4 sec,0.75,0.75000065,-6.50E-07,54.40249375
6030.1 sec,0.75,0.750000503,-5.03E-07,54.30253171
6030.9 sec,0.75,0.750001277,-1.28E-06,54.82940585
6031.8 sec,0.75,0.750003629,-3.63E-06,56.42869404
6032.5 sec,0.75,0.750003165,-3.17E-06,56.11308717
6033.1 sec,0.75,0.750001064,-1.06E-06,54.68427498
6033.7 sec,0.75,0.75000047,-4.70E-07,54.28024342
6034.5 sec,0.75,0.75000071,-7.10E-07,54.44338125
6035.3 sec,0.75,0.750002416,-2.42E-06,55.60401288
6036 sec,0.75,0.750001106,-1.11E-06,54.7127085
6036.6 sec,0.75,0.750000506,-5.06E-07,54.30483703
6037.3 sec,0.75,0.750000724,-7.24E-07,54.45292632
6038.2 sec,0.75,0.750002264,-2.26E-06,55.50065913
6039 sec,0.75,0.750003905,-3.90E-06,56.61615166
6039.6 sec,0.75,0.750001918,-1.92E-06,55.26516752
6040.2 sec,0.75,0.75000065,-6.50E-07,54.40249375
6040.9 sec,0.75,0.750000503,-5.03E-07,54.30253171
6041.7 sec,0.75,0.750001277,-1.28E-06,54.82940585
6042.6 sec,0.75,0.750003629,-3.63E-06,56.42869404
6043.3 sec,0.75,0.750003165,-3.17E-06,56.11308717
6043.9 sec,0.75,0.750001064,-1.06E-06,54.68427498
6044.5 sec,0.75,0.75000047,-4.70E-07,54.28024342
6045.3 sec,0.75,0.75000071,-7.10E-07,54.44338125
6046.1 sec,0.75,0.750002416,-2.42E-06,55.60401288
6046.8 sec,0.75,0.750001106,-1.11E-06,54.7127085
6047.4 sec,0.75,0.750000506,-5.06E-07,54.30483703
6048.2 sec,0.75,0.750000724,-7.24E-07,54.45292632
6049 sec,0.75,0.750002264,-2.26E-06,55.50065913
6049.8 sec,0.75,0.750003905,-3.90E-06,56.61615166
6050.4 sec,0.75,0.750001918,-1.92E-06,55.26516752
6051 sec,0.75,0.75000065,-6.50E-07,54.40249375
6051.7 sec,0.75,0.750000503,-5.03E-07,54.30253171
6052.6 sec,0.75,0.750001277,-1.28E-06,54.82940585
6053.4 sec,0.75,0.750003629,-3.63E-06,56.42869404
6054.1 sec,0.75,0.750003165,-3.17E-06,56.11308717
6054.7 sec,0.75,0.750001064,-1.06E-06,54.68427498
6055.3 sec,0.75,0.75000047,-4.70E-07,54.28024342
6056.1 sec,0.75,0.75000071,-7.10E-07,54.44338125
6057 sec,0.75,0.750002416,-2.42E-06,55.60401288
6057.6 sec,0.75,0.750001106,-1.11E-06,54.7127085
6058.2 sec,0.75,0.750000506,-5.06E-07,54.30483703
6059 sec,0.75,0.750000724,-7.24E-07,54.45292632
6059.8 sec,0.75,0.750002264,-2.26E-06,55.50065913
6060.6 sec,0.75,0.750003905,-3.90E-06,56.61615166
6061.2 sec,0.75,0.750001918,-1.92E-06,55.26516752
6061.8 sec,0.75,0.75000065,-6.50E-07,54.40249375
6062.5 sec,0.75,0.750000503,-5.03E-07,54.30253171
6063.4 sec,0.75,0.750001277,-1.28E-06,54.82940585
6064.2 sec,0.75,0.750003629,-3.63E-06,56.42869404
6064.9 sec,0.75,0.750003165,-3.17E-06,56.11308717
6065.5 sec,0.75,0.750001064,-1.06E-06,54.68427498
6066.1 sec,0.75,0.75000047,-4.70E-07,54.28024342
6066.9 sec,0.75,0.75000071,-7.10E-07,54.44338125
6067.8 sec,0.75,0.750002416,-2.42E-06,55.60401288
6068.4 sec,0.75,0.750001106,-1.11E-06,54.7127085
6069 sec,0.75,0.750000506,-5.06E-07,54.30483703
6069.8 sec,0.75,0.750000724,-7.24E-07,54.45292632
6070.6 sec,0.75,0.750002264,-2.26E-06,55.50065913
6071.4 sec,0.75,0.750003905,-3.90E-06,56.61615166
6072.1 sec,0.75,0.750001918,-1.92E-06,55.26516752
6072.7 sec,0.75,0.75000065,-6.50E-07,54.40249375
6073.3 sec,0.75,0.750000503,-5.03E-07,54.30253171
6074.2 sec,0.75,0.750001277,-1.28E-06,54.82940585
6075 sec,0.75,0.750003629,-3.63E-06,56.42869404
6075.7 sec,0.75,0.750003165,-3.17E-06,56.11308717
6076.3 sec,0.75,0.750001064,-1.06E-06,54.68427498
6076.9 sec,0.75,0.75000047,-4.70E-07,54.28024342
6077.7 sec,0.75,0.75000071,-7.10E-07,54.44338125
6078.6 sec,0.75,0.750002416,-2.42E-06,55.60401288
6079.2 sec,0.75,0.750001106,-1.11E-06,54.7127085
6079.8 sec,0.75,0.750000506,-5.06E-07,54.30483703
6080.6 sec,0.75,0.750000724,-7.24E-07,54.45292632
6081.5 sec,0.75,0.750002264,-2.26E-06,55.50065913
6082.2 sec,0.75,0.750003905,-3.90E-06,56.61615166
6082.9 sec,0.75,0.750001918,-1.92E-06,55.26516752
6083.5 sec,0.75,0.75000065,-6.50E-07,54.40249375
6084.1 sec,0.75,0.750000503,-5.03E-07,54.30253171
6085 sec,0.75,0.750001277,-1.28E-06,54.82940585
6085.8 sec,0.75,0.750003629,-3.63E-06,56.42869404
6086.5 sec,0.75,0.750003165,-3.17E-06,56.11308717
6087.1 sec,0.75,0.750001064,-1.06E-06,54.68427498
6087.7 sec,0.75,0.75000047,-4.70E-07,54.28024342
6088.5 sec,0.75,0.75000071,-7.10E-07,54.44338125
6089.4 sec,0.75,0.750002416,-2.42E-06,55.60401288
6090 sec,0.75,0.750001106,-1.11E-06,54.7127085
6090.6 sec,0.75,0.750000506,-5.06E-07,54.30483703
6091.4 sec,0.75,0.750000724,-7.24E-07,54.45292632
6092.3 sec,0.75,0.750002264,-2.26E-06,55.50065913
6093 sec,0.75,0.750003905,-3.90E-06,56.61615166
6093.7 sec,0.75,0.750001918,-1.92E-06,55.26516752
6094.3 sec,0.75,0.75000065,-6.50E-07,54.40249375
6095 sec,0.75,0.750000503,-5.03E-07,54.30253171
6095.8 sec,0.75,0.750001277,-1.28E-06,54.82940585
6096.6 sec,0.75,0.750003629,-3.63E-06,56.42869404
6097.3 sec,0.75,0.750003165,-3.17E-06,56.11308717
6097.9 sec,0.75,0.750001064,-1.06E-06,54.68427498
6098.6 sec,0.75,0.75000047,-4.70E-07,54.28024342
6099.3 sec,0.75,0.75000071,-7.10E-07,54.44338125
6100.2 sec,0.75,0.750002416,-2.42E-06,55.60401288
6100.8 sec,0.75,0.750001106,-1.11E-06,54.7127085
6101.5 sec,0.75,0.750000506,-5.06E-07,54.30483703
6102.2 sec,0.75,0.750000724,-7.24E-07,54.45292632
6103.1 sec,0.75,0.750002264,-2.26E-06,55.50065913
6103.9 sec,0.75,0.750003905,-3.90E-06,56.61615166
6104.5 sec,0.75,0.750001918,-1.92E-06,55.26516752
6105.1 sec,0.75,0.75000065,-6.50E-07,54.40249375
6105.8 sec,0.75,0.750000503,-5.03E-07,54.30253171
6106.6 sec,0.75,0.750001277,-1.28E-06,54.82940585
6107.5 sec,0.75,0.750003629,-3.63E-06,56.42869404
6108.2 sec,0.75,0.750003165,-3.17E-06,56.11308717
6108.7 sec,0.75,0.750001064,-1.06E-06,54.68427498
6109.4 sec,0.75,0.75000047,-4.70E-07,54.28024342
6110.1 sec,0.75,0.75000071,-7.10E-07,54.44338125
6111 sec,0.75,0.750002416,-2.42E-06,55.60401288
6111.6 sec,0.75,0.750001106,-1.11E-06,54.7127085
6112.3 sec,0.75,0.750000506,-5.06E-07,54.30483703
6113 sec,0.75,0.750000724,-7.24E-07,54.45292632
6113.9 sec,0.75,0.750002264,-2.26E-06,55.50065913
6114.7 sec,0.75,0.750003905,-3.90E-06,56.61615166
6115.3 sec,0.75,0.750001918,-1.92E-06,55.26516752
6115.9 sec,0.75,0.75000065,-6.50E-07,54.40249375
6116.6 sec,0.75,0.750000503,-5.03E-07,54.30253171
6117.4 sec,0.75,0.750001277,-1.28E-06,54.82940585
6118.3 sec,0.75,0.750003629,-3.63E-06,56.42869404
6119 sec,0.75,0.750003165,-3.17E-06,56.11308717
6119.6 sec,0.75,0.750001064,-1.06E-06,54.68427498
6120.2 sec,0.75,0.75000047,-4.70E-07,54.28024342
6120.9 sec,0.75,0.75000071,-7.10E-07,54.44338125
6121.8 sec,0.75,0.750002416,-2.42E-06,55.60401288
6122.4 sec,0.75,0.750001106,-1.11E-06,54.7127085
6123.1 sec,0.75,0.750000506,-5.06E-07,54.30483703
6123.8 sec,0.75,0.750000724,-7.24E-07,54.45292632
6124.7 sec,0.75,0.750002264,-2.26E-06,55.50065913
6125.5 sec,0.75,0.750003905,-3.90E-06,56.61615166
6126.1 sec,0.75,0.750001918,-1.92E-06,55.26516752
6126.7 sec,0.75,0.75000065,-6.50E-07,54.40249375
6127.4 sec,0.75,0.750000503,-5.03E-07,54.30253171
6128.2 sec,0.75,0.750001277,-1.28E-06,54.82940585
6129.1 sec,0.75,0.750003629,-3.63E-06,56.42869404
6129.8 sec,0.75,0.750003165,-3.17E-06,56.11308717
6130.4 sec,0.75,0.750001064,-1.06E-06,54.68427498
6131 sec,0.75,0.75000047,-4.70E-07,54.28024342
6131.8 sec,0.75,0.75000071,-7.10E-07,54.44338125
6132.6 sec,0.75,0.750002416,-2.42E-06,55.60401288
6133.3 sec,0.75,0.750001106,-1.11E-06,54.7127085
6133.9 sec,0.75,0.750000506,-5.06E-07,54.30483703
6134.6 sec,0.75,0.750000724,-7.24E-07,54.45292632
6135.5 sec,0.75,0.750002264,-2.26E-06,55.50065913
6136.3 sec,0.75,0.750003905,-3.90E-06,56.61615166
6136.9 sec,0.75,0.750001918,-1.92E-06,55.26516752
6137.5 sec,0.75,0.75000065,-6.50E-07,54.40249375
6138.2 sec,0.75,0.750000503,-5.03E-07,54.30253171
6139 sec,0.75,0.750001277,-1.28E-06,54.82940585
6139.9 sec,0.75,0.750003629,-3.63E-06,56.42869404
6140.6 sec,0.75,0.750003165,-3.17E-06,56.11308717
6141.2 sec,0.75,0.750001064,-1.06E-06,54.68427498
6141.8 sec,0.75,0.75000047,-4.70E-07,54.28024342
6142.6 sec,0.75,0.75000071,-7.10E-07,54.44338125
6143.4 sec,0.75,0.750002416,-2.42E-06,55.60401288
6144.1 sec,0.75,0.750001106,-1.11E-06,54.7127085
6144.7 sec,0.75,0.750000506,-5.06E-07,54.30483703
6145.5 sec,0.75,0.750000724,-7.24E-07,54.45292632
6146.3 sec,0.75,0.750002264,-2.26E-06,55.50065913
6147.1 sec,0.75,0.750003905,-3.90E-06,56.61615166
6147.7 sec,0.75,0.750001918,-1.92E-06,55.26516752
6148.3 sec,0.75,0.75000065,-6.50E-07,54.40249375
6149 sec,0.75,0.750000503,-5.03E-07,54.30253171
6149.9 sec,0.75,0.750001277,-1.28E-06,54.82940585
6150.7 sec,0.75,0.750003629,-3.63E-06,56.42869404
6151.4 sec,0.75,0.750003165,-3.17E-06,56.11308717
6152 sec,0.75,0.750001064,-1.06E-06,54.68427498
6152.6 sec,0.75,0.75000047,-4.70E-07,54.28024342
6153.4 sec,0.75,0.75000071,-7.10E-07,54.44338125
6154.3 sec,0.75,0.750002416,-2.42E-06,55.60401288
6154.9 sec,0.75,0.750001106,-1.11E-06,54.7127085
6155.5 sec,0.75,0.750000506,-5.06E-07,54.30483703
6156.3 sec,0.75,0.750000724,-7.24E-07,54.45292632
6157.1 sec,0.75,0.750002264,-2.26E-06,55.50065913
6157.9 sec,0.75,0.750003905,-3.90E-06,56.61615166
6158.5 sec,0.75,0.750001918,-1.92E-06,55.26516752
6159.1 sec,0.75,0.75000065,-6.50E-07,54.40249375
6159.8 sec,0.75,0.750000503,-5.03E-07,54.30253171
6160.7 sec,0.75,0.750001277,-1.28E-06,54.82940585
6161.5 sec,0.75,0.750003629,-3.63E-06,56.42869404
6162.2 sec,0.75,0.750003165,-3.17E-06,56.11308717
6162.8 sec,0.75,0.750001064,-1.06E-06,54.68427498
6163.4 sec,0.75,0.75000047,-4.70E-07,54.28024342
6164.2 sec,0.75,0.75000071,-7.10E-07,54.44338125
6165.1 sec,0.75,0.750002416,-2.42E-06,55.60401288
6165.7 sec,0.75,0.750001106,-1.11E-06,54.7127085
6166.3 sec,0.75,0.750000506,-5.06E-07,54.30483703
6167.1 sec,0.75,0.750000724,-7.24E-07,54.45292632
6167.9 sec,0.75,0.750002264,-2.26E-06,55.50065913
6168.7 sec,0.75,0.750003905,-3.90E-06,56.61615166
6169.4 sec,0.75,0.750001918,-1.92E-06,55.26516752
6170 sec,0.75,0.75000065,-6.50E-07,54.40249375
6170.6 sec,0.75,0.750000503,-5.03E-07,54.30253171
6171.5 sec,0.75,0.750001277,-1.28E-06,54.82940585
6172.3 sec,0.75,0.750003629,-3.63E-06,56.42869404
6173 sec,0.75,0.750003165,-3.17E-06,56.11308717
6173.6 sec,0.75,0.750001064,-1.06E-06,54.68427498
6174.2 sec,0.75,0.75000047,-4.70E-07,54.28024342
6175 sec,0.75,0.75000071,-7.10E-07,54.44338125
6175.9 sec,0.75,0.750002416,-2.42E-06,55.60401288
6176.5 sec,0.75,0.750001106,-1.11E-06,54.7127085
6177.1 sec,0.75,0.750000506,-5.06E-07,54.30483703
6177.9 sec,0.75,0.750000724,-7.24E-07,54.45292632
6178.8 sec,0.75,0.750002264,-2.26E-06,55.50065913
6179.5 sec,0.75,0.750003905,-3.90E-06,56.61615166
6180.2 sec,0.75,0.750001918,-1.92E-06,55.26516752
6180.8 sec,0.75,0.75000065,-6.50E-07,54.40249375
6181.4 sec,0.75,0.750000503,-5.03E-07,54.30253171
6182.3 sec,0.75,0.750001277,-1.28E-06,54.82940585
6183.1 sec,0.75,0.750003629,-3.63E-06,56.42869404
6183.8 sec,0.75,0.750003165,-3.17E-06,56.11308717
6184.4 sec,0.75,0.750001064,-1.06E-06,54.68427498
6185 sec,0.75,0.75000047,-4.70E-07,54.28024342
6185.8 sec,0.75,0.75000071,-7.10E-07,54.44338125
6186.7 sec,0.75,0.750002416,-2.42E-06,55.60401288
6187.3 sec,0.75,0.750001106,-1.11E-06,54.7127085
6187.9 sec,0.75,0.750000506,-5.06E-07,54.30483703
6188.7 sec,0.75,0.750000724,-7.24E-07,54.45292632
6189.6 sec,0.75,0.750002264,-2.26E-06,55.50065913
6190.3 sec,0.75,0.750003905,-3.90E-06,56.61615166
6191 sec,0.75,0.750001918,-1.92E-06,55.26516752
6191.6 sec,0.75,0.75000065,-6.50E-07,54.40249375
6192.3 sec,0.75,0.750000503,-5.03E-07,54.30253171
6193.1 sec,0.75,0.750001277,-1.28E-06,54.82940585
6193.9 sec,0.75,0.750003629,-3.63E-06,56.42869404
6194.6 sec,0.75,0.750003165,-3.17E-06,56.11308717
6195.2 sec,0.75,0.750001064,-1.06E-06,54.68427498
6195.9 sec,0.75,0.75000047,-4.70E-07,54.28024342
6196.6 sec,0.75,0.75000071,-7.10E-07,54.44338125
6197.5 sec,0.75,0.750002416,-2.42E-06,55.60401288
6198.1 sec,0.75,0.750001106,-1.11E-06,54.7127085
6198.8 sec,0.75,0.750000506,-5.06E-07,54.30483703
6199.5 sec,0.75,0.750000724,-7.24E-07,54.45292632
6200.4 sec,0.75,0.750002264,-2.26E-06,55.50065913
6201.2 sec,0.75,0.750003905,-3.90E-06,56.61615166
6201.8 sec,0.75,0.750001918,-1.92E-06,55.26516752
6202.4 sec,0.75,0.75000065,-6.50E-07,54.40249375
6203.1 sec,0.75,0.750000503,-5.03E-07,54.30253171
6203.9 sec,0.75,0.750001277,-1.28E-06,54.82940585
6204.8 sec,0.75,0.750003629,-3.63E-06,56.42869404
6205.5 sec,0.75,0.750003165,-3.17E-06,56.11308717
6206 sec,0.75,0.750001064,-1.06E-06,54.68427498
6206.7 sec,0.75,0.75000047,-4.70E-07,54.28024342
6207.4 sec,0.75,0.75000071,-7.10E-07,54.44338125
6208.3 sec,0.75,0.750002416,-2.42E-06,55.60401288
6208.9 sec,0.75,0.750001106,-1.11E-06,54.7127085
6209.6 sec,0.75,0.750000506,-5.06E-07,54.30483703
6210.3 sec,0.75,0.750000724,-7.24E-07,54.45292632
6211.2 sec,0.75,0.750002264,-2.26E-06,55.50065913
6212 sec,0.75,0.750003905,-3.90E-06,56.61615166
6212.6 sec,0.75,0.750001918,-1.92E-06,55.26516752
6213.2 sec,0.75,0.75000065,-6.50E-07,54.40249375
6213.9 sec,0.75,0.750000503,-5.03E-07,54.30253171
6214.7 sec,0.75,0.750001277,-1.28E-06,54.82940585
6215.6 sec,0.75,0.750003629,-3.63E-06,56.42869404
6216.3 sec,0.75,0.750003165,-3.17E-06,56.11308717
6216.9 sec,0.75,0.750001064,-1.06E-06,54.68427498
6217.5 sec,0.75,0.75000047,-4.70E-07,54.28024342
6218.2 sec,0.75,0.75000071,-7.10E-07,54.44338125
6219.1 sec,0.75,0.750002416,-2.42E-06,55.60401288
6219.7 sec,0.75,0.750001106,-1.11E-06,54.7127085
6220.4 sec,0.75,0.750000506,-5.06E-07,54.30483703
6221.1 sec,0.75,0.750000724,-7.24E-07,54.45292632
6222 sec,0.75,0.750002264,-2.26E-06,55.50065913
6222.8 sec,0.75,0.750003905,-3.90E-06,56.61615166
6223.4 sec,0.75,0.750001918,-1.92E-06,55.26516752
6224 sec,0.75,0.75000065,-6.50E-07,54.40249375
6224.7 sec,0.75,0.750000503,-5.03E-07,54.30253171
6225.5 sec,0.75,0.750001277,-1.28E-06,54.82940585
6226.4 sec,0.75,0.750003629,-3.63E-06,56.42869404
6227.1 sec,0.75,0.750003165,-3.17E-06,56.11308717
6227.7 sec,0.75,0.750001064,-1.06E-06,54.68427498
6228.3 sec,0.75,0.75000047,-4.70E-07,54.28024342
6229.1 sec,0.75,0.75000071,-7.10E-07,54.44338125
6229.9 sec,0.75,0.750002416,-2.42E-06,55.60401288
6230.6 sec,0.75,0.750001106,-1.11E-06,54.7127085
6231.2 sec,0.75,0.750000506,-5.06E-07,54.30483703
6231.9 sec,0.75,0.750000724,-7.24E-07,54.45292632
6232.8 sec,0.75,0.750002264,-2.26E-06,55.50065913
6233.6 sec,0.75,0.750003905,-3.90E-06,56.61615166
6234.2 sec,0.75,0.750001918,-1.92E-06,55.26516752
6234.8 sec,0.75,0.75000065,-6.50E-07,54.40249375
6235.5 sec,0.75,0.750000503,-5.03E-07,54.30253171
6236.3 sec,0.75,0.750001277,-1.28E-06,54.82940585
6237.2 sec,0.75,0.750003629,-3.63E-06,56.42869404
6237.9 sec,0.75,0.750003165,-3.17E-06,56.11308717
6238.5 sec,0.75,0.750001064,-1.06E-06,54.68427498
6239.1 sec,0.75,0.75000047,-4.70E-07,54.28024342
6239.9 sec,0.75,0.75000071,-7.10E-07,54.44338125
6240.7 sec,0.75,0.750002416,-2.42E-06,55.60401288
6241.4 sec,0.75,0.750001106,-1.11E-06,54.7127085
6242 sec,0.75,0.750000506,-5.06E-07,54.30483703
6242.8 sec,0.75,0.750000724,-7.24E-07,54.45292632
6243.6 sec,0.75,0.750002264,-2.26E-06,55.50065913
6244.4 sec,0.75,0.750003905,-3.90E-06,56.61615166
6245 sec,0.75,0.750001918,-1.92E-06,55.26516752
6245.6 sec,0.75,0.75000065,-6.50E-07,54.40249375
6246.3 sec,0.75,0.750000503,-5.03E-07,54.30253171
6247.2 sec,0.75,0.750001277,-1.28E-06,54.82940585
6248 sec,0.75,0.750003629,-3.63E-06,56.42869404
6248.7 sec,0.75,0.750003165,-3.17E-06,56.11308717
6249.3 sec,0.75,0.750001064,-1.06E-06,54.68427498
6249.9 sec,0.75,0.75000047,-4.70E-07,54.28024342
6250.7 sec,0.75,0.75000071,-7.10E-07,54.44338125
6251.6 sec,0.75,0.750002416,-2.42E-06,55.60401288
6252.2 sec,0.75,0.750001106,-1.11E-06,54.7127085
6252.8 sec,0.75,0.750000506,-5.06E-07,54.30483703
6253.6 sec,0.75,0.750000724,-7.24E-07,54.45292632
6254.4 sec,0.75,0.750002264,-2.26E-06,55.50065913
6255.2 sec,0.75,0.750003905,-3.90E-06,56.61615166
6255.8 sec,0.75,0.750001918,-1.92E-06,55.26516752
6256.4 sec,0.75,0.75000065,-6.50E-07,54.40249375
6257.1 sec,0.75,0.750000503,-5.03E-07,54.30253171
6258 sec,0.75,0.750001277,-1.28E-06,54.82940585
6258.8 sec,0.75,0.750003629,-3.63E-06,56.42869404
6259.5 sec,0.75,0.750003165,-3.17E-06,56.11308717
6260.1 sec,0.75,0.750001064,-1.06E-06,54.68427498
6260.7 sec,0.75,0.75000047,-4.70E-07,54.28024342
6261.5 sec,0.75,0.75000071,-7.10E-07,54.44338125
6262.4 sec,0.75,0.750002416,-2.42E-06,55.60401288
6263 sec,0.75,0.750001106,-1.11E-06,54.7127085
6263.6 sec,0.75,0.750000506,-5.06E-07,54.30483703
6264.4 sec,0.75,0.750000724,-7.24E-07,54.45292632
6265.2 sec,0.75,0.750002264,-2.26E-06,55.50065913
6266 sec,0.75,0.750003905,-3.90E-06,56.61615166
6266.7 sec,0.75,0.750001918,-1.92E-06,55.26516752
6267.3 sec,0.75,0.75000065,-6.50E-07,54.40249375
6267.9 sec,0.75,0.750000503,-5.03E-07,54.30253171
6268.8 sec,0.75,0.750001277,-1.28E-06,54.82940585
6269.6 sec,0.75,0.750003629,-3.63E-06,56.42869404
6270.3 sec,0.75,0.750003165,-3.17E-06,56.11308717
6270.9 sec,0.75,0.750001064,-1.06E-06,54.68427498
6271.5 sec,0.75,0.75000047,-4.70E-07,54.28024342
6272.3 sec,0.75,0.75000071,-7.10E-07,54.44338125
6273.2 sec,0.75,0.750002416,-2.42E-06,55.60401288
6273.8 sec,0.75,0.750001106,-1.11E-06,54.7127085
6274.4 sec,0.75,0.750000506,-5.06E-07,54.30483703
6275.2 sec,0.75,0.750000724,-7.24E-07,54.45292632
6276.1 sec,0.75,0.750002264,-2.26E-06,55.50065913
6276.8 sec,0.75,0.750003905,-3.90E-06,56.61615166
6277.5 sec,0.75,0.750001918,-1.92E-06,55.26516752
6278.1 sec,0.75,0.75000065,-6.50E-07,54.40249375
6278.7 sec,0.75,0.750000503,-5.03E-07,54.30253171
6279.6 sec,0.75,0.750001277,-1.28E-06,54.82940585
6280.4 sec,0.75,0.750003629,-3.63E-06,56.42869404
6281.1 sec,0.75,0.750003165,-3.17E-06,56.11308717
6281.7 sec,0.75,0.750001064,-1.06E-06,54.68427498
6282.3 sec,0.75,0.75000047,-4.70E-07,54.28024342
6283.1 sec,0.75,0.75000071,-7.10E-07,54.44338125
6284 sec,0.75,0.750002416,-2.42E-06,55.60401288
6284.6 sec,0.75,0.750001106,-1.11E-06,54.7127085
6285.2 sec,0.75,0.750000506,-5.06E-07,54.30483703
6286 sec,0.75,0.750000724,-7.24E-07,54.45292632
6286.9 sec,0.75,0.750002264,-2.26E-06,55.50065913
6287.6 sec,0.75,0.750003905,-3.90E-06,56.61615166
6288.3 sec,0.75,0.750001918,-1.92E-06,55.26516752
6288.9 sec,0.75,0.75000065,-6.50E-07,54.40249375
6289.6 sec,0.75,0.750000503,-5.03E-07,54.30253171
6290.4 sec,0.75,0.750001277,-1.28E-06,54.82940585
6291.2 sec,0.75,0.750003629,-3.63E-06,56.42869404
6291.9 sec,0.75,0.750003165,-3.17E-06,56.11308717
6292.5 sec,0.75,0.750001064,-1.06E-06,54.68427498
6293.2 sec,0.75,0.75000047,-4.70E-07,54.28024342
6293.9 sec,0.75,0.75000071,-7.10E-07,54.44338125
6294.8 sec,0.75,0.750002416,-2.42E-06,55.60401288
6295.4 sec,0.75,0.750001106,-1.11E-06,54.7127085
6296.1 sec,0.75,0.750000506,-5.06E-07,54.30483703
6296.8 sec,0.75,0.750000724,-7.24E-07,54.45292632
6297.7 sec,0.75,0.750002264,-2.26E-06,55.50065913
6298.5 sec,0.75,0.750003905,-3.90E-06,56.61615166
6299.1 sec,0.75,0.750001918,-1.92E-06,55.26516752
6299.7 sec,0.75,0.75000065,-6.50E-07,54.40249375
6300.4 sec,0.75,0.750000503,-5.03E-07,54.30253171
6301.2 sec,0.75,0.750001277,-1.28E-06,54.82940585
6302.1 sec,0.75,0.750003629,-3.63E-06,56.42869404
6302.8 sec,0.75,0.750003165,-3.17E-06,56.11308717
6303.3 sec,0.75,0.750001064,-1.06E-06,54.68427498
6304 sec,0.75,0.75000047,-4.70E-07,54.28024342
6304.7 sec,0.75,0.75000071,-7.10E-07,54.44338125
6305.6 sec,0.75,0.750002416,-2.42E-06,55.60401288
6306.2 sec,0.75,0.750001106,-1.11E-06,54.7127085
6306.9 sec,0.75,0.750000506,-5.06E-07,54.30483703
6307.6 sec,0.75,0.750000724,-7.24E-07,54.45292632
6308.5 sec,0.75,0.750002264,-2.26E-06,55.50065913
6309.3 sec,0.75,0.750003905,-3.90E-06,56.61615166
6309.9 sec,0.75,0.750001918,-1.92E-06,55.26516752
6310.5 sec,0.75,0.75000065,-6.50E-07,54.40249375
6311.2 sec,0.75,0.750000503,-5.03E-07,54.30253171
6312 sec,0.75,0.750001277,-1.28E-06,54.82940585
6312.9 sec,0.75,0.750003629,-3.63E-06,56.42869404
6313.6 sec,0.75,0.750003165,-3.17E-06,56.11308717
6314.2 sec,0.75,0.750001064,-1.06E-06,54.68427498
6314.8 sec,0.75,0.75000047,-4.70E-07,54.28024342
6315.5 sec,0.75,0.75000071,-7.10E-07,54.44338125
6316.4 sec,0.75,0.750002416,-2.42E-06,55.60401288
6317 sec,0.75,0.750001106,-1.11E-06,54.7127085
6317.7 sec,0.75,0.750000506,-5.06E-07,54.30483703
6318.4 sec,0.75,0.750000724,-7.24E-07,54.45292632
6319.3 sec,0.75,0.750002264,-2.26E-06,55.50065913
6320.1 sec,0.75,0.750003905,-3.90E-06,56.61615166
6320.7 sec,0.75,0.750001918,-1.92E-06,55.26516752
6321.3 sec,0.75,0.75000065,-6.50E-07,54.40249375
6322 sec,0.75,0.750000503,-5.03E-07,54.30253171
6322.8 sec,0.75,0.750001277,-1.28E-06,54.82940585
6323.7 sec,0.75,0.750003629,-3.63E-06,56.42869404
6324.4 sec,0.75,0.750003165,-3.17E-06,56.11308717
6325 sec,0.75,0.750001064,-1.06E-06,54.68427498
6325.6 sec,0.75,0.75000047,-4.70E-07,54.28024342
6326.4 sec,0.75,0.75000071,-7.10E-07,54.44338125
6327.2 sec,0.75,0.750002416,-2.42E-06,55.60401288
6327.9 sec,0.75,0.750001106,-1.11E-06,54.7127085
6328.5 sec,0.75,0.750000506,-5.06E-07,54.30483703
6329.2 sec,0.75,0.750000724,-7.24E-07,54.45292632
6330.1 sec,0.75,0.750002264,-2.26E-06,55.50065913
6330.9 sec,0.75,0.750003905,-3.90E-06,56.61615166
6331.5 sec,0.75,0.750001918,-1.92E-06,55.26516752
6332.1 sec,0.75,0.75000065,-6.50E-07,54.40249375
6332.8 sec,0.75,0.750000503,-5.03E-07,54.30253171
6333.6 sec,0.75,0.750001277,-1.28E-06,54.82940585
6334.5 sec,0.75,0.750003629,-3.63E-06,56.42869404
6335.2 sec,0.75,0.750003165,-3.17E-06,56.11308717
6335.8 sec,0.75,0.750001064,-1.06E-06,54.68427498
6336.4 sec,0.75,0.75000047,-4.70E-07,54.28024342
6337.2 sec,0.75,0.75000071,-7.10E-07,54.44338125
6338 sec,0.75,0.750002416,-2.42E-06,55.60401288
6338.7 sec,0.75,0.750001106,-1.11E-06,54.7127085
6339.3 sec,0.75,0.750000506,-5.06E-07,54.30483703
6340.1 sec,0.75,0.750000724,-7.24E-07,54.45292632
6340.9 sec,0.75,0.750002264,-2.26E-06,55.50065913
6341.7 sec,0.75,0.750003905,-3.90E-06,56.61615166
6342.3 sec,0.75,0.750001918,-1.92E-06,55.26516752
6342.9 sec,0.75,0.75000065,-6.50E-07,54.40249375
6343.6 sec,0.75,0.750000503,-5.03E-07,54.30253171
6344.5 sec,0.75,0.750001277,-1.28E-06,54.82940585
6345.3 sec,0.75,0.750003629,-3.63E-06,56.42869404
6346 sec,0.75,0.750003165,-3.17E-06,56.11308717
6346.6 sec,0.75,0.750001064,-1.06E-06,54.68427498
6347.2 sec,0.75,0.75000047,-4.70E-07,54.28024342
6348 sec,0.75,0.75000071,-7.10E-07,54.44338125
6348.9 sec,0.75,0.750002416,-2.42E-06,55.60401288
6349.5 sec,0.75,0.750001106,-1.11E-06,54.7127085
6350.1 sec,0.75,0.750000506,-5.06E-07,54.30483703
6350.9 sec,0.75,0.750000724,-7.24E-07,54.45292632
6351.7 sec,0.75,0.750002264,-2.26E-06,55.50065913
6352.5 sec,0.75,0.750003905,-3.90E-06,56.61615166
6353.1 sec,0.75,0.750001918,-1.92E-06,55.26516752
6353.7 sec,0.75,0.75000065,-6.50E-07,54.40249375
6354.4 sec,0.75,0.750000503,-5.03E-07,54.30253171
6355.3 sec,0.75,0.750001277,-1.28E-06,54.82940585
6356.1 sec,0.75,0.750003629,-3.63E-06,56.42869404
6356.8 sec,0.75,0.750003165,-3.17E-06,56.11308717
6357.4 sec,0.75,0.750001064,-1.06E-06,54.68427498
6358 sec,0.75,0.75000047,-4.70E-07,54.28024342
6358.8 sec,0.75,0.75000071,-7.10E-07,54.44338125
6359.7 sec,0.75,0.750002416,-2.42E-06,55.60401288
6360.3 sec,0.75,0.750001106,-1.11E-06,54.7127085
6360.9 sec,0.75,0.750000506,-5.06E-07,54.30483703
6361.7 sec,0.75,0.750000724,-7.24E-07,54.45292632
6362.5 sec,0.75,0.750002264,-2.26E-06,55.50065913
6363.3 sec,0.75,0.750003905,-3.90E-06,56.61615166
6364 sec,0.75,0.750001918,-1.92E-06,55.26516752
6364.6 sec,0.75,0.75000065,-6.50E-07,54.40249375
6365.2 sec,0.75,0.750000503,-5.03E-07,54.30253171
6366.1 sec,0.75,0.750001277,-1.28E-06,54.82940585
6366.9 sec,0.75,0.750003629,-3.63E-06,56.42869404
6367.6 sec,0.75,0.750003165,-3.17E-06,56.11308717
6368.2 sec,0.75,0.750001064,-1.06E-06,54.68427498
6368.8 sec,0.75,0.75000047,-4.70E-07,54.28024342
6369.6 sec,0.75,0.75000071,-7.10E-07,54.44338125
6370.5 sec,0.75,0.750002416,-2.42E-06,55.60401288
6371.1 sec,0.75,0.750001106,-1.11E-06,54.7127085
6371.7 sec,0.75,0.750000506,-5.06E-07,54.30483703
6372.5 sec,0.75,0.750000724,-7.24E-07,54.45292632
6373.4 sec,0.75,0.750002264,-2.26E-06,55.50065913
6374.1 sec,0.75,0.750003905,-3.90E-06,56.61615166
6374.8 sec,0.75,0.750001918,-1.92E-06,55.26516752
6375.4 sec,0.75,0.75000065,-6.50E-07,54.40249375
6376 sec,0.75,0.750000503,-5.03E-07,54.30253171
6376.9 sec,0.75,0.750001277,-1.28E-06,54.82940585
6377.7 sec,0.75,0.750003629,-3.63E-06,56.42869404
6378.4 sec,0.75,0.750003165,-3.17E-06,56.11308717
6379 sec,0.75,0.750001064,-1.06E-06,54.68427498
6379.6 sec,0.75,0.75000047,-4.70E-07,54.28024342
6380.4 sec,0.75,0.75000071,-7.10E-07,54.44338125
6381.3 sec,0.75,0.750002416,-2.42E-06,55.60401288
6381.9 sec,0.75,0.750001106,-1.11E-06,54.7127085
6382.5 sec,0.75,0.750000506,-5.06E-07,54.30483703
6383.3 sec,0.75,0.750000724,-7.24E-07,54.45292632
6384.2 sec,0.75,0.750002264,-2.26E-06,55.50065913
6384.9 sec,0.75,0.750003905,-3.90E-06,56.61615166
6385.6 sec,0.75,0.750001918,-1.92E-06,55.26516752
6386.2 sec,0.75,0.75000065,-6.50E-07,54.40249375
6386.9 sec,0.75,0.750000503,-5.03E-07,54.30253171
6387.7 sec,0.75,0.750001277,-1.28E-06,54.82940585
6388.5 sec,0.75,0.750003629,-3.63E-06,56.42869404
6389.2 sec,0.75,0.750003165,-3.17E-06,56.11308717
6389.8 sec,0.75,0.750001064,-1.06E-06,54.68427498
6390.5 sec,0.75,0.75000047,-4.70E-07,54.28024342
6391.2 sec,0.75,0.75000071,-7.10E-07,54.44338125
6392.1 sec,0.75,0.750002416,-2.42E-06,55.60401288
6392.7 sec,0.75,0.750001106,-1.11E-06,54.7127085
6393.4 sec,0.75,0.750000506,-5.06E-07,54.30483703
6394.1 sec,0.75,0.750000724,-7.24E-07,54.45292632
6395 sec,0.75,0.750002264,-2.26E-06,55.50065913
6395.8 sec,0.75,0.750003905,-3.90E-06,56.61615166
6396.4 sec,0.75,0.750001918,-1.92E-06,55.26516752
6397 sec,0.75,0.75000065,-6.50E-07,54.40249375
6397.7 sec,0.75,0.750000503,-5.03E-07,54.30253171
6398.5 sec,0.75,0.750001277,-1.28E-06,54.82940585
6399.4 sec,0.75,0.750003629,-3.63E-06,56.42869404
6400.1 sec,0.75,0.750003165,-3.17E-06,56.11308717
6400.6 sec,0.75,0.750001064,-1.06E-06,54.68427498
6401.3 sec,0.75,0.75000047,-4.70E-07,54.28024342
6402 sec,0.75,0.75000071,-7.10E-07,54.44338125
6402.9 sec,0.75,0.750002416,-2.42E-06,55.60401288
6403.5 sec,0.75,0.750001106,-1.11E-06,54.7127085
6404.2 sec,0.75,0.750000506,-5.06E-07,54.30483703
6404.9 sec,0.75,0.750000724,-7.24E-07,54.45292632
6405.8 sec,0.75,0.750002264,-2.26E-06,55.50065913
6406.6 sec,0.75,0.750003905,-3.90E-06,56.61615166
6407.2 sec,0.75,0.750001918,-1.92E-06,55.26516752
6407.8 sec,0.75,0.75000065,-6.50E-07,54.40249375
6408.5 sec,0.75,0.750000503,-5.03E-07,54.30253171
6409.3 sec,0.75,0.750001277,-1.28E-06,54.82940585
6410.2 sec,0.75,0.750003629,-3.63E-06,56.42869404
6410.9 sec,0.75,0.750003165,-3.17E-06,56.11308717
6411.5 sec,0.75,0.750001064,-1.06E-06,54.68427498
6412.1 sec,0.75,0.75000047,-4.70E-07,54.28024342
6412.8 sec,0.75,0.75000071,-7.10E-07,54.44338125
6413.7 sec,0.75,0.750002416,-2.42E-06,55.60401288
6414.3 sec,0.75,0.750001106,-1.11E-06,54.7127085
6415 sec,0.75,0.750000506,-5.06E-07,54.30483703
6415.7 sec,0.75,0.750000724,-7.24E-07,54.45292632
6416.6 sec,0.75,0.750002264,-2.26E-06,55.50065913
6417.4 sec,0.75,0.750003905,-3.90E-06,56.61615166
6418 sec,0.75,0.750001918,-1.92E-06,55.26516752
6418.6 sec,0.75,0.75000065,-6.50E-07,54.40249375
6419.3 sec,0.75,0.750000503,-5.03E-07,54.30253171
6420.1 sec,0.75,0.750001277,-1.28E-06,54.82940585
6421 sec,0.75,0.750003629,-3.63E-06,56.42869404
6421.7 sec,0.75,0.750003165,-3.17E-06,56.11308717
6422.3 sec,0.75,0.750001064,-1.06E-06,54.68427498
6422.9 sec,0.75,0.75000047,-4.70E-07,54.28024342
6423.7 sec,0.75,0.75000071,-7.10E-07,54.44338125
6424.5 sec,0.75,0.750002416,-2.42E-06,55.60401288
6425.2 sec,0.75,0.750001106,-1.11E-06,54.7127085
6425.8 sec,0.75,0.750000506,-5.06E-07,54.30483703
6426.5 sec,0.75,0.750000724,-7.24E-07,54.45292632
6427.4 sec,0.75,0.750002264,-2.26E-06,55.50065913
6428.2 sec,0.75,0.750003905,-3.90E-06,56.61615166
6428.8 sec,0.75,0.750001918,-1.92E-06,55.26516752
6429.4 sec,0.75,0.75000065,-6.50E-07,54.40249375
6430.1 sec,0.75,0.750000503,-5.03E-07,54.30253171
6430.9 sec,0.75,0.750001277,-1.28E-06,54.82940585
6431.8 sec,0.75,0.750003629,-3.63E-06,56.42869404
6432.5 sec,0.75,0.750003165,-3.17E-06,56.11308717
6433.1 sec,0.75,0.750001064,-1.06E-06,54.68427498
6433.7 sec,0.75,0.75000047,-4.70E-07,54.28024342
6434.5 sec,0.75,0.75000071,-7.10E-07,54.44338125
6435.3 sec,0.75,0.750002416,-2.42E-06,55.60401288
6436 sec,0.75,0.750001106,-1.11E-06,54.7127085
6436.6 sec,0.75,0.750000506,-5.06E-07,54.30483703
6437.4 sec,0.75,0.750000724,-7.24E-07,54.45292632
6438.2 sec,0.75,0.750002264,-2.26E-06,55.50065913
6439 sec,0.75,0.750003905,-3.90E-06,56.61615166
6439.6 sec,0.75,0.750001918,-1.92E-06,55.26516752
6440.2 sec,0.75,0.75000065,-6.50E-07,54.40249375
6440.9 sec,0.75,0.750000503,-5.03E-07,54.30253171
6441.7 sec,0.75,0.750001277,-1.28E-06,54.82940585
6442.6 sec,0.75,0.750003629,-3.63E-06,56.42869404
6443.3 sec,0.75,0.750003165,-3.17E-06,56.11308717
6443.9 sec,0.75,0.750001064,-1.06E-06,54.68427498
6444.5 sec,0.75,0.75000047,-4.70E-07,54.28024342
6445.3 sec,0.75,0.75000071,-7.10E-07,54.44338125
6446.2 sec,0.75,0.750002416,-2.42E-06,55.60401288
6446.8 sec,0.75,0.750001106,-1.11E-06,54.7127085
6447.4 sec,0.75,0.750000506,-5.06E-07,54.30483703
6448.2 sec,0.75,0.750000724,-7.24E-07,54.45292632
6449 sec,0.75,0.750002264,-2.26E-06,55.50065913
6449.8 sec,0.75,0.750003905,-3.90E-06,56.61615166
6450.4 sec,0.75,0.750001918,-1.92E-06,55.26516752
6451 sec,0.75,0.75000065,-6.50E-07,54.40249375
6451.7 sec,0.75,0.750000503,-5.03E-07,54.30253171
6452.6 sec,0.75,0.750001277,-1.28E-06,54.82940585
6453.4 sec,0.75,0.750003629,-3.63E-06,56.42869404
6454.1 sec,0.75,0.750003165,-3.17E-06,56.11308717
6454.7 sec,0.75,0.750001064,-1.06E-06,54.68427498
6455.3 sec,0.75,0.75000047,-4.70E-07,54.28024342
6456.1 sec,0.75,0.75000071,-7.10E-07,54.44338125
6457 sec,0.75,0.750002416,-2.42E-06,55.60401288
6457.6 sec,0.75,0.750001106,-1.11E-06,54.7127085
6458.2 sec,0.75,0.750000506,-5.06E-07,54.30483703
6459 sec,0.75,0.750000724,-7.24E-07,54.45292632
6459.8 sec,0.75,0.750002264,-2.26E-06,55.50065913
6460.6 sec,0.75,0.750003905,-3.90E-06,56.61615166
6461.3 sec,0.75,0.750001918,-1.92E-06,55.26516752
6461.9 sec,0.75,0.75000065,-6.50E-07,54.40249375
6462.5 sec,0.75,0.750000503,-5.03E-07,54.30253171
6463.4 sec,0.75,0.750001277,-1.28E-06,54.82940585
6464.2 sec,0.75,0.750003629,-3.63E-06,56.42869404
6464.9 sec,0.75,0.750003165,-3.17E-06,56.11308717
6465.5 sec,0.75,0.750001064,-1.06E-06,54.68427498
6466.1 sec,0.75,0.75000047,-4.70E-07,54.28024342
6466.9 sec,0.75,0.75000071,-7.10E-07,54.44338125
6467.8 sec,0.75,0.750002416,-2.42E-06,55.60401288
6468.4 sec,0.75,0.750001106,-1.11E-06,54.7127085
6469 sec,0.75,0.750000506,-5.06E-07,54.30483703
6469.8 sec,0.75,0.750000724,-7.24E-07,54.45292632
6470.7 sec,0.75,0.750002264,-2.26E-06,55.50065913
6471.4 sec,0.75,0.750003905,-3.90E-06,56.61615166
6472.1 sec,0.75,0.750001918,-1.92E-06,55.26516752
6472.7 sec,0.75,0.75000065,-6.50E-07,54.40249375
6473.3 sec,0.75,0.750000503,-5.03E-07,54.30253171
6474.2 sec,0.75,0.750001277,-1.28E-06,54.82940585
6475 sec,0.75,0.750003629,-3.63E-06,56.42869404
6475.7 sec,0.75,0.750003165,-3.17E-06,56.11308717
6476.3 sec,0.75,0.750001064,-1.06E-06,54.68427498
6476.9 sec,0.75,0.75000047,-4.70E-07,54.28024342
6477.7 sec,0.75,0.75000071,-7.10E-07,54.44338125
6478.6 sec,0.75,0.750002416,-2.42E-06,55.60401288
6479.2 sec,0.75,0.750001106,-1.11E-06,54.7127085
6479.8 sec,0.75,0.750000506,-5.06E-07,54.30483703
6480.6 sec,0.75,0.750000724,-7.24E-07,54.45292632
6481.5 sec,0.75,0.750002264,-2.26E-06,55.50065913
6482.2 sec,0.75,0.750003905,-3.90E-06,56.61615166
6482.9 sec,0.75,0.750001918,-1.92E-06,55.26516752
6483.5 sec,0.75,0.75000065,-6.50E-07,54.40249375
6484.2 sec,0.75,0.750000503,-5.03E-07,54.30253171
6485 sec,0.75,0.750001277,-1.28E-06,54.82940585
6485.8 sec,0.75,0.750003629,-3.63E-06,56.42869404
6486.5 sec,0.75,0.750003165,-3.17E-06,56.11308717
6487.1 sec,0.75,0.750001064,-1.06E-06,54.68427498
6487.8 sec,0.75,0.75000047,-4.70E-07,54.28024342
6488.5 sec,0.75,0.75000071,-7.10E-07,54.44338125
6489.4 sec,0.75,0.750002416,-2.42E-06,55.60401288
6490 sec,0.75,0.750001106,-1.11E-06,54.7127085
6490.7 sec,0.75,0.750000506,-5.06E-07,54.30483703
6491.4 sec,0.75,0.750000724,-7.24E-07,54.45292632
6492.3 sec,0.75,0.750002264,-2.26E-06,55.50065913
6493.1 sec,0.75,0.750003905,-3.90E-06,56.61615166
6493.7 sec,0.75,0.750001918,-1.92E-06,55.26516752
6494.3 sec,0.75,0.75000065,-6.50E-07,54.40249375
6495 sec,0.75,0.750000503,-5.03E-07,54.30253171
6495.8 sec,0.75,0.750001277,-1.28E-06,54.82940585
6496.7 sec,0.75,0.750003629,-3.63E-06,56.42869404
6497.4 sec,0.75,0.750003165,-3.17E-06,56.11308717
6497.9 sec,0.75,0.750001064,-1.06E-06,54.68427498
6498.6 sec,0.75,0.75000047,-4.70E-07,54.28024342
6499.3 sec,0.75,0.75000071,-7.10E-07,54.44338125
6500.2 sec,0.75,0.750002416,-2.42E-06,55.60401288
6500.8 sec,0.75,0.750001106,-1.11E-06,54.7127085
6501.5 sec,0.75,0.750000506,-5.06E-07,54.30483703
6502.2 sec,0.75,0.750000724,-7.24E-07,54.45292632
6503.1 sec,0.75,0.750002264,-2.26E-06,55.50065913
6503.9 sec,0.75,0.750003905,-3.90E-06,56.61615166
6504.5 sec,0.75,0.750001918,-1.92E-06,55.26516752
6505.1 sec,0.75,0.75000065,-6.50E-07,54.40249375
6505.8 sec,0.75,0.750000503,-5.03E-07,54.30253171
6506.6 sec,0.75,0.750001277,-1.28E-06,54.82940585
6507.5 sec,0.75,0.750003629,-3.63E-06,56.42869404
6508.2 sec,0.75,0.750003165,-3.17E-06,56.11308717
6508.8 sec,0.75,0.750001064,-1.06E-06,54.68427498
6509.4 sec,0.75,0.75000047,-4.70E-07,54.28024342
6510.1 sec,0.75,0.75000071,-7.10E-07,54.44338125
6511 sec,0.75,0.750002416,-2.42E-06,55.60401288
6511.6 sec,0.75,0.750001106,-1.11E-06,54.7127085
6512.3 sec,0.75,0.750000506,-5.06E-07,54.30483703
6513 sec,0.75,0.750000724,-7.24E-07,54.45292632
6513.9 sec,0.75,0.750002264,-2.26E-06,55.50065913
6514.7 sec,0.75,0.750003905,-3.90E-06,56.61615166
6515.3 sec,0.75,0.750001918,-1.92E-06,55.26516752
6515.9 sec,0.75,0.75000065,-6.50E-07,54.40249375
6516.6 sec,0.75,0.750000503,-5.03E-07,54.30253171
6517.4 sec,0.75,0.750001277,-1.28E-06,54.82940585
6518.3 sec,0.75,0.750003629,-3.63E-06,56.42869404
6519 sec,0.75,0.750003165,-3.17E-06,56.11308717
6519.6 sec,0.75,0.750001064,-1.06E-06,54.68427498
6520.2 sec,0.75,0.75000047,-4.70E-07,54.28024342
6521 sec,0.75,0.75000071,-7.10E-07,54.44338125
6521.8 sec,0.75,0.750002416,-2.42E-06,55.60401288
6522.5 sec,0.75,0.750001106,-1.11E-06,54.7127085
6523.1 sec,0.75,0.750000506,-5.06E-07,54.30483703
6523.8 sec,0.75,0.750000724,-7.24E-07,54.45292632
6524.7 sec,0.75,0.750002264,-2.26E-06,55.50065913
6525.5 sec,0.75,0.750003905,-3.90E-06,56.61615166
6526.1 sec,0.75,0.750001918,-1.92E-06,55.26516752
6526.7 sec,0.75,0.75000065,-6.50E-07,54.40249375
6527.4 sec,0.75,0.750000503,-5.03E-07,54.30253171
6528.2 sec,0.75,0.750001277,-1.28E-06,54.82940585
6529.1 sec,0.75,0.750003629,-3.63E-06,56.42869404
6529.8 sec,0.75,0.750003165,-3.17E-06,56.11308717
6530.4 sec,0.75,0.750001064,-1.06E-06,54.68427498
6531 sec,0.75,0.75000047,-4.70E-07,54.28024342
6531.8 sec,0.75,0.75000071,-7.10E-07,54.44338125
6532.6 sec,0.75,0.750002416,-2.42E-06,55.60401288
6533.3 sec,0.75,0.750001106,-1.11E-06,54.7127085
6533.9 sec,0.75,0.750000506,-5.06E-07,54.30483703
6534.7 sec,0.75,0.750000724,-7.24E-07,54.45292632
6535.5 sec,0.75,0.750002264,-2.26E-06,55.50065913
6536.3 sec,0.75,0.750003905,-3.90E-06,56.61615166
6536.9 sec,0.75,0.750001918,-1.92E-06,55.26516752
6537.5 sec,0.75,0.75000065,-6.50E-07,54.40249375
6538.2 sec,0.75,0.750000503,-5.03E-07,54.30253171
6539 sec,0.75,0.750001277,-1.28E-06,54.82940585
6539.9 sec,0.75,0.750003629,-3.63E-06,56.42869404
6540.6 sec,0.75,0.750003165,-3.17E-06,56.11308717
6541.2 sec,0.75,0.750001064,-1.06E-06,54.68427498
6541.8 sec,0.75,0.75000047,-4.70E-07,54.28024342
6542.6 sec,0.75,0.75000071,-7.10E-07,54.44338125
6543.5 sec,0.75,0.750002416,-2.42E-06,55.60401288
6544.1 sec,0.75,0.750001106,-1.11E-06,54.7127085
6544.7 sec,0.75,0.750000506,-5.06E-07,54.30483703
6545.5 sec,0.75,0.750000724,-7.24E-07,54.45292632
6546.3 sec,0.75,0.750002264,-2.26E-06,55.50065913
6547.1 sec,0.75,0.750003905,-3.90E-06,56.61615166
6547.7 sec,0.75,0.750001918,-1.92E-06,55.26516752
6548.3 sec,0.75,0.75000065,-6.50E-07,54.40249375
6549 sec,0.75,0.750000503,-5.03E-07,54.30253171
6549.9 sec,0.75,0.750001277,-1.28E-06,54.82940585
6550.7 sec,0.75,0.750003629,-3.63E-06,56.42869404
6551.4 sec,0.75,0.750003165,-3.17E-06,56.11308717
6552 sec,0.75,0.750001064,-1.06E-06,54.68427498
6552.6 sec,0.75,0.75000047,-4.70E-07,54.28024342
6553.4 sec,0.75,0.75000071,-7.10E-07,54.44338125
6554.3 sec,0.75,0.750002416,-2.42E-06,55.60401288
6554.9 sec,0.75,0.750001106,-1.11E-06,54.7127085
6555.5 sec,0.75,0.750000506,-5.06E-07,54.30483703
6556.3 sec,0.75,0.750000724,-7.24E-07,54.45292632
6557.1 sec,0.75,0.750002264,-2.26E-06,55.50065913
6557.9 sec,0.75,0.750003905,-3.90E-06,56.61615166
6558.6 sec,0.75,0.750001918,-1.92E-06,55.26516752
6559.2 sec,0.75,0.75000065,-6.50E-07,54.40249375
6559.8 sec,0.75,0.750000503,-5.03E-07,54.30253171
6560.7 sec,0.75,0.750001277,-1.28E-06,54.82940585
6561.5 sec,0.75,0.750003629,-3.63E-06,56.42869404
6562.2 sec,0.75,0.750003165,-3.17E-06,56.11308717
6562.8 sec,0.75,0.750001064,-1.06E-06,54.68427498
6563.4 sec,0.75,0.75000047,-4.70E-07,54.28024342
6564.2 sec,0.75,0.75000071,-7.10E-07,54.44338125
6565.1 sec,0.75,0.750002416,-2.42E-06,55.60401288
6565.7 sec,0.75,0.750001106,-1.11E-06,54.7127085
6566.3 sec,0.75,0.750000506,-5.06E-07,54.30483703
6567.1 sec,0.75,0.750000724,-7.24E-07,54.45292632
6568 sec,0.75,0.750002264,-2.26E-06,55.50065913
6568.7 sec,0.75,0.750003905,-3.90E-06,56.61615166
6569.4 sec,0.75,0.750001918,-1.92E-06,55.26516752
6570 sec,0.75,0.75000065,-6.50E-07,54.40249375
6570.6 sec,0.75,0.750000503,-5.03E-07,54.30253171
6571.5 sec,0.75,0.750001277,-1.28E-06,54.82940585
6572.3 sec,0.75,0.750003629,-3.63E-06,56.42869404
6573 sec,0.75,0.750003165,-3.17E-06,56.11308717
6573.6 sec,0.75,0.750001064,-1.06E-06,54.68427498
6574.2 sec,0.75,0.75000047,-4.70E-07,54.28024342
6575 sec,0.75,0.75000071,-7.10E-07,54.44338125
6575.9 sec,0.75,0.750002416,-2.42E-06,55.60401288
6576.5 sec,0.75,0.750001106,-1.11E-06,54.7127085
6577.1 sec,0.75,0.750000506,-5.06E-07,54.30483703
6577.9 sec,0.75,0.750000724,-7.24E-07,54.45292632
6578.8 sec,0.75,0.750002264,-2.26E-06,55.50065913
6579.5 sec,0.75,0.750003905,-3.90E-06,56.61615166
6580.2 sec,0.75,0.750001918,-1.92E-06,55.26516752
6580.8 sec,0.75,0.75000065,-6.50E-07,54.40249375
6581.5 sec,0.75,0.750000503,-5.03E-07,54.30253171
6582.3 sec,0.75,0.750001277,-1.28E-06,54.82940585
6583.1 sec,0.75,0.750003629,-3.63E-06,56.42869404
6583.8 sec,0.75,0.750003165,-3.17E-06,56.11308717
6584.4 sec,0.75,0.750001064,-1.06E-06,54.68427498
6585.1 sec,0.75,0.75000047,-4.70E-07,54.28024342
6585.8 sec,0.75,0.75000071,-7.10E-07,54.44338125
6586.7 sec,0.75,0.750002416,-2.42E-06,55.60401288
6587.3 sec,0.75,0.750001106,-1.11E-06,54.7127085
6588 sec,0.75,0.750000506,-5.06E-07,54.30483703
6588.7 sec,0.75,0.750000724,-7.24E-07,54.45292632
6589.6 sec,0.75,0.750002264,-2.26E-06,55.50065913
6590.4 sec,0.75,0.750003905,-3.90E-06,56.61615166
6591 sec,0.75,0.750001918,-1.92E-06,55.26516752
6591.6 sec,0.75,0.75000065,-6.50E-07,54.40249375
6592.3 sec,0.75,0.750000503,-5.03E-07,54.30253171
6593.1 sec,0.75,0.750001277,-1.28E-06,54.82940585
6594 sec,0.75,0.750003629,-3.63E-06,56.42869404
6594.7 sec,0.75,0.750003165,-3.17E-06,56.11308717
6595.2 sec,0.75,0.750001064,-1.06E-06,54.68427498
6595.9 sec,0.75,0.75000047,-4.70E-07,54.28024342
6596.6 sec,0.75,0.75000071,-7.10E-07,54.44338125
6597.5 sec,0.75,0.750002416,-2.42E-06,55.60401288
6598.1 sec,0.75,0.750001106,-1.11E-06,54.7127085
6598.8 sec,0.75,0.750000506,-5.06E-07,54.30483703
6599.5 sec,0.75,0.750000724,-7.24E-07,54.45292632
6600.4 sec,0.75,0.750002264,-2.26E-06,55.50065913
6601.2 sec,0.75,0.750003905,-3.90E-06,56.61615166
6601.8 sec,0.75,0.750001918,-1.92E-06,55.26516752
6602.4 sec,0.75,0.75000065,-6.50E-07,54.40249375
6603.1 sec,0.75,0.750000503,-5.03E-07,54.30253171
6603.9 sec,0.75,0.750001277,-1.28E-06,54.82940585
6604.8 sec,0.75,0.750003629,-3.63E-06,56.42869404
6605.5 sec,0.75,0.750003165,-3.17E-06,56.11308717
6606.1 sec,0.75,0.750001064,-1.06E-06,54.68427498
6606.7 sec,0.75,0.75000047,-4.70E-07,54.28024342
6607.4 sec,0.75,0.75000071,-7.10E-07,54.44338125
6608.3 sec,0.75,0.750002416,-2.42E-06,55.60401288
6608.9 sec,0.75,0.750001106,-1.11E-06,54.7127085
6609.6 sec,0.75,0.750000506,-5.06E-07,54.30483703
6610.3 sec,0.75,0.750000724,-7.24E-07,54.45292632
6611.2 sec,0.75,0.750002264,-2.26E-06,55.50065913
6612 sec,0.75,0.750003905,-3.90E-06,56.61615166
6612.6 sec,0.75,0.750001918,-1.92E-06,55.26516752
6613.2 sec,0.75,0.75000065,-6.50E-07,54.40249375
6613.9 sec,0.75,0.750000503,-5.03E-07,54.30253171
6614.7 sec,0.75,0.750001277,-1.28E-06,54.82940585
6615.6 sec,0.75,0.750003629,-3.63E-06,56.42869404
6616.3 sec,0.75,0.750003165,-3.17E-06,56.11308717
6616.9 sec,0.75,0.750001064,-1.06E-06,54.68427498
6617.5 sec,0.75,0.75000047,-4.70E-07,54.28024342
6618.3 sec,0.75,0.75000071,-7.10E-07,54.44338125
6619.1 sec,0.75,0.750002416,-2.42E-06,55.60401288
6619.8 sec,0.75,0.750001106,-1.11E-06,54.7127085
6620.4 sec,0.75,0.750000506,-5.06E-07,54.30483703
6621.1 sec,0.75,0.750000724,-7.24E-07,54.45292632
6622 sec,0.75,0.750002264,-2.26E-06,55.50065913
6622.8 sec,0.75,0.750003905,-3.90E-06,56.61615166
6623.4 sec,0.75,0.750001918,-1.92E-06,55.26516752
6624 sec,0.75,0.75000065,-6.50E-07,54.40249375
6624.7 sec,0.75,0.750000503,-5.03E-07,54.30253171
6625.5 sec,0.75,0.750001277,-1.28E-06,54.82940585
6626.4 sec,0.75,0.750003629,-3.63E-06,56.42869404
6627.1 sec,0.75,0.750003165,-3.17E-06,56.11308717
6627.7 sec,0.75,0.750001064,-1.06E-06,54.68427498
6628.3 sec,0.75,0.75000047,-4.70E-07,54.28024342
6629.1 sec,0.75,0.75000071,-7.10E-07,54.44338125
6629.9 sec,0.75,0.750002416,-2.42E-06,55.60401288
6630.6 sec,0.75,0.750001106,-1.11E-06,54.7127085
6631.2 sec,0.75,0.750000506,-5.06E-07,54.30483703
6632 sec,0.75,0.750000724,-7.24E-07,54.45292632
6632.8 sec,0.75,0.750002264,-2.26E-06,55.50065913
6633.6 sec,0.75,0.750003905,-3.90E-06,56.61615166
6634.2 sec,0.75,0.750001918,-1.92E-06,55.26516752
6634.8 sec,0.75,0.75000065,-6.50E-07,54.40249375
6635.5 sec,0.75,0.750000503,-5.03E-07,54.30253171
6636.3 sec,0.75,0.750001277,-1.28E-06,54.82940585
6637.2 sec,0.75,0.750003629,-3.63E-06,56.42869404
6637.9 sec,0.75,0.750003165,-3.17E-06,56.11308717
6638.5 sec,0.75,0.750001064,-1.06E-06,54.68427498
6639.1 sec,0.75,0.75000047,-4.70E-07,54.28024342
6639.9 sec,0.75,0.75000071,-7.10E-07,54.44338125
6640.8 sec,0.75,0.750002416,-2.42E-06,55.60401288
6641.4 sec,0.75,0.750001106,-1.11E-06,54.7127085
6642 sec,0.75,0.750000506,-5.06E-07,54.30483703
6642.8 sec,0.75,0.750000724,-7.24E-07,54.45292632
6643.6 sec,0.75,0.750002264,-2.26E-06,55.50065913
6644.4 sec,0.75,0.750003905,-3.90E-06,56.61615166
6645 sec,0.75,0.750001918,-1.92E-06,55.26516752
6645.6 sec,0.75,0.75000065,-6.50E-07,54.40249375
6646.3 sec,0.75,0.750000503,-5.03E-07,54.30253171
6647.2 sec,0.75,0.750001277,-1.28E-06,54.82940585
6648 sec,0.75,0.750003629,-3.63E-06,56.42869404
6648.7 sec,0.75,0.750003165,-3.17E-06,56.11308717
6649.3 sec,0.75,0.750001064,-1.06E-06,54.68427498
6649.9 sec,0.75,0.75000047,-4.70E-07,54.28024342
6650.7 sec,0.75,0.75000071,-7.10E-07,54.44338125
6651.6 sec,0.75,0.750002416,-2.42E-06,55.60401288
6652.2 sec,0.75,0.750001106,-1.11E-06,54.7127085
6652.8 sec,0.75,0.750000506,-5.06E-07,54.30483703
6653.6 sec,0.75,0.750000724,-7.24E-07,54.45292632
6654.4 sec,0.75,0.750002264,-2.26E-06,55.50065913
6655.2 sec,0.75,0.750003905,-3.90E-06,56.61615166
6655.9 sec,0.75,0.750001918,-1.92E-06,55.26516752
6656.4 sec,0.75,0.75000065,-6.50E-07,54.40249375
6657.1 sec,0.75,0.750000503,-5.03E-07,54.30253171
6658 sec,0.75,0.750001277,-1.28E-06,54.82940585
6658.8 sec,0.75,0.750003629,-3.63E-06,56.42869404
6659.5 sec,0.75,0.750003165,-3.17E-06,56.11308717
6660.1 sec,0.75,0.750001064,-1.06E-06,54.68427498
6660.7 sec,0.75,0.75000047,-4.70E-07,54.28024342
6661.5 sec,0.75,0.75000071,-7.10E-07,54.44338125
6662.4 sec,0.75,0.750002416,-2.42E-06,55.60401288
6663 sec,0.75,0.750001106,-1.11E-06,54.7127085
6663.6 sec,0.75,0.750000506,-5.06E-07,54.30483703
6664.4 sec,0.75,0.750000724,-7.24E-07,54.45292632
6665.3 sec,0.75,0.750002264,-2.26E-06,55.50065913
6666 sec,0.75,0.750003905,-3.90E-06,56.61615166
6666.7 sec,0.75,0.750001918,-1.92E-06,55.26516752
6667.3 sec,0.75,0.75000065,-6.50E-07,54.40249375
6667.9 sec,0.75,0.750000503,-5.03E-07,54.30253171
6668.8 sec,0.75,0.750001277,-1.28E-06,54.82940585
6669.6 sec,0.75,0.750003629,-3.63E-06,56.42869404
6670.3 sec,0.75,0.750003165,-3.17E-06,56.11308717
6670.9 sec,0.75,0.750001064,-1.06E-06,54.68427498
6671.5 sec,0.75,0.75000047,-4.70E-07,54.28024342
6672.3 sec,0.75,0.75000071,-7.10E-07,54.44338125
6673.2 sec,0.75,0.750002416,-2.42E-06,55.60401288
6673.8 sec,0.75,0.750001106,-1.11E-06,54.7127085
6674.4 sec,0.75,0.750000506,-5.06E-07,54.30483703
6675.2 sec,0.75,0.750000724,-7.24E-07,54.45292632
6676.1 sec,0.75,0.750002264,-2.26E-06,55.50065913
6676.8 sec,0.75,0.750003905,-3.90E-06,56.61615166
6677.5 sec,0.75,0.750001918,-1.92E-06,55.26516752
6678.1 sec,0.75,0.75000065,-6.50E-07,54.40249375
6678.8 sec,0.75,0.750000503,-5.03E-07,54.30253171
6679.6 sec,0.75,0.750001277,-1.28E-06,54.82940585
6680.4 sec,0.75,0.750003629,-3.63E-06,56.42869404
6681.1 sec,0.75,0.750003165,-3.17E-06,56.11308717
6681.7 sec,0.75,0.750001064,-1.06E-06,54.68427498
6682.4 sec,0.75,0.75000047,-4.70E-07,54.28024342
6683.1 sec,0.75,0.75000071,-7.10E-07,54.44338125
6684 sec,0.75,0.750002416,-2.42E-06,55.60401288
6684.6 sec,0.75,0.750001106,-1.11E-06,54.7127085
6685.3 sec,0.75,0.750000506,-5.06E-07,54.30483703
6686 sec,0.75,0.750000724,-7.24E-07,54.45292632
6686.9 sec,0.75,0.750002264,-2.26E-06,55.50065913
6687.7 sec,0.75,0.750003905,-3.90E-06,56.61615166
6688.3 sec,0.75,0.750001918,-1.92E-06,55.26516752
6688.9 sec,0.75,0.75000065,-6.50E-07,54.40249375
6689.6 sec,0.75,0.750000503,-5.03E-07,54.30253171
6690.4 sec,0.75,0.750001277,-1.28E-06,54.82940585
6691.3 sec,0.75,0.750003629,-3.63E-06,56.42869404
6692 sec,0.75,0.750003165,-3.17E-06,56.11308717
6692.5 sec,0.75,0.750001064,-1.06E-06,54.68427498
6693.2 sec,0.75,0.75000047,-4.70E-07,54.28024342
6693.9 sec,0.75,0.75000071,-7.10E-07,54.44338125
6694.8 sec,0.75,0.750002416,-2.42E-06,55.60401288
6695.4 sec,0.75,0.750001106,-1.11E-06,54.7127085
6696.1 sec,0.75,0.750000506,-5.06E-07,54.30483703
6696.8 sec,0.75,0.750000724,-7.24E-07,54.45292632
6697.7 sec,0.75,0.750002264,-2.26E-06,55.50065913
6698.5 sec,0.75,0.750003905,-3.90E-06,56.61615166
6699.1 sec,0.75,0.750001918,-1.92E-06,55.26516752
6699.7 sec,0.75,0.75000065,-6.50E-07,54.40249375
6700.4 sec,0.75,0.750000503,-5.03E-07,54.30253171
6701.2 sec,0.75,0.750001277,-1.28E-06,54.82940585
6702.1 sec,0.75,0.750003629,-3.63E-06,56.42869404
6702.8 sec,0.75,0.750003165,-3.17E-06,56.11308717
6703.4 sec,0.75,0.750001064,-1.06E-06,54.68427498
6704 sec,0.75,0.75000047,-4.70E-07,54.28024342
6704.7 sec,0.75,0.75000071,-7.10E-07,54.44338125
6705.6 sec,0.75,0.750002416,-2.42E-06,55.60401288
6706.2 sec,0.75,0.750001106,-1.11E-06,54.7127085
6706.9 sec,0.75,0.750000506,-5.06E-07,54.30483703
6707.6 sec,0.75,0.750000724,-7.24E-07,54.45292632
6708.5 sec,0.75,0.750002264,-2.26E-06,55.50065913
6709.3 sec,0.75,0.750003905,-3.90E-06,56.61615166
6709.9 sec,0.75,0.750001918,-1.92E-06,55.26516752
6710.5 sec,0.75,0.75000065,-6.50E-07,54.40249375
6711.2 sec,0.75,0.750000503,-5.03E-07,54.30253171
6712 sec,0.75,0.750001277,-1.28E-06,54.82940585
6712.9 sec,0.75,0.750003629,-3.63E-06,56.42869404
6713.6 sec,0.75,0.750003165,-3.17E-06,56.11308717
6714.2 sec,0.75,0.750001064,-1.06E-06,54.68427498
6714.8 sec,0.75,0.75000047,-4.70E-07,54.28024342
6715.6 sec,0.75,0.75000071,-7.10E-07,54.44338125
6716.4 sec,0.75,0.750002416,-2.42E-06,55.60401288
6717.1 sec,0.75,0.750001106,-1.11E-06,54.7127085
6717.7 sec,0.75,0.750000506,-5.06E-07,54.30483703
6718.4 sec,0.75,0.750000724,-7.24E-07,54.45292632
6719.3 sec,0.75,0.750002264,-2.26E-06,55.50065913
6720.1 sec,0.75,0.750003905,-3.90E-06,56.61615166
6720.7 sec,0.75,0.750001918,-1.92E-06,55.26516752
6721.3 sec,0.75,0.75000065,-6.50E-07,54.40249375
6722 sec,0.75,0.750000503,-5.03E-07,54.30253171
6722.8 sec,0.75,0.750001277,-1.28E-06,54.82940585
6723.7 sec,0.75,0.750003629,-3.63E-06,56.42869404
6724.4 sec,0.75,0.750003165,-3.17E-06,56.11308717
6725 sec,0.75,0.750001064,-1.06E-06,54.68427498
6725.6 sec,0.75,0.75000047,-4.70E-07,54.28024342
6726.4 sec,0.75,0.75000071,-7.10E-07,54.44338125
6727.2 sec,0.75,0.750002416,-2.42E-06,55.60401288
6727.9 sec,0.75,0.750001106,-1.11E-06,54.7127085
6728.5 sec,0.75,0.750000506,-5.06E-07,54.30483703
6729.3 sec,0.75,0.750000724,-7.24E-07,54.45292632
6730.1 sec,0.75,0.750002264,-2.26E-06,55.50065913
6730.9 sec,0.75,0.750003905,-3.90E-06,56.61615166
6731.5 sec,0.75,0.750001918,-1.92E-06,55.26516752
6732.1 sec,0.75,0.75000065,-6.50E-07,54.40249375
6732.8 sec,0.75,0.750000503,-5.03E-07,54.30253171
6733.6 sec,0.75,0.750001277,-1.28E-06,54.82940585
6734.5 sec,0.75,0.750003629,-3.63E-06,56.42869404
6735.2 sec,0.75,0.750003165,-3.17E-06,56.11308717
6735.8 sec,0.75,0.750001064,-1.06E-06,54.68427498
6736.4 sec,0.75,0.75000047,-4.70E-07,54.28024342
6737.2 sec,0.75,0.75000071,-7.10E-07,54.44338125
6738.1 sec,0.75,0.750002416,-2.42E-06,55.60401288
6738.7 sec,0.75,0.750001106,-1.11E-06,54.7127085
6739.3 sec,0.75,0.750000506,-5.06E-07,54.30483703
6740.1 sec,0.75,0.750000724,-7.24E-07,54.45292632
6740.9 sec,0.75,0.750002264,-2.26E-06,55.50065913
6741.7 sec,0.75,0.750003905,-3.90E-06,56.61615166
6742.3 sec,0.75,0.750001918,-1.92E-06,55.26516752
6742.9 sec,0.75,0.75000065,-6.50E-07,54.40249375
6743.6 sec,0.75,0.750000503,-5.03E-07,54.30253171
6744.5 sec,0.75,0.750001277,-1.28E-06,54.82940585
6745.3 sec,0.75,0.750003629,-3.63E-06,56.42869404
6746 sec,0.75,0.750003165,-3.17E-06,56.11308717
6746.6 sec,0.75,0.750001064,-1.06E-06,54.68427498
6747.2 sec,0.75,0.75000047,-4.70E-07,54.28024342
6748 sec,0.75,0.75000071,-7.10E-07,54.44338125
6748.9 sec,0.75,0.750002416,-2.42E-06,55.60401288
6749.5 sec,0.75,0.750001106,-1.11E-06,54.7127085
6750.1 sec,0.75,0.750000506,-5.06E-07,54.30483703
6750.9 sec,0.75,0.750000724,-7.24E-07,54.45292632
6751.7 sec,0.75,0.750002264,-2.26E-06,55.50065913
6752.5 sec,0.75,0.750003905,-3.90E-06,56.61615166
6753.2 sec,0.75,0.750001918,-1.92E-06,55.26516752
6753.7 sec,0.75,0.75000065,-6.50E-07,54.40249375
6754.4 sec,0.75,0.750000503,-5.03E-07,54.30253171
6755.3 sec,0.75,0.750001277,-1.28E-06,54.82940585
6756.1 sec,0.75,0.750003629,-3.63E-06,56.42869404
6756.8 sec,0.75,0.750003165,-3.17E-06,56.11308717
6757.4 sec,0.75,0.750001064,-1.06E-06,54.68427498
6758 sec,0.75,0.75000047,-4.70E-07,54.28024342
6758.8 sec,0.75,0.75000071,-7.10E-07,54.44338125
6759.7 sec,0.75,0.750002416,-2.42E-06,55.60401288
6760.3 sec,0.75,0.750001106,-1.11E-06,54.7127085
6760.9 sec,0.75,0.750000506,-5.06E-07,54.30483703
6761.7 sec,0.75,0.750000724,-7.24E-07,54.45292632
6762.6 sec,0.75,0.750002264,-2.26E-06,55.50065913
6763.3 sec,0.75,0.750003905,-3.90E-06,56.61615166
6764 sec,0.75,0.750001918,-1.92E-06,55.26516752
6764.6 sec,0.75,0.75000065,-6.50E-07,54.40249375
6765.2 sec,0.75,0.750000503,-5.03E-07,54.30253171
6766.1 sec,0.75,0.750001277,-1.28E-06,54.82940585
6766.9 sec,0.75,0.750003629,-3.63E-06,56.42869404
6767.6 sec,0.75,0.750003165,-3.17E-06,56.11308717
6768.2 sec,0.75,0.750001064,-1.06E-06,54.68427498
6768.8 sec,0.75,0.75000047,-4.70E-07,54.28024342
6769.6 sec,0.75,0.75000071,-7.10E-07,54.44338125
6770.5 sec,0.75,0.750002416,-2.42E-06,55.60401288
6771.1 sec,0.75,0.750001106,-1.11E-06,54.7127085
6771.7 sec,0.75,0.750000506,-5.06E-07,54.30483703
6772.5 sec,0.75,0.750000724,-7.24E-07,54.45292632
6773.4 sec,0.75,0.750002264,-2.26E-06,55.50065913
6774.1 sec,0.75,0.750003905,-3.90E-06,56.61615166
6774.8 sec,0.75,0.750001918,-1.92E-06,55.26516752
6775.4 sec,0.75,0.75000065,-6.50E-07,54.40249375
6776.1 sec,0.75,0.750000503,-5.03E-07,54.30253171
6776.9 sec,0.75,0.750001277,-1.28E-06,54.82940585
6777.7 sec,0.75,0.750003629,-3.63E-06,56.42869404
6778.4 sec,0.75,0.750003165,-3.17E-06,56.11308717
6779 sec,0.75,0.750001064,-1.06E-06,54.68427498
6779.7 sec,0.75,0.75000047,-4.70E-07,54.28024342
6780.4 sec,0.75,0.75000071,-7.10E-07,54.44338125
6781.3 sec,0.75,0.750002416,-2.42E-06,55.60401288
6781.9 sec,0.75,0.750001106,-1.11E-06,54.7127085
6782.6 sec,0.75,0.750000506,-5.06E-07,54.30483703
6783.3 sec,0.75,0.750000724,-7.24E-07,54.45292632
6784.2 sec,0.75,0.750002264,-2.26E-06,55.50065913
6785 sec,0.75,0.750003905,-3.90E-06,56.61615166
6785.6 sec,0.75,0.750001918,-1.92E-06,55.26516752
6786.2 sec,0.75,0.75000065,-6.50E-07,54.40249375
6786.9 sec,0.75,0.750000503,-5.03E-07,54.30253171
6787.7 sec,0.75,0.750001277,-1.28E-06,54.82940585
6788.6 sec,0.75,0.750003629,-3.63E-06,56.42869404
6789.3 sec,0.75,0.750003165,-3.17E-06,56.11308717
6789.8 sec,0.75,0.750001064,-1.06E-06,54.68427498
6790.5 sec,0.75,0.75000047,-4.70E-07,54.28024342
6791.2 sec,0.75,0.75000071,-7.10E-07,54.44338125
6792.1 sec,0.75,0.750002416,-2.42E-06,55.60401288
6792.7 sec,0.75,0.750001106,-1.11E-06,54.7127085
6793.4 sec,0.75,0.750000506,-5.06E-07,54.30483703
6794.1 sec,0.75,0.750000724,-7.24E-07,54.45292632
6795 sec,0.75,0.750002264,-2.26E-06,55.50065913
6795.8 sec,0.75,0.750003905,-3.90E-06,56.61615166
6796.4 sec,0.75,0.750001918,-1.92E-06,55.26516752
6797 sec,0.75,0.75000065,-6.50E-07,54.40249375
6797.7 sec,0.75,0.750000503,-5.03E-07,54.30253171
6798.5 sec,0.75,0.750001277,-1.28E-06,54.82940585
6799.4 sec,0.75,0.750003629,-3.63E-06,56.42869404
6800.1 sec,0.75,0.750003165,-3.17E-06,56.11308717
6800.7 sec,0.75,0.750001064,-1.06E-06,54.68427498
6801.3 sec,0.75,0.75000047,-4.70E-07,54.28024342
6802 sec,0.75,0.75000071,-7.10E-07,54.44338125
6802.9 sec,0.75,0.750002416,-2.42E-06,55.60401288
6803.5 sec,0.75,0.750001106,-1.11E-06,54.7127085
6804.2 sec,0.75,0.750000506,-5.06E-07,54.30483703
6804.9 sec,0.75,0.750000724,-7.24E-07,54.45292632
6805.8 sec,0.75,0.750002264,-2.26E-06,55.50065913
6806.6 sec,0.75,0.750003905,-3.90E-06,56.61615166
6807.2 sec,0.75,0.750001918,-1.92E-06,55.26516752
6807.8 sec,0.75,0.75000065,-6.50E-07,54.40249375
6808.5 sec,0.75,0.750000503,-5.03E-07,54.30253171
6809.3 sec,0.75,0.750001277,-1.28E-06,54.82940585
6810.2 sec,0.75,0.750003629,-3.63E-06,56.42869404
6810.9 sec,0.75,0.750003165,-3.17E-06,56.11308717
6811.5 sec,0.75,0.750001064,-1.06E-06,54.68427498
6812.1 sec,0.75,0.75000047,-4.70E-07,54.28024342
6812.9 sec,0.75,0.75000071,-7.10E-07,54.44338125
6813.7 sec,0.75,0.750002416,-2.42E-06,55.60401288
6814.4 sec,0.75,0.750001106,-1.11E-06,54.7127085
6815 sec,0.75,0.750000506,-5.06E-07,54.30483703
6815.7 sec,0.75,0.750000724,-7.24E-07,54.45292632
6816.6 sec,0.75,0.750002264,-2.26E-06,55.50065913
6817.4 sec,0.75,0.750003905,-3.90E-06,56.61615166
6818 sec,0.75,0.750001918,-1.92E-06,55.26516752
6818.6 sec,0.75,0.75000065,-6.50E-07,54.40249375
6819.3 sec,0.75,0.750000503,-5.03E-07,54.30253171
6820.1 sec,0.75,0.750001277,-1.28E-06,54.82940585
6821 sec,0.75,0.750003629,-3.63E-06,56.42869404
6821.7 sec,0.75,0.750003165,-3.17E-06,56.11308717
6822.3 sec,0.75,0.750001064,-1.06E-06,54.68427498
6822.9 sec,0.75,0.75000047,-4.70E-07,54.28024342
6823.7 sec,0.75,0.75000071,-7.10E-07,54.44338125
6824.5 sec,0.75,0.750002416,-2.42E-06,55.60401288
6825.2 sec,0.75,0.750001106,-1.11E-06,54.7127085
6825.8 sec,0.75,0.750000506,-5.06E-07,54.30483703
6826.6 sec,0.75,0.750000724,-7.24E-07,54.45292632
6827.4 sec,0.75,0.750002264,-2.26E-06,55.50065913
6828.2 sec,0.75,0.750003905,-3.90E-06,56.61615166
6828.8 sec,0.75,0.750001918,-1.92E-06,55.26516752
6829.4 sec,0.75,0.75000065,-6.50E-07,54.40249375
6830.1 sec,0.75,0.750000503,-5.03E-07,54.30253171
6830.9 sec,0.75,0.750001277,-1.28E-06,54.82940585
6831.8 sec,0.75,0.750003629,-3.63E-06,56.42869404
6832.5 sec,0.75,0.750003165,-3.17E-06,56.11308717
6833.1 sec,0.75,0.750001064,-1.06E-06,54.68427498
6833.7 sec,0.75,0.75000047,-4.70E-07,54.28024342
6834.5 sec,0.75,0.75000071,-7.10E-07,54.44338125
6835.4 sec,0.75,0.750002416,-2.42E-06,55.60401288
6836 sec,0.75,0.750001106,-1.11E-06,54.7127085
6836.6 sec,0.75,0.750000506,-5.06E-07,54.30483703
6837.4 sec,0.75,0.750000724,-7.24E-07,54.45292632
6838.2 sec,0.75,0.750002264,-2.26E-06,55.50065913
6839 sec,0.75,0.750003905,-3.90E-06,56.61615166
6839.6 sec,0.75,0.750001918,-1.92E-06,55.26516752
6840.2 sec,0.75,0.75000065,-6.50E-07,54.40249375
6840.9 sec,0.75,0.750000503,-5.03E-07,54.30253171
6841.8 sec,0.75,0.750001277,-1.28E-06,54.82940585
6842.6 sec,0.75,0.750003629,-3.63E-06,56.42869404
6843.3 sec,0.75,0.750003165,-3.17E-06,56.11308717
6843.9 sec,0.75,0.750001064,-1.06E-06,54.68427498
6844.5 sec,0.75,0.75000047,-4.70E-07,54.28024342
6845.3 sec,0.75,0.75000071,-7.10E-07,54.44338125
6846.2 sec,0.75,0.750002416,-2.42E-06,55.60401288
6846.8 sec,0.75,0.750001106,-1.11E-06,54.7127085
6847.4 sec,0.75,0.750000506,-5.06E-07,54.30483703
6848.2 sec,0.75,0.750000724,-7.24E-07,54.45292632
6849 sec,0.75,0.750002264,-2.26E-06,55.50065913
6849.8 sec,0.75,0.750003905,-3.90E-06,56.61615166
6850.5 sec,0.75,0.750001918,-1.92E-06,55.26516752
6851 sec,0.75,0.75000065,-6.50E-07,54.40249375
6851.7 sec,0.75,0.750000503,-5.03E-07,54.30253171
6852.6 sec,0.75,0.750001277,-1.28E-06,54.82940585
6853.4 sec,0.75,0.750003629,-3.63E-06,56.42869404
6854.1 sec,0.75,0.750003165,-3.17E-06,56.11308717
6854.7 sec,0.75,0.750001064,-1.06E-06,54.68427498
6855.3 sec,0.75,0.75000047,-4.70E-07,54.28024342
6856.1 sec,0.75,0.75000071,-7.10E-07,54.44338125
6857 sec,0.75,0.750002416,-2.42E-06,55.60401288
6857.6 sec,0.75,0.750001106,-1.11E-06,54.7127085
6858.2 sec,0.75,0.750000506,-5.06E-07,54.30483703
6859 sec,0.75,0.750000724,-7.24E-07,54.45292632
6859.9 sec,0.75,0.750002264,-2.26E-06,55.50065913
6860.6 sec,0.75,0.750003905,-3.90E-06,56.61615166
6861.3 sec,0.75,0.750001918,-1.92E-06,55.26516752
6861.9 sec,0.75,0.75000065,-6.50E-07,54.40249375
6862.5 sec,0.75,0.750000503,-5.03E-07,54.30253171
6863.4 sec,0.75,0.750001277,-1.28E-06,54.82940585
6864.2 sec,0.75,0.750003629,-3.63E-06,56.42869404
6864.9 sec,0.75,0.750003165,-3.17E-06,56.11308717
6865.5 sec,0.75,0.750001064,-1.06E-06,54.68427498
6866.1 sec,0.75,0.75000047,-4.70E-07,54.28024342
6866.9 sec,0.75,0.75000071,-7.10E-07,54.44338125
6867.8 sec,0.75,0.750002416,-2.42E-06,55.60401288
6868.4 sec,0.75,0.750001106,-1.11E-06,54.7127085
6869 sec,0.75,0.750000506,-5.06E-07,54.30483703
6869.8 sec,0.75,0.750000724,-7.24E-07,54.45292632
6870.7 sec,0.75,0.750002264,-2.26E-06,55.50065913
6871.4 sec,0.75,0.750003905,-3.90E-06,56.61615166
6872.1 sec,0.75,0.750001918,-1.92E-06,55.26516752
6872.7 sec,0.75,0.75000065,-6.50E-07,54.40249375
6873.4 sec,0.75,0.750000503,-5.03E-07,54.30253171
6874.2 sec,0.75,0.750001277,-1.28E-06,54.82940585
6875 sec,0.75,0.750003629,-3.63E-06,56.42869404
6875.7 sec,0.75,0.750003165,-3.17E-06,56.11308717
6876.3 sec,0.75,0.750001064,-1.06E-06,54.68427498
6877 sec,0.75,0.75000047,-4.70E-07,54.28024342
6877.7 sec,0.75,0.75000071,-7.10E-07,54.44338125
6878.6 sec,0.75,0.750002416,-2.42E-06,55.60401288
6879.2 sec,0.75,0.750001106,-1.11E-06,54.7127085
6879.9 sec,0.75,0.750000506,-5.06E-07,54.30483703
6880.6 sec,0.75,0.750000724,-7.24E-07,54.45292632
6881.5 sec,0.75,0.750002264,-2.26E-06,55.50065913
6882.3 sec,0.75,0.750003905,-3.90E-06,56.61615166
6882.9 sec,0.75,0.750001918,-1.92E-06,55.26516752
6883.5 sec,0.75,0.75000065,-6.50E-07,54.40249375
6884.2 sec,0.75,0.750000503,-5.03E-07,54.30253171
6885 sec,0.75,0.750001277,-1.28E-06,54.82940585
6885.9 sec,0.75,0.750003629,-3.63E-06,56.42869404
6886.6 sec,0.75,0.750003165,-3.17E-06,56.11308717
6887.1 sec,0.75,0.750001064,-1.06E-06,54.68427498
6887.8 sec,0.75,0.75000047,-4.70E-07,54.28024342
6888.5 sec,0.75,0.75000071,-7.10E-07,54.44338125
6889.4 sec,0.75,0.750002416,-2.42E-06,55.60401288
6890 sec,0.75,0.750001106,-1.11E-06,54.7127085
6890.7 sec,0.75,0.750000506,-5.06E-07,54.30483703
6891.4 sec,0.75,0.750000724,-7.24E-07,54.45292632
6892.3 sec,0.75,0.750002264,-2.26E-06,55.50065913
6893.1 sec,0.75,0.750003905,-3.90E-06,56.61615166
6893.7 sec,0.75,0.750001918,-1.92E-06,55.26516752
6894.3 sec,0.75,0.75000065,-6.50E-07,54.40249375
6895 sec,0.75,0.750000503,-5.03E-07,54.30253171
6895.8 sec,0.75,0.750001277,-1.28E-06,54.82940585
6896.7 sec,0.75,0.750003629,-3.63E-06,56.42869404
6897.4 sec,0.75,0.750003165,-3.17E-06,56.11308717
6898 sec,0.75,0.750001064,-1.06E-06,54.68427498
6898.6 sec,0.75,0.75000047,-4.70E-07,54.28024342
6899.3 sec,0.75,0.75000071,-7.10E-07,54.44338125
6900.2 sec,0.75,0.750002416,-2.42E-06,55.60401288
6900.8 sec,0.75,0.750001106,-1.11E-06,54.7127085
6901.5 sec,0.75,0.750000506,-5.06E-07,54.30483703
6902.2 sec,0.75,0.750000724,-7.24E-07,54.45292632
6903.1 sec,0.75,0.750002264,-2.26E-06,55.50065913
6903.9 sec,0.75,0.750003905,-3.90E-06,56.61615166
6904.5 sec,0.75,0.750001918,-1.92E-06,55.26516752
6905.1 sec,0.75,0.75000065,-6.50E-07,54.40249375
6905.8 sec,0.75,0.750000503,-5.03E-07,54.30253171
6906.6 sec,0.75,0.750001277,-1.28E-06,54.82940585
6907.5 sec,0.75,0.750003629,-3.63E-06,56.42869404
6908.2 sec,0.75,0.750003165,-3.17E-06,56.11308717
6908.8 sec,0.75,0.750001064,-1.06E-06,54.68427498
6909.4 sec,0.75,0.75000047,-4.70E-07,54.28024342
6910.2 sec,0.75,0.75000071,-7.10E-07,54.44338125
6911 sec,0.75,0.750002416,-2.42E-06,55.60401288
6911.7 sec,0.75,0.750001106,-1.11E-06,54.7127085
6912.3 sec,0.75,0.750000506,-5.06E-07,54.30483703
6913 sec,0.75,0.750000724,-7.24E-07,54.45292632
6913.9 sec,0.75,0.750002264,-2.26E-06,55.50065913
6914.7 sec,0.75,0.750003905,-3.90E-06,56.61615166
6915.3 sec,0.75,0.750001918,-1.92E-06,55.26516752
6915.9 sec,0.75,0.75000065,-6.50E-07,54.40249375
6916.6 sec,0.75,0.750000503,-5.03E-07,54.30253171
6917.4 sec,0.75,0.750001277,-1.28E-06,54.82940585
6918.3 sec,0.75,0.750003629,-3.63E-06,56.42869404
6919 sec,0.75,0.750003165,-3.17E-06,56.11308717
6919.6 sec,0.75,0.750001064,-1.06E-06,54.68427498
6920.2 sec,0.75,0.75000047,-4.70E-07,54.28024342
6921 sec,0.75,0.75000071,-7.10E-07,54.44338125
6921.8 sec,0.75,0.750002416,-2.42E-06,55.60401288
6922.5 sec,0.75,0.750001106,-1.11E-06,54.7127085
6923.1 sec,0.75,0.750000506,-5.06E-07,54.30483703
6923.9 sec,0.75,0.750000724,-7.24E-07,54.45292632
6924.7 sec,0.75,0.750002264,-2.26E-06,55.50065913
6925.5 sec,0.75,0.750003905,-3.90E-06,56.61615166
6926.1 sec,0.75,0.750001918,-1.92E-06,55.26516752
6926.7 sec,0.75,0.75000065,-6.50E-07,54.40249375
6927.4 sec,0.75,0.750000503,-5.03E-07,54.30253171
6928.2 sec,0.75,0.750001277,-1.28E-06,54.82940585
6929.1 sec,0.75,0.750003629,-3.63E-06,56.42869404
6929.8 sec,0.75,0.750003165,-3.17E-06,56.11308717
6930.4 sec,0.75,0.750001064,-1.06E-06,54.68427498
6931 sec,0.75,0.75000047,-4.70E-07,54.28024342
6931.8 sec,0.75,0.75000071,-7.10E-07,54.44338125
6932.7 sec,0.75,0.750002416,-2.42E-06,55.60401288
6933.3 sec,0.75,0.750001106,-1.11E-06,54.7127085
6933.9 sec,0.75,0.750000506,-5.06E-07,54.30483703
6934.7 sec,0.75,0.750000724,-7.24E-07,54.45292632
6935.5 sec,0.75,0.750002264,-2.26E-06,55.50065913
6936.3 sec,0.75,0.750003905,-3.90E-06,56.61615166
6936.9 sec,0.75,0.750001918,-1.92E-06,55.26516752
6937.5 sec,0.75,0.75000065,-6.50E-07,54.40249375
6938.2 sec,0.75,0.750000503,-5.03E-07,54.30253171
6939.1 sec,0.75,0.750001277,-1.28E-06,54.82940585
6939.9 sec,0.75,0.750003629,-3.63E-06,56.42869404
6940.6 sec,0.75,0.750003165,-3.17E-06,56.11308717
6941.2 sec,0.75,0.750001064,-1.06E-06,54.68427498
6941.8 sec,0.75,0.75000047,-4.70E-07,54.28024342
6942.6 sec,0.75,0.75000071,-7.10E-07,54.44338125
6943.5 sec,0.75,0.750002416,-2.42E-06,55.60401288
6944.1 sec,0.75,0.750001106,-1.11E-06,54.7127085
6944.7 sec,0.75,0.750000506,-5.06E-07,54.30483703
6945.5 sec,0.75,0.750000724,-7.24E-07,54.45292632
6946.3 sec,0.75,0.750002264,-2.26E-06,55.50065913
6947.1 sec,0.75,0.750003905,-3.90E-06,56.61615166
6947.8 sec,0.75,0.750001918,-1.92E-06,55.26516752
6948.3 sec,0.75,0.75000065,-6.50E-07,54.40249375
6949 sec,0.75,0.750000503,-5.03E-07,54.30253171
6949.9 sec,0.75,0.750001277,-1.28E-06,54.82940585
6950.7 sec,0.75,0.750003629,-3.63E-06,56.42869404
6951.4 sec,0.75,0.750003165,-3.17E-06,56.11308717
6952 sec,0.75,0.750001064,-1.06E-06,54.68427498
6952.6 sec,0.75,0.75000047,-4.70E-07,54.28024342
6953.4 sec,0.75,0.75000071,-7.10E-07,54.44338125
6954.3 sec,0.75,0.750002416,-2.42E-06,55.60401288
6954.9 sec,0.75,0.750001106,-1.11E-06,54.7127085
6955.5 sec,0.75,0.750000506,-5.06E-07,54.30483703
6956.3 sec,0.75,0.750000724,-7.24E-07,54.45292632
6957.2 sec,0.75,0.750002264,-2.26E-06,55.50065913
6957.9 sec,0.75,0.750003905,-3.90E-06,56.61615166
6958.6 sec,0.75,0.750001918,-1.92E-06,55.26516752
6959.2 sec,0.75,0.75000065,-6.50E-07,54.40249375
6959.8 sec,0.75,0.750000503,-5.03E-07,54.30253171
6960.7 sec,0.75,0.750001277,-1.28E-06,54.82940585
6961.5 sec,0.75,0.750003629,-3.63E-06,56.42869404
6962.2 sec,0.75,0.750003165,-3.17E-06,56.11308717
6962.8 sec,0.75,0.750001064,-1.06E-06,54.68427498
6963.4 sec,0.75,0.75000047,-4.70E-07,54.28024342
6964.2 sec,0.75,0.75000071,-7.10E-07,54.44338125
6965.1 sec,0.75,0.750002416,-2.42E-06,55.60401288
6965.7 sec,0.75,0.750001106,-1.11E-06,54.7127085
6966.3 sec,0.75,0.750000506,-5.06E-07,54.30483703
6967.1 sec,0.75,0.750000724,-7.24E-07,54.45292632
6968 sec,0.75,0.750002264,-2.26E-06,55.50065913
6968.7 sec,0.75,0.750003905,-3.90E-06,56.61615166
6969.4 sec,0.75,0.750001918,-1.92E-06,55.26516752
6970 sec,0.75,0.75000065,-6.50E-07,54.40249375
6970.7 sec,0.75,0.750000503,-5.03E-07,54.30253171
6971.5 sec,0.75,0.750001277,-1.28E-06,54.82940585
6972.3 sec,0.75,0.750003629,-3.63E-06,56.42869404
6973 sec,0.75,0.750003165,-3.17E-06,56.11308717
6973.6 sec,0.75,0.750001064,-1.06E-06,54.68427498
6974.3 sec,0.75,0.75000047,-4.70E-07,54.28024342
6975 sec,0.75,0.75000071,-7.10E-07,54.44338125
6975.9 sec,0.75,0.750002416,-2.42E-06,55.60401288
6976.5 sec,0.75,0.750001106,-1.11E-06,54.7127085
6977.2 sec,0.75,0.750000506,-5.06E-07,54.30483703
6977.9 sec,0.75,0.750000724,-7.24E-07,54.45292632
6978.8 sec,0.75,0.750002264,-2.26E-06,55.50065913
6979.6 sec,0.75,0.750003905,-3.90E-06,56.61615166
6980.2 sec,0.75,0.750001918,-1.92E-06,55.26516752
6980.8 sec,0.75,0.75000065,-6.50E-07,54.40249375
6981.5 sec,0.75,0.750000503,-5.03E-07,54.30253171
6982.3 sec,0.75,0.750001277,-1.28E-06,54.82940585
6983.2 sec,0.75,0.750003629,-3.63E-06,56.42869404
6983.9 sec,0.75,0.750003165,-3.17E-06,56.11308717
6984.4 sec,0.75,0.750001064,-1.06E-06,54.68427498
6985.1 sec,0.75,0.75000047,-4.70E-07,54.28024342
6985.8 sec,0.75,0.75000071,-7.10E-07,54.44338125
6986.7 sec,0.75,0.750002416,-2.42E-06,55.60401288
6987.3 sec,0.75,0.750001106,-1.11E-06,54.7127085
6988 sec,0.75,0.750000506,-5.06E-07,54.30483703
6988.7 sec,0.75,0.750000724,-7.24E-07,54.45292632
6989.6 sec,0.75,0.750002264,-2.26E-06,55.50065913
6990.4 sec,0.75,0.750003905,-3.90E-06,56.61615166
6991 sec,0.75,0.750001918,-1.92E-06,55.26516752
6991.6 sec,0.75,0.75000065,-6.50E-07,54.40249375
6992.3 sec,0.75,0.750000503,-5.03E-07,54.30253171
6993.1 sec,0.75,0.750001277,-1.28E-06,54.82940585
6994 sec,0.75,0.750003629,-3.63E-06,56.42869404
6994.7 sec,0.75,0.750003165,-3.17E-06,56.11308717
6995.3 sec,0.75,0.750001064,-1.06E-06,54.68427498
6995.9 sec,0.75,0.75000047,-4.70E-07,54.28024342
6996.6 sec,0.75,0.75000071,-7.10E-07,54.44338125
6997.5 sec,0.75,0.750002416,-2.42E-06,55.60401288
6998.1 sec,0.75,0.750001106,-1.11E-06,54.7127085
6998.8 sec,0.75,0.750000506,-5.06E-07,54.30483703
6999.5 sec,0.75,0.750000724,-7.24E-07,54.45292632
7000.4 sec,0.75,0.750002264,-2.26E-06,55.50065913
7001.2 sec,0.75,0.750003905,-3.90E-06,56.61615166
7001.8 sec,0.75,0.750001918,-1.92E-06,55.26516752
7002.4 sec,0.75,0.75000065,-6.50E-07,54.40249375
7003.1 sec,0.75,0.750000503,-5.03E-07,54.30253171
7003.9 sec,0.75,0.750001277,-1.28E-06,54.82940585
7004.8 sec,0.75,0.750003629,-3.63E-06,56.42869404
7005.5 sec,0.75,0.750003165,-3.17E-06,56.11308717
7006.1 sec,0.75,0.750001064,-1.06E-06,54.68427498
7006.7 sec,0.75,0.75000047,-4.70E-07,54.28024342
7007.5 sec,0.75,0.75000071,-7.10E-07,54.44338125
7008.3 sec,0.75,0.750002416,-2.42E-06,55.60401288
7009 sec,0.75,0.750001106,-1.11E-06,54.7127085
7009.6 sec,0.75,0.750000506,-5.06E-07,54.30483703
7010.3 sec,0.75,0.750000724,-7.24E-07,54.45292632
7011.2 sec,0.75,0.750002264,-2.26E-06,55.50065913
7012 sec,0.75,0.750003905,-3.90E-06,56.61615166
7012.6 sec,0.75,0.750001918,-1.92E-06,55.26516752
7013.2 sec,0.75,0.75000065,-6.50E-07,54.40249375
7013.9 sec,0.75,0.750000503,-5.03E-07,54.30253171
7014.7 sec,0.75,0.750001277,-1.28E-06,54.82940585
7015.6 sec,0.75,0.750003629,-3.63E-06,56.42869404
7016.3 sec,0.75,0.750003165,-3.17E-06,56.11308717
7016.9 sec,0.75,0.750001064,-1.06E-06,54.68427498
7017.5 sec,0.75,0.75000047,-4.70E-07,54.28024342
7018.3 sec,0.75,0.75000071,-7.10E-07,54.44338125
7019.1 sec,0.75,0.750002416,-2.42E-06,55.60401288
7019.8 sec,0.75,0.750001106,-1.11E-06,54.7127085
7020.4 sec,0.75,0.750000506,-5.06E-07,54.30483703
7021.2 sec,0.75,0.750000724,-7.24E-07,54.45292632
7022 sec,0.75,0.750002264,-2.26E-06,55.50065913
7022.8 sec,0.75,0.750003905,-3.90E-06,56.61615166
7023.4 sec,0.75,0.750001918,-1.92E-06,55.26516752
7024 sec,0.75,0.75000065,-6.50E-07,54.40249375
7024.7 sec,0.75,0.750000503,-5.03E-07,54.30253171
7025.5 sec,0.75,0.750001277,-1.28E-06,54.82940585
7026.4 sec,0.75,0.750003629,-3.63E-06,56.42869404
7027.1 sec,0.75,0.750003165,-3.17E-06,56.11308717
7027.7 sec,0.75,0.750001064,-1.06E-06,54.68427498
7028.3 sec,0.75,0.75000047,-4.70E-07,54.28024342
7029.1 sec,0.75,0.75000071,-7.10E-07,54.44338125
7030 sec,0.75,0.750002416,-2.42E-06,55.60401288
7030.6 sec,0.75,0.750001106,-1.11E-06,54.7127085
7031.2 sec,0.75,0.750000506,-5.06E-07,54.30483703
7032 sec,0.75,0.750000724,-7.24E-07,54.45292632
7032.8 sec,0.75,0.750002264,-2.26E-06,55.50065913
7033.6 sec,0.75,0.750003905,-3.90E-06,56.61615166
7034.2 sec,0.75,0.750001918,-1.92E-06,55.26516752
7034.8 sec,0.75,0.75000065,-6.50E-07,54.40249375
7035.5 sec,0.75,0.750000503,-5.03E-07,54.30253171
7036.4 sec,0.75,0.750001277,-1.28E-06,54.82940585
7037.2 sec,0.75,0.750003629,-3.63E-06,56.42869404
7037.9 sec,0.75,0.750003165,-3.17E-06,56.11308717
7038.5 sec,0.75,0.750001064,-1.06E-06,54.68427498
7039.1 sec,0.75,0.75000047,-4.70E-07,54.28024342
7039.9 sec,0.75,0.75000071,-7.10E-07,54.44338125
7040.8 sec,0.75,0.750002416,-2.42E-06,55.60401288
7041.4 sec,0.75,0.750001106,-1.11E-06,54.7127085
7042 sec,0.75,0.750000506,-5.06E-07,54.30483703
7042.8 sec,0.75,0.750000724,-7.24E-07,54.45292632
7043.6 sec,0.75,0.750002264,-2.26E-06,55.50065913
7044.4 sec,0.75,0.750003905,-3.90E-06,56.61615166
7045.1 sec,0.75,0.750001918,-1.92E-06,55.26516752
7045.6 sec,0.75,0.75000065,-6.50E-07,54.40249375
7046.3 sec,0.75,0.750000503,-5.03E-07,54.30253171
7047.2 sec,0.75,0.750001277,-1.28E-06,54.82940585
7048 sec,0.75,0.750003629,-3.63E-06,56.42869404
7048.7 sec,0.75,0.750003165,-3.17E-06,56.11308717
7049.3 sec,0.75,0.750001064,-1.06E-06,54.68427498
7049.9 sec,0.75,0.75000047,-4.70E-07,54.28024342
7050.7 sec,0.75,0.75000071,-7.10E-07,54.44338125
7051.6 sec,0.75,0.750002416,-2.42E-06,55.60401288
7052.2 sec,0.75,0.750001106,-1.11E-06,54.7127085
7052.8 sec,0.75,0.750000506,-5.06E-07,54.30483703
7053.6 sec,0.75,0.750000724,-7.24E-07,54.45292632
7054.5 sec,0.75,0.750002264,-2.26E-06,55.50065913
7055.2 sec,0.75,0.750003905,-3.90E-06,56.61615166
7055.9 sec,0.75,0.750001918,-1.92E-06,55.26516752
7056.5 sec,0.75,0.75000065,-6.50E-07,54.40249375
7057.1 sec,0.75,0.750000503,-5.03E-07,54.30253171
7058 sec,0.75,0.750001277,-1.28E-06,54.82940585
7058.8 sec,0.75,0.750003629,-3.63E-06,56.42869404
7059.5 sec,0.75,0.750003165,-3.17E-06,56.11308717
7060.1 sec,0.75,0.750001064,-1.06E-06,54.68427498
7060.7 sec,0.75,0.75000047,-4.70E-07,54.28024342
7061.5 sec,0.75,0.75000071,-7.10E-07,54.44338125
7062.4 sec,0.75,0.750002416,-2.42E-06,55.60401288
7063 sec,0.75,0.750001106,-1.11E-06,54.7127085
7063.6 sec,0.75,0.750000506,-5.06E-07,54.30483703
7064.4 sec,0.75,0.750000724,-7.24E-07,54.45292632
7065.3 sec,0.75,0.750002264,-2.26E-06,55.50065913
7066 sec,0.75,0.750003905,-3.90E-06,56.61615166
7066.7 sec,0.75,0.750001918,-1.92E-06,55.26516752
7067.3 sec,0.75,0.75000065,-6.50E-07,54.40249375
7068 sec,0.75,0.750000503,-5.03E-07,54.30253171
7068.8 sec,0.75,0.750001277,-1.28E-06,54.82940585
7069.6 sec,0.75,0.750003629,-3.63E-06,56.42869404
7070.3 sec,0.75,0.750003165,-3.17E-06,56.11308717
7070.9 sec,0.75,0.750001064,-1.06E-06,54.68427498
7071.6 sec,0.75,0.75000047,-4.70E-07,54.28024342
7072.3 sec,0.75,0.75000071,-7.10E-07,54.44338125
7073.2 sec,0.75,0.750002416,-2.42E-06,55.60401288
7073.8 sec,0.75,0.750001106,-1.11E-06,54.7127085
7074.5 sec,0.75,0.750000506,-5.06E-07,54.30483703
7075.2 sec,0.75,0.750000724,-7.24E-07,54.45292632
7076.1 sec,0.75,0.750002264,-2.26E-06,55.50065913
7076.9 sec,0.75,0.750003905,-3.90E-06,56.61615166
7077.5 sec,0.75,0.750001918,-1.92E-06,55.26516752
7078.1 sec,0.75,0.75000065,-6.50E-07,54.40249375
7078.8 sec,0.75,0.750000503,-5.03E-07,54.30253171
7079.6 sec,0.75,0.750001277,-1.28E-06,54.82940585
7080.5 sec,0.75,0.750003629,-3.63E-06,56.42869404
7081.2 sec,0.75,0.750003165,-3.17E-06,56.11308717
7081.7 sec,0.75,0.750001064,-1.06E-06,54.68427498
7082.4 sec,0.75,0.75000047,-4.70E-07,54.28024342
7083.1 sec,0.75,0.75000071,-7.10E-07,54.44338125
7084 sec,0.75,0.750002416,-2.42E-06,55.60401288
7084.6 sec,0.75,0.750001106,-1.11E-06,54.7127085
7085.3 sec,0.75,0.750000506,-5.06E-07,54.30483703
7086 sec,0.75,0.750000724,-7.24E-07,54.45292632
7086.9 sec,0.75,0.750002264,-2.26E-06,55.50065913
7087.7 sec,0.75,0.750003905,-3.90E-06,56.61615166
7088.3 sec,0.75,0.750001918,-1.92E-06,55.26516752
7088.9 sec,0.75,0.75000065,-6.50E-07,54.40249375
7089.6 sec,0.75,0.750000503,-5.03E-07,54.30253171
7090.4 sec,0.75,0.750001277,-1.28E-06,54.82940585
7091.3 sec,0.75,0.750003629,-3.63E-06,56.42869404
7092 sec,0.75,0.750003165,-3.17E-06,56.11308717
7092.6 sec,0.75,0.750001064,-1.06E-06,54.68427498
7093.2 sec,0.75,0.75000047,-4.70E-07,54.28024342
7093.9 sec,0.75,0.75000071,-7.10E-07,54.44338125
7094.8 sec,0.75,0.750002416,-2.42E-06,55.60401288
7095.4 sec,0.75,0.750001106,-1.11E-06,54.7127085
7096.1 sec,0.75,0.750000506,-5.06E-07,54.30483703
7096.8 sec,0.75,0.750000724,-7.24E-07,54.45292632
7097.7 sec,0.75,0.750002264,-2.26E-06,55.50065913
7098.5 sec,0.75,0.750003905,-3.90E-06,56.61615166
7099.1 sec,0.75,0.750001918,-1.92E-06,55.26516752
7099.7 sec,0.75,0.75000065,-6.50E-07,54.40249375
7100.4 sec,0.75,0.750000503,-5.03E-07,54.30253171
7101.2 sec,0.75,0.750001277,-1.28E-06,54.82940585
7102.1 sec,0.75,0.750003629,-3.63E-06,56.42869404
7102.8 sec,0.75,0.750003165,-3.17E-06,56.11308717
7103.4 sec,0.75,0.750001064,-1.06E-06,54.68427498
7104 sec,0.75,0.75000047,-4.70E-07,54.28024342
7104.8 sec,0.75,0.75000071,-7.10E-07,54.44338125
7105.6 sec,0.75,0.750002416,-2.42E-06,55.60401288
7106.3 sec,0.75,0.750001106,-1.11E-06,54.7127085
7106.9 sec,0.75,0.750000506,-5.06E-07,54.30483703
7107.6 sec,0.75,0.750000724,-7.24E-07,54.45292632
7108.5 sec,0.75,0.750002264,-2.26E-06,55.50065913
7109.3 sec,0.75,0.750003905,-3.90E-06,56.61615166
7109.9 sec,0.75,0.750001918,-1.92E-06,55.26516752
7110.5 sec,0.75,0.75000065,-6.50E-07,54.40249375
7111.2 sec,0.75,0.750000503,-5.03E-07,54.30253171
7112 sec,0.75,0.750001277,-1.28E-06,54.82940585
7112.9 sec,0.75,0.750003629,-3.63E-06,56.42869404
7113.6 sec,0.75,0.750003165,-3.17E-06,56.11308717
7114.2 sec,0.75,0.750001064,-1.06E-06,54.68427498
7114.8 sec,0.75,0.75000047,-4.70E-07,54.28024342
7115.6 sec,0.75,0.75000071,-7.10E-07,54.44338125
7116.4 sec,0.75,0.750002416,-2.42E-06,55.60401288
7117.1 sec,0.75,0.750001106,-1.11E-06,54.7127085
7117.7 sec,0.75,0.750000506,-5.06E-07,54.30483703
7118.5 sec,0.75,0.750000724,-7.24E-07,54.45292632
7119.3 sec,0.75,0.750002264,-2.26E-06,55.50065913
7120.1 sec,0.75,0.750003905,-3.90E-06,56.61615166
7120.7 sec,0.75,0.750001918,-1.92E-06,55.26516752
7121.3 sec,0.75,0.75000065,-6.50E-07,54.40249375
7122 sec,0.75,0.750000503,-5.03E-07,54.30253171
7122.8 sec,0.75,0.750001277,-1.28E-06,54.82940585
7123.7 sec,0.75,0.750003629,-3.63E-06,56.42869404
7124.4 sec,0.75,0.750003165,-3.17E-06,56.11308717
7125 sec,0.75,0.750001064,-1.06E-06,54.68427498
7125.6 sec,0.75,0.75000047,-4.70E-07,54.28024342
7126.4 sec,0.75,0.75000071,-7.10E-07,54.44338125
7127.3 sec,0.75,0.750002416,-2.42E-06,55.60401288
7127.9 sec,0.75,0.750001106,-1.11E-06,54.7127085
7128.5 sec,0.75,0.750000506,-5.06E-07,54.30483703
7129.3 sec,0.75,0.750000724,-7.24E-07,54.45292632
7130.1 sec,0.75,0.750002264,-2.26E-06,55.50065913
7130.9 sec,0.75,0.750003905,-3.90E-06,56.61615166
7131.5 sec,0.75,0.750001918,-1.92E-06,55.26516752
7132.1 sec,0.75,0.75000065,-6.50E-07,54.40249375
7132.8 sec,0.75,0.750000503,-5.03E-07,54.30253171
7133.7 sec,0.75,0.750001277,-1.28E-06,54.82940585
7134.5 sec,0.75,0.750003629,-3.63E-06,56.42869404
7135.2 sec,0.75,0.750003165,-3.17E-06,56.11308717
7135.8 sec,0.75,0.750001064,-1.06E-06,54.68427498
7136.4 sec,0.75,0.75000047,-4.70E-07,54.28024342
7137.2 sec,0.75,0.75000071,-7.10E-07,54.44338125
7138.1 sec,0.75,0.750002416,-2.42E-06,55.60401288
7138.7 sec,0.75,0.750001106,-1.11E-06,54.7127085
7139.3 sec,0.75,0.750000506,-5.06E-07,54.30483703
7140.1 sec,0.75,0.750000724,-7.24E-07,54.45292632
7140.9 sec,0.75,0.750002264,-2.26E-06,55.50065913
7141.7 sec,0.75,0.750003905,-3.90E-06,56.61615166
7142.4 sec,0.75,0.750001918,-1.92E-06,55.26516752
7142.9 sec,0.75,0.75000065,-6.50E-07,54.40249375
7143.6 sec,0.75,0.750000503,-5.03E-07,54.30253171
7144.5 sec,0.75,0.750001277,-1.28E-06,54.82940585
7145.3 sec,0.75,0.750003629,-3.63E-06,56.42869404
7146 sec,0.75,0.750003165,-3.17E-06,56.11308717
7146.6 sec,0.75,0.750001064,-1.06E-06,54.68427498
7147.2 sec,0.75,0.75000047,-4.70E-07,54.28024342
7148 sec,0.75,0.75000071,-7.10E-07,54.44338125
7148.9 sec,0.75,0.750002416,-2.42E-06,55.60401288
7149.5 sec,0.75,0.750001106,-1.11E-06,54.7127085
7150.1 sec,0.75,0.750000506,-5.06E-07,54.30483703
7150.9 sec,0.75,0.750000724,-7.24E-07,54.45292632
7151.8 sec,0.75,0.750002264,-2.26E-06,55.50065913
7152.5 sec,0.75,0.750003905,-3.90E-06,56.61615166
7153.2 sec,0.75,0.750001918,-1.92E-06,55.26516752
7153.8 sec,0.75,0.75000065,-6.50E-07,54.40249375
7154.4 sec,0.75,0.750000503,-5.03E-07,54.30253171
7155.3 sec,0.75,0.750001277,-1.28E-06,54.82940585
7156.1 sec,0.75,0.750003629,-3.63E-06,56.42869404
7156.8 sec,0.75,0.750003165,-3.17E-06,56.11308717
7157.4 sec,0.75,0.750001064,-1.06E-06,54.68427498
7158 sec,0.75,0.75000047,-4.70E-07,54.28024342
7158.8 sec,0.75,0.75000071,-7.10E-07,54.44338125
7159.7 sec,0.75,0.750002416,-2.42E-06,55.60401288
7160.3 sec,0.75,0.750001106,-1.11E-06,54.7127085
7160.9 sec,0.75,0.750000506,-5.06E-07,54.30483703
7161.7 sec,0.75,0.750000724,-7.24E-07,54.45292632
7162.6 sec,0.75,0.750002264,-2.26E-06,55.50065913
7163.3 sec,0.75,0.750003905,-3.90E-06,56.61615166
7164 sec,0.75,0.750001918,-1.92E-06,55.26516752
7164.6 sec,0.75,0.75000065,-6.50E-07,54.40249375
7165.3 sec,0.75,0.750000503,-5.03E-07,54.30253171
7166.1 sec,0.75,0.750001277,-1.28E-06,54.82940585
7166.9 sec,0.75,0.750003629,-3.63E-06,56.42869404
7167.6 sec,0.75,0.750003165,-3.17E-06,56.11308717
7168.2 sec,0.75,0.750001064,-1.06E-06,54.68427498
7168.9 sec,0.75,0.75000047,-4.70E-07,54.28024342
7169.6 sec,0.75,0.75000071,-7.10E-07,54.44338125
7170.5 sec,0.75,0.750002416,-2.42E-06,55.60401288
7171.1 sec,0.75,0.750001106,-1.11E-06,54.7127085
7171.8 sec,0.75,0.750000506,-5.06E-07,54.30483703
7172.5 sec,0.75,0.750000724,-7.24E-07,54.45292632
7173.4 sec,0.75,0.750002264,-2.26E-06,55.50065913
7174.2 sec,0.75,0.750003905,-3.90E-06,56.61615166
7174.8 sec,0.75,0.750001918,-1.92E-06,55.26516752
7175.4 sec,0.75,0.75000065,-6.50E-07,54.40249375
7176.1 sec,0.75,0.750000503,-5.03E-07,54.30253171
7176.9 sec,0.75,0.750001277,-1.28E-06,54.82940585
7177.8 sec,0.75,0.750003629,-3.63E-06,56.42869404
7178.5 sec,0.75,0.750003165,-3.17E-06,56.11308717
7179 sec,0.75,0.750001064,-1.06E-06,54.68427498
7179.7 sec,0.75,0.75000047,-4.70E-07,54.28024342
7180.4 sec,0.75,0.75000071,-7.10E-07,54.44338125
7181.3 sec,0.75,0.750002416,-2.42E-06,55.60401288
7181.9 sec,0.75,0.750001106,-1.11E-06,54.7127085
7182.6 sec,0.75,0.750000506,-5.06E-07,54.30483703
7183.3 sec,0.75,0.750000724,-7.24E-07,54.45292632
7184.2 sec,0.75,0.750002264,-2.26E-06,55.50065913
7185 sec,0.75,0.750003905,-3.90E-06,56.61615166
7185.6 sec,0.75,0.750001918,-1.92E-06,55.26516752
7186.2 sec,0.75,0.75000065,-6.50E-07,54.40249375
7186.9 sec,0.75,0.750000503,-5.03E-07,54.30253171
7187.7 sec,0.75,0.750001277,-1.28E-06,54.82940585
7188.6 sec,0.75,0.750003629,-3.63E-06,56.42869404
7189.3 sec,0.75,0.750003165,-3.17E-06,56.11308717
7189.9 sec,0.75,0.750001064,-1.06E-06,54.68427498
7190.5 sec,0.75,0.75000047,-4.70E-07,54.28024342
7191.2 sec,0.75,0.75000071,-7.10E-07,54.44338125
7192.1 sec,0.75,0.750002416,-2.42E-06,55.60401288
7192.7 sec,0.75,0.750001106,-1.11E-06,54.7127085
7193.4 sec,0.75,0.750000506,-5.06E-07,54.30483703
7194.1 sec,0.75,0.750000724,-7.24E-07,54.45292632
7195 sec,0.75,0.750002264,-2.26E-06,55.50065913
7195.8 sec,0.75,0.750003905,-3.90E-06,56.61615166
7196.4 sec,0.75,0.750001918,-1.92E-06,55.26516752
7197 sec,0.75,0.75000065,-6.50E-07,54.40249375
7197.7 sec,0.75,0.750000503,-5.03E-07,54.30253171
7198.5 sec,0.75,0.750001277,-1.28E-06,54.82940585
7199.4 sec,0.75,0.750003629,-3.63E-06,56.42869404
7200.1 sec,0.75,0.750003165,-3.17E-06,56.11308717
7200.7 sec,0.75,0.750001064,-1.06E-06,54.68427498
7201.3 sec,0.75,0.75000047,-4.70E-07,54.28024342
7202.1 sec,0.75,0.75000071,-7.10E-07,54.44338125
7202.9 sec,0.75,0.750002416,-2.42E-06,55.60401288
7203.6 sec,0.75,0.750001106,-1.11E-06,54.7127085
7204.2 sec,0.75,0.750000506,-5.06E-07,54.30483703
7204.9 sec,0.75,0.750000724,-7.24E-07,54.45292632
7205.8 sec,0.75,0.750002264,-2.26E-06,55.50065913
7206.6 sec,0.75,0.750003905,-3.90E-06,56.61615166
7207.2 sec,0.75,0.750001918,-1.92E-06,55.26516752
7207.8 sec,0.75,0.75000065,-6.50E-07,54.40249375
7208.5 sec,0.75,0.750000503,-5.03E-07,54.30253171
7209.3 sec,0.75,0.750001277,-1.28E-06,54.82940585
7210.2 sec,0.75,0.750003629,-3.63E-06,56.42869404
7210.9 sec,0.75,0.750003165,-3.17E-06,56.11308717
7211.5 sec,0.75,0.750001064,-1.06E-06,54.68427498
7212.1 sec,0.75,0.75000047,-4.70E-07,54.28024342
7212.9 sec,0.75,0.75000071,-7.10E-07,54.44338125
7213.7 sec,0.75,0.750002416,-2.42E-06,55.60401288
7214.4 sec,0.75,0.750001106,-1.11E-06,54.7127085
7215 sec,0.75,0.750000506,-5.06E-07,54.30483703
7215.8 sec,0.75,0.750000724,-7.24E-07,54.45292632
7216.6 sec,0.75,0.750002264,-2.26E-06,55.50065913
7217.4 sec,0.75,0.750003905,-3.90E-06,56.61615166
7218 sec,0.75,0.750001918,-1.92E-06,55.26516752
7218.6 sec,0.75,0.75000065,-6.50E-07,54.40249375
7219.3 sec,0.75,0.750000503,-5.03E-07,54.30253171
7220.1 sec,0.75,0.750001277,-1.28E-06,54.82940585
7221 sec,0.75,0.750003629,-3.63E-06,56.42869404
7221.7 sec,0.75,0.750003165,-3.17E-06,56.11308717
7222.3 sec,0.75,0.750001064,-1.06E-06,54.68427498
7222.9 sec,0.75,0.75000047,-4.70E-07,54.28024342
7223.7 sec,0.75,0.75000071,-7.10E-07,54.44338125
7224.6 sec,0.75,0.750002416,-2.42E-06,55.60401288
7225.2 sec,0.75,0.750001106,-1.11E-06,54.7127085
7225.8 sec,0.75,0.750000506,-5.06E-07,54.30483703
7226.6 sec,0.75,0.750000724,-7.24E-07,54.45292632
7227.4 sec,0.75,0.750002264,-2.26E-06,55.50065913
7228.2 sec,0.75,0.750003905,-3.90E-06,56.61615166
7228.8 sec,0.75,0.750001918,-1.92E-06,55.26516752
7229.4 sec,0.75,0.75000065,-6.50E-07,54.40249375
7230.1 sec,0.75,0.750000503,-5.03E-07,54.30253171
7231 sec,0.75,0.750001277,-1.28E-06,54.82940585
7231.8 sec,0.75,0.750003629,-3.63E-06,56.42869404
7232.5 sec,0.75,0.750003165,-3.17E-06,56.11308717
7233.1 sec,0.75,0.750001064,-1.06E-06,54.68427498
7233.7 sec,0.75,0.75000047,-4.70E-07,54.28024342
7234.5 sec,0.75,0.75000071,-7.10E-07,54.44338125
7235.4 sec,0.75,0.750002416,-2.42E-06,55.60401288
7236 sec,0.75,0.750001106,-1.11E-06,54.7127085
7236.6 sec,0.75,0.750000506,-5.06E-07,54.30483703
7237.4 sec,0.75,0.750000724,-7.24E-07,54.45292632
7238.2 sec,0.75,0.750002264,-2.26E-06,55.50065913
7239 sec,0.75,0.750003905,-3.90E-06,56.61615166
7239.7 sec,0.75,0.750001918,-1.92E-06,55.26516752
7240.2 sec,0.75,0.75000065,-6.50E-07,54.40249375
7240.9 sec,0.75,0.750000503,-5.03E-07,54.30253171
7241.8 sec,0.75,0.750001277,-1.28E-06,54.82940585
7242.6 sec,0.75,0.750003629,-3.63E-06,56.42869404
7243.3 sec,0.75,0.750003165,-3.17E-06,56.11308717
7243.9 sec,0.75,0.750001064,-1.06E-06,54.68427498
7244.5 sec,0.75,0.75000047,-4.70E-07,54.28024342
7245.3 sec,0.75,0.75000071,-7.10E-07,54.44338125
7246.2 sec,0.75,0.750002416,-2.42E-06,55.60401288
7246.8 sec,0.75,0.750001106,-1.11E-06,54.7127085
7247.4 sec,0.75,0.750000506,-5.06E-07,54.30483703
7248.2 sec,0.75,0.750000724,-7.24E-07,54.45292632
7249.1 sec,0.75,0.750002264,-2.26E-06,55.50065913
7249.8 sec,0.75,0.750003905,-3.90E-06,56.61615166
7250.5 sec,0.75,0.750001918,-1.92E-06,55.26516752
7251.1 sec,0.75,0.75000065,-6.50E-07,54.40249375
7251.7 sec,0.75,0.750000503,-5.03E-07,54.30253171
7252.6 sec,0.75,0.750001277,-1.28E-06,54.82940585
7253.4 sec,0.75,0.750003629,-3.63E-06,56.42869404
7254.1 sec,0.75,0.750003165,-3.17E-06,56.11308717
7254.7 sec,0.75,0.750001064,-1.06E-06,54.68427498
7255.3 sec,0.75,0.75000047,-4.70E-07,54.28024342
7256.1 sec,0.75,0.75000071,-7.10E-07,54.44338125
7257 sec,0.75,0.750002416,-2.42E-06,55.60401288
7257.6 sec,0.75,0.750001106,-1.11E-06,54.7127085
7258.2 sec,0.75,0.750000506,-5.06E-07,54.30483703
7259 sec,0.75,0.750000724,-7.24E-07,54.45292632
7259.9 sec,0.75,0.750002264,-2.26E-06,55.50065913
7260.6 sec,0.75,0.750003905,-3.90E-06,56.61615166
7261.3 sec,0.75,0.750001918,-1.92E-06,55.26516752
7261.9 sec,0.75,0.75000065,-6.50E-07,54.40249375
7262.6 sec,0.75,0.750000503,-5.03E-07,54.30253171
7263.4 sec,0.75,0.750001277,-1.28E-06,54.82940585
7264.2 sec,0.75,0.750003629,-3.63E-06,56.42869404
7264.9 sec,0.75,0.750003165,-3.17E-06,56.11308717
7265.5 sec,0.75,0.750001064,-1.06E-06,54.68427498
7266.2 sec,0.75,0.75000047,-4.70E-07,54.28024342
7266.9 sec,0.75,0.75000071,-7.10E-07,54.44338125
7267.8 sec,0.75,0.750002416,-2.42E-06,55.60401288
7268.4 sec,0.75,0.750001106,-1.11E-06,54.7127085
7269.1 sec,0.75,0.750000506,-5.06E-07,54.30483703
7269.8 sec,0.75,0.750000724,-7.24E-07,54.45292632
7270.7 sec,0.75,0.750002264,-2.26E-06,55.50065913
7271.5 sec,0.75,0.750003905,-3.90E-06,56.61615166
7272.1 sec,0.75,0.750001918,-1.92E-06,55.26516752
7272.7 sec,0.75,0.75000065,-6.50E-07,54.40249375
7273.4 sec,0.75,0.750000503,-5.03E-07,54.30253171
7274.2 sec,0.75,0.750001277,-1.28E-06,54.82940585
7275.1 sec,0.75,0.750003629,-3.63E-06,56.42869404
7275.8 sec,0.75,0.750003165,-3.17E-06,56.11308717
7276.3 sec,0.75,0.750001064,-1.06E-06,54.68427498
7277 sec,0.75,0.75000047,-4.70E-07,54.28024342
7277.7 sec,0.75,0.75000071,-7.10E-07,54.44338125
7278.6 sec,0.75,0.750002416,-2.42E-06,55.60401288
7279.2 sec,0.75,0.750001106,-1.11E-06,54.7127085
7279.9 sec,0.75,0.750000506,-5.06E-07,54.30483703
7280.6 sec,0.75,0.750000724,-7.24E-07,54.45292632
7281.5 sec,0.75,0.750002264,-2.26E-06,55.50065913
7282.3 sec,0.75,0.750003905,-3.90E-06,56.61615166
7282.9 sec,0.75,0.750001918,-1.92E-06,55.26516752
7283.5 sec,0.75,0.75000065,-6.50E-07,54.40249375
7284.2 sec,0.75,0.750000503,-5.03E-07,54.30253171
7285 sec,0.75,0.750001277,-1.28E-06,54.82940585
7285.9 sec,0.75,0.750003629,-3.63E-06,56.42869404
7286.6 sec,0.75,0.750003165,-3.17E-06,56.11308717
7287.2 sec,0.75,0.750001064,-1.06E-06,54.68427498
7287.8 sec,0.75,0.75000047,-4.70E-07,54.28024342
7288.5 sec,0.75,0.75000071,-7.10E-07,54.44338125
7289.4 sec,0.75,0.750002416,-2.42E-06,55.60401288
7290 sec,0.75,0.750001106,-1.11E-06,54.7127085
7290.7 sec,0.75,0.750000506,-5.06E-07,54.30483703
7291.4 sec,0.75,0.750000724,-7.24E-07,54.45292632
7292.3 sec,0.75,0.750002264,-2.26E-06,55.50065913
7293.1 sec,0.75,0.750003905,-3.90E-06,56.61615166
7293.7 sec,0.75,0.750001918,-1.92E-06,55.26516752
7294.3 sec,0.75,0.75000065,-6.50E-07,54.40249375
7295 sec,0.75,0.750000503,-5.03E-07,54.30253171
7295.8 sec,0.75,0.750001277,-1.28E-06,54.82940585
7296.7 sec,0.75,0.750003629,-3.63E-06,56.42869404
7297.4 sec,0.75,0.750003165,-3.17E-06,56.11308717
7298 sec,0.75,0.750001064,-1.06E-06,54.68427498
7298.6 sec,0.75,0.75000047,-4.70E-07,54.28024342
7299.4 sec,0.75,0.75000071,-7.10E-07,54.44338125
7300.2 sec,0.75,0.750002416,-2.42E-06,55.60401288
7300.9 sec,0.75,0.750001106,-1.11E-06,54.7127085
7301.5 sec,0.75,0.750000506,-5.06E-07,54.30483703
7302.2 sec,0.75,0.750000724,-7.24E-07,54.45292632
7303.1 sec,0.75,0.750002264,-2.26E-06,55.50065913
7303.9 sec,0.75,0.750003905,-3.90E-06,56.61615166
7304.5 sec,0.75,0.750001918,-1.92E-06,55.26516752
7305.1 sec,0.75,0.75000065,-6.50E-07,54.40249375
7305.8 sec,0.75,0.750000503,-5.03E-07,54.30253171
7306.6 sec,0.75,0.750001277,-1.28E-06,54.82940585
7307.5 sec,0.75,0.750003629,-3.63E-06,56.42869404
7308.2 sec,0.75,0.750003165,-3.17E-06,56.11308717
7308.8 sec,0.75,0.750001064,-1.06E-06,54.68427498
7309.4 sec,0.75,0.75000047,-4.70E-07,54.28024342
7310.2 sec,0.75,0.75000071,-7.10E-07,54.44338125
7311 sec,0.75,0.750002416,-2.42E-06,55.60401288
7311.7 sec,0.75,0.750001106,-1.11E-06,54.7127085
7312.3 sec,0.75,0.750000506,-5.06E-07,54.30483703
7313.1 sec,0.75,0.750000724,-7.24E-07,54.45292632
7313.9 sec,0.75,0.750002264,-2.26E-06,55.50065913
7314.7 sec,0.75,0.750003905,-3.90E-06,56.61615166
7315.3 sec,0.75,0.750001918,-1.92E-06,55.26516752
7315.9 sec,0.75,0.75000065,-6.50E-07,54.40249375
7316.6 sec,0.75,0.750000503,-5.03E-07,54.30253171
7317.4 sec,0.75,0.750001277,-1.28E-06,54.82940585
7318.3 sec,0.75,0.750003629,-3.63E-06,56.42869404
7319 sec,0.75,0.750003165,-3.17E-06,56.11308717
7319.6 sec,0.75,0.750001064,-1.06E-06,54.68427498
7320.2 sec,0.75,0.75000047,-4.70E-07,54.28024342
7321 sec,0.75,0.75000071,-7.10E-07,54.44338125
7321.9 sec,0.75,0.750002416,-2.42E-06,55.60401288
7322.5 sec,0.75,0.750001106,-1.11E-06,54.7127085
7323.1 sec,0.75,0.750000506,-5.06E-07,54.30483703
7323.9 sec,0.75,0.750000724,-7.24E-07,54.45292632
7324.7 sec,0.75,0.750002264,-2.26E-06,55.50065913
7325.5 sec,0.75,0.750003905,-3.90E-06,56.61615166
7326.1 sec,0.75,0.750001918,-1.92E-06,55.26516752
7326.7 sec,0.75,0.75000065,-6.50E-07,54.40249375
7327.4 sec,0.75,0.750000503,-5.03E-07,54.30253171
7328.3 sec,0.75,0.750001277,-1.28E-06,54.82940585
7329.1 sec,0.75,0.750003629,-3.63E-06,56.42869404
7329.8 sec,0.75,0.750003165,-3.17E-06,56.11308717
7330.4 sec,0.75,0.750001064,-1.06E-06,54.68427498
7331 sec,0.75,0.75000047,-4.70E-07,54.28024342
7331.8 sec,0.75,0.75000071,-7.10E-07,54.44338125
7332.7 sec,0.75,0.750002416,-2.42E-06,55.60401288
7333.3 sec,0.75,0.750001106,-1.11E-06,54.7127085
7333.9 sec,0.75,0.750000506,-5.06E-07,54.30483703
7334.7 sec,0.75,0.750000724,-7.24E-07,54.45292632
7335.5 sec,0.75,0.750002264,-2.26E-06,55.50065913
7336.3 sec,0.75,0.750003905,-3.90E-06,56.61615166
7337 sec,0.75,0.750001918,-1.92E-06,55.26516752
7337.5 sec,0.75,0.75000065,-6.50E-07,54.40249375
7338.2 sec,0.75,0.750000503,-5.03E-07,54.30253171
7339.1 sec,0.75,0.750001277,-1.28E-06,54.82940585
7339.9 sec,0.75,0.750003629,-3.63E-06,56.42869404
7340.6 sec,0.75,0.750003165,-3.17E-06,56.11308717
7341.2 sec,0.75,0.750001064,-1.06E-06,54.68427498
7341.8 sec,0.75,0.75000047,-4.70E-07,54.28024342
7342.6 sec,0.75,0.75000071,-7.10E-07,54.44338125
7343.5 sec,0.75,0.750002416,-2.42E-06,55.60401288
7344.1 sec,0.75,0.750001106,-1.11E-06,54.7127085
7344.7 sec,0.75,0.750000506,-5.06E-07,54.30483703
7345.5 sec,0.75,0.750000724,-7.24E-07,54.45292632
7346.4 sec,0.75,0.750002264,-2.26E-06,55.50065913
7347.1 sec,0.75,0.750003905,-3.90E-06,56.61615166
7347.8 sec,0.75,0.750001918,-1.92E-06,55.26516752
7348.4 sec,0.75,0.75000065,-6.50E-07,54.40249375
7349 sec,0.75,0.750000503,-5.03E-07,54.30253171
7349.9 sec,0.75,0.750001277,-1.28E-06,54.82940585
7350.7 sec,0.75,0.750003629,-3.63E-06,56.42869404
7351.4 sec,0.75,0.750003165,-3.17E-06,56.11308717
7352 sec,0.75,0.750001064,-1.06E-06,54.68427498
7352.6 sec,0.75,0.75000047,-4.70E-07,54.28024342
7353.4 sec,0.75,0.75000071,-7.10E-07,54.44338125
7354.3 sec,0.75,0.750002416,-2.42E-06,55.60401288
7354.9 sec,0.75,0.750001106,-1.11E-06,54.7127085
7355.5 sec,0.75,0.750000506,-5.06E-07,54.30483703
7356.3 sec,0.75,0.750000724,-7.24E-07,54.45292632
7357.2 sec,0.75,0.750002264,-2.26E-06,55.50065913
7357.9 sec,0.75,0.750003905,-3.90E-06,56.61615166
7358.6 sec,0.75,0.750001918,-1.92E-06,55.26516752
7359.2 sec,0.75,0.75000065,-6.50E-07,54.40249375
7359.9 sec,0.75,0.750000503,-5.03E-07,54.30253171
7360.7 sec,0.75,0.750001277,-1.28E-06,54.82940585
7361.5 sec,0.75,0.750003629,-3.63E-06,56.42869404
7362.2 sec,0.75,0.750003165,-3.17E-06,56.11308717
7362.8 sec,0.75,0.750001064,-1.06E-06,54.68427498
7363.5 sec,0.75,0.75000047,-4.70E-07,54.28024342
7364.2 sec,0.75,0.75000071,-7.10E-07,54.44338125
7365.1 sec,0.75,0.750002416,-2.42E-06,55.60401288
7365.7 sec,0.75,0.750001106,-1.11E-06,54.7127085
7366.4 sec,0.75,0.750000506,-5.06E-07,54.30483703
7367.1 sec,0.75,0.750000724,-7.24E-07,54.45292632
7368 sec,0.75,0.750002264,-2.26E-06,55.50065913
7368.8 sec,0.75,0.750003905,-3.90E-06,56.61615166
7369.4 sec,0.75,0.750001918,-1.92E-06,55.26516752
7370 sec,0.75,0.75000065,-6.50E-07,54.40249375
7370.7 sec,0.75,0.750000503,-5.03E-07,54.30253171
7371.5 sec,0.75,0.750001277,-1.28E-06,54.82940585
7372.4 sec,0.75,0.750003629,-3.63E-06,56.42869404
7373.1 sec,0.75,0.750003165,-3.17E-06,56.11308717
7373.6 sec,0.75,0.750001064,-1.06E-06,54.68427498
7374.3 sec,0.75,0.75000047,-4.70E-07,54.28024342
7375 sec,0.75,0.75000071,-7.10E-07,54.44338125
7375.9 sec,0.75,0.750002416,-2.42E-06,55.60401288
7376.5 sec,0.75,0.750001106,-1.11E-06,54.7127085
7377.2 sec,0.75,0.750000506,-5.06E-07,54.30483703
7377.9 sec,0.75,0.750000724,-7.24E-07,54.45292632
7378.8 sec,0.75,0.750002264,-2.26E-06,55.50065913
7379.6 sec,0.75,0.750003905,-3.90E-06,56.61615166
7380.2 sec,0.75,0.750001918,-1.92E-06,55.26516752
7380.8 sec,0.75,0.75000065,-6.50E-07,54.40249375
7381.5 sec,0.75,0.750000503,-5.03E-07,54.30253171
7382.3 sec,0.75,0.750001277,-1.28E-06,54.82940585
7383.2 sec,0.75,0.750003629,-3.63E-06,56.42869404
7383.9 sec,0.75,0.750003165,-3.17E-06,56.11308717
7384.5 sec,0.75,0.750001064,-1.06E-06,54.68427498
7385.1 sec,0.75,0.75000047,-4.70E-07,54.28024342
7385.8 sec,0.75,0.75000071,-7.10E-07,54.44338125
7386.7 sec,0.75,0.750002416,-2.42E-06,55.60401288
7387.3 sec,0.75,0.750001106,-1.11E-06,54.7127085
7388 sec,0.75,0.750000506,-5.06E-07,54.30483703
7388.7 sec,0.75,0.750000724,-7.24E-07,54.45292632
7389.6 sec,0.75,0.750002264,-2.26E-06,55.50065913
7390.4 sec,0.75,0.750003905,-3.90E-06,56.61615166
7391 sec,0.75,0.750001918,-1.92E-06,55.26516752
7391.6 sec,0.75,0.75000065,-6.50E-07,54.40249375
7392.3 sec,0.75,0.750000503,-5.03E-07,54.30253171
7393.1 sec,0.75,0.750001277,-1.28E-06,54.82940585
7394 sec,0.75,0.750003629,-3.63E-06,56.42869404
7394.7 sec,0.75,0.750003165,-3.17E-06,56.11308717
7395.3 sec,0.75,0.750001064,-1.06E-06,54.68427498
7395.9 sec,0.75,0.75000047,-4.70E-07,54.28024342
7396.7 sec,0.75,0.75000071,-7.10E-07,54.44338125
7397.5 sec,0.75,0.750002416,-2.42E-06,55.60401288
7398.2 sec,0.75,0.750001106,-1.11E-06,54.7127085
7398.8 sec,0.75,0.750000506,-5.06E-07,54.30483703
7399.5 sec,0.75,0.750000724,-7.24E-07,54.45292632
7400.4 sec,0.75,0.750002264,-2.26E-06,55.50065913
7401.2 sec,0.75,0.750003905,-3.90E-06,56.61615166
7401.8 sec,0.75,0.750001918,-1.92E-06,55.26516752
7402.4 sec,0.75,0.75000065,-6.50E-07,54.40249375
7403.1 sec,0.75,0.750000503,-5.03E-07,54.30253171
7403.9 sec,0.75,0.750001277,-1.28E-06,54.82940585
7404.8 sec,0.75,0.750003629,-3.63E-06,56.42869404
7405.5 sec,0.75,0.750003165,-3.17E-06,56.11308717
7406.1 sec,0.75,0.750001064,-1.06E-06,54.68427498
7406.7 sec,0.75,0.75000047,-4.70E-07,54.28024342
7407.5 sec,0.75,0.75000071,-7.10E-07,54.44338125
7408.3 sec,0.75,0.750002416,-2.42E-06,55.60401288
7409 sec,0.75,0.750001106,-1.11E-06,54.7127085
7409.6 sec,0.75,0.750000506,-5.06E-07,54.30483703
7410.4 sec,0.75,0.750000724,-7.24E-07,54.45292632
7411.2 sec,0.75,0.750002264,-2.26E-06,55.50065913
7412 sec,0.75,0.750003905,-3.90E-06,56.61615166
7412.6 sec,0.75,0.750001918,-1.92E-06,55.26516752
7413.2 sec,0.75,0.75000065,-6.50E-07,54.40249375
7413.9 sec,0.75,0.750000503,-5.03E-07,54.30253171
7414.7 sec,0.75,0.750001277,-1.28E-06,54.82940585
7415.6 sec,0.75,0.750003629,-3.63E-06,56.42869404
7416.3 sec,0.75,0.750003165,-3.17E-06,56.11308717
7416.9 sec,0.75,0.750001064,-1.06E-06,54.68427498
7417.5 sec,0.75,0.75000047,-4.70E-07,54.28024342
7418.3 sec,0.75,0.75000071,-7.10E-07,54.44338125
7419.2 sec,0.75,0.750002416,-2.42E-06,55.60401288
7419.8 sec,0.75,0.750001106,-1.11E-06,54.7127085
7420.4 sec,0.75,0.750000506,-5.06E-07,54.30483703
7421.2 sec,0.75,0.750000724,-7.24E-07,54.45292632
7422 sec,0.75,0.750002264,-2.26E-06,55.50065913
7422.8 sec,0.75,0.750003905,-3.90E-06,56.61615166
7423.4 sec,0.75,0.750001918,-1.92E-06,55.26516752
7424 sec,0.75,0.75000065,-6.50E-07,54.40249375
7424.7 sec,0.75,0.750000503,-5.03E-07,54.30253171
7425.6 sec,0.75,0.750001277,-1.28E-06,54.82940585
7426.4 sec,0.75,0.750003629,-3.63E-06,56.42869404
7427.1 sec,0.75,0.750003165,-3.17E-06,56.11308717
7427.7 sec,0.75,0.750001064,-1.06E-06,54.68427498
7428.3 sec,0.75,0.75000047,-4.70E-07,54.28024342
7429.1 sec,0.75,0.75000071,-7.10E-07,54.44338125
7430 sec,0.75,0.750002416,-2.42E-06,55.60401288
7430.6 sec,0.75,0.750001106,-1.11E-06,54.7127085
7431.2 sec,0.75,0.750000506,-5.06E-07,54.30483703
7432 sec,0.75,0.750000724,-7.24E-07,54.45292632
7432.8 sec,0.75,0.750002264,-2.26E-06,55.50065913
7433.6 sec,0.75,0.750003905,-3.90E-06,56.61615166
7434.3 sec,0.75,0.750001918,-1.92E-06,55.26516752
7434.8 sec,0.75,0.75000065,-6.50E-07,54.40249375
7435.5 sec,0.75,0.750000503,-5.03E-07,54.30253171
7436.4 sec,0.75,0.750001277,-1.28E-06,54.82940585
7437.2 sec,0.75,0.750003629,-3.63E-06,56.42869404
7437.9 sec,0.75,0.750003165,-3.17E-06,56.11308717
7438.5 sec,0.75,0.750001064,-1.06E-06,54.68427498
7439.1 sec,0.75,0.75000047,-4.70E-07,54.28024342
7439.9 sec,0.75,0.75000071,-7.10E-07,54.44338125
7440.8 sec,0.75,0.750002416,-2.42E-06,55.60401288
7441.4 sec,0.75,0.750001106,-1.11E-06,54.7127085
7442 sec,0.75,0.750000506,-5.06E-07,54.30483703
7442.8 sec,0.75,0.750000724,-7.24E-07,54.45292632
7443.7 sec,0.75,0.750002264,-2.26E-06,55.50065913
7444.4 sec,0.75,0.750003905,-3.90E-06,56.61615166
7445.1 sec,0.75,0.750001918,-1.92E-06,55.26516752
7445.7 sec,0.75,0.75000065,-6.50E-07,54.40249375
7446.3 sec,0.75,0.750000503,-5.03E-07,54.30253171
7447.2 sec,0.75,0.750001277,-1.28E-06,54.82940585
7448 sec,0.75,0.750003629,-3.63E-06,56.42869404
7448.7 sec,0.75,0.750003165,-3.17E-06,56.11308717
7449.3 sec,0.75,0.750001064,-1.06E-06,54.68427498
7449.9 sec,0.75,0.75000047,-4.70E-07,54.28024342
7450.7 sec,0.75,0.75000071,-7.10E-07,54.44338125
7451.6 sec,0.75,0.750002416,-2.42E-06,55.60401288
7452.2 sec,0.75,0.750001106,-1.11E-06,54.7127085
7452.8 sec,0.75,0.750000506,-5.06E-07,54.30483703
7453.6 sec,0.75,0.750000724,-7.24E-07,54.45292632
7454.5 sec,0.75,0.750002264,-2.26E-06,55.50065913
7455.2 sec,0.75,0.750003905,-3.90E-06,56.61615166
7455.9 sec,0.75,0.750001918,-1.92E-06,55.26516752
7456.5 sec,0.75,0.75000065,-6.50E-07,54.40249375
7457.2 sec,0.75,0.750000503,-5.03E-07,54.30253171
7458 sec,0.75,0.750001277,-1.28E-06,54.82940585
7458.8 sec,0.75,0.750003629,-3.63E-06,56.42869404
7459.5 sec,0.75,0.750003165,-3.17E-06,56.11308717
7460.1 sec,0.75,0.750001064,-1.06E-06,54.68427498
7460.8 sec,0.75,0.75000047,-4.70E-07,54.28024342
7461.5 sec,0.75,0.75000071,-7.10E-07,54.44338125
7462.4 sec,0.75,0.750002416,-2.42E-06,55.60401288
7463 sec,0.75,0.750001106,-1.11E-06,54.7127085
7463.6 sec,0.75,0.750000506,-5.06E-07,54.30483703
7464.4 sec,0.75,0.750000724,-7.24E-07,54.45292632
7465.3 sec,0.75,0.750002264,-2.26E-06,55.50065913
7466.1 sec,0.75,0.750003905,-3.90E-06,56.61615166
7466.7 sec,0.75,0.750001918,-1.92E-06,55.26516752
7467.3 sec,0.75,0.75000065,-6.50E-07,54.40249375
7468 sec,0.75,0.750000503,-5.03E-07,54.30253171
7468.8 sec,0.75,0.750001277,-1.28E-06,54.82940585
7469.7 sec,0.75,0.750003629,-3.63E-06,56.42869404
7470.4 sec,0.75,0.750003165,-3.17E-06,56.11308717
7470.9 sec,0.75,0.750001064,-1.06E-06,54.68427498
7471.6 sec,0.75,0.75000047,-4.70E-07,54.28024342
7472.3 sec,0.75,0.75000071,-7.10E-07,54.44338125
7473.2 sec,0.75,0.750002416,-2.42E-06,55.60401288
7473.8 sec,0.75,0.750001106,-1.11E-06,54.7127085
7474.5 sec,0.75,0.750000506,-5.06E-07,54.30483703
7475.2 sec,0.75,0.750000724,-7.24E-07,54.45292632
7476.1 sec,0.75,0.750002264,-2.26E-06,55.50065913
7476.9 sec,0.75,0.750003905,-3.90E-06,56.61615166
7477.5 sec,0.75,0.750001918,-1.92E-06,55.26516752
7478.1 sec,0.75,0.75000065,-6.50E-07,54.40249375
7478.8 sec,0.75,0.750000503,-5.03E-07,54.30253171
7479.6 sec,0.75,0.750001277,-1.28E-06,54.82940585
7480.5 sec,0.75,0.750003629,-3.63E-06,56.42869404
7481.2 sec,0.75,0.750003165,-3.17E-06,56.11308717
7481.8 sec,0.75,0.750001064,-1.06E-06,54.68427498
7482.4 sec,0.75,0.75000047,-4.70E-07,54.28024342
7483.1 sec,0.75,0.75000071,-7.10E-07,54.44338125
7484 sec,0.75,0.750002416,-2.42E-06,55.60401288
7484.6 sec,0.75,0.750001106,-1.11E-06,54.7127085
7485.3 sec,0.75,0.750000506,-5.06E-07,54.30483703
7486 sec,0.75,0.750000724,-7.24E-07,54.45292632
7486.9 sec,0.75,0.750002264,-2.26E-06,55.50065913
7487.7 sec,0.75,0.750003905,-3.90E-06,56.61615166
7488.3 sec,0.75,0.750001918,-1.92E-06,55.26516752
7488.9 sec,0.75,0.75000065,-6.50E-07,54.40249375
7489.6 sec,0.75,0.750000503,-5.03E-07,54.30253171
7490.4 sec,0.75,0.750001277,-1.28E-06,54.82940585
7491.3 sec,0.75,0.750003629,-3.63E-06,56.42869404
7492 sec,0.75,0.750003165,-3.17E-06,56.11308717
7492.6 sec,0.75,0.750001064,-1.06E-06,54.68427498
7493.2 sec,0.75,0.75000047,-4.70E-07,54.28024342
7494 sec,0.75,0.75000071,-7.10E-07,54.44338125
7494.8 sec,0.75,0.750002416,-2.42E-06,55.60401288
7495.5 sec,0.75,0.750001106,-1.11E-06,54.7127085
7496.1 sec,0.75,0.750000506,-5.06E-07,54.30483703
7496.8 sec,0.75,0.750000724,-7.24E-07,54.45292632
7497.7 sec,0.75,0.750002264,-2.26E-06,55.50065913
7498.5 sec,0.75,0.750003905,-3.90E-06,56.61615166
7499.1 sec,0.75,0.750001918,-1.92E-06,55.26516752
7499.7 sec,0.75,0.75000065,-6.50E-07,54.40249375
7500.4 sec,0.75,0.750000503,-5.03E-07,54.30253171
7501.2 sec,0.75,0.750001277,-1.28E-06,54.82940585
7502.1 sec,0.75,0.750003629,-3.63E-06,56.42869404
7502.8 sec,0.75,0.750003165,-3.17E-06,56.11308717
7503.4 sec,0.75,0.750001064,-1.06E-06,54.68427498
7504 sec,0.75,0.75000047,-4.70E-07,54.28024342
7504.8 sec,0.75,0.75000071,-7.10E-07,54.44338125
7505.6 sec,0.75,0.750002416,-2.42E-06,55.60401288
7506.3 sec,0.75,0.750001106,-1.11E-06,54.7127085
7506.9 sec,0.75,0.750000506,-5.06E-07,54.30483703
7507.7 sec,0.75,0.750000724,-7.24E-07,54.45292632
7508.5 sec,0.75,0.750002264,-2.26E-06,55.50065913
7509.3 sec,0.75,0.750003905,-3.90E-06,56.61615166
7509.9 sec,0.75,0.750001918,-1.92E-06,55.26516752
7510.5 sec,0.75,0.75000065,-6.50E-07,54.40249375
7511.2 sec,0.75,0.750000503,-5.03E-07,54.30253171
7512 sec,0.75,0.750001277,-1.28E-06,54.82940585
7512.9 sec,0.75,0.750003629,-3.63E-06,56.42869404
7513.6 sec,0.75,0.750003165,-3.17E-06,56.11308717
7514.2 sec,0.75,0.750001064,-1.06E-06,54.68427498
7514.8 sec,0.75,0.75000047,-4.70E-07,54.28024342
7515.6 sec,0.75,0.75000071,-7.10E-07,54.44338125
7516.5 sec,0.75,0.750002416,-2.42E-06,55.60401288
7517.1 sec,0.75,0.750001106,-1.11E-06,54.7127085
7517.7 sec,0.75,0.750000506,-5.06E-07,54.30483703
7518.5 sec,0.75,0.750000724,-7.24E-07,54.45292632
7519.3 sec,0.75,0.750002264,-2.26E-06,55.50065913
7520.1 sec,0.75,0.750003905,-3.90E-06,56.61615166
7520.7 sec,0.75,0.750001918,-1.92E-06,55.26516752
7521.3 sec,0.75,0.75000065,-6.50E-07,54.40249375
7522 sec,0.75,0.750000503,-5.03E-07,54.30253171
7522.9 sec,0.75,0.750001277,-1.28E-06,54.82940585
7523.7 sec,0.75,0.750003629,-3.63E-06,56.42869404
7524.4 sec,0.75,0.750003165,-3.17E-06,56.11308717
7525 sec,0.75,0.750001064,-1.06E-06,54.68427498
7525.6 sec,0.75,0.75000047,-4.70E-07,54.28024342
7526.4 sec,0.75,0.75000071,-7.10E-07,54.44338125
7527.3 sec,0.75,0.750002416,-2.42E-06,55.60401288
7527.9 sec,0.75,0.750001106,-1.11E-06,54.7127085
7528.5 sec,0.75,0.750000506,-5.06E-07,54.30483703
7529.3 sec,0.75,0.750000724,-7.24E-07,54.45292632
7530.1 sec,0.75,0.750002264,-2.26E-06,55.50065913
7530.9 sec,0.75,0.750003905,-3.90E-06,56.61615166
7531.6 sec,0.75,0.750001918,-1.92E-06,55.26516752
7532.1 sec,0.75,0.75000065,-6.50E-07,54.40249375
7532.8 sec,0.75,0.750000503,-5.03E-07,54.30253171
7533.7 sec,0.75,0.750001277,-1.28E-06,54.82940585
7534.5 sec,0.75,0.750003629,-3.63E-06,56.42869404
7535.2 sec,0.75,0.750003165,-3.17E-06,56.11308717
7535.8 sec,0.75,0.750001064,-1.06E-06,54.68427498
7536.4 sec,0.75,0.75000047,-4.70E-07,54.28024342
7537.2 sec,0.75,0.75000071,-7.10E-07,54.44338125
7538.1 sec,0.75,0.750002416,-2.42E-06,55.60401288
7538.7 sec,0.75,0.750001106,-1.11E-06,54.7127085
7539.3 sec,0.75,0.750000506,-5.06E-07,54.30483703
7540.1 sec,0.75,0.750000724,-7.24E-07,54.45292632
7541 sec,0.75,0.750002264,-2.26E-06,55.50065913
7541.7 sec,0.75,0.750003905,-3.90E-06,56.61615166
7542.4 sec,0.75,0.750001918,-1.92E-06,55.26516752
7543 sec,0.75,0.75000065,-6.50E-07,54.40249375
7543.6 sec,0.75,0.750000503,-5.03E-07,54.30253171
7544.5 sec,0.75,0.750001277,-1.28E-06,54.82940585
7545.3 sec,0.75,0.750003629,-3.63E-06,56.42869404
7546 sec,0.75,0.750003165,-3.17E-06,56.11308717
7546.6 sec,0.75,0.750001064,-1.06E-06,54.68427498
7547.2 sec,0.75,0.75000047,-4.70E-07,54.28024342
7548 sec,0.75,0.75000071,-7.10E-07,54.44338125
7548.9 sec,0.75,0.750002416,-2.42E-06,55.60401288
7549.5 sec,0.75,0.750001106,-1.11E-06,54.7127085
7550.1 sec,0.75,0.750000506,-5.06E-07,54.30483703
7550.9 sec,0.75,0.750000724,-7.24E-07,54.45292632
7551.8 sec,0.75,0.750002264,-2.26E-06,55.50065913
7552.5 sec,0.75,0.750003905,-3.90E-06,56.61615166
7553.2 sec,0.75,0.750001918,-1.92E-06,55.26516752
7553.8 sec,0.75,0.75000065,-6.50E-07,54.40249375
7554.5 sec,0.75,0.750000503,-5.03E-07,54.30253171
7555.3 sec,0.75,0.750001277,-1.28E-06,54.82940585
7556.1 sec,0.75,0.750003629,-3.63E-06,56.42869404
7556.8 sec,0.75,0.750003165,-3.17E-06,56.11308717
7557.4 sec,0.75,0.750001064,-1.06E-06,54.68427498
7558.1 sec,0.75,0.75000047,-4.70E-07,54.28024342
7558.8 sec,0.75,0.75000071,-7.10E-07,54.44338125
7559.7 sec,0.75,0.750002416,-2.42E-06,55.60401288
7560.3 sec,0.75,0.750001106,-1.11E-06,54.7127085
7560.9 sec,0.75,0.750000506,-5.06E-07,54.30483703
7561.7 sec,0.75,0.750000724,-7.24E-07,54.45292632
7562.6 sec,0.75,0.750002264,-2.26E-06,55.50065913
7563.4 sec,0.75,0.750003905,-3.90E-06,56.61615166
7564 sec,0.75,0.750001918,-1.92E-06,55.26516752
7564.6 sec,0.75,0.75000065,-6.50E-07,54.40249375
7565.3 sec,0.75,0.750000503,-5.03E-07,54.30253171
7566.1 sec,0.75,0.750001277,-1.28E-06,54.82940585
7567 sec,0.75,0.750003629,-3.63E-06,56.42869404
7567.7 sec,0.75,0.750003165,-3.17E-06,56.11308717
7568.2 sec,0.75,0.750001064,-1.06E-06,54.68427498
7568.9 sec,0.75,0.75000047,-4.70E-07,54.28024342
7569.6 sec,0.75,0.75000071,-7.10E-07,54.44338125
7570.5 sec,0.75,0.750002416,-2.42E-06,55.60401288
7571.1 sec,0.75,0.750001106,-1.11E-06,54.7127085
7571.8 sec,0.75,0.750000506,-5.06E-07,54.30483703
7572.5 sec,0.75,0.750000724,-7.24E-07,54.45292632
7573.4 sec,0.75,0.750002264,-2.26E-06,55.50065913
7574.2 sec,0.75,0.750003905,-3.90E-06,56.61615166
7574.8 sec,0.75,0.750001918,-1.92E-06,55.26516752
7575.4 sec,0.75,0.75000065,-6.50E-07,54.40249375
7576.1 sec,0.75,0.750000503,-5.03E-07,54.30253171
7576.9 sec,0.75,0.750001277,-1.28E-06,54.82940585
7577.8 sec,0.75,0.750003629,-3.63E-06,56.42869404
7578.5 sec,0.75,0.750003165,-3.17E-06,56.11308717
7579.1 sec,0.75,0.750001064,-1.06E-06,54.68427498
7579.7 sec,0.75,0.75000047,-4.70E-07,54.28024342
7580.4 sec,0.75,0.75000071,-7.10E-07,54.44338125
7581.3 sec,0.75,0.750002416,-2.42E-06,55.60401288
7581.9 sec,0.75,0.750001106,-1.11E-06,54.7127085
7582.6 sec,0.75,0.750000506,-5.06E-07,54.30483703
7583.3 sec,0.75,0.750000724,-7.24E-07,54.45292632
7584.2 sec,0.75,0.750002264,-2.26E-06,55.50065913
7585 sec,0.75,0.750003905,-3.90E-06,56.61615166
7585.6 sec,0.75,0.750001918,-1.92E-06,55.26516752
7586.2 sec,0.75,0.75000065,-6.50E-07,54.40249375
7586.9 sec,0.75,0.750000503,-5.03E-07,54.30253171
7587.7 sec,0.75,0.750001277,-1.28E-06,54.82940585
7588.6 sec,0.75,0.750003629,-3.63E-06,56.42869404
7589.3 sec,0.75,0.750003165,-3.17E-06,56.11308717
7589.9 sec,0.75,0.750001064,-1.06E-06,54.68427498
7590.5 sec,0.75,0.75000047,-4.70E-07,54.28024342
7591.3 sec,0.75,0.75000071,-7.10E-07,54.44338125
7592.1 sec,0.75,0.750002416,-2.42E-06,55.60401288
7592.8 sec,0.75,0.750001106,-1.11E-06,54.7127085
7593.4 sec,0.75,0.750000506,-5.06E-07,54.30483703
7594.1 sec,0.75,0.750000724,-7.24E-07,54.45292632
7595 sec,0.75,0.750002264,-2.26E-06,55.50065913
7595.8 sec,0.75,0.750003905,-3.90E-06,56.61615166
7596.4 sec,0.75,0.750001918,-1.92E-06,55.26516752
7597 sec,0.75,0.75000065,-6.50E-07,54.40249375
7597.7 sec,0.75,0.750000503,-5.03E-07,54.30253171
7598.5 sec,0.75,0.750001277,-1.28E-06,54.82940585
7599.4 sec,0.75,0.750003629,-3.63E-06,56.42869404
7600.1 sec,0.75,0.750003165,-3.17E-06,56.11308717
7600.7 sec,0.75,0.750001064,-1.06E-06,54.68427498
7601.3 sec,0.75,0.75000047,-4.70E-07,54.28024342
7602.1 sec,0.75,0.75000071,-7.10E-07,54.44338125
7602.9 sec,0.75,0.750002416,-2.42E-06,55.60401288
7603.6 sec,0.75,0.750001106,-1.11E-06,54.7127085
7604.2 sec,0.75,0.750000506,-5.06E-07,54.30483703
7605 sec,0.75,0.750000724,-7.24E-07,54.45292632
7605.8 sec,0.75,0.750002264,-2.26E-06,55.50065913
7606.6 sec,0.75,0.750003905,-3.90E-06,56.61615166
7607.2 sec,0.75,0.750001918,-1.92E-06,55.26516752
7607.8 sec,0.75,0.75000065,-6.50E-07,54.40249375
7608.5 sec,0.75,0.750000503,-5.03E-07,54.30253171
7609.3 sec,0.75,0.750001277,-1.28E-06,54.82940585
7610.2 sec,0.75,0.750003629,-3.63E-06,56.42869404
7610.9 sec,0.75,0.750003165,-3.17E-06,56.11308717
7611.5 sec,0.75,0.750001064,-1.06E-06,54.68427498
7612.1 sec,0.75,0.75000047,-4.70E-07,54.28024342
7612.9 sec,0.75,0.75000071,-7.10E-07,54.44338125
7613.8 sec,0.75,0.750002416,-2.42E-06,55.60401288
7614.4 sec,0.75,0.750001106,-1.11E-06,54.7127085
7615 sec,0.75,0.750000506,-5.06E-07,54.30483703
7615.8 sec,0.75,0.750000724,-7.24E-07,54.45292632
7616.6 sec,0.75,0.750002264,-2.26E-06,55.50065913
7617.4 sec,0.75,0.750003905,-3.90E-06,56.61615166
7618 sec,0.75,0.750001918,-1.92E-06,55.26516752
7618.6 sec,0.75,0.75000065,-6.50E-07,54.40249375
7619.3 sec,0.75,0.750000503,-5.03E-07,54.30253171
7620.2 sec,0.75,0.750001277,-1.28E-06,54.82940585
7621 sec,0.75,0.750003629,-3.63E-06,56.42869404
7621.7 sec,0.75,0.750003165,-3.17E-06,56.11308717
7622.3 sec,0.75,0.750001064,-1.06E-06,54.68427498
7622.9 sec,0.75,0.75000047,-4.70E-07,54.28024342
7623.7 sec,0.75,0.75000071,-7.10E-07,54.44338125
7624.6 sec,0.75,0.750002416,-2.42E-06,55.60401288
7625.2 sec,0.75,0.750001106,-1.11E-06,54.7127085
7625.8 sec,0.75,0.750000506,-5.06E-07,54.30483703
7626.6 sec,0.75,0.750000724,-7.24E-07,54.45292632
7627.4 sec,0.75,0.750002264,-2.26E-06,55.50065913
7628.2 sec,0.75,0.750003905,-3.90E-06,56.61615166
7628.9 sec,0.75,0.750001918,-1.92E-06,55.26516752
7629.4 sec,0.75,0.75000065,-6.50E-07,54.40249375
7630.1 sec,0.75,0.750000503,-5.03E-07,54.30253171
7631 sec,0.75,0.750001277,-1.28E-06,54.82940585
7631.8 sec,0.75,0.750003629,-3.63E-06,56.42869404
7632.5 sec,0.75,0.750003165,-3.17E-06,56.11308717
7633.1 sec,0.75,0.750001064,-1.06E-06,54.68427498
7633.7 sec,0.75,0.75000047,-4.70E-07,54.28024342
7634.5 sec,0.75,0.75000071,-7.10E-07,54.44338125
7635.4 sec,0.75,0.750002416,-2.42E-06,55.60401288
7636 sec,0.75,0.750001106,-1.11E-06,54.7127085
7636.6 sec,0.75,0.750000506,-5.06E-07,54.30483703
7637.4 sec,0.75,0.750000724,-7.24E-07,54.45292632
7638.3 sec,0.75,0.750002264,-2.26E-06,55.50065913
7639 sec,0.75,0.750003905,-3.90E-06,56.61615166
7639.7 sec,0.75,0.750001918,-1.92E-06,55.26516752
7640.3 sec,0.75,0.75000065,-6.50E-07,54.40249375
7640.9 sec,0.75,0.750000503,-5.03E-07,54.30253171
7641.8 sec,0.75,0.750001277,-1.28E-06,54.82940585
7642.6 sec,0.75,0.750003629,-3.63E-06,56.42869404
7643.3 sec,0.75,0.750003165,-3.17E-06,56.11308717
7643.9 sec,0.75,0.750001064,-1.06E-06,54.68427498
7644.5 sec,0.75,0.75000047,-4.70E-07,54.28024342
7645.3 sec,0.75,0.75000071,-7.10E-07,54.44338125
7646.2 sec,0.75,0.750002416,-2.42E-06,55.60401288
7646.8 sec,0.75,0.750001106,-1.11E-06,54.7127085
7647.4 sec,0.75,0.750000506,-5.06E-07,54.30483703
7648.2 sec,0.75,0.750000724,-7.24E-07,54.45292632
7649.1 sec,0.75,0.750002264,-2.26E-06,55.50065913
7649.8 sec,0.75,0.750003905,-3.90E-06,56.61615166
7650.5 sec,0.75,0.750001918,-1.92E-06,55.26516752
7651.1 sec,0.75,0.75000065,-6.50E-07,54.40249375
7651.8 sec,0.75,0.750000503,-5.03E-07,54.30253171
7652.6 sec,0.75,0.750001277,-1.28E-06,54.82940585
7653.4 sec,0.75,0.750003629,-3.63E-06,56.42869404
7654.1 sec,0.75,0.750003165,-3.17E-06,56.11308717
7654.7 sec,0.75,0.750001064,-1.06E-06,54.68427498
7655.4 sec,0.75,0.75000047,-4.70E-07,54.28024342
7656.1 sec,0.75,0.75000071,-7.10E-07,54.44338125
7657 sec,0.75,0.750002416,-2.42E-06,55.60401288
7657.6 sec,0.75,0.750001106,-1.11E-06,54.7127085
7658.2 sec,0.75,0.750000506,-5.06E-07,54.30483703
7659 sec,0.75,0.750000724,-7.24E-07,54.45292632
7659.9 sec,0.75,0.750002264,-2.26E-06,55.50065913
7660.7 sec,0.75,0.750003905,-3.90E-06,56.61615166
7661.3 sec,0.75,0.750001918,-1.92E-06,55.26516752
7661.9 sec,0.75,0.75000065,-6.50E-07,54.40249375
7662.6 sec,0.75,0.750000503,-5.03E-07,54.30253171
7663.4 sec,0.75,0.750001277,-1.28E-06,54.82940585
7664.3 sec,0.75,0.750003629,-3.63E-06,56.42869404
7665 sec,0.75,0.750003165,-3.17E-06,56.11308717
7665.5 sec,0.75,0.750001064,-1.06E-06,54.68427498
7666.2 sec,0.75,0.75000047,-4.70E-07,54.28024342
7666.9 sec,0.75,0.75000071,-7.10E-07,54.44338125
7667.8 sec,0.75,0.750002416,-2.42E-06,55.60401288
7668.4 sec,0.75,0.750001106,-1.11E-06,54.7127085
7669.1 sec,0.75,0.750000506,-5.06E-07,54.30483703
7669.8 sec,0.75,0.750000724,-7.24E-07,54.45292632
7670.7 sec,0.75,0.750002264,-2.26E-06,55.50065913
7671.5 sec,0.75,0.750003905,-3.90E-06,56.61615166
7672.1 sec,0.75,0.750001918,-1.92E-06,55.26516752
7672.7 sec,0.75,0.75000065,-6.50E-07,54.40249375
7673.4 sec,0.75,0.750000503,-5.03E-07,54.30253171
7674.2 sec,0.75,0.750001277,-1.28E-06,54.82940585
7675.1 sec,0.75,0.750003629,-3.63E-06,56.42869404
7675.8 sec,0.75,0.750003165,-3.17E-06,56.11308717
7676.4 sec,0.75,0.750001064,-1.06E-06,54.68427498
7677 sec,0.75,0.75000047,-4.70E-07,54.28024342
7677.7 sec,0.75,0.75000071,-7.10E-07,54.44338125
7678.6 sec,0.75,0.750002416,-2.42E-06,55.60401288
7679.2 sec,0.75,0.750001106,-1.11E-06,54.7127085
7679.9 sec,0.75,0.750000506,-5.06E-07,54.30483703
7680.6 sec,0.75,0.750000724,-7.24E-07,54.45292632
7681.5 sec,0.75,0.750002264,-2.26E-06,55.50065913
7682.3 sec,0.75,0.750003905,-3.90E-06,56.61615166
7682.9 sec,0.75,0.750001918,-1.92E-06,55.26516752
7683.5 sec,0.75,0.75000065,-6.50E-07,54.40249375
7684.2 sec,0.75,0.750000503,-5.03E-07,54.30253171
7685 sec,0.75,0.750001277,-1.28E-06,54.82940585
7685.9 sec,0.75,0.750003629,-3.63E-06,56.42869404
7686.6 sec,0.75,0.750003165,-3.17E-06,56.11308717
7687.2 sec,0.75,0.750001064,-1.06E-06,54.68427498
7687.8 sec,0.75,0.75000047,-4.70E-07,54.28024342
7688.6 sec,0.75,0.75000071,-7.10E-07,54.44338125
7689.4 sec,0.75,0.750002416,-2.42E-06,55.60401288
7690.1 sec,0.75,0.750001106,-1.11E-06,54.7127085
7690.7 sec,0.75,0.750000506,-5.06E-07,54.30483703
7691.4 sec,0.75,0.750000724,-7.24E-07,54.45292632
7692.3 sec,0.75,0.750002264,-2.26E-06,55.50065913
7693.1 sec,0.75,0.750003905,-3.90E-06,56.61615166
7693.7 sec,0.75,0.750001918,-1.92E-06,55.26516752
7694.3 sec,0.75,0.75000065,-6.50E-07,54.40249375
7695 sec,0.75,0.750000503,-5.03E-07,54.30253171
7695.8 sec,0.75,0.750001277,-1.28E-06,54.82940585
7696.7 sec,0.75,0.750003629,-3.63E-06,56.42869404
7697.4 sec,0.75,0.750003165,-3.17E-06,56.11308717
7698 sec,0.75,0.750001064,-1.06E-06,54.68427498
7698.6 sec,0.75,0.75000047,-4.70E-07,54.28024342
7699.4 sec,0.75,0.75000071,-7.10E-07,54.44338125
7700.2 sec,0.75,0.750002416,-2.42E-06,55.60401288
7700.9 sec,0.75,0.750001106,-1.11E-06,54.7127085
7701.5 sec,0.75,0.750000506,-5.06E-07,54.30483703
7702.3 sec,0.75,0.750000724,-7.24E-07,54.45292632
7703.1 sec,0.75,0.750002264,-2.26E-06,55.50065913
7703.9 sec,0.75,0.750003905,-3.90E-06,56.61615166
7704.5 sec,0.75,0.750001918,-1.92E-06,55.26516752
7705.1 sec,0.75,0.75000065,-6.50E-07,54.40249375
7705.8 sec,0.75,0.750000503,-5.03E-07,54.30253171
7706.6 sec,0.75,0.750001277,-1.28E-06,54.82940585
7707.5 sec,0.75,0.750003629,-3.63E-06,56.42869404
7708.2 sec,0.75,0.750003165,-3.17E-06,56.11308717
7708.8 sec,0.75,0.750001064,-1.06E-06,54.68427498
7709.4 sec,0.75,0.75000047,-4.70E-07,54.28024342
7710.2 sec,0.75,0.75000071,-7.10E-07,54.44338125
7711.1 sec,0.75,0.750002416,-2.42E-06,55.60401288
7711.7 sec,0.75,0.750001106,-1.11E-06,54.7127085
7712.3 sec,0.75,0.750000506,-5.06E-07,54.30483703
7713.1 sec,0.75,0.750000724,-7.24E-07,54.45292632
7713.9 sec,0.75,0.750002264,-2.26E-06,55.50065913
7714.7 sec,0.75,0.750003905,-3.90E-06,56.61615166
7715.3 sec,0.75,0.750001918,-1.92E-06,55.26516752
7715.9 sec,0.75,0.75000065,-6.50E-07,54.40249375
7716.6 sec,0.75,0.750000503,-5.03E-07,54.30253171
7717.5 sec,0.75,0.750001277,-1.28E-06,54.82940585
7718.3 sec,0.75,0.750003629,-3.63E-06,56.42869404
7719 sec,0.75,0.750003165,-3.17E-06,56.11308717
7719.6 sec,0.75,0.750001064,-1.06E-06,54.68427498
7720.2 sec,0.75,0.75000047,-4.70E-07,54.28024342
7721 sec,0.75,0.75000071,-7.10E-07,54.44338125
7721.9 sec,0.75,0.750002416,-2.42E-06,55.60401288
7722.5 sec,0.75,0.750001106,-1.11E-06,54.7127085
7723.1 sec,0.75,0.750000506,-5.06E-07,54.30483703
7723.9 sec,0.75,0.750000724,-7.24E-07,54.45292632
7724.7 sec,0.75,0.750002264,-2.26E-06,55.50065913
7725.5 sec,0.75,0.750003905,-3.90E-06,56.61615166
7726.2 sec,0.75,0.750001918,-1.92E-06,55.26516752
7726.7 sec,0.75,0.75000065,-6.50E-07,54.40249375
7727.4 sec,0.75,0.750000503,-5.03E-07,54.30253171
7728.3 sec,0.75,0.750001277,-1.28E-06,54.82940585
7729.1 sec,0.75,0.750003629,-3.63E-06,56.42869404
7729.8 sec,0.75,0.750003165,-3.17E-06,56.11308717
7730.4 sec,0.75,0.750001064,-1.06E-06,54.68427498
7731 sec,0.75,0.75000047,-4.70E-07,54.28024342
7731.8 sec,0.75,0.75000071,-7.10E-07,54.44338125
7732.7 sec,0.75,0.750002416,-2.42E-06,55.60401288
7733.3 sec,0.75,0.750001106,-1.11E-06,54.7127085
7733.9 sec,0.75,0.750000506,-5.06E-07,54.30483703
7734.7 sec,0.75,0.750000724,-7.24E-07,54.45292632
7735.6 sec,0.75,0.750002264,-2.26E-06,55.50065913
7736.3 sec,0.75,0.750003905,-3.90E-06,56.61615166
7737 sec,0.75,0.750001918,-1.92E-06,55.26516752
7737.6 sec,0.75,0.75000065,-6.50E-07,54.40249375
7738.2 sec,0.75,0.750000503,-5.03E-07,54.30253171
7739.1 sec,0.75,0.750001277,-1.28E-06,54.82940585
7739.9 sec,0.75,0.750003629,-3.63E-06,56.42869404
7740.6 sec,0.75,0.750003165,-3.17E-06,56.11308717
7741.2 sec,0.75,0.750001064,-1.06E-06,54.68427498
7741.8 sec,0.75,0.75000047,-4.70E-07,54.28024342
7742.6 sec,0.75,0.75000071,-7.10E-07,54.44338125
7743.5 sec,0.75,0.750002416,-2.42E-06,55.60401288
7744.1 sec,0.75,0.750001106,-1.11E-06,54.7127085
7744.7 sec,0.75,0.750000506,-5.06E-07,54.30483703
7745.5 sec,0.75,0.750000724,-7.24E-07,54.45292632
7746.4 sec,0.75,0.750002264,-2.26E-06,55.50065913
7747.1 sec,0.75,0.750003905,-3.90E-06,56.61615166
7747.8 sec,0.75,0.750001918,-1.92E-06,55.26516752
7748.4 sec,0.75,0.75000065,-6.50E-07,54.40249375
7749.1 sec,0.75,0.750000503,-5.03E-07,54.30253171
7749.9 sec,0.75,0.750001277,-1.28E-06,54.82940585
7750.7 sec,0.75,0.750003629,-3.63E-06,56.42869404
7751.4 sec,0.75,0.750003165,-3.17E-06,56.11308717
7752 sec,0.75,0.750001064,-1.06E-06,54.68427498
7752.7 sec,0.75,0.75000047,-4.70E-07,54.28024342
7753.4 sec,0.75,0.75000071,-7.10E-07,54.44338125
7754.3 sec,0.75,0.750002416,-2.42E-06,55.60401288
7754.9 sec,0.75,0.750001106,-1.11E-06,54.7127085
7755.5 sec,0.75,0.750000506,-5.06E-07,54.30483703
7756.3 sec,0.75,0.750000724,-7.24E-07,54.45292632
7757.2 sec,0.75,0.750002264,-2.26E-06,55.50065913
7758 sec,0.75,0.750003905,-3.90E-06,56.61615166
7758.6 sec,0.75,0.750001918,-1.92E-06,55.26516752
7759.2 sec,0.75,0.75000065,-6.50E-07,54.40249375
7759.9 sec,0.75,0.750000503,-5.03E-07,54.30253171
7760.7 sec,0.75,0.750001277,-1.28E-06,54.82940585
7761.6 sec,0.75,0.750003629,-3.63E-06,56.42869404
7762.3 sec,0.75,0.750003165,-3.17E-06,56.11308717
7762.8 sec,0.75,0.750001064,-1.06E-06,54.68427498
7763.5 sec,0.75,0.75000047,-4.70E-07,54.28024342
7764.2 sec,0.75,0.75000071,-7.10E-07,54.44338125
7765.1 sec,0.75,0.750002416,-2.42E-06,55.60401288
7765.7 sec,0.75,0.750001106,-1.11E-06,54.7127085
7766.4 sec,0.75,0.750000506,-5.06E-07,54.30483703
7767.1 sec,0.75,0.750000724,-7.24E-07,54.45292632
7768 sec,0.75,0.750002264,-2.26E-06,55.50065913
7768.8 sec,0.75,0.750003905,-3.90E-06,56.61615166
7769.4 sec,0.75,0.750001918,-1.92E-06,55.26516752
7770 sec,0.75,0.75000065,-6.50E-07,54.40249375
7770.7 sec,0.75,0.750000503,-5.03E-07,54.30253171
7771.5 sec,0.75,0.750001277,-1.28E-06,54.82940585
7772.4 sec,0.75,0.750003629,-3.63E-06,56.42869404
7773.1 sec,0.75,0.750003165,-3.17E-06,56.11308717
7773.7 sec,0.75,0.750001064,-1.06E-06,54.68427498
7774.3 sec,0.75,0.75000047,-4.70E-07,54.28024342
7775 sec,0.75,0.75000071,-7.10E-07,54.44338125
7775.9 sec,0.75,0.750002416,-2.42E-06,55.60401288
7776.5 sec,0.75,0.750001106,-1.11E-06,54.7127085
7777.2 sec,0.75,0.750000506,-5.06E-07,54.30483703
7777.9 sec,0.75,0.750000724,-7.24E-07,54.45292632
7778.8 sec,0.75,0.750002264,-2.26E-06,55.50065913
7779.6 sec,0.75,0.750003905,-3.90E-06,56.61615166
7780.2 sec,0.75,0.750001918,-1.92E-06,55.26516752
7780.8 sec,0.75,0.75000065,-6.50E-07,54.40249375
7781.5 sec,0.75,0.750000503,-5.03E-07,54.30253171
7782.3 sec,0.75,0.750001277,-1.28E-06,54.82940585
7783.2 sec,0.75,0.750003629,-3.63E-06,56.42869404
7783.9 sec,0.75,0.750003165,-3.17E-06,56.11308717
7784.5 sec,0.75,0.750001064,-1.06E-06,54.68427498
7785.1 sec,0.75,0.75000047,-4.70E-07,54.28024342
7785.9 sec,0.75,0.75000071,-7.10E-07,54.44338125
7786.7 sec,0.75,0.750002416,-2.42E-06,55.60401288
7787.4 sec,0.75,0.750001106,-1.11E-06,54.7127085
7788 sec,0.75,0.750000506,-5.06E-07,54.30483703
7788.7 sec,0.75,0.750000724,-7.24E-07,54.45292632
7789.6 sec,0.75,0.750002264,-2.26E-06,55.50065913
7790.4 sec,0.75,0.750003905,-3.90E-06,56.61615166
7791 sec,0.75,0.750001918,-1.92E-06,55.26516752
7791.6 sec,0.75,0.75000065,-6.50E-07,54.40249375
7792.3 sec,0.75,0.750000503,-5.03E-07,54.30253171
7793.1 sec,0.75,0.750001277,-1.28E-06,54.82940585
7794 sec,0.75,0.750003629,-3.63E-06,56.42869404
7794.7 sec,0.75,0.750003165,-3.17E-06,56.11308717
7795.3 sec,0.75,0.750001064,-1.06E-06,54.68427498
7795.9 sec,0.75,0.75000047,-4.70E-07,54.28024342
7796.7 sec,0.75,0.75000071,-7.10E-07,54.44338125
7797.5 sec,0.75,0.750002416,-2.42E-06,55.60401288
7798.2 sec,0.75,0.750001106,-1.11E-06,54.7127085
7798.8 sec,0.75,0.750000506,-5.06E-07,54.30483703
7799.6 sec,0.75,0.750000724,-7.24E-07,54.45292632
7800.4 sec,0.75,0.750002264,-2.26E-06,55.50065913
7801.2 sec,0.75,0.750003905,-3.90E-06,56.61615166
7801.8 sec,0.75,0.750001918,-1.92E-06,55.26516752
7802.4 sec,0.75,0.75000065,-6.50E-07,54.40249375
7803.1 sec,0.75,0.750000503,-5.03E-07,54.30253171
7803.9 sec,0.75,0.750001277,-1.28E-06,54.82940585
7804.8 sec,0.75,0.750003629,-3.63E-06,56.42869404
7805.5 sec,0.75,0.750003165,-3.17E-06,56.11308717
7806.1 sec,0.75,0.750001064,-1.06E-06,54.68427498
7806.7 sec,0.75,0.75000047,-4.70E-07,54.28024342
7807.5 sec,0.75,0.75000071,-7.10E-07,54.44338125
7808.4 sec,0.75,0.750002416,-2.42E-06,55.60401288
7809 sec,0.75,0.750001106,-1.11E-06,54.7127085
7809.6 sec,0.75,0.750000506,-5.06E-07,54.30483703
7810.4 sec,0.75,0.750000724,-7.24E-07,54.45292632
7811.2 sec,0.75,0.750002264,-2.26E-06,55.50065913
7812 sec,0.75,0.750003905,-3.90E-06,56.61615166
7812.6 sec,0.75,0.750001918,-1.92E-06,55.26516752
7813.2 sec,0.75,0.75000065,-6.50E-07,54.40249375
7813.9 sec,0.75,0.750000503,-5.03E-07,54.30253171
7814.8 sec,0.75,0.750001277,-1.28E-06,54.82940585
7815.6 sec,0.75,0.750003629,-3.63E-06,56.42869404
7816.3 sec,0.75,0.750003165,-3.17E-06,56.11308717
7816.9 sec,0.75,0.750001064,-1.06E-06,54.68427498
7817.5 sec,0.75,0.75000047,-4.70E-07,54.28024342
7818.3 sec,0.75,0.75000071,-7.10E-07,54.44338125
7819.2 sec,0.75,0.750002416,-2.42E-06,55.60401288
7819.8 sec,0.75,0.750001106,-1.11E-06,54.7127085
7820.4 sec,0.75,0.750000506,-5.06E-07,54.30483703
7821.2 sec,0.75,0.750000724,-7.24E-07,54.45292632
7822 sec,0.75,0.750002264,-2.26E-06,55.50065913
7822.8 sec,0.75,0.750003905,-3.90E-06,56.61615166
7823.5 sec,0.75,0.750001918,-1.92E-06,55.26516752
7824 sec,0.75,0.75000065,-6.50E-07,54.40249375
7824.7 sec,0.75,0.750000503,-5.03E-07,54.30253171
7825.6 sec,0.75,0.750001277,-1.28E-06,54.82940585
7826.4 sec,0.75,0.750003629,-3.63E-06,56.42869404
7827.1 sec,0.75,0.750003165,-3.17E-06,56.11308717
7827.7 sec,0.75,0.750001064,-1.06E-06,54.68427498
7828.3 sec,0.75,0.75000047,-4.70E-07,54.28024342
7829.1 sec,0.75,0.75000071,-7.10E-07,54.44338125
7830 sec,0.75,0.750002416,-2.42E-06,55.60401288
7830.6 sec,0.75,0.750001106,-1.11E-06,54.7127085
7831.2 sec,0.75,0.750000506,-5.06E-07,54.30483703
7832 sec,0.75,0.750000724,-7.24E-07,54.45292632
7832.8 sec,0.75,0.750002264,-2.26E-06,55.50065913
7833.6 sec,0.75,0.750003905,-3.90E-06,56.61615166
7834.3 sec,0.75,0.750001918,-1.92E-06,55.26516752
7834.9 sec,0.75,0.75000065,-6.50E-07,54.40249375
7835.5 sec,0.75,0.750000503,-5.03E-07,54.30253171
7836.4 sec,0.75,0.750001277,-1.28E-06,54.82940585
7837.2 sec,0.75,0.750003629,-3.63E-06,56.42869404
7837.9 sec,0.75,0.750003165,-3.17E-06,56.11308717
7838.5 sec,0.75,0.750001064,-1.06E-06,54.68427498
7839.1 sec,0.75,0.75000047,-4.70E-07,54.28024342
7839.9 sec,0.75,0.75000071,-7.10E-07,54.44338125
7840.8 sec,0.75,0.750002416,-2.42E-06,55.60401288
7841.4 sec,0.75,0.750001106,-1.11E-06,54.7127085
7842 sec,0.75,0.750000506,-5.06E-07,54.30483703
7842.8 sec,0.75,0.750000724,-7.24E-07,54.45292632
7843.7 sec,0.75,0.750002264,-2.26E-06,55.50065913
7844.4 sec,0.75,0.750003905,-3.90E-06,56.61615166
7845.1 sec,0.75,0.750001918,-1.92E-06,55.26516752
7845.7 sec,0.75,0.75000065,-6.50E-07,54.40249375
7846.4 sec,0.75,0.750000503,-5.03E-07,54.30253171
7847.2 sec,0.75,0.750001277,-1.28E-06,54.82940585
7848 sec,0.75,0.750003629,-3.63E-06,56.42869404
7848.7 sec,0.75,0.750003165,-3.17E-06,56.11308717
7849.3 sec,0.75,0.750001064,-1.06E-06,54.68427498
7850 sec,0.75,0.75000047,-4.70E-07,54.28024342
7850.7 sec,0.75,0.75000071,-7.10E-07,54.44338125
7851.6 sec,0.75,0.750002416,-2.42E-06,55.60401288
7852.2 sec,0.75,0.750001106,-1.11E-06,54.7127085
7852.8 sec,0.75,0.750000506,-5.06E-07,54.30483703
7853.6 sec,0.75,0.750000724,-7.24E-07,54.45292632
7854.5 sec,0.75,0.750002264,-2.26E-06,55.50065913
7855.3 sec,0.75,0.750003905,-3.90E-06,56.61615166
7855.9 sec,0.75,0.750001918,-1.92E-06,55.26516752
7856.5 sec,0.75,0.75000065,-6.50E-07,54.40249375
7857.2 sec,0.75,0.750000503,-5.03E-07,54.30253171
7858 sec,0.75,0.750001277,-1.28E-06,54.82940585
7858.9 sec,0.75,0.750003629,-3.63E-06,56.42869404
7859.6 sec,0.75,0.750003165,-3.17E-06,56.11308717
7860.1 sec,0.75,0.750001064,-1.06E-06,54.68427498
7860.8 sec,0.75,0.75000047,-4.70E-07,54.28024342
7861.5 sec,0.75,0.75000071,-7.10E-07,54.44338125
7862.4 sec,0.75,0.750002416,-2.42E-06,55.60401288
7863 sec,0.75,0.750001106,-1.11E-06,54.7127085
7863.7 sec,0.75,0.750000506,-5.06E-07,54.30483703
7864.4 sec,0.75,0.750000724,-7.24E-07,54.45292632
7865.3 sec,0.75,0.750002264,-2.26E-06,55.50065913
7866.1 sec,0.75,0.750003905,-3.90E-06,56.61615166
7866.7 sec,0.75,0.750001918,-1.92E-06,55.26516752
7867.3 sec,0.75,0.75000065,-6.50E-07,54.40249375
7868 sec,0.75,0.750000503,-5.03E-07,54.30253171
7868.8 sec,0.75,0.750001277,-1.28E-06,54.82940585
7869.7 sec,0.75,0.750003629,-3.63E-06,56.42869404
7870.4 sec,0.75,0.750003165,-3.17E-06,56.11308717
7871 sec,0.75,0.750001064,-1.06E-06,54.68427498
7871.6 sec,0.75,0.75000047,-4.70E-07,54.28024342
7872.3 sec,0.75,0.75000071,-7.10E-07,54.44338125
7873.2 sec,0.75,0.750002416,-2.42E-06,55.60401288
7873.8 sec,0.75,0.750001106,-1.11E-06,54.7127085
7874.5 sec,0.75,0.750000506,-5.06E-07,54.30483703
7875.2 sec,0.75,0.750000724,-7.24E-07,54.45292632
7876.1 sec,0.75,0.750002264,-2.26E-06,55.50065913
7876.9 sec,0.75,0.750003905,-3.90E-06,56.61615166
7877.5 sec,0.75,0.750001918,-1.92E-06,55.26516752
7878.1 sec,0.75,0.75000065,-6.50E-07,54.40249375
7878.8 sec,0.75,0.750000503,-5.03E-07,54.30253171
7879.6 sec,0.75,0.750001277,-1.28E-06,54.82940585
7880.5 sec,0.75,0.750003629,-3.63E-06,56.42869404
7881.2 sec,0.75,0.750003165,-3.17E-06,56.11308717
7881.8 sec,0.75,0.750001064,-1.06E-06,54.68427498
7882.4 sec,0.75,0.75000047,-4.70E-07,54.28024342
7883.2 sec,0.75,0.75000071,-7.10E-07,54.44338125
7884 sec,0.75,0.750002416,-2.42E-06,55.60401288
7884.7 sec,0.75,0.750001106,-1.11E-06,54.7127085
7885.3 sec,0.75,0.750000506,-5.06E-07,54.30483703
7886 sec,0.75,0.750000724,-7.24E-07,54.45292632
7886.9 sec,0.75,0.750002264,-2.26E-06,55.50065913
7887.7 sec,0.75,0.750003905,-3.90E-06,56.61615166
7888.3 sec,0.75,0.750001918,-1.92E-06,55.26516752
7888.9 sec,0.75,0.75000065,-6.50E-07,54.40249375
7889.6 sec,0.75,0.750000503,-5.03E-07,54.30253171
7890.4 sec,0.75,0.750001277,-1.28E-06,54.82940585
7891.3 sec,0.75,0.750003629,-3.63E-06,56.42869404
7892 sec,0.75,0.750003165,-3.17E-06,56.11308717
7892.6 sec,0.75,0.750001064,-1.06E-06,54.68427498
7893.2 sec,0.75,0.75000047,-4.70E-07,54.28024342
7894 sec,0.75,0.75000071,-7.10E-07,54.44338125
7894.8 sec,0.75,0.750002416,-2.42E-06,55.60401288
7895.5 sec,0.75,0.750001106,-1.11E-06,54.7127085
7896.1 sec,0.75,0.750000506,-5.06E-07,54.30483703
7896.9 sec,0.75,0.750000724,-7.24E-07,54.45292632
7897.7 sec,0.75,0.750002264,-2.26E-06,55.50065913
7898.5 sec,0.75,0.750003905,-3.90E-06,56.61615166
7899.1 sec,0.75,0.750001918,-1.92E-06,55.26516752
7899.7 sec,0.75,0.75000065,-6.50E-07,54.40249375
7900.4 sec,0.75,0.750000503,-5.03E-07,54.30253171
7901.2 sec,0.75,0.750001277,-1.28E-06,54.82940585
7902.1 sec,0.75,0.750003629,-3.63E-06,56.42869404
7902.8 sec,0.75,0.750003165,-3.17E-06,56.11308717
7903.4 sec,0.75,0.750001064,-1.06E-06,54.68427498
7904 sec,0.75,0.75000047,-4.70E-07,54.28024342
7904.8 sec,0.75,0.75000071,-7.10E-07,54.44338125
7905.7 sec,0.75,0.750002416,-2.42E-06,55.60401288
7906.3 sec,0.75,0.750001106,-1.11E-06,54.7127085
7906.9 sec,0.75,0.750000506,-5.06E-07,54.30483703
7907.7 sec,0.75,0.750000724,-7.24E-07,54.45292632
7908.5 sec,0.75,0.750002264,-2.26E-06,55.50065913
7909.3 sec,0.75,0.750003905,-3.90E-06,56.61615166
7909.9 sec,0.75,0.750001918,-1.92E-06,55.26516752
7910.5 sec,0.75,0.75000065,-6.50E-07,54.40249375
7911.2 sec,0.75,0.750000503,-5.03E-07,54.30253171
7912.1 sec,0.75,0.750001277,-1.28E-06,54.82940585
7912.9 sec,0.75,0.750003629,-3.63E-06,56.42869404
7913.6 sec,0.75,0.750003165,-3.17E-06,56.11308717
7914.2 sec,0.75,0.750001064,-1.06E-06,54.68427498
7914.8 sec,0.75,0.75000047,-4.70E-07,54.28024342
7915.6 sec,0.75,0.75000071,-7.10E-07,54.44338125
7916.5 sec,0.75,0.750002416,-2.42E-06,55.60401288
7917.1 sec,0.75,0.750001106,-1.11E-06,54.7127085
7917.7 sec,0.75,0.750000506,-5.06E-07,54.30483703
7918.5 sec,0.75,0.750000724,-7.24E-07,54.45292632
7919.3 sec,0.75,0.750002264,-2.26E-06,55.50065913
7920.1 sec,0.75,0.750003905,-3.90E-06,56.61615166
7920.8 sec,0.75,0.750001918,-1.92E-06,55.26516752
7921.3 sec,0.75,0.75000065,-6.50E-07,54.40249375
7922 sec,0.75,0.750000503,-5.03E-07,54.30253171
7922.9 sec,0.75,0.750001277,-1.28E-06,54.82940585
7923.7 sec,0.75,0.750003629,-3.63E-06,56.42869404
7924.4 sec,0.75,0.750003165,-3.17E-06,56.11308717
7925 sec,0.75,0.750001064,-1.06E-06,54.68427498
7925.6 sec,0.75,0.75000047,-4.70E-07,54.28024342
7926.4 sec,0.75,0.75000071,-7.10E-07,54.44338125
7927.3 sec,0.75,0.750002416,-2.42E-06,55.60401288
7927.9 sec,0.75,0.750001106,-1.11E-06,54.7127085
7928.5 sec,0.75,0.750000506,-5.06E-07,54.30483703
7929.3 sec,0.75,0.750000724,-7.24E-07,54.45292632
7930.1 sec,0.75,0.750002264,-2.26E-06,55.50065913
7930.9 sec,0.75,0.750003905,-3.90E-06,56.61615166
7931.6 sec,0.75,0.750001918,-1.92E-06,55.26516752
7932.2 sec,0.75,0.75000065,-6.50E-07,54.40249375
7932.8 sec,0.75,0.750000503,-5.03E-07,54.30253171
7933.7 sec,0.75,0.750001277,-1.28E-06,54.82940585
7934.5 sec,0.75,0.750003629,-3.63E-06,56.42869404
7935.2 sec,0.75,0.750003165,-3.17E-06,56.11308717
7935.8 sec,0.75,0.750001064,-1.06E-06,54.68427498
7936.4 sec,0.75,0.75000047,-4.70E-07,54.28024342
7937.2 sec,0.75,0.75000071,-7.10E-07,54.44338125
7938.1 sec,0.75,0.750002416,-2.42E-06,55.60401288
7938.7 sec,0.75,0.750001106,-1.11E-06,54.7127085
7939.3 sec,0.75,0.750000506,-5.06E-07,54.30483703
7940.1 sec,0.75,0.750000724,-7.24E-07,54.45292632
7941 sec,0.75,0.750002264,-2.26E-06,55.50065913
7941.7 sec,0.75,0.750003905,-3.90E-06,56.61615166
7942.4 sec,0.75,0.750001918,-1.92E-06,55.26516752
7943 sec,0.75,0.75000065,-6.50E-07,54.40249375
7943.7 sec,0.75,0.750000503,-5.03E-07,54.30253171
7944.5 sec,0.75,0.750001277,-1.28E-06,54.82940585
7945.3 sec,0.75,0.750003629,-3.63E-06,56.42869404
7946 sec,0.75,0.750003165,-3.17E-06,56.11308717
7946.6 sec,0.75,0.750001064,-1.06E-06,54.68427498
7947.3 sec,0.75,0.75000047,-4.70E-07,54.28024342
7948 sec,0.75,0.75000071,-7.10E-07,54.44338125
7948.9 sec,0.75,0.750002416,-2.42E-06,55.60401288
7949.5 sec,0.75,0.750001106,-1.11E-06,54.7127085
7950.1 sec,0.75,0.750000506,-5.06E-07,54.30483703
7950.9 sec,0.75,0.750000724,-7.24E-07,54.45292632
7951.8 sec,0.75,0.750002264,-2.26E-06,55.50065913
7952.6 sec,0.75,0.750003905,-3.90E-06,56.61615166
7953.2 sec,0.75,0.750001918,-1.92E-06,55.26516752
7953.8 sec,0.75,0.75000065,-6.50E-07,54.40249375
7954.5 sec,0.75,0.750000503,-5.03E-07,54.30253171
7955.3 sec,0.75,0.750001277,-1.28E-06,54.82940585
7956.2 sec,0.75,0.750003629,-3.63E-06,56.42869404
7956.9 sec,0.75,0.750003165,-3.17E-06,56.11308717
7957.4 sec,0.75,0.750001064,-1.06E-06,54.68427498
7958.1 sec,0.75,0.75000047,-4.70E-07,54.28024342
7958.8 sec,0.75,0.75000071,-7.10E-07,54.44338125
7959.7 sec,0.75,0.750002416,-2.42E-06,55.60401288
7960.3 sec,0.75,0.750001106,-1.11E-06,54.7127085
7961 sec,0.75,0.750000506,-5.06E-07,54.30483703
7961.7 sec,0.75,0.750000724,-7.24E-07,54.45292632
7962.6 sec,0.75,0.750002264,-2.26E-06,55.50065913
7963.4 sec,0.75,0.750003905,-3.90E-06,56.61615166
7964 sec,0.75,0.750001918,-1.92E-06,55.26516752
7964.6 sec,0.75,0.75000065,-6.50E-07,54.40249375
7965.3 sec,0.75,0.750000503,-5.03E-07,54.30253171
7966.1 sec,0.75,0.750001277,-1.28E-06,54.82940585
7967 sec,0.75,0.750003629,-3.63E-06,56.42869404
7967.7 sec,0.75,0.750003165,-3.17E-06,56.11308717
7968.3 sec,0.75,0.750001064,-1.06E-06,54.68427498
7968.9 sec,0.75,0.75000047,-4.70E-07,54.28024342
7969.6 sec,0.75,0.75000071,-7.10E-07,54.44338125
7970.5 sec,0.75,0.750002416,-2.42E-06,55.60401288
7971.1 sec,0.75,0.750001106,-1.11E-06,54.7127085
7971.8 sec,0.75,0.750000506,-5.06E-07,54.30483703
7972.5 sec,0.75,0.750000724,-7.24E-07,54.45292632
7973.4 sec,0.75,0.750002264,-2.26E-06,55.50065913
7974.2 sec,0.75,0.750003905,-3.90E-06,56.61615166
7974.8 sec,0.75,0.750001918,-1.92E-06,55.26516752
7975.4 sec,0.75,0.75000065,-6.50E-07,54.40249375
7976.1 sec,0.75,0.750000503,-5.03E-07,54.30253171
7976.9 sec,0.75,0.750001277,-1.28E-06,54.82940585
7977.8 sec,0.75,0.750003629,-3.63E-06,56.42869404
7978.5 sec,0.75,0.750003165,-3.17E-06,56.11308717
7979.1 sec,0.75,0.750001064,-1.06E-06,54.68427498
7979.7 sec,0.75,0.75000047,-4.70E-07,54.28024342
7980.5 sec,0.75,0.75000071,-7.10E-07,54.44338125
7981.3 sec,0.75,0.750002416,-2.42E-06,55.60401288
7982 sec,0.75,0.750001106,-1.11E-06,54.7127085
7982.6 sec,0.75,0.750000506,-5.06E-07,54.30483703
7983.3 sec,0.75,0.750000724,-7.24E-07,54.45292632
7984.2 sec,0.75,0.750002264,-2.26E-06,55.50065913
7985 sec,0.75,0.750003905,-3.90E-06,56.61615166
7985.6 sec,0.75,0.750001918,-1.92E-06,55.26516752
7986.2 sec,0.75,0.75000065,-6.50E-07,54.40249375
7986.9 sec,0.75,0.750000503,-5.03E-07,54.30253171
7987.7 sec,0.75,0.750001277,-1.28E-06,54.82940585
7988.6 sec,0.75,0.750003629,-3.63E-06,56.42869404
7989.3 sec,0.75,0.750003165,-3.17E-06,56.11308717
7989.9 sec,0.75,0.750001064,-1.06E-06,54.68427498
7990.5 sec,0.75,0.75000047,-4.70E-07,54.28024342
7991.3 sec,0.75,0.75000071,-7.10E-07,54.44338125
7992.1 sec,0.75,0.750002416,-2.42E-06,55.60401288
7992.8 sec,0.75,0.750001106,-1.11E-06,54.7127085
7993.4 sec,0.75,0.750000506,-5.06E-07,54.30483703
7994.2 sec,0.75,0.750000724,-7.24E-07,54.45292632
7995 sec,0.75,0.750002264,-2.26E-06,55.50065913
7995.8 sec,0.75,0.750003905,-3.90E-06,56.61615166
7996.4 sec,0.75,0.750001918,-1.92E-06,55.26516752
7997 sec,0.75,0.75000065,-6.50E-07,54.40249375
7997.7 sec,0.75,0.750000503,-5.03E-07,54.30253171
7998.5 sec,0.75,0.750001277,-1.28E-06,54.82940585
7999.4 sec,0.75,0.750003629,-3.63E-06,56.42869404
8000.1 sec,0.75,0.750003165,-3.17E-06,56.11308717
8000.7 sec,0.75,0.750001064,-1.06E-06,54.68427498
8001.3 sec,0.75,0.75000047,-4.70E-07,54.28024342
8002.1 sec,0.75,0.75000071,-7.10E-07,54.44338125
8003 sec,0.75,0.750002416,-2.42E-06,55.60401288
8003.6 sec,0.75,0.750001106,-1.11E-06,54.7127085
8004.2 sec,0.75,0.750000506,-5.06E-07,54.30483703
8005 sec,0.75,0.750000724,-7.24E-07,54.45292632
8005.8 sec,0.75,0.750002264,-2.26E-06,55.50065913
8006.6 sec,0.75,0.750003905,-3.90E-06,56.61615166
8007.2 sec,0.75,0.750001918,-1.92E-06,55.26516752
8007.8 sec,0.75,0.75000065,-6.50E-07,54.40249375
8008.5 sec,0.75,0.750000503,-5.03E-07,54.30253171
8009.4 sec,0.75,0.750001277,-1.28E-06,54.82940585
8010.2 sec,0.75,0.750003629,-3.63E-06,56.42869404
8010.9 sec,0.75,0.750003165,-3.17E-06,56.11308717
8011.5 sec,0.75,0.750001064,-1.06E-06,54.68427498
8012.1 sec,0.75,0.75000047,-4.70E-07,54.28024342
8012.9 sec,0.75,0.75000071,-7.10E-07,54.44338125
8013.8 sec,0.75,0.750002416,-2.42E-06,55.60401288
8014.4 sec,0.75,0.750001106,-1.11E-06,54.7127085
8015 sec,0.75,0.750000506,-5.06E-07,54.30483703
8015.8 sec,0.75,0.750000724,-7.24E-07,54.45292632
8016.6 sec,0.75,0.750002264,-2.26E-06,55.50065913
8017.4 sec,0.75,0.750003905,-3.90E-06,56.61615166
8018.1 sec,0.75,0.750001918,-1.92E-06,55.26516752
8018.6 sec,0.75,0.75000065,-6.50E-07,54.40249375
8019.3 sec,0.75,0.750000503,-5.03E-07,54.30253171
8020.2 sec,0.75,0.750001277,-1.28E-06,54.82940585
8021 sec,0.75,0.750003629,-3.63E-06,56.42869404
8021.7 sec,0.75,0.750003165,-3.17E-06,56.11308717
8022.3 sec,0.75,0.750001064,-1.06E-06,54.68427498
8022.9 sec,0.75,0.75000047,-4.70E-07,54.28024342
8023.7 sec,0.75,0.75000071,-7.10E-07,54.44338125
8024.6 sec,0.75,0.750002416,-2.42E-06,55.60401288
8025.2 sec,0.75,0.750001106,-1.11E-06,54.7127085
8025.8 sec,0.75,0.750000506,-5.06E-07,54.30483703
8026.6 sec,0.75,0.750000724,-7.24E-07,54.45292632
8027.4 sec,0.75,0.750002264,-2.26E-06,55.50065913
8028.2 sec,0.75,0.750003905,-3.90E-06,56.61615166
8028.9 sec,0.75,0.750001918,-1.92E-06,55.26516752
8029.5 sec,0.75,0.75000065,-6.50E-07,54.40249375
8030.1 sec,0.75,0.750000503,-5.03E-07,54.30253171
8031 sec,0.75,0.750001277,-1.28E-06,54.82940585
8031.8 sec,0.75,0.750003629,-3.63E-06,56.42869404
8032.5 sec,0.75,0.750003165,-3.17E-06,56.11308717
8033.1 sec,0.75,0.750001064,-1.06E-06,54.68427498
8033.7 sec,0.75,0.75000047,-4.70E-07,54.28024342
8034.5 sec,0.75,0.75000071,-7.10E-07,54.44338125
8035.4 sec,0.75,0.750002416,-2.42E-06,55.60401288
8036 sec,0.75,0.750001106,-1.11E-06,54.7127085
8036.6 sec,0.75,0.750000506,-5.06E-07,54.30483703
8037.4 sec,0.75,0.750000724,-7.24E-07,54.45292632
8038.3 sec,0.75,0.750002264,-2.26E-06,55.50065913
8039 sec,0.75,0.750003905,-3.90E-06,56.61615166
8039.7 sec,0.75,0.750001918,-1.92E-06,55.26516752
8040.3 sec,0.75,0.75000065,-6.50E-07,54.40249375
8041 sec,0.75,0.750000503,-5.03E-07,54.30253171
8041.8 sec,0.75,0.750001277,-1.28E-06,54.82940585
8042.6 sec,0.75,0.750003629,-3.63E-06,56.42869404
8043.3 sec,0.75,0.750003165,-3.17E-06,56.11308717
8043.9 sec,0.75,0.750001064,-1.06E-06,54.68427498
8044.6 sec,0.75,0.75000047,-4.70E-07,54.28024342
8045.3 sec,0.75,0.75000071,-7.10E-07,54.44338125
8046.2 sec,0.75,0.750002416,-2.42E-06,55.60401288
8046.8 sec,0.75,0.750001106,-1.11E-06,54.7127085
8047.4 sec,0.75,0.750000506,-5.06E-07,54.30483703
8048.2 sec,0.75,0.750000724,-7.24E-07,54.45292632
8049.1 sec,0.75,0.750002264,-2.26E-06,55.50065913
8049.9 sec,0.75,0.750003905,-3.90E-06,56.61615166
8050.5 sec,0.75,0.750001918,-1.92E-06,55.26516752
8051.1 sec,0.75,0.75000065,-6.50E-07,54.40249375
8051.8 sec,0.75,0.750000503,-5.03E-07,54.30253171
8052.6 sec,0.75,0.750001277,-1.28E-06,54.82940585
8053.5 sec,0.75,0.750003629,-3.63E-06,56.42869404
8054.2 sec,0.75,0.750003165,-3.17E-06,56.11308717
8054.7 sec,0.75,0.750001064,-1.06E-06,54.68427498
8055.4 sec,0.75,0.75000047,-4.70E-07,54.28024342
8056.1 sec,0.75,0.75000071,-7.10E-07,54.44338125
8057 sec,0.75,0.750002416,-2.42E-06,55.60401288
8057.6 sec,0.75,0.750001106,-1.11E-06,54.7127085
8058.3 sec,0.75,0.750000506,-5.06E-07,54.30483703
8059 sec,0.75,0.750000724,-7.24E-07,54.45292632
8059.9 sec,0.75,0.750002264,-2.26E-06,55.50065913
8060.7 sec,0.75,0.750003905,-3.90E-06,56.61615166
8061.3 sec,0.75,0.750001918,-1.92E-06,55.26516752
8061.9 sec,0.75,0.75000065,-6.50E-07,54.40249375
8062.6 sec,0.75,0.750000503,-5.03E-07,54.30253171
8063.4 sec,0.75,0.750001277,-1.28E-06,54.82940585
8064.3 sec,0.75,0.750003629,-3.63E-06,56.42869404
8065 sec,0.75,0.750003165,-3.17E-06,56.11308717
8065.6 sec,0.75,0.750001064,-1.06E-06,54.68427498
8066.2 sec,0.75,0.75000047,-4.70E-07,54.28024342
8066.9 sec,0.75,0.75000071,-7.10E-07,54.44338125
8067.8 sec,0.75,0.750002416,-2.42E-06,55.60401288
8068.4 sec,0.75,0.750001106,-1.11E-06,54.7127085
8069.1 sec,0.75,0.750000506,-5.06E-07,54.30483703
8069.8 sec,0.75,0.750000724,-7.24E-07,54.45292632
8070.7 sec,0.75,0.750002264,-2.26E-06,55.50065913
8071.5 sec,0.75,0.750003905,-3.90E-06,56.61615166
8072.1 sec,0.75,0.750001918,-1.92E-06,55.26516752
8072.7 sec,0.75,0.75000065,-6.50E-07,54.40249375
8073.4 sec,0.75,0.750000503,-5.03E-07,54.30253171
8074.2 sec,0.75,0.750001277,-1.28E-06,54.82940585
8075.1 sec,0.75,0.750003629,-3.63E-06,56.42869404
8075.8 sec,0.75,0.750003165,-3.17E-06,56.11308717
8076.4 sec,0.75,0.750001064,-1.06E-06,54.68427498
8077 sec,0.75,0.75000047,-4.70E-07,54.28024342
8077.8 sec,0.75,0.75000071,-7.10E-07,54.44338125
8078.6 sec,0.75,0.750002416,-2.42E-06,55.60401288
8079.3 sec,0.75,0.750001106,-1.11E-06,54.7127085
8079.9 sec,0.75,0.750000506,-5.06E-07,54.30483703
8080.6 sec,0.75,0.750000724,-7.24E-07,54.45292632
8081.5 sec,0.75,0.750002264,-2.26E-06,55.50065913
8082.3 sec,0.75,0.750003905,-3.90E-06,56.61615166
8082.9 sec,0.75,0.750001918,-1.92E-06,55.26516752
8083.5 sec,0.75,0.75000065,-6.50E-07,54.40249375
8084.2 sec,0.75,0.750000503,-5.03E-07,54.30253171
8085 sec,0.75,0.750001277,-1.28E-06,54.82940585
8085.9 sec,0.75,0.750003629,-3.63E-06,56.42869404
8086.6 sec,0.75,0.750003165,-3.17E-06,56.11308717
8087.2 sec,0.75,0.750001064,-1.06E-06,54.68427498
8087.8 sec,0.75,0.75000047,-4.70E-07,54.28024342
8088.6 sec,0.75,0.75000071,-7.10E-07,54.44338125
8089.4 sec,0.75,0.750002416,-2.42E-06,55.60401288
8090.1 sec,0.75,0.750001106,-1.11E-06,54.7127085
8090.7 sec,0.75,0.750000506,-5.06E-07,54.30483703
8091.5 sec,0.75,0.750000724,-7.24E-07,54.45292632
8092.3 sec,0.75,0.750002264,-2.26E-06,55.50065913
8093.1 sec,0.75,0.750003905,-3.90E-06,56.61615166
8093.7 sec,0.75,0.750001918,-1.92E-06,55.26516752
8094.3 sec,0.75,0.75000065,-6.50E-07,54.40249375
8095 sec,0.75,0.750000503,-5.03E-07,54.30253171
8095.8 sec,0.75,0.750001277,-1.28E-06,54.82940585
8096.7 sec,0.75,0.750003629,-3.63E-06,56.42869404
8097.4 sec,0.75,0.750003165,-3.17E-06,56.11308717
8098 sec,0.75,0.750001064,-1.06E-06,54.68427498
8098.6 sec,0.75,0.75000047,-4.70E-07,54.28024342
8099.4 sec,0.75,0.75000071,-7.10E-07,54.44338125
8100.3 sec,0.75,0.750002416,-2.42E-06,55.60401288
8100.9 sec,0.75,0.750001106,-1.11E-06,54.7127085
8101.5 sec,0.75,0.750000506,-5.06E-07,54.30483703
8102.3 sec,0.75,0.750000724,-7.24E-07,54.45292632
8103.1 sec,0.75,0.750002264,-2.26E-06,55.50065913
8103.9 sec,0.75,0.750003905,-3.90E-06,56.61615166
8104.5 sec,0.75,0.750001918,-1.92E-06,55.26516752
8105.1 sec,0.75,0.75000065,-6.50E-07,54.40249375
8105.8 sec,0.75,0.750000503,-5.03E-07,54.30253171
8106.7 sec,0.75,0.750001277,-1.28E-06,54.82940585
8107.5 sec,0.75,0.750003629,-3.63E-06,56.42869404
8108.2 sec,0.75,0.750003165,-3.17E-06,56.11308717
8108.8 sec,0.75,0.750001064,-1.06E-06,54.68427498
8109.4 sec,0.75,0.75000047,-4.70E-07,54.28024342
8110.2 sec,0.75,0.75000071,-7.10E-07,54.44338125
8111.1 sec,0.75,0.750002416,-2.42E-06,55.60401288
8111.7 sec,0.75,0.750001106,-1.11E-06,54.7127085
8112.3 sec,0.75,0.750000506,-5.06E-07,54.30483703
8113.1 sec,0.75,0.750000724,-7.24E-07,54.45292632
8113.9 sec,0.75,0.750002264,-2.26E-06,55.50065913
8114.7 sec,0.75,0.750003905,-3.90E-06,56.61615166
8115.4 sec,0.75,0.750001918,-1.92E-06,55.26516752
8115.9 sec,0.75,0.75000065,-6.50E-07,54.40249375
8116.6 sec,0.75,0.750000503,-5.03E-07,54.30253171
8117.5 sec,0.75,0.750001277,-1.28E-06,54.82940585
8118.3 sec,0.75,0.750003629,-3.63E-06,56.42869404
8119 sec,0.75,0.750003165,-3.17E-06,56.11308717
8119.6 sec,0.75,0.750001064,-1.06E-06,54.68427498
8120.2 sec,0.75,0.75000047,-4.70E-07,54.28024342
8121 sec,0.75,0.75000071,-7.10E-07,54.44338125
8121.9 sec,0.75,0.750002416,-2.42E-06,55.60401288
8122.5 sec,0.75,0.750001106,-1.11E-06,54.7127085
8123.1 sec,0.75,0.750000506,-5.06E-07,54.30483703
8123.9 sec,0.75,0.750000724,-7.24E-07,54.45292632
8124.7 sec,0.75,0.750002264,-2.26E-06,55.50065913
8125.5 sec,0.75,0.750003905,-3.90E-06,56.61615166
8126.2 sec,0.75,0.750001918,-1.92E-06,55.26516752
8126.8 sec,0.75,0.75000065,-6.50E-07,54.40249375
8127.4 sec,0.75,0.750000503,-5.03E-07,54.30253171
8128.3 sec,0.75,0.750001277,-1.28E-06,54.82940585
8129.1 sec,0.75,0.750003629,-3.63E-06,56.42869404
8129.8 sec,0.75,0.750003165,-3.17E-06,56.11308717
8130.4 sec,0.75,0.750001064,-1.06E-06,54.68427498
8131 sec,0.75,0.75000047,-4.70E-07,54.28024342
8131.8 sec,0.75,0.75000071,-7.10E-07,54.44338125
8132.7 sec,0.75,0.750002416,-2.42E-06,55.60401288
8133.3 sec,0.75,0.750001106,-1.11E-06,54.7127085
8133.9 sec,0.75,0.750000506,-5.06E-07,54.30483703
8134.7 sec,0.75,0.750000724,-7.24E-07,54.45292632
8135.6 sec,0.75,0.750002264,-2.26E-06,55.50065913
8136.3 sec,0.75,0.750003905,-3.90E-06,56.61615166
8137 sec,0.75,0.750001918,-1.92E-06,55.26516752
8137.6 sec,0.75,0.75000065,-6.50E-07,54.40249375
8138.3 sec,0.75,0.750000503,-5.03E-07,54.30253171
8139.1 sec,0.75,0.750001277,-1.28E-06,54.82940585
8139.9 sec,0.75,0.750003629,-3.63E-06,56.42869404
8140.6 sec,0.75,0.750003165,-3.17E-06,56.11308717
8141.2 sec,0.75,0.750001064,-1.06E-06,54.68427498
8141.9 sec,0.75,0.75000047,-4.70E-07,54.28024342
8142.6 sec,0.75,0.75000071,-7.10E-07,54.44338125
8143.5 sec,0.75,0.750002416,-2.42E-06,55.60401288
8144.1 sec,0.75,0.750001106,-1.11E-06,54.7127085
8144.7 sec,0.75,0.750000506,-5.06E-07,54.30483703
8145.5 sec,0.75,0.750000724,-7.24E-07,54.45292632
8146.4 sec,0.75,0.750002264,-2.26E-06,55.50065913
8147.2 sec,0.75,0.750003905,-3.90E-06,56.61615166
8147.8 sec,0.75,0.750001918,-1.92E-06,55.26516752
8148.4 sec,0.75,0.75000065,-6.50E-07,54.40249375
8149.1 sec,0.75,0.750000503,-5.03E-07,54.30253171
8149.9 sec,0.75,0.750001277,-1.28E-06,54.82940585
8150.8 sec,0.75,0.750003629,-3.63E-06,56.42869404
8151.5 sec,0.75,0.750003165,-3.17E-06,56.11308717
8152 sec,0.75,0.750001064,-1.06E-06,54.68427498
8152.7 sec,0.75,0.75000047,-4.70E-07,54.28024342
8153.4 sec,0.75,0.75000071,-7.10E-07,54.44338125
8154.3 sec,0.75,0.750002416,-2.42E-06,55.60401288
8154.9 sec,0.75,0.750001106,-1.11E-06,54.7127085
8155.6 sec,0.75,0.750000506,-5.06E-07,54.30483703
8156.3 sec,0.75,0.750000724,-7.24E-07,54.45292632
8157.2 sec,0.75,0.750002264,-2.26E-06,55.50065913
8158 sec,0.75,0.750003905,-3.90E-06,56.61615166
8158.6 sec,0.75,0.750001918,-1.92E-06,55.26516752
8159.2 sec,0.75,0.75000065,-6.50E-07,54.40249375
8159.9 sec,0.75,0.750000503,-5.03E-07,54.30253171
8160.7 sec,0.75,0.750001277,-1.28E-06,54.82940585
8161.6 sec,0.75,0.750003629,-3.63E-06,56.42869404
8162.3 sec,0.75,0.750003165,-3.17E-06,56.11308717
8162.9 sec,0.75,0.750001064,-1.06E-06,54.68427498
8163.5 sec,0.75,0.75000047,-4.70E-07,54.28024342
8164.2 sec,0.75,0.75000071,-7.10E-07,54.44338125
8165.1 sec,0.75,0.750002416,-2.42E-06,55.60401288
8165.7 sec,0.75,0.750001106,-1.11E-06,54.7127085
8166.4 sec,0.75,0.750000506,-5.06E-07,54.30483703
8167.1 sec,0.75,0.750000724,-7.24E-07,54.45292632
8168 sec,0.75,0.750002264,-2.26E-06,55.50065913
8168.8 sec,0.75,0.750003905,-3.90E-06,56.61615166
8169.4 sec,0.75,0.750001918,-1.92E-06,55.26516752
8170 sec,0.75,0.75000065,-6.50E-07,54.40249375
8170.7 sec,0.75,0.750000503,-5.03E-07,54.30253171
8171.5 sec,0.75,0.750001277,-1.28E-06,54.82940585
8172.4 sec,0.75,0.750003629,-3.63E-06,56.42869404
8173.1 sec,0.75,0.750003165,-3.17E-06,56.11308717
8173.7 sec,0.75,0.750001064,-1.06E-06,54.68427498
8174.3 sec,0.75,0.75000047,-4.70E-07,54.28024342
8175.1 sec,0.75,0.75000071,-7.10E-07,54.44338125
8175.9 sec,0.75,0.750002416,-2.42E-06,55.60401288
8176.6 sec,0.75,0.750001106,-1.11E-06,54.7127085
8177.2 sec,0.75,0.750000506,-5.06E-07,54.30483703
8177.9 sec,0.75,0.750000724,-7.24E-07,54.45292632
8178.8 sec,0.75,0.750002264,-2.26E-06,55.50065913
8179.6 sec,0.75,0.750003905,-3.90E-06,56.61615166
8180.2 sec,0.75,0.750001918,-1.92E-06,55.26516752
8180.8 sec,0.75,0.75000065,-6.50E-07,54.40249375
8181.5 sec,0.75,0.750000503,-5.03E-07,54.30253171
8182.3 sec,0.75,0.750001277,-1.28E-06,54.82940585
8183.2 sec,0.75,0.750003629,-3.63E-06,56.42869404
8183.9 sec,0.75,0.750003165,-3.17E-06,56.11308717
8184.5 sec,0.75,0.750001064,-1.06E-06,54.68427498
8185.1 sec,0.75,0.75000047,-4.70E-07,54.28024342
8185.9 sec,0.75,0.75000071,-7.10E-07,54.44338125
8186.7 sec,0.75,0.750002416,-2.42E-06,55.60401288
8187.4 sec,0.75,0.750001106,-1.11E-06,54.7127085
8188 sec,0.75,0.750000506,-5.06E-07,54.30483703
8188.8 sec,0.75,0.750000724,-7.24E-07,54.45292632
8189.6 sec,0.75,0.750002264,-2.26E-06,55.50065913
8190.4 sec,0.75,0.750003905,-3.90E-06,56.61615166
8191 sec,0.75,0.750001918,-1.92E-06,55.26516752
8191.6 sec,0.75,0.75000065,-6.50E-07,54.40249375
8192.3 sec,0.75,0.750000503,-5.03E-07,54.30253171
8193.1 sec,0.75,0.750001277,-1.28E-06,54.82940585
8194 sec,0.75,0.750003629,-3.63E-06,56.42869404
8194.7 sec,0.75,0.750003165,-3.17E-06,56.11308717
8195.3 sec,0.75,0.750001064,-1.06E-06,54.68427498
8195.9 sec,0.75,0.75000047,-4.70E-07,54.28024342
8196.7 sec,0.75,0.75000071,-7.10E-07,54.44338125
8197.6 sec,0.75,0.750002416,-2.42E-06,55.60401288
8198.2 sec,0.75,0.750001106,-1.11E-06,54.7127085
8198.8 sec,0.75,0.750000506,-5.06E-07,54.30483703
8199.6 sec,0.75,0.750000724,-7.24E-07,54.45292632
8200.4 sec,0.75,0.750002264,-2.26E-06,55.50065913
8201.2 sec,0.75,0.750003905,-3.90E-06,56.61615166
8201.8 sec,0.75,0.750001918,-1.92E-06,55.26516752
8202.4 sec,0.75,0.75000065,-6.50E-07,54.40249375
8203.1 sec,0.75,0.750000503,-5.03E-07,54.30253171
8204 sec,0.75,0.750001277,-1.28E-06,54.82940585
8204.8 sec,0.75,0.750003629,-3.63E-06,56.42869404
8205.5 sec,0.75,0.750003165,-3.17E-06,56.11308717
8206.1 sec,0.75,0.750001064,-1.06E-06,54.68427498
8206.7 sec,0.75,0.75000047,-4.70E-07,54.28024342
8207.5 sec,0.75,0.75000071,-7.10E-07,54.44338125
8208.4 sec,0.75,0.750002416,-2.42E-06,55.60401288
8209 sec,0.75,0.750001106,-1.11E-06,54.7127085
8209.6 sec,0.75,0.750000506,-5.06E-07,54.30483703
8210.4 sec,0.75,0.750000724,-7.24E-07,54.45292632
8211.2 sec,0.75,0.750002264,-2.26E-06,55.50065913
8212 sec,0.75,0.750003905,-3.90E-06,56.61615166
8212.7 sec,0.75,0.750001918,-1.92E-06,55.26516752
8213.2 sec,0.75,0.75000065,-6.50E-07,54.40249375
8213.9 sec,0.75,0.750000503,-5.03E-07,54.30253171
8214.8 sec,0.75,0.750001277,-1.28E-06,54.82940585
8215.6 sec,0.75,0.750003629,-3.63E-06,56.42869404
8216.3 sec,0.75,0.750003165,-3.17E-06,56.11308717
8216.9 sec,0.75,0.750001064,-1.06E-06,54.68427498
8217.5 sec,0.75,0.75000047,-4.70E-07,54.28024342
8218.3 sec,0.75,0.75000071,-7.10E-07,54.44338125
8219.2 sec,0.75,0.750002416,-2.42E-06,55.60401288
8219.8 sec,0.75,0.750001106,-1.11E-06,54.7127085
8220.4 sec,0.75,0.750000506,-5.06E-07,54.30483703
8221.2 sec,0.75,0.750000724,-7.24E-07,54.45292632
8222 sec,0.75,0.750002264,-2.26E-06,55.50065913
8222.8 sec,0.75,0.750003905,-3.90E-06,56.61615166
8223.5 sec,0.75,0.750001918,-1.92E-06,55.26516752
8224.1 sec,0.75,0.75000065,-6.50E-07,54.40249375
8224.7 sec,0.75,0.750000503,-5.03E-07,54.30253171
8225.6 sec,0.75,0.750001277,-1.28E-06,54.82940585
8226.4 sec,0.75,0.750003629,-3.63E-06,56.42869404
8227.1 sec,0.75,0.750003165,-3.17E-06,56.11308717
8227.7 sec,0.75,0.750001064,-1.06E-06,54.68427498
8228.3 sec,0.75,0.75000047,-4.70E-07,54.28024342
8229.1 sec,0.75,0.75000071,-7.10E-07,54.44338125
8230 sec,0.75,0.750002416,-2.42E-06,55.60401288
8230.6 sec,0.75,0.750001106,-1.11E-06,54.7127085
8231.2 sec,0.75,0.750000506,-5.06E-07,54.30483703
8232 sec,0.75,0.750000724,-7.24E-07,54.45292632
8232.9 sec,0.75,0.750002264,-2.26E-06,55.50065913
8233.6 sec,0.75,0.750003905,-3.90E-06,56.61615166
8234.3 sec,0.75,0.750001918,-1.92E-06,55.26516752
8234.9 sec,0.75,0.75000065,-6.50E-07,54.40249375
8235.6 sec,0.75,0.750000503,-5.03E-07,54.30253171
8236.4 sec,0.75,0.750001277,-1.28E-06,54.82940585
8237.2 sec,0.75,0.750003629,-3.63E-06,56.42869404
8237.9 sec,0.75,0.750003165,-3.17E-06,56.11308717
8238.5 sec,0.75,0.750001064,-1.06E-06,54.68427498
8239.2 sec,0.75,0.75000047,-4.70E-07,54.28024342
8239.9 sec,0.75,0.75000071,-7.10E-07,54.44338125
8240.8 sec,0.75,0.750002416,-2.42E-06,55.60401288
8241.4 sec,0.75,0.750001106,-1.11E-06,54.7127085
8242 sec,0.75,0.750000506,-5.06E-07,54.30483703
8242.8 sec,0.75,0.750000724,-7.24E-07,54.45292632
8243.7 sec,0.75,0.750002264,-2.26E-06,55.50065913
8244.5 sec,0.75,0.750003905,-3.90E-06,56.61615166
8245.1 sec,0.75,0.750001918,-1.92E-06,55.26516752
8245.7 sec,0.75,0.75000065,-6.50E-07,54.40249375
8246.4 sec,0.75,0.750000503,-5.03E-07,54.30253171
8247.2 sec,0.75,0.750001277,-1.28E-06,54.82940585
8248.1 sec,0.75,0.750003629,-3.63E-06,56.42869404
8248.8 sec,0.75,0.750003165,-3.17E-06,56.11308717
8249.3 sec,0.75,0.750001064,-1.06E-06,54.68427498
8250 sec,0.75,0.75000047,-4.70E-07,54.28024342
8250.7 sec,0.75,0.75000071,-7.10E-07,54.44338125
8251.6 sec,0.75,0.750002416,-2.42E-06,55.60401288
8252.2 sec,0.75,0.750001106,-1.11E-06,54.7127085
8252.9 sec,0.75,0.750000506,-5.06E-07,54.30483703
8253.6 sec,0.75,0.750000724,-7.24E-07,54.45292632
8254.5 sec,0.75,0.750002264,-2.26E-06,55.50065913
8255.3 sec,0.75,0.750003905,-3.90E-06,56.61615166
8255.9 sec,0.75,0.750001918,-1.92E-06,55.26516752
8256.5 sec,0.75,0.75000065,-6.50E-07,54.40249375
8257.2 sec,0.75,0.750000503,-5.03E-07,54.30253171
8258 sec,0.75,0.750001277,-1.28E-06,54.82940585
8258.9 sec,0.75,0.750003629,-3.63E-06,56.42869404
8259.6 sec,0.75,0.750003165,-3.17E-06,56.11308717
8260.2 sec,0.75,0.750001064,-1.06E-06,54.68427498
8260.8 sec,0.75,0.75000047,-4.70E-07,54.28024342
8261.5 sec,0.75,0.75000071,-7.10E-07,54.44338125
8262.4 sec,0.75,0.750002416,-2.42E-06,55.60401288
8263 sec,0.75,0.750001106,-1.11E-06,54.7127085
8263.7 sec,0.75,0.750000506,-5.06E-07,54.30483703
8264.4 sec,0.75,0.750000724,-7.24E-07,54.45292632
8265.3 sec,0.75,0.750002264,-2.26E-06,55.50065913
8266.1 sec,0.75,0.750003905,-3.90E-06,56.61615166
8266.7 sec,0.75,0.750001918,-1.92E-06,55.26516752
8267.3 sec,0.75,0.75000065,-6.50E-07,54.40249375
8268 sec,0.75,0.750000503,-5.03E-07,54.30253171
8268.8 sec,0.75,0.750001277,-1.28E-06,54.82940585
8269.7 sec,0.75,0.750003629,-3.63E-06,56.42869404
8270.4 sec,0.75,0.750003165,-3.17E-06,56.11308717
8271 sec,0.75,0.750001064,-1.06E-06,54.68427498
8271.6 sec,0.75,0.75000047,-4.70E-07,54.28024342
8272.4 sec,0.75,0.75000071,-7.10E-07,54.44338125
8273.2 sec,0.75,0.750002416,-2.42E-06,55.60401288
8273.9 sec,0.75,0.750001106,-1.11E-06,54.7127085
8274.5 sec,0.75,0.750000506,-5.06E-07,54.30483703
8275.2 sec,0.75,0.750000724,-7.24E-07,54.45292632
8276.1 sec,0.75,0.750002264,-2.26E-06,55.50065913
8276.9 sec,0.75,0.750003905,-3.90E-06,56.61615166
8277.5 sec,0.75,0.750001918,-1.92E-06,55.26516752
8278.1 sec,0.75,0.75000065,-6.50E-07,54.40249375
8278.8 sec,0.75,0.750000503,-5.03E-07,54.30253171
8279.6 sec,0.75,0.750001277,-1.28E-06,54.82940585
8280.5 sec,0.75,0.750003629,-3.63E-06,56.42869404
8281.2 sec,0.75,0.750003165,-3.17E-06,56.11308717
8281.8 sec,0.75,0.750001064,-1.06E-06,54.68427498
8282.4 sec,0.75,0.75000047,-4.70E-07,54.28024342
8283.2 sec,0.75,0.75000071,-7.10E-07,54.44338125
8284 sec,0.75,0.750002416,-2.42E-06,55.60401288
8284.7 sec,0.75,0.750001106,-1.11E-06,54.7127085
8285.3 sec,0.75,0.750000506,-5.06E-07,54.30483703
8286.1 sec,0.75,0.750000724,-7.24E-07,54.45292632
8286.9 sec,0.75,0.750002264,-2.26E-06,55.50065913
8287.7 sec,0.75,0.750003905,-3.90E-06,56.61615166
8288.3 sec,0.75,0.750001918,-1.92E-06,55.26516752
8288.9 sec,0.75,0.75000065,-6.50E-07,54.40249375
8289.6 sec,0.75,0.750000503,-5.03E-07,54.30253171
8290.4 sec,0.75,0.750001277,-1.28E-06,54.82940585
8291.3 sec,0.75,0.750003629,-3.63E-06,56.42869404
8292 sec,0.75,0.750003165,-3.17E-06,56.11308717
8292.6 sec,0.75,0.750001064,-1.06E-06,54.68427498
8293.2 sec,0.75,0.75000047,-4.70E-07,54.28024342
8294 sec,0.75,0.75000071,-7.10E-07,54.44338125
8294.9 sec,0.75,0.750002416,-2.42E-06,55.60401288
8295.5 sec,0.75,0.750001106,-1.11E-06,54.7127085
8296.1 sec,0.75,0.750000506,-5.06E-07,54.30483703
8296.9 sec,0.75,0.750000724,-7.24E-07,54.45292632
8297.7 sec,0.75,0.750002264,-2.26E-06,55.50065913
8298.5 sec,0.75,0.750003905,-3.90E-06,56.61615166
8299.1 sec,0.75,0.750001918,-1.92E-06,55.26516752
8299.7 sec,0.75,0.75000065,-6.50E-07,54.40249375
8300.4 sec,0.75,0.750000503,-5.03E-07,54.30253171
8301.3 sec,0.75,0.750001277,-1.28E-06,54.82940585
8302.1 sec,0.75,0.750003629,-3.63E-06,56.42869404
8302.8 sec,0.75,0.750003165,-3.17E-06,56.11308717
8303.4 sec,0.75,0.750001064,-1.06E-06,54.68427498
8304 sec,0.75,0.75000047,-4.70E-07,54.28024342
8304.8 sec,0.75,0.75000071,-7.10E-07,54.44338125
8305.7 sec,0.75,0.750002416,-2.42E-06,55.60401288
8306.3 sec,0.75,0.750001106,-1.11E-06,54.7127085
8306.9 sec,0.75,0.750000506,-5.06E-07,54.30483703
8307.7 sec,0.75,0.750000724,-7.24E-07,54.45292632
8308.5 sec,0.75,0.750002264,-2.26E-06,55.50065913
8309.3 sec,0.75,0.750003905,-3.90E-06,56.61615166
8310 sec,0.75,0.750001918,-1.92E-06,55.26516752
8310.5 sec,0.75,0.75000065,-6.50E-07,54.40249375
8311.2 sec,0.75,0.750000503,-5.03E-07,54.30253171
8312.1 sec,0.75,0.750001277,-1.28E-06,54.82940585
8312.9 sec,0.75,0.750003629,-3.63E-06,56.42869404
8313.6 sec,0.75,0.750003165,-3.17E-06,56.11308717
8314.2 sec,0.75,0.750001064,-1.06E-06,54.68427498
8314.8 sec,0.75,0.75000047,-4.70E-07,54.28024342
8315.6 sec,0.75,0.75000071,-7.10E-07,54.44338125
8316.5 sec,0.75,0.750002416,-2.42E-06,55.60401288
8317.1 sec,0.75,0.750001106,-1.11E-06,54.7127085
8317.7 sec,0.75,0.750000506,-5.06E-07,54.30483703
8318.5 sec,0.75,0.750000724,-7.24E-07,54.45292632
8319.3 sec,0.75,0.750002264,-2.26E-06,55.50065913
8320.1 sec,0.75,0.750003905,-3.90E-06,56.61615166
8320.8 sec,0.75,0.750001918,-1.92E-06,55.26516752
8321.4 sec,0.75,0.75000065,-6.50E-07,54.40249375
8322 sec,0.75,0.750000503,-5.03E-07,54.30253171
8322.9 sec,0.75,0.750001277,-1.28E-06,54.82940585
8323.7 sec,0.75,0.750003629,-3.63E-06,56.42869404
8324.4 sec,0.75,0.750003165,-3.17E-06,56.11308717
8325 sec,0.75,0.750001064,-1.06E-06,54.68427498
8325.6 sec,0.75,0.75000047,-4.70E-07,54.28024342
8326.4 sec,0.75,0.75000071,-7.10E-07,54.44338125
8327.3 sec,0.75,0.750002416,-2.42E-06,55.60401288
8327.9 sec,0.75,0.750001106,-1.11E-06,54.7127085
8328.5 sec,0.75,0.750000506,-5.06E-07,54.30483703
8329.3 sec,0.75,0.750000724,-7.24E-07,54.45292632
8330.2 sec,0.75,0.750002264,-2.26E-06,55.50065913
8330.9 sec,0.75,0.750003905,-3.90E-06,56.61615166
8331.6 sec,0.75,0.750001918,-1.92E-06,55.26516752
8332.2 sec,0.75,0.75000065,-6.50E-07,54.40249375
8332.9 sec,0.75,0.750000503,-5.03E-07,54.30253171
8333.7 sec,0.75,0.750001277,-1.28E-06,54.82940585
8334.5 sec,0.75,0.750003629,-3.63E-06,56.42869404
8335.2 sec,0.75,0.750003165,-3.17E-06,56.11308717
8335.8 sec,0.75,0.750001064,-1.06E-06,54.68427498
8336.5 sec,0.75,0.75000047,-4.70E-07,54.28024342
8337.2 sec,0.75,0.75000071,-7.10E-07,54.44338125
8338.1 sec,0.75,0.750002416,-2.42E-06,55.60401288
8338.7 sec,0.75,0.750001106,-1.11E-06,54.7127085
8339.3 sec,0.75,0.750000506,-5.06E-07,54.30483703
8340.1 sec,0.75,0.750000724,-7.24E-07,54.45292632
8341 sec,0.75,0.750002264,-2.26E-06,55.50065913
8341.8 sec,0.75,0.750003905,-3.90E-06,56.61615166
8342.4 sec,0.75,0.750001918,-1.92E-06,55.26516752
8343 sec,0.75,0.75000065,-6.50E-07,54.40249375
8343.7 sec,0.75,0.750000503,-5.03E-07,54.30253171
8344.5 sec,0.75,0.750001277,-1.28E-06,54.82940585
8345.4 sec,0.75,0.750003629,-3.63E-06,56.42869404
8346.1 sec,0.75,0.750003165,-3.17E-06,56.11308717
8346.6 sec,0.75,0.750001064,-1.06E-06,54.68427498
8347.3 sec,0.75,0.75000047,-4.70E-07,54.28024342
8348 sec,0.75,0.75000071,-7.10E-07,54.44338125
8348.9 sec,0.75,0.750002416,-2.42E-06,55.60401288
8349.5 sec,0.75,0.750001106,-1.11E-06,54.7127085
8350.2 sec,0.75,0.750000506,-5.06E-07,54.30483703
8350.9 sec,0.75,0.750000724,-7.24E-07,54.45292632
8351.8 sec,0.75,0.750002264,-2.26E-06,55.50065913
8352.6 sec,0.75,0.750003905,-3.90E-06,56.61615166
8353.2 sec,0.75,0.750001918,-1.92E-06,55.26516752
8353.8 sec,0.75,0.75000065,-6.50E-07,54.40249375
8354.5 sec,0.75,0.750000503,-5.03E-07,54.30253171
8355.3 sec,0.75,0.750001277,-1.28E-06,54.82940585
8356.2 sec,0.75,0.750003629,-3.63E-06,56.42869404
8356.9 sec,0.75,0.750003165,-3.17E-06,56.11308717
8357.5 sec,0.75,0.750001064,-1.06E-06,54.68427498
8358.1 sec,0.75,0.75000047,-4.70E-07,54.28024342
8358.8 sec,0.75,0.75000071,-7.10E-07,54.44338125
8359.7 sec,0.75,0.750002416,-2.42E-06,55.60401288
8360.3 sec,0.75,0.750001106,-1.11E-06,54.7127085
8361 sec,0.75,0.750000506,-5.06E-07,54.30483703
8361.7 sec,0.75,0.750000724,-7.24E-07,54.45292632
8362.6 sec,0.75,0.750002264,-2.26E-06,55.50065913
8363.4 sec,0.75,0.750003905,-3.90E-06,56.61615166
8364 sec,0.75,0.750001918,-1.92E-06,55.26516752
8364.6 sec,0.75,0.75000065,-6.50E-07,54.40249375
8365.3 sec,0.75,0.750000503,-5.03E-07,54.30253171
8366.1 sec,0.75,0.750001277,-1.28E-06,54.82940585
8367 sec,0.75,0.750003629,-3.63E-06,56.42869404
8367.7 sec,0.75,0.750003165,-3.17E-06,56.11308717
8368.3 sec,0.75,0.750001064,-1.06E-06,54.68427498
8368.9 sec,0.75,0.75000047,-4.70E-07,54.28024342
8369.7 sec,0.75,0.75000071,-7.10E-07,54.44338125
8370.5 sec,0.75,0.750002416,-2.42E-06,55.60401288
8371.2 sec,0.75,0.750001106,-1.11E-06,54.7127085
8371.8 sec,0.75,0.750000506,-5.06E-07,54.30483703
8372.5 sec,0.75,0.750000724,-7.24E-07,54.45292632
8373.4 sec,0.75,0.750002264,-2.26E-06,55.50065913
8374.2 sec,0.75,0.750003905,-3.90E-06,56.61615166
8374.8 sec,0.75,0.750001918,-1.92E-06,55.26516752
8375.4 sec,0.75,0.75000065,-6.50E-07,54.40249375
8376.1 sec,0.75,0.750000503,-5.03E-07,54.30253171
8376.9 sec,0.75,0.750001277,-1.28E-06,54.82940585
8377.8 sec,0.75,0.750003629,-3.63E-06,56.42869404
8378.5 sec,0.75,0.750003165,-3.17E-06,56.11308717
8379.1 sec,0.75,0.750001064,-1.06E-06,54.68427498
8379.7 sec,0.75,0.75000047,-4.70E-07,54.28024342
8380.5 sec,0.75,0.75000071,-7.10E-07,54.44338125
8381.3 sec,0.75,0.750002416,-2.42E-06,55.60401288
8382 sec,0.75,0.750001106,-1.11E-06,54.7127085
8382.6 sec,0.75,0.750000506,-5.06E-07,54.30483703
8383.4 sec,0.75,0.750000724,-7.24E-07,54.45292632
8384.2 sec,0.75,0.750002264,-2.26E-06,55.50065913
8385 sec,0.75,0.750003905,-3.90E-06,56.61615166
8385.6 sec,0.75,0.750001918,-1.92E-06,55.26516752
8386.2 sec,0.75,0.75000065,-6.50E-07,54.40249375
8386.9 sec,0.75,0.750000503,-5.03E-07,54.30253171
8387.7 sec,0.75,0.750001277,-1.28E-06,54.82940585
8388.6 sec,0.75,0.750003629,-3.63E-06,56.42869404
8389.3 sec,0.75,0.750003165,-3.17E-06,56.11308717
8389.9 sec,0.75,0.750001064,-1.06E-06,54.68427498
8390.5 sec,0.75,0.75000047,-4.70E-07,54.28024342
8391.3 sec,0.75,0.75000071,-7.10E-07,54.44338125
8392.2 sec,0.75,0.750002416,-2.42E-06,55.60401288
8392.8 sec,0.75,0.750001106,-1.11E-06,54.7127085
8393.4 sec,0.75,0.750000506,-5.06E-07,54.30483703
8394.2 sec,0.75,0.750000724,-7.24E-07,54.45292632
8395 sec,0.75,0.750002264,-2.26E-06,55.50065913
8395.8 sec,0.75,0.750003905,-3.90E-06,56.61615166
8396.4 sec,0.75,0.750001918,-1.92E-06,55.26516752
8397 sec,0.75,0.75000065,-6.50E-07,54.40249375
8397.7 sec,0.75,0.750000503,-5.03E-07,54.30253171
8398.6 sec,0.75,0.750001277,-1.28E-06,54.82940585
8399.4 sec,0.75,0.750003629,-3.63E-06,56.42869404
8400.1 sec,0.75,0.750003165,-3.17E-06,56.11308717
8400.7 sec,0.75,0.750001064,-1.06E-06,54.68427498
8401.3 sec,0.75,0.75000047,-4.70E-07,54.28024342
8402.1 sec,0.75,0.75000071,-7.10E-07,54.44338125
8403 sec,0.75,0.750002416,-2.42E-06,55.60401288
8403.6 sec,0.75,0.750001106,-1.11E-06,54.7127085
8404.2 sec,0.75,0.750000506,-5.06E-07,54.30483703
8405 sec,0.75,0.750000724,-7.24E-07,54.45292632
8405.8 sec,0.75,0.750002264,-2.26E-06,55.50065913
8406.6 sec,0.75,0.750003905,-3.90E-06,56.61615166
8407.3 sec,0.75,0.750001918,-1.92E-06,55.26516752
8407.8 sec,0.75,0.75000065,-6.50E-07,54.40249375
8408.5 sec,0.75,0.750000503,-5.03E-07,54.30253171
8409.4 sec,0.75,0.750001277,-1.28E-06,54.82940585
8410.2 sec,0.75,0.750003629,-3.63E-06,56.42869404
8410.9 sec,0.75,0.750003165,-3.17E-06,56.11308717
8411.5 sec,0.75,0.750001064,-1.06E-06,54.68427498
8412.1 sec,0.75,0.75000047,-4.70E-07,54.28024342
8412.9 sec,0.75,0.75000071,-7.10E-07,54.44338125
8413.8 sec,0.75,0.750002416,-2.42E-06,55.60401288
8414.4 sec,0.75,0.750001106,-1.11E-06,54.7127085
8415 sec,0.75,0.750000506,-5.06E-07,54.30483703
8415.8 sec,0.75,0.750000724,-7.24E-07,54.45292632
8416.6 sec,0.75,0.750002264,-2.26E-06,55.50065913
8417.4 sec,0.75,0.750003905,-3.90E-06,56.61615166
8418.1 sec,0.75,0.750001918,-1.92E-06,55.26516752
8418.7 sec,0.75,0.75000065,-6.50E-07,54.40249375
8419.3 sec,0.75,0.750000503,-5.03E-07,54.30253171
8420.2 sec,0.75,0.750001277,-1.28E-06,54.82940585
8421 sec,0.75,0.750003629,-3.63E-06,56.42869404
8421.7 sec,0.75,0.750003165,-3.17E-06,56.11308717
8422.3 sec,0.75,0.750001064,-1.06E-06,54.68427498
8422.9 sec,0.75,0.75000047,-4.70E-07,54.28024342
8423.7 sec,0.75,0.75000071,-7.10E-07,54.44338125
8424.6 sec,0.75,0.750002416,-2.42E-06,55.60401288
8425.2 sec,0.75,0.750001106,-1.11E-06,54.7127085
8425.8 sec,0.75,0.750000506,-5.06E-07,54.30483703
8426.6 sec,0.75,0.750000724,-7.24E-07,54.45292632
8427.5 sec,0.75,0.750002264,-2.26E-06,55.50065913
8428.2 sec,0.75,0.750003905,-3.90E-06,56.61615166
8428.9 sec,0.75,0.750001918,-1.92E-06,55.26516752
8429.5 sec,0.75,0.75000065,-6.50E-07,54.40249375
8430.2 sec,0.75,0.750000503,-5.03E-07,54.30253171
8431 sec,0.75,0.750001277,-1.28E-06,54.82940585
8431.8 sec,0.75,0.750003629,-3.63E-06,56.42869404
8432.5 sec,0.75,0.750003165,-3.17E-06,56.11308717
8433.1 sec,0.75,0.750001064,-1.06E-06,54.68427498
8433.8 sec,0.75,0.75000047,-4.70E-07,54.28024342
8434.5 sec,0.75,0.75000071,-7.10E-07,54.44338125
8435.4 sec,0.75,0.750002416,-2.42E-06,55.60401288
8436 sec,0.75,0.750001106,-1.11E-06,54.7127085
8436.6 sec,0.75,0.750000506,-5.06E-07,54.30483703
8437.4 sec,0.75,0.750000724,-7.24E-07,54.45292632
8438.3 sec,0.75,0.750002264,-2.26E-06,55.50065913
8439.1 sec,0.75,0.750003905,-3.90E-06,56.61615166
8439.7 sec,0.75,0.750001918,-1.92E-06,55.26516752
8440.3 sec,0.75,0.75000065,-6.50E-07,54.40249375
8441 sec,0.75,0.750000503,-5.03E-07,54.30253171
8441.8 sec,0.75,0.750001277,-1.28E-06,54.82940585
8442.7 sec,0.75,0.750003629,-3.63E-06,56.42869404
8443.4 sec,0.75,0.750003165,-3.17E-06,56.11308717
8443.9 sec,0.75,0.750001064,-1.06E-06,54.68427498
8444.6 sec,0.75,0.75000047,-4.70E-07,54.28024342
8445.3 sec,0.75,0.75000071,-7.10E-07,54.44338125
8446.2 sec,0.75,0.750002416,-2.42E-06,55.60401288
8446.8 sec,0.75,0.750001106,-1.11E-06,54.7127085
8447.5 sec,0.75,0.750000506,-5.06E-07,54.30483703
8448.2 sec,0.75,0.750000724,-7.24E-07,54.45292632
8449.1 sec,0.75,0.750002264,-2.26E-06,55.50065913
8449.9 sec,0.75,0.750003905,-3.90E-06,56.61615166
8450.5 sec,0.75,0.750001918,-1.92E-06,55.26516752
8451.1 sec,0.75,0.75000065,-6.50E-07,54.40249375
8451.8 sec,0.75,0.750000503,-5.03E-07,54.30253171
8452.6 sec,0.75,0.750001277,-1.28E-06,54.82940585
8453.5 sec,0.75,0.750003629,-3.63E-06,56.42869404
8454.2 sec,0.75,0.750003165,-3.17E-06,56.11308717
8454.8 sec,0.75,0.750001064,-1.06E-06,54.68427498
8455.4 sec,0.75,0.75000047,-4.70E-07,54.28024342
8456.1 sec,0.75,0.75000071,-7.10E-07,54.44338125
8457 sec,0.75,0.750002416,-2.42E-06,55.60401288
8457.6 sec,0.75,0.750001106,-1.11E-06,54.7127085
8458.3 sec,0.75,0.750000506,-5.06E-07,54.30483703
8459 sec,0.75,0.750000724,-7.24E-07,54.45292632
8459.9 sec,0.75,0.750002264,-2.26E-06,55.50065913
8460.7 sec,0.75,0.750003905,-3.90E-06,56.61615166
8461.3 sec,0.75,0.750001918,-1.92E-06,55.26516752
8461.9 sec,0.75,0.75000065,-6.50E-07,54.40249375
8462.6 sec,0.75,0.750000503,-5.03E-07,54.30253171
8463.4 sec,0.75,0.750001277,-1.28E-06,54.82940585
8464.3 sec,0.75,0.750003629,-3.63E-06,56.42869404
8465 sec,0.75,0.750003165,-3.17E-06,56.11308717
8465.6 sec,0.75,0.750001064,-1.06E-06,54.68427498
8466.2 sec,0.75,0.75000047,-4.70E-07,54.28024342
8467 sec,0.75,0.75000071,-7.10E-07,54.44338125
8467.8 sec,0.75,0.750002416,-2.42E-06,55.60401288
8468.5 sec,0.75,0.750001106,-1.11E-06,54.7127085
8469.1 sec,0.75,0.750000506,-5.06E-07,54.30483703
8469.8 sec,0.75,0.750000724,-7.24E-07,54.45292632
8470.7 sec,0.75,0.750002264,-2.26E-06,55.50065913
8471.5 sec,0.75,0.750003905,-3.90E-06,56.61615166
8472.1 sec,0.75,0.750001918,-1.92E-06,55.26516752
8472.7 sec,0.75,0.75000065,-6.50E-07,54.40249375
8473.4 sec,0.75,0.750000503,-5.03E-07,54.30253171
8474.2 sec,0.75,0.750001277,-1.28E-06,54.82940585
8475.1 sec,0.75,0.750003629,-3.63E-06,56.42869404
8475.8 sec,0.75,0.750003165,-3.17E-06,56.11308717
8476.4 sec,0.75,0.750001064,-1.06E-06,54.68427498
8477 sec,0.75,0.75000047,-4.70E-07,54.28024342
8477.8 sec,0.75,0.75000071,-7.10E-07,54.44338125
8478.6 sec,0.75,0.750002416,-2.42E-06,55.60401288
8479.3 sec,0.75,0.750001106,-1.11E-06,54.7127085
8479.9 sec,0.75,0.750000506,-5.06E-07,54.30483703
8480.7 sec,0.75,0.750000724,-7.24E-07,54.45292632
8481.5 sec,0.75,0.750002264,-2.26E-06,55.50065913
8482.3 sec,0.75,0.750003905,-3.90E-06,56.61615166
8482.9 sec,0.75,0.750001918,-1.92E-06,55.26516752
8483.5 sec,0.75,0.75000065,-6.50E-07,54.40249375
8484.2 sec,0.75,0.750000503,-5.03E-07,54.30253171
8485 sec,0.75,0.750001277,-1.28E-06,54.82940585
8485.9 sec,0.75,0.750003629,-3.63E-06,56.42869404
8486.6 sec,0.75,0.750003165,-3.17E-06,56.11308717
8487.2 sec,0.75,0.750001064,-1.06E-06,54.68427498
8487.8 sec,0.75,0.75000047,-4.70E-07,54.28024342
8488.6 sec,0.75,0.75000071,-7.10E-07,54.44338125
8489.5 sec,0.75,0.750002416,-2.42E-06,55.60401288
8490.1 sec,0.75,0.750001106,-1.11E-06,54.7127085
8490.7 sec,0.75,0.750000506,-5.06E-07,54.30483703
8491.5 sec,0.75,0.750000724,-7.24E-07,54.45292632
8492.3 sec,0.75,0.750002264,-2.26E-06,55.50065913
8493.1 sec,0.75,0.750003905,-3.90E-06,56.61615166
8493.7 sec,0.75,0.750001918,-1.92E-06,55.26516752
8494.3 sec,0.75,0.75000065,-6.50E-07,54.40249375
8495 sec,0.75,0.750000503,-5.03E-07,54.30253171
8495.9 sec,0.75,0.750001277,-1.28E-06,54.82940585
8496.7 sec,0.75,0.750003629,-3.63E-06,56.42869404
8497.4 sec,0.75,0.750003165,-3.17E-06,56.11308717
8498 sec,0.75,0.750001064,-1.06E-06,54.68427498
8498.6 sec,0.75,0.75000047,-4.70E-07,54.28024342
8499.4 sec,0.75,0.75000071,-7.10E-07,54.44338125
8500.3 sec,0.75,0.750002416,-2.42E-06,55.60401288
8500.9 sec,0.75,0.750001106,-1.11E-06,54.7127085
8501.5 sec,0.75,0.750000506,-5.06E-07,54.30483703
8502.3 sec,0.75,0.750000724,-7.24E-07,54.45292632
8503.1 sec,0.75,0.750002264,-2.26E-06,55.50065913
8503.9 sec,0.75,0.750003905,-3.90E-06,56.61615166
8504.6 sec,0.75,0.750001918,-1.92E-06,55.26516752
8505.1 sec,0.75,0.75000065,-6.50E-07,54.40249375
8505.8 sec,0.75,0.750000503,-5.03E-07,54.30253171
8506.7 sec,0.75,0.750001277,-1.28E-06,54.82940585
8507.5 sec,0.75,0.750003629,-3.63E-06,56.42869404
8508.2 sec,0.75,0.750003165,-3.17E-06,56.11308717
8508.8 sec,0.75,0.750001064,-1.06E-06,54.68427498
8509.4 sec,0.75,0.75000047,-4.70E-07,54.28024342
8510.2 sec,0.75,0.75000071,-7.10E-07,54.44338125
8511.1 sec,0.75,0.750002416,-2.42E-06,55.60401288
8511.7 sec,0.75,0.750001106,-1.11E-06,54.7127085
8512.3 sec,0.75,0.750000506,-5.06E-07,54.30483703
8513.1 sec,0.75,0.750000724,-7.24E-07,54.45292632
8513.9 sec,0.75,0.750002264,-2.26E-06,55.50065913
8514.7 sec,0.75,0.750003905,-3.90E-06,56.61615166
8515.4 sec,0.75,0.750001918,-1.92E-06,55.26516752
8516 sec,0.75,0.75000065,-6.50E-07,54.40249375
8516.6 sec,0.75,0.750000503,-5.03E-07,54.30253171
8517.5 sec,0.75,0.750001277,-1.28E-06,54.82940585
8518.3 sec,0.75,0.750003629,-3.63E-06,56.42869404
8519 sec,0.75,0.750003165,-3.17E-06,56.11308717
8519.6 sec,0.75,0.750001064,-1.06E-06,54.68427498
8520.2 sec,0.75,0.75000047,-4.70E-07,54.28024342
8521 sec,0.75,0.75000071,-7.10E-07,54.44338125
8521.9 sec,0.75,0.750002416,-2.42E-06,55.60401288
8522.5 sec,0.75,0.750001106,-1.11E-06,54.7127085
8523.1 sec,0.75,0.750000506,-5.06E-07,54.30483703
8523.9 sec,0.75,0.750000724,-7.24E-07,54.45292632
8524.8 sec,0.75,0.750002264,-2.26E-06,55.50065913
8525.5 sec,0.75,0.750003905,-3.90E-06,56.61615166
8526.2 sec,0.75,0.750001918,-1.92E-06,55.26516752
8526.8 sec,0.75,0.75000065,-6.50E-07,54.40249375
8527.5 sec,0.75,0.750000503,-5.03E-07,54.30253171
8528.3 sec,0.75,0.750001277,-1.28E-06,54.82940585
8529.1 sec,0.75,0.750003629,-3.63E-06,56.42869404
8529.8 sec,0.75,0.750003165,-3.17E-06,56.11308717
8530.4 sec,0.75,0.750001064,-1.06E-06,54.68427498
8531.1 sec,0.75,0.75000047,-4.70E-07,54.28024342
8531.8 sec,0.75,0.75000071,-7.10E-07,54.44338125
8532.7 sec,0.75,0.750002416,-2.42E-06,55.60401288
8533.3 sec,0.75,0.750001106,-1.11E-06,54.7127085
8533.9 sec,0.75,0.750000506,-5.06E-07,54.30483703
8534.7 sec,0.75,0.750000724,-7.24E-07,54.45292632
8535.6 sec,0.75,0.750002264,-2.26E-06,55.50065913
8536.4 sec,0.75,0.750003905,-3.90E-06,56.61615166
8537 sec,0.75,0.750001918,-1.92E-06,55.26516752
8537.6 sec,0.75,0.75000065,-6.50E-07,54.40249375
8538.3 sec,0.75,0.750000503,-5.03E-07,54.30253171
8539.1 sec,0.75,0.750001277,-1.28E-06,54.82940585
8540 sec,0.75,0.750003629,-3.63E-06,56.42869404
8540.7 sec,0.75,0.750003165,-3.17E-06,56.11308717
8541.2 sec,0.75,0.750001064,-1.06E-06,54.68427498
8541.9 sec,0.75,0.75000047,-4.70E-07,54.28024342
8542.6 sec,0.75,0.75000071,-7.10E-07,54.44338125
8543.5 sec,0.75,0.750002416,-2.42E-06,55.60401288
8544.1 sec,0.75,0.750001106,-1.11E-06,54.7127085
8544.8 sec,0.75,0.750000506,-5.06E-07,54.30483703
8545.5 sec,0.75,0.750000724,-7.24E-07,54.45292632
8546.4 sec,0.75,0.750002264,-2.26E-06,55.50065913
8547.2 sec,0.75,0.750003905,-3.90E-06,56.61615166
8547.8 sec,0.75,0.750001918,-1.92E-06,55.26516752
8548.4 sec,0.75,0.75000065,-6.50E-07,54.40249375
8549.1 sec,0.75,0.750000503,-5.03E-07,54.30253171
8549.9 sec,0.75,0.750001277,-1.28E-06,54.82940585
8550.8 sec,0.75,0.750003629,-3.63E-06,56.42869404
8551.5 sec,0.75,0.750003165,-3.17E-06,56.11308717
8552.1 sec,0.75,0.750001064,-1.06E-06,54.68427498
8552.7 sec,0.75,0.75000047,-4.70E-07,54.28024342
8553.4 sec,0.75,0.75000071,-7.10E-07,54.44338125
8554.3 sec,0.75,0.750002416,-2.42E-06,55.60401288
8554.9 sec,0.75,0.750001106,-1.11E-06,54.7127085
8555.6 sec,0.75,0.750000506,-5.06E-07,54.30483703
8556.3 sec,0.75,0.750000724,-7.24E-07,54.45292632
8557.2 sec,0.75,0.750002264,-2.26E-06,55.50065913
8558 sec,0.75,0.750003905,-3.90E-06,56.61615166
8558.6 sec,0.75,0.750001918,-1.92E-06,55.26516752
8559.2 sec,0.75,0.75000065,-6.50E-07,54.40249375
8559.9 sec,0.75,0.750000503,-5.03E-07,54.30253171
8560.7 sec,0.75,0.750001277,-1.28E-06,54.82940585
8561.6 sec,0.75,0.750003629,-3.63E-06,56.42869404
8562.3 sec,0.75,0.750003165,-3.17E-06,56.11308717
8562.9 sec,0.75,0.750001064,-1.06E-06,54.68427498
8563.5 sec,0.75,0.75000047,-4.70E-07,54.28024342
8564.3 sec,0.75,0.75000071,-7.10E-07,54.44338125
8565.1 sec,0.75,0.750002416,-2.42E-06,55.60401288
8565.8 sec,0.75,0.750001106,-1.11E-06,54.7127085
8566.4 sec,0.75,0.750000506,-5.06E-07,54.30483703
8567.1 sec,0.75,0.750000724,-7.24E-07,54.45292632
8568 sec,0.75,0.750002264,-2.26E-06,55.50065913
8568.8 sec,0.75,0.750003905,-3.90E-06,56.61615166
8569.4 sec,0.75,0.750001918,-1.92E-06,55.26516752
8570 sec,0.75,0.75000065,-6.50E-07,54.40249375
8570.7 sec,0.75,0.750000503,-5.03E-07,54.30253171
8571.5 sec,0.75,0.750001277,-1.28E-06,54.82940585
8572.4 sec,0.75,0.750003629,-3.63E-06,56.42869404
8573.1 sec,0.75,0.750003165,-3.17E-06,56.11308717
8573.7 sec,0.75,0.750001064,-1.06E-06,54.68427498
8574.3 sec,0.75,0.75000047,-4.70E-07,54.28024342
8575.1 sec,0.75,0.75000071,-7.10E-07,54.44338125
8575.9 sec,0.75,0.750002416,-2.42E-06,55.60401288
8576.6 sec,0.75,0.750001106,-1.11E-06,54.7127085
8577.2 sec,0.75,0.750000506,-5.06E-07,54.30483703
8578 sec,0.75,0.750000724,-7.24E-07,54.45292632
8578.8 sec,0.75,0.750002264,-2.26E-06,55.50065913
8579.6 sec,0.75,0.750003905,-3.90E-06,56.61615166
8580.2 sec,0.75,0.750001918,-1.92E-06,55.26516752
8580.8 sec,0.75,0.75000065,-6.50E-07,54.40249375
8581.5 sec,0.75,0.750000503,-5.03E-07,54.30253171
8582.3 sec,0.75,0.750001277,-1.28E-06,54.82940585
8583.2 sec,0.75,0.750003629,-3.63E-06,56.42869404
8583.9 sec,0.75,0.750003165,-3.17E-06,56.11308717
8584.5 sec,0.75,0.750001064,-1.06E-06,54.68427498
8585.1 sec,0.75,0.75000047,-4.70E-07,54.28024342
8585.9 sec,0.75,0.75000071,-7.10E-07,54.44338125
8586.8 sec,0.75,0.750002416,-2.42E-06,55.60401288
8587.4 sec,0.75,0.750001106,-1.11E-06,54.7127085
8588 sec,0.75,0.750000506,-5.06E-07,54.30483703
8588.8 sec,0.75,0.750000724,-7.24E-07,54.45292632
8589.6 sec,0.75,0.750002264,-2.26E-06,55.50065913
8590.4 sec,0.75,0.750003905,-3.90E-06,56.61615166
8591 sec,0.75,0.750001918,-1.92E-06,55.26516752
8591.6 sec,0.75,0.75000065,-6.50E-07,54.40249375
8592.3 sec,0.75,0.750000503,-5.03E-07,54.30253171
8593.2 sec,0.75,0.750001277,-1.28E-06,54.82940585
8594 sec,0.75,0.750003629,-3.63E-06,56.42869404
8594.7 sec,0.75,0.750003165,-3.17E-06,56.11308717
8595.3 sec,0.75,0.750001064,-1.06E-06,54.68427498
8595.9 sec,0.75,0.75000047,-4.70E-07,54.28024342
8596.7 sec,0.75,0.75000071,-7.10E-07,54.44338125
8597.6 sec,0.75,0.750002416,-2.42E-06,55.60401288
8598.2 sec,0.75,0.750001106,-1.11E-06,54.7127085
8598.8 sec,0.75,0.750000506,-5.06E-07,54.30483703
8599.6 sec,0.75,0.750000724,-7.24E-07,54.45292632
8600.4 sec,0.75,0.750002264,-2.26E-06,55.50065913
8601.2 sec,0.75,0.750003905,-3.90E-06,56.61615166
8601.9 sec,0.75,0.750001918,-1.92E-06,55.26516752
8602.4 sec,0.75,0.75000065,-6.50E-07,54.40249375
8603.1 sec,0.75,0.750000503,-5.03E-07,54.30253171
8604 sec,0.75,0.750001277,-1.28E-06,54.82940585
8604.8 sec,0.75,0.750003629,-3.63E-06,56.42869404
8605.5 sec,0.75,0.750003165,-3.17E-06,56.11308717
8606.1 sec,0.75,0.750001064,-1.06E-06,54.68427498
8606.7 sec,0.75,0.75000047,-4.70E-07,54.28024342
8607.5 sec,0.75,0.75000071,-7.10E-07,54.44338125
8608.4 sec,0.75,0.750002416,-2.42E-06,55.60401288
8609 sec,0.75,0.750001106,-1.11E-06,54.7127085
8609.6 sec,0.75,0.750000506,-5.06E-07,54.30483703
8610.4 sec,0.75,0.750000724,-7.24E-07,54.45292632
8611.2 sec,0.75,0.750002264,-2.26E-06,55.50065913
8612 sec,0.75,0.750003905,-3.90E-06,56.61615166
8612.7 sec,0.75,0.750001918,-1.92E-06,55.26516752
8613.3 sec,0.75,0.75000065,-6.50E-07,54.40249375
8613.9 sec,0.75,0.750000503,-5.03E-07,54.30253171
8614.8 sec,0.75,0.750001277,-1.28E-06,54.82940585
8615.6 sec,0.75,0.750003629,-3.63E-06,56.42869404
8616.3 sec,0.75,0.750003165,-3.17E-06,56.11308717
8616.9 sec,0.75,0.750001064,-1.06E-06,54.68427498
8617.5 sec,0.75,0.75000047,-4.70E-07,54.28024342
8618.3 sec,0.75,0.75000071,-7.10E-07,54.44338125
8619.2 sec,0.75,0.750002416,-2.42E-06,55.60401288
8619.8 sec,0.75,0.750001106,-1.11E-06,54.7127085
8620.4 sec,0.75,0.750000506,-5.06E-07,54.30483703
8621.2 sec,0.75,0.750000724,-7.24E-07,54.45292632
8622.1 sec,0.75,0.750002264,-2.26E-06,55.50065913
8622.8 sec,0.75,0.750003905,-3.90E-06,56.61615166
8623.5 sec,0.75,0.750001918,-1.92E-06,55.26516752
8624.1 sec,0.75,0.75000065,-6.50E-07,54.40249375
8624.8 sec,0.75,0.750000503,-5.03E-07,54.30253171
8625.6 sec,0.75,0.750001277,-1.28E-06,54.82940585
8626.4 sec,0.75,0.750003629,-3.63E-06,56.42869404
8627.1 sec,0.75,0.750003165,-3.17E-06,56.11308717
8627.7 sec,0.75,0.750001064,-1.06E-06,54.68427498
8628.4 sec,0.75,0.75000047,-4.70E-07,54.28024342
8629.1 sec,0.75,0.75000071,-7.10E-07,54.44338125
8630 sec,0.75,0.750002416,-2.42E-06,55.60401288
8630.6 sec,0.75,0.750001106,-1.11E-06,54.7127085
8631.2 sec,0.75,0.750000506,-5.06E-07,54.30483703
8632 sec,0.75,0.750000724,-7.24E-07,54.45292632
8632.9 sec,0.75,0.750002264,-2.26E-06,55.50065913
8633.7 sec,0.75,0.750003905,-3.90E-06,56.61615166
8634.3 sec,0.75,0.750001918,-1.92E-06,55.26516752
8634.9 sec,0.75,0.75000065,-6.50E-07,54.40249375
8635.6 sec,0.75,0.750000503,-5.03E-07,54.30253171
8636.4 sec,0.75,0.750001277,-1.28E-06,54.82940585
8637.3 sec,0.75,0.750003629,-3.63E-06,56.42869404
8638 sec,0.75,0.750003165,-3.17E-06,56.11308717
8638.5 sec,0.75,0.750001064,-1.06E-06,54.68427498
8639.2 sec,0.75,0.75000047,-4.70E-07,54.28024342
8639.9 sec,0.75,0.75000071,-7.10E-07,54.44338125
8640.8 sec,0.75,0.750002416,-2.42E-06,55.60401288
8641.4 sec,0.75,0.750001106,-1.11E-06,54.7127085
8642.1 sec,0.75,0.750000506,-5.06E-07,54.30483703
8642.8 sec,0.75,0.750000724,-7.24E-07,54.45292632
8643.7 sec,0.75,0.750002264,-2.26E-06,55.50065913
8644.5 sec,0.75,0.750003905,-3.90E-06,56.61615166
8645.1 sec,0.75,0.750001918,-1.92E-06,55.26516752
8645.7 sec,0.75,0.75000065,-6.50E-07,54.40249375
8646.4 sec,0.75,0.750000503,-5.03E-07,54.30253171
8647.2 sec,0.75,0.750001277,-1.28E-06,54.82940585
8648.1 sec,0.75,0.750003629,-3.63E-06,56.42869404
8648.8 sec,0.75,0.750003165,-3.17E-06,56.11308717
8649.4 sec,0.75,0.750001064,-1.06E-06,54.68427498
8650 sec,0.75,0.75000047,-4.70E-07,54.28024342
8650.7 sec,0.75,0.75000071,-7.10E-07,54.44338125
8651.6 sec,0.75,0.750002416,-2.42E-06,55.60401288
8652.2 sec,0.75,0.750001106,-1.11E-06,54.7127085
8652.9 sec,0.75,0.750000506,-5.06E-07,54.30483703
8653.6 sec,0.75,0.750000724,-7.24E-07,54.45292632
8654.5 sec,0.75,0.750002264,-2.26E-06,55.50065913
8655.3 sec,0.75,0.750003905,-3.90E-06,56.61615166
8655.9 sec,0.75,0.750001918,-1.92E-06,55.26516752
8656.5 sec,0.75,0.75000065,-6.50E-07,54.40249375
8657.2 sec,0.75,0.750000503,-5.03E-07,54.30253171
8658 sec,0.75,0.750001277,-1.28E-06,54.82940585
8658.9 sec,0.75,0.750003629,-3.63E-06,56.42869404
8659.6 sec,0.75,0.750003165,-3.17E-06,56.11308717
8660.2 sec,0.75,0.750001064,-1.06E-06,54.68427498
8660.8 sec,0.75,0.75000047,-4.70E-07,54.28024342
8661.6 sec,0.75,0.75000071,-7.10E-07,54.44338125
8662.4 sec,0.75,0.750002416,-2.42E-06,55.60401288
8663.1 sec,0.75,0.750001106,-1.11E-06,54.7127085
8663.7 sec,0.75,0.750000506,-5.06E-07,54.30483703
8664.4 sec,0.75,0.750000724,-7.24E-07,54.45292632
8665.3 sec,0.75,0.750002264,-2.26E-06,55.50065913
8666.1 sec,0.75,0.750003905,-3.90E-06,56.61615166
8666.7 sec,0.75,0.750001918,-1.92E-06,55.26516752
8667.3 sec,0.75,0.75000065,-6.50E-07,54.40249375
8668 sec,0.75,0.750000503,-5.03E-07,54.30253171
8668.8 sec,0.75,0.750001277,-1.28E-06,54.82940585
8669.7 sec,0.75,0.750003629,-3.63E-06,56.42869404
8670.4 sec,0.75,0.750003165,-3.17E-06,56.11308717
8671 sec,0.75,0.750001064,-1.06E-06,54.68427498
8671.6 sec,0.75,0.75000047,-4.70E-07,54.28024342
8672.4 sec,0.75,0.75000071,-7.10E-07,54.44338125
8673.2 sec,0.75,0.750002416,-2.42E-06,55.60401288
8673.9 sec,0.75,0.750001106,-1.11E-06,54.7127085
8674.5 sec,0.75,0.750000506,-5.06E-07,54.30483703
8675.3 sec,0.75,0.750000724,-7.24E-07,54.45292632
8676.1 sec,0.75,0.750002264,-2.26E-06,55.50065913
8676.9 sec,0.75,0.750003905,-3.90E-06,56.61615166
8677.5 sec,0.75,0.750001918,-1.92E-06,55.26516752
8678.1 sec,0.75,0.75000065,-6.50E-07,54.40249375
8678.8 sec,0.75,0.750000503,-5.03E-07,54.30253171
8679.6 sec,0.75,0.750001277,-1.28E-06,54.82940585
8680.5 sec,0.75,0.750003629,-3.63E-06,56.42869404
8681.2 sec,0.75,0.750003165,-3.17E-06,56.11308717
8681.8 sec,0.75,0.750001064,-1.06E-06,54.68427498
8682.4 sec,0.75,0.75000047,-4.70E-07,54.28024342
8683.2 sec,0.75,0.75000071,-7.10E-07,54.44338125
8684.1 sec,0.75,0.750002416,-2.42E-06,55.60401288
8684.7 sec,0.75,0.750001106,-1.11E-06,54.7127085
8685.3 sec,0.75,0.750000506,-5.06E-07,54.30483703
8686.1 sec,0.75,0.750000724,-7.24E-07,54.45292632
8686.9 sec,0.75,0.750002264,-2.26E-06,55.50065913
8687.7 sec,0.75,0.750003905,-3.90E-06,56.61615166
8688.3 sec,0.75,0.750001918,-1.92E-06,55.26516752
8688.9 sec,0.75,0.75000065,-6.50E-07,54.40249375
8689.6 sec,0.75,0.750000503,-5.03E-07,54.30253171
8690.5 sec,0.75,0.750001277,-1.28E-06,54.82940585
8691.3 sec,0.75,0.750003629,-3.63E-06,56.42869404
8692 sec,0.75,0.750003165,-3.17E-06,56.11308717
8692.6 sec,0.75,0.750001064,-1.06E-06,54.68427498
8693.2 sec,0.75,0.75000047,-4.70E-07,54.28024342
8694 sec,0.75,0.75000071,-7.10E-07,54.44338125
8694.9 sec,0.75,0.750002416,-2.42E-06,55.60401288
8695.5 sec,0.75,0.750001106,-1.11E-06,54.7127085
8696.1 sec,0.75,0.750000506,-5.06E-07,54.30483703
8696.9 sec,0.75,0.750000724,-7.24E-07,54.45292632
8697.7 sec,0.75,0.750002264,-2.26E-06,55.50065913
8698.5 sec,0.75,0.750003905,-3.90E-06,56.61615166
8699.2 sec,0.75,0.750001918,-1.92E-06,55.26516752
8699.7 sec,0.75,0.75000065,-6.50E-07,54.40249375
8700.4 sec,0.75,0.750000503,-5.03E-07,54.30253171
8701.3 sec,0.75,0.750001277,-1.28E-06,54.82940585
8702.1 sec,0.75,0.750003629,-3.63E-06,56.42869404
8702.8 sec,0.75,0.750003165,-3.17E-06,56.11308717
8703.4 sec,0.75,0.750001064,-1.06E-06,54.68427498
8704 sec,0.75,0.75000047,-4.70E-07,54.28024342
8704.8 sec,0.75,0.75000071,-7.10E-07,54.44338125
8705.7 sec,0.75,0.750002416,-2.42E-06,55.60401288
8706.3 sec,0.75,0.750001106,-1.11E-06,54.7127085
8706.9 sec,0.75,0.750000506,-5.06E-07,54.30483703
8707.7 sec,0.75,0.750000724,-7.24E-07,54.45292632
8708.5 sec,0.75,0.750002264,-2.26E-06,55.50065913
8709.3 sec,0.75,0.750003905,-3.90E-06,56.61615166
8710 sec,0.75,0.750001918,-1.92E-06,55.26516752
8710.6 sec,0.75,0.75000065,-6.50E-07,54.40249375
8711.2 sec,0.75,0.750000503,-5.03E-07,54.30253171
8712.1 sec,0.75,0.750001277,-1.28E-06,54.82940585
8712.9 sec,0.75,0.750003629,-3.63E-06,56.42869404
8713.6 sec,0.75,0.750003165,-3.17E-06,56.11308717
8714.2 sec,0.75,0.750001064,-1.06E-06,54.68427498
8714.8 sec,0.75,0.75000047,-4.70E-07,54.28024342
8715.6 sec,0.75,0.75000071,-7.10E-07,54.44338125
8716.5 sec,0.75,0.750002416,-2.42E-06,55.60401288
8717.1 sec,0.75,0.750001106,-1.11E-06,54.7127085
8717.7 sec,0.75,0.750000506,-5.06E-07,54.30483703
8718.5 sec,0.75,0.750000724,-7.24E-07,54.45292632
8719.4 sec,0.75,0.750002264,-2.26E-06,55.50065913
8720.1 sec,0.75,0.750003905,-3.90E-06,56.61615166
8720.8 sec,0.75,0.750001918,-1.92E-06,55.26516752
8721.4 sec,0.75,0.75000065,-6.50E-07,54.40249375
8722.1 sec,0.75,0.750000503,-5.03E-07,54.30253171
8722.9 sec,0.75,0.750001277,-1.28E-06,54.82940585
8723.7 sec,0.75,0.750003629,-3.63E-06,56.42869404
8724.4 sec,0.75,0.750003165,-3.17E-06,56.11308717
8725 sec,0.75,0.750001064,-1.06E-06,54.68427498
8725.7 sec,0.75,0.75000047,-4.70E-07,54.28024342
8726.4 sec,0.75,0.75000071,-7.10E-07,54.44338125
8727.3 sec,0.75,0.750002416,-2.42E-06,55.60401288
8727.9 sec,0.75,0.750001106,-1.11E-06,54.7127085
8728.5 sec,0.75,0.750000506,-5.06E-07,54.30483703
8729.3 sec,0.75,0.750000724,-7.24E-07,54.45292632
8730.2 sec,0.75,0.750002264,-2.26E-06,55.50065913
8731 sec,0.75,0.750003905,-3.90E-06,56.61615166
8731.6 sec,0.75,0.750001918,-1.92E-06,55.26516752
8732.2 sec,0.75,0.75000065,-6.50E-07,54.40249375
8732.9 sec,0.75,0.750000503,-5.03E-07,54.30253171
8733.7 sec,0.75,0.750001277,-1.28E-06,54.82940585
8734.6 sec,0.75,0.750003629,-3.63E-06,56.42869404
8735.3 sec,0.75,0.750003165,-3.17E-06,56.11308717
8735.8 sec,0.75,0.750001064,-1.06E-06,54.68427498
8736.5 sec,0.75,0.75000047,-4.70E-07,54.28024342
8737.2 sec,0.75,0.75000071,-7.10E-07,54.44338125
8738.1 sec,0.75,0.750002416,-2.42E-06,55.60401288
8738.7 sec,0.75,0.750001106,-1.11E-06,54.7127085
8739.4 sec,0.75,0.750000506,-5.06E-07,54.30483703
8740.1 sec,0.75,0.750000724,-7.24E-07,54.45292632
8741 sec,0.75,0.750002264,-2.26E-06,55.50065913
8741.8 sec,0.75,0.750003905,-3.90E-06,56.61615166
8742.4 sec,0.75,0.750001918,-1.92E-06,55.26516752
8743 sec,0.75,0.75000065,-6.50E-07,54.40249375
8743.7 sec,0.75,0.750000503,-5.03E-07,54.30253171
8744.5 sec,0.75,0.750001277,-1.28E-06,54.82940585
8745.4 sec,0.75,0.750003629,-3.63E-06,56.42869404
8746.1 sec,0.75,0.750003165,-3.17E-06,56.11308717
8746.7 sec,0.75,0.750001064,-1.06E-06,54.68427498
8747.3 sec,0.75,0.75000047,-4.70E-07,54.28024342
8748 sec,0.75,0.75000071,-7.10E-07,54.44338125
8748.9 sec,0.75,0.750002416,-2.42E-06,55.60401288
8749.5 sec,0.75,0.750001106,-1.11E-06,54.7127085
8750.2 sec,0.75,0.750000506,-5.06E-07,54.30483703
8750.9 sec,0.75,0.750000724,-7.24E-07,54.45292632
8751.8 sec,0.75,0.750002264,-2.26E-06,55.50065913
8752.6 sec,0.75,0.750003905,-3.90E-06,56.61615166
8753.2 sec,0.75,0.750001918,-1.92E-06,55.26516752
8753.8 sec,0.75,0.75000065,-6.50E-07,54.40249375
8754.5 sec,0.75,0.750000503,-5.03E-07,54.30253171
8755.3 sec,0.75,0.750001277,-1.28E-06,54.82940585
8756.2 sec,0.75,0.750003629,-3.63E-06,56.42869404
8756.9 sec,0.75,0.750003165,-3.17E-06,56.11308717
8757.5 sec,0.75,0.750001064,-1.06E-06,54.68427498
8758.1 sec,0.75,0.75000047,-4.70E-07,54.28024342
8758.9 sec,0.75,0.75000071,-7.10E-07,54.44338125
8759.7 sec,0.75,0.750002416,-2.42E-06,55.60401288
8760.4 sec,0.75,0.750001106,-1.11E-06,54.7127085
8761 sec,0.75,0.750000506,-5.06E-07,54.30483703
8761.7 sec,0.75,0.750000724,-7.24E-07,54.45292632
8762.6 sec,0.75,0.750002264,-2.26E-06,55.50065913
8763.4 sec,0.75,0.750003905,-3.90E-06,56.61615166
8764 sec,0.75,0.750001918,-1.92E-06,55.26516752
8764.6 sec,0.75,0.75000065,-6.50E-07,54.40249375
8765.3 sec,0.75,0.750000503,-5.03E-07,54.30253171
8766.1 sec,0.75,0.750001277,-1.28E-06,54.82940585
8767 sec,0.75,0.750003629,-3.63E-06,56.42869404
8767.7 sec,0.75,0.750003165,-3.17E-06,56.11308717
8768.3 sec,0.75,0.750001064,-1.06E-06,54.68427498
8768.9 sec,0.75,0.75000047,-4.70E-07,54.28024342
8769.7 sec,0.75,0.75000071,-7.10E-07,54.44338125
8770.5 sec,0.75,0.750002416,-2.42E-06,55.60401288
8771.2 sec,0.75,0.750001106,-1.11E-06,54.7127085
8771.8 sec,0.75,0.750000506,-5.06E-07,54.30483703
8772.6 sec,0.75,0.750000724,-7.24E-07,54.45292632
8773.4 sec,0.75,0.750002264,-2.26E-06,55.50065913
8774.2 sec,0.75,0.750003905,-3.90E-06,56.61615166
8774.8 sec,0.75,0.750001918,-1.92E-06,55.26516752
8775.4 sec,0.75,0.75000065,-6.50E-07,54.40249375
8776.1 sec,0.75,0.750000503,-5.03E-07,54.30253171
8776.9 sec,0.75,0.750001277,-1.28E-06,54.82940585
8777.8 sec,0.75,0.750003629,-3.63E-06,56.42869404
8778.5 sec,0.75,0.750003165,-3.17E-06,56.11308717
8779.1 sec,0.75,0.750001064,-1.06E-06,54.68427498
8779.7 sec,0.75,0.75000047,-4.70E-07,54.28024342
8780.5 sec,0.75,0.75000071,-7.10E-07,54.44338125
8781.3 sec,0.75,0.750002416,-2.42E-06,55.60401288
8782 sec,0.75,0.750001106,-1.11E-06,54.7127085
8782.6 sec,0.75,0.750000506,-5.06E-07,54.30483703
8783.4 sec,0.75,0.750000724,-7.24E-07,54.45292632
8784.2 sec,0.75,0.750002264,-2.26E-06,55.50065913
8785 sec,0.75,0.750003905,-3.90E-06,56.61615166
8785.6 sec,0.75,0.750001918,-1.92E-06,55.26516752
8786.2 sec,0.75,0.75000065,-6.50E-07,54.40249375
8786.9 sec,0.75,0.750000503,-5.03E-07,54.30253171
8787.8 sec,0.75,0.750001277,-1.28E-06,54.82940585
8788.6 sec,0.75,0.750003629,-3.63E-06,56.42869404
8789.3 sec,0.75,0.750003165,-3.17E-06,56.11308717
8789.9 sec,0.75,0.750001064,-1.06E-06,54.68427498
8790.5 sec,0.75,0.75000047,-4.70E-07,54.28024342
8791.3 sec,0.75,0.75000071,-7.10E-07,54.44338125
8792.2 sec,0.75,0.750002416,-2.42E-06,55.60401288
8792.8 sec,0.75,0.750001106,-1.11E-06,54.7127085
8793.4 sec,0.75,0.750000506,-5.06E-07,54.30483703
8794.2 sec,0.75,0.750000724,-7.24E-07,54.45292632
8795 sec,0.75,0.750002264,-2.26E-06,55.50065913
8795.8 sec,0.75,0.750003905,-3.90E-06,56.61615166
8796.5 sec,0.75,0.750001918,-1.92E-06,55.26516752
8797 sec,0.75,0.75000065,-6.50E-07,54.40249375
8797.7 sec,0.75,0.750000503,-5.03E-07,54.30253171
8798.6 sec,0.75,0.750001277,-1.28E-06,54.82940585
8799.4 sec,0.75,0.750003629,-3.63E-06,56.42869404
8800.1 sec,0.75,0.750003165,-3.17E-06,56.11308717
8800.7 sec,0.75,0.750001064,-1.06E-06,54.68427498
8801.3 sec,0.75,0.75000047,-4.70E-07,54.28024342
8802.1 sec,0.75,0.75000071,-7.10E-07,54.44338125
8803 sec,0.75,0.750002416,-2.42E-06,55.60401288
8803.6 sec,0.75,0.750001106,-1.11E-06,54.7127085
8804.2 sec,0.75,0.750000506,-5.06E-07,54.30483703
8805 sec,0.75,0.750000724,-7.24E-07,54.45292632
8805.8 sec,0.75,0.750002264,-2.26E-06,55.50065913
8806.6 sec,0.75,0.750003905,-3.90E-06,56.61615166
8807.3 sec,0.75,0.750001918,-1.92E-06,55.26516752
8807.9 sec,0.75,0.75000065,-6.50E-07,54.40249375
8808.5 sec,0.75,0.750000503,-5.03E-07,54.30253171
8809.4 sec,0.75,0.750001277,-1.28E-06,54.82940585
8810.2 sec,0.75,0.750003629,-3.63E-06,56.42869404
8810.9 sec,0.75,0.750003165,-3.17E-06,56.11308717
8811.5 sec,0.75,0.750001064,-1.06E-06,54.68427498
8812.1 sec,0.75,0.75000047,-4.70E-07,54.28024342
8812.9 sec,0.75,0.75000071,-7.10E-07,54.44338125
8813.8 sec,0.75,0.750002416,-2.42E-06,55.60401288
8814.4 sec,0.75,0.750001106,-1.11E-06,54.7127085
8815 sec,0.75,0.750000506,-5.06E-07,54.30483703
8815.8 sec,0.75,0.750000724,-7.24E-07,54.45292632
8816.7 sec,0.75,0.750002264,-2.26E-06,55.50065913
8817.4 sec,0.75,0.750003905,-3.90E-06,56.61615166
8818.1 sec,0.75,0.750001918,-1.92E-06,55.26516752
8818.7 sec,0.75,0.75000065,-6.50E-07,54.40249375
8819.4 sec,0.75,0.750000503,-5.03E-07,54.30253171
8820.2 sec,0.75,0.750001277,-1.28E-06,54.82940585
8821 sec,0.75,0.750003629,-3.63E-06,56.42869404
8821.7 sec,0.75,0.750003165,-3.17E-06,56.11308717
8822.3 sec,0.75,0.750001064,-1.06E-06,54.68427498
8823 sec,0.75,0.75000047,-4.70E-07,54.28024342
8823.7 sec,0.75,0.75000071,-7.10E-07,54.44338125
8824.6 sec,0.75,0.750002416,-2.42E-06,55.60401288
8825.2 sec,0.75,0.750001106,-1.11E-06,54.7127085
8825.8 sec,0.75,0.750000506,-5.06E-07,54.30483703
8826.6 sec,0.75,0.750000724,-7.24E-07,54.45292632
8827.5 sec,0.75,0.750002264,-2.26E-06,55.50065913
8828.3 sec,0.75,0.750003905,-3.90E-06,56.61615166
8828.9 sec,0.75,0.750001918,-1.92E-06,55.26516752
8829.5 sec,0.75,0.75000065,-6.50E-07,54.40249375
8830.2 sec,0.75,0.750000503,-5.03E-07,54.30253171
8831 sec,0.75,0.750001277,-1.28E-06,54.82940585
8831.9 sec,0.75,0.750003629,-3.63E-06,56.42869404
8832.6 sec,0.75,0.750003165,-3.17E-06,56.11308717
8833.1 sec,0.75,0.750001064,-1.06E-06,54.68427498
8833.8 sec,0.75,0.75000047,-4.70E-07,54.28024342
8834.5 sec,0.75,0.75000071,-7.10E-07,54.44338125
8835.4 sec,0.75,0.750002416,-2.42E-06,55.60401288
8836 sec,0.75,0.750001106,-1.11E-06,54.7127085
8836.7 sec,0.75,0.750000506,-5.06E-07,54.30483703
8837.4 sec,0.75,0.750000724,-7.24E-07,54.45292632
8838.3 sec,0.75,0.750002264,-2.26E-06,55.50065913
8839.1 sec,0.75,0.750003905,-3.90E-06,56.61615166
8839.7 sec,0.75,0.750001918,-1.92E-06,55.26516752
8840.3 sec,0.75,0.75000065,-6.50E-07,54.40249375
8841 sec,0.75,0.750000503,-5.03E-07,54.30253171
8841.8 sec,0.75,0.750001277,-1.28E-06,54.82940585
8842.7 sec,0.75,0.750003629,-3.63E-06,56.42869404
8843.4 sec,0.75,0.750003165,-3.17E-06,56.11308717
8844 sec,0.75,0.750001064,-1.06E-06,54.68427498
8844.6 sec,0.75,0.75000047,-4.70E-07,54.28024342
8845.3 sec,0.75,0.75000071,-7.10E-07,54.44338125
8846.2 sec,0.75,0.750002416,-2.42E-06,55.60401288
8846.8 sec,0.75,0.750001106,-1.11E-06,54.7127085
8847.5 sec,0.75,0.750000506,-5.06E-07,54.30483703
8848.2 sec,0.75,0.750000724,-7.24E-07,54.45292632
8849.1 sec,0.75,0.750002264,-2.26E-06,55.50065913
8849.9 sec,0.75,0.750003905,-3.90E-06,56.61615166
8850.5 sec,0.75,0.750001918,-1.92E-06,55.26516752
8851.1 sec,0.75,0.75000065,-6.50E-07,54.40249375
8851.8 sec,0.75,0.750000503,-5.03E-07,54.30253171
8852.6 sec,0.75,0.750001277,-1.28E-06,54.82940585
8853.5 sec,0.75,0.750003629,-3.63E-06,56.42869404
8854.2 sec,0.75,0.750003165,-3.17E-06,56.11308717
8854.8 sec,0.75,0.750001064,-1.06E-06,54.68427498
8855.4 sec,0.75,0.75000047,-4.70E-07,54.28024342
8856.2 sec,0.75,0.75000071,-7.10E-07,54.44338125
8857 sec,0.75,0.750002416,-2.42E-06,55.60401288
8857.7 sec,0.75,0.750001106,-1.11E-06,54.7127085
8858.3 sec,0.75,0.750000506,-5.06E-07,54.30483703
8859 sec,0.75,0.750000724,-7.24E-07,54.45292632
8859.9 sec,0.75,0.750002264,-2.26E-06,55.50065913
8860.7 sec,0.75,0.750003905,-3.90E-06,56.61615166
8861.3 sec,0.75,0.750001918,-1.92E-06,55.26516752
8861.9 sec,0.75,0.75000065,-6.50E-07,54.40249375
8862.6 sec,0.75,0.750000503,-5.03E-07,54.30253171
8863.4 sec,0.75,0.750001277,-1.28E-06,54.82940585
8864.3 sec,0.75,0.750003629,-3.63E-06,56.42869404
8865 sec,0.75,0.750003165,-3.17E-06,56.11308717
8865.6 sec,0.75,0.750001064,-1.06E-06,54.68427498
8866.2 sec,0.75,0.75000047,-4.70E-07,54.28024342
8867 sec,0.75,0.75000071,-7.10E-07,54.44338125
8867.8 sec,0.75,0.750002416,-2.42E-06,55.60401288
8868.5 sec,0.75,0.750001106,-1.11E-06,54.7127085
8869.1 sec,0.75,0.750000506,-5.06E-07,54.30483703
8869.9 sec,0.75,0.750000724,-7.24E-07,54.45292632
8870.7 sec,0.75,0.750002264,-2.26E-06,55.50065913
8871.5 sec,0.75,0.750003905,-3.90E-06,56.61615166
8872.1 sec,0.75,0.750001918,-1.92E-06,55.26516752
8872.7 sec,0.75,0.75000065,-6.50E-07,54.40249375
8873.4 sec,0.75,0.750000503,-5.03E-07,54.30253171
8874.2 sec,0.75,0.750001277,-1.28E-06,54.82940585
8875.1 sec,0.75,0.750003629,-3.63E-06,56.42869404
8875.8 sec,0.75,0.750003165,-3.17E-06,56.11308717
8876.4 sec,0.75,0.750001064,-1.06E-06,54.68427498
8877 sec,0.75,0.75000047,-4.70E-07,54.28024342
8877.8 sec,0.75,0.75000071,-7.10E-07,54.44338125
8878.6 sec,0.75,0.750002416,-2.42E-06,55.60401288
8879.3 sec,0.75,0.750001106,-1.11E-06,54.7127085
8879.9 sec,0.75,0.750000506,-5.06E-07,54.30483703
8880.7 sec,0.75,0.750000724,-7.24E-07,54.45292632
8881.5 sec,0.75,0.750002264,-2.26E-06,55.50065913
8882.3 sec,0.75,0.750003905,-3.90E-06,56.61615166
8882.9 sec,0.75,0.750001918,-1.92E-06,55.26516752
8883.5 sec,0.75,0.75000065,-6.50E-07,54.40249375
8884.2 sec,0.75,0.750000503,-5.03E-07,54.30253171
8885.1 sec,0.75,0.750001277,-1.28E-06,54.82940585
8885.9 sec,0.75,0.750003629,-3.63E-06,56.42869404
8886.6 sec,0.75,0.750003165,-3.17E-06,56.11308717
8887.2 sec,0.75,0.750001064,-1.06E-06,54.68427498
8887.8 sec,0.75,0.75000047,-4.70E-07,54.28024342
8888.6 sec,0.75,0.75000071,-7.10E-07,54.44338125
8889.5 sec,0.75,0.750002416,-2.42E-06,55.60401288
8890.1 sec,0.75,0.750001106,-1.11E-06,54.7127085
8890.7 sec,0.75,0.750000506,-5.06E-07,54.30483703
8891.5 sec,0.75,0.750000724,-7.24E-07,54.45292632
8892.3 sec,0.75,0.750002264,-2.26E-06,55.50065913
8893.1 sec,0.75,0.750003905,-3.90E-06,56.61615166
8893.8 sec,0.75,0.750001918,-1.92E-06,55.26516752
8894.3 sec,0.75,0.75000065,-6.50E-07,54.40249375
8895 sec,0.75,0.750000503,-5.03E-07,54.30253171
8895.9 sec,0.75,0.750001277,-1.28E-06,54.82940585
8896.7 sec,0.75,0.750003629,-3.63E-06,56.42869404
8897.4 sec,0.75,0.750003165,-3.17E-06,56.11308717
8898 sec,0.75,0.750001064,-1.06E-06,54.68427498
8898.6 sec,0.75,0.75000047,-4.70E-07,54.28024342
8899.4 sec,0.75,0.75000071,-7.10E-07,54.44338125
8900.3 sec,0.75,0.750002416,-2.42E-06,55.60401288
8900.9 sec,0.75,0.750001106,-1.11E-06,54.7127085
8901.5 sec,0.75,0.750000506,-5.06E-07,54.30483703
8902.3 sec,0.75,0.750000724,-7.24E-07,54.45292632
8903.1 sec,0.75,0.750002264,-2.26E-06,55.50065913
8903.9 sec,0.75,0.750003905,-3.90E-06,56.61615166
8904.6 sec,0.75,0.750001918,-1.92E-06,55.26516752
8905.2 sec,0.75,0.75000065,-6.50E-07,54.40249375
8905.8 sec,0.75,0.750000503,-5.03E-07,54.30253171
8906.7 sec,0.75,0.750001277,-1.28E-06,54.82940585
8907.5 sec,0.75,0.750003629,-3.63E-06,56.42869404
8908.2 sec,0.75,0.750003165,-3.17E-06,56.11308717
8908.8 sec,0.75,0.750001064,-1.06E-06,54.68427498
8909.4 sec,0.75,0.75000047,-4.70E-07,54.28024342
8910.2 sec,0.75,0.75000071,-7.10E-07,54.44338125
8911.1 sec,0.75,0.750002416,-2.42E-06,55.60401288
8911.7 sec,0.75,0.750001106,-1.11E-06,54.7127085
8912.3 sec,0.75,0.750000506,-5.06E-07,54.30483703
8913.1 sec,0.75,0.750000724,-7.24E-07,54.45292632
8914 sec,0.75,0.750002264,-2.26E-06,55.50065913
8914.7 sec,0.75,0.750003905,-3.90E-06,56.61615166
8915.4 sec,0.75,0.750001918,-1.92E-06,55.26516752
8916 sec,0.75,0.75000065,-6.50E-07,54.40249375
8916.7 sec,0.75,0.750000503,-5.03E-07,54.30253171
8917.5 sec,0.75,0.750001277,-1.28E-06,54.82940585
8918.3 sec,0.75,0.750003629,-3.63E-06,56.42869404
8919 sec,0.75,0.750003165,-3.17E-06,56.11308717
8919.6 sec,0.75,0.750001064,-1.06E-06,54.68427498
8920.3 sec,0.75,0.75000047,-4.70E-07,54.28024342
8921 sec,0.75,0.75000071,-7.10E-07,54.44338125
8921.9 sec,0.75,0.750002416,-2.42E-06,55.60401288
8922.5 sec,0.75,0.750001106,-1.11E-06,54.7127085
8923.1 sec,0.75,0.750000506,-5.06E-07,54.30483703
8923.9 sec,0.75,0.750000724,-7.24E-07,54.45292632
8924.8 sec,0.75,0.750002264,-2.26E-06,55.50065913
8925.6 sec,0.75,0.750003905,-3.90E-06,56.61615166
8926.2 sec,0.75,0.750001918,-1.92E-06,55.26516752
8926.8 sec,0.75,0.75000065,-6.50E-07,54.40249375
8927.5 sec,0.75,0.750000503,-5.03E-07,54.30253171
8928.3 sec,0.75,0.750001277,-1.28E-06,54.82940585
8929.2 sec,0.75,0.750003629,-3.63E-06,56.42869404
8929.9 sec,0.75,0.750003165,-3.17E-06,56.11308717
8930.4 sec,0.75,0.750001064,-1.06E-06,54.68427498
8931.1 sec,0.75,0.75000047,-4.70E-07,54.28024342
8931.8 sec,0.75,0.75000071,-7.10E-07,54.44338125
8932.7 sec,0.75,0.750002416,-2.42E-06,55.60401288
8933.3 sec,0.75,0.750001106,-1.11E-06,54.7127085
8934 sec,0.75,0.750000506,-5.06E-07,54.30483703
8934.7 sec,0.75,0.750000724,-7.24E-07,54.45292632
8935.6 sec,0.75,0.750002264,-2.26E-06,55.50065913
8936.4 sec,0.75,0.750003905,-3.90E-06,56.61615166
8937 sec,0.75,0.750001918,-1.92E-06,55.26516752
8937.6 sec,0.75,0.75000065,-6.50E-07,54.40249375
8938.3 sec,0.75,0.750000503,-5.03E-07,54.30253171
8939.1 sec,0.75,0.750001277,-1.28E-06,54.82940585
8940 sec,0.75,0.750003629,-3.63E-06,56.42869404
8940.7 sec,0.75,0.750003165,-3.17E-06,56.11308717
8941.3 sec,0.75,0.750001064,-1.06E-06,54.68427498
8941.9 sec,0.75,0.75000047,-4.70E-07,54.28024342
8942.6 sec,0.75,0.75000071,-7.10E-07,54.44338125
8943.5 sec,0.75,0.750002416,-2.42E-06,55.60401288
8944.1 sec,0.75,0.750001106,-1.11E-06,54.7127085
8944.8 sec,0.75,0.750000506,-5.06E-07,54.30483703
8945.5 sec,0.75,0.750000724,-7.24E-07,54.45292632
8946.4 sec,0.75,0.750002264,-2.26E-06,55.50065913
8947.2 sec,0.75,0.750003905,-3.90E-06,56.61615166
8947.8 sec,0.75,0.750001918,-1.92E-06,55.26516752
8948.4 sec,0.75,0.75000065,-6.50E-07,54.40249375
8949.1 sec,0.75,0.750000503,-5.03E-07,54.30253171
8949.9 sec,0.75,0.750001277,-1.28E-06,54.82940585
8950.8 sec,0.75,0.750003629,-3.63E-06,56.42869404
8951.5 sec,0.75,0.750003165,-3.17E-06,56.11308717
8952.1 sec,0.75,0.750001064,-1.06E-06,54.68427498
8952.7 sec,0.75,0.75000047,-4.70E-07,54.28024342
8953.5 sec,0.75,0.75000071,-7.10E-07,54.44338125
8954.3 sec,0.75,0.750002416,-2.42E-06,55.60401288
8955 sec,0.75,0.750001106,-1.11E-06,54.7127085
8955.6 sec,0.75,0.750000506,-5.06E-07,54.30483703
8956.3 sec,0.75,0.750000724,-7.24E-07,54.45292632
8957.2 sec,0.75,0.750002264,-2.26E-06,55.50065913
8958 sec,0.75,0.750003905,-3.90E-06,56.61615166
8958.6 sec,0.75,0.750001918,-1.92E-06,55.26516752
8959.2 sec,0.75,0.75000065,-6.50E-07,54.40249375
8959.9 sec,0.75,0.750000503,-5.03E-07,54.30253171
8960.7 sec,0.75,0.750001277,-1.28E-06,54.82940585
8961.6 sec,0.75,0.750003629,-3.63E-06,56.42869404
8962.3 sec,0.75,0.750003165,-3.17E-06,56.11308717
8962.9 sec,0.75,0.750001064,-1.06E-06,54.68427498
8963.5 sec,0.75,0.75000047,-4.70E-07,54.28024342
8964.3 sec,0.75,0.75000071,-7.10E-07,54.44338125
8965.1 sec,0.75,0.750002416,-2.42E-06,55.60401288
8965.8 sec,0.75,0.750001106,-1.11E-06,54.7127085
8966.4 sec,0.75,0.750000506,-5.06E-07,54.30483703
8967.2 sec,0.75,0.750000724,-7.24E-07,54.45292632
8968 sec,0.75,0.750002264,-2.26E-06,55.50065913
8968.8 sec,0.75,0.750003905,-3.90E-06,56.61615166
8969.4 sec,0.75,0.750001918,-1.92E-06,55.26516752
8970 sec,0.75,0.75000065,-6.50E-07,54.40249375
8970.7 sec,0.75,0.750000503,-5.03E-07,54.30253171
8971.5 sec,0.75,0.750001277,-1.28E-06,54.82940585
8972.4 sec,0.75,0.750003629,-3.63E-06,56.42869404
8973.1 sec,0.75,0.750003165,-3.17E-06,56.11308717
8973.7 sec,0.75,0.750001064,-1.06E-06,54.68427498
8974.3 sec,0.75,0.75000047,-4.70E-07,54.28024342
8975.1 sec,0.75,0.75000071,-7.10E-07,54.44338125
8975.9 sec,0.75,0.750002416,-2.42E-06,55.60401288
8976.6 sec,0.75,0.750001106,-1.11E-06,54.7127085
8977.2 sec,0.75,0.750000506,-5.06E-07,54.30483703
8978 sec,0.75,0.750000724,-7.24E-07,54.45292632
8978.8 sec,0.75,0.750002264,-2.26E-06,55.50065913
8979.6 sec,0.75,0.750003905,-3.90E-06,56.61615166
8980.2 sec,0.75,0.750001918,-1.92E-06,55.26516752
8980.8 sec,0.75,0.75000065,-6.50E-07,54.40249375
8981.5 sec,0.75,0.750000503,-5.03E-07,54.30253171
8982.4 sec,0.75,0.750001277,-1.28E-06,54.82940585
8983.2 sec,0.75,0.750003629,-3.63E-06,56.42869404
8983.9 sec,0.75,0.750003165,-3.17E-06,56.11308717
8984.5 sec,0.75,0.750001064,-1.06E-06,54.68427498
8985.1 sec,0.75,0.75000047,-4.70E-07,54.28024342
8985.9 sec,0.75,0.75000071,-7.10E-07,54.44338125
8986.8 sec,0.75,0.750002416,-2.42E-06,55.60401288
8987.4 sec,0.75,0.750001106,-1.11E-06,54.7127085
8988 sec,0.75,0.750000506,-5.06E-07,54.30483703
8988.8 sec,0.75,0.750000724,-7.24E-07,54.45292632
8989.6 sec,0.75,0.750002264,-2.26E-06,55.50065913
8990.4 sec,0.75,0.750003905,-3.90E-06,56.61615166
8991.1 sec,0.75,0.750001918,-1.92E-06,55.26516752
8991.6 sec,0.75,0.75000065,-6.50E-07,54.40249375
8992.3 sec,0.75,0.750000503,-5.03E-07,54.30253171
8993.2 sec,0.75,0.750001277,-1.28E-06,54.82940585
8994 sec,0.75,0.750003629,-3.63E-06,56.42869404
8994.7 sec,0.75,0.750003165,-3.17E-06,56.11308717
8995.3 sec,0.75,0.750001064,-1.06E-06,54.68427498
8995.9 sec,0.75,0.75000047,-4.70E-07,54.28024342
8996.7 sec,0.75,0.75000071,-7.10E-07,54.44338125
8997.6 sec,0.75,0.750002416,-2.42E-06,55.60401288
8998.2 sec,0.75,0.750001106,-1.11E-06,54.7127085
8998.8 sec,0.75,0.750000506,-5.06E-07,54.30483703
8999.6 sec,0.75,0.750000724,-7.24E-07,54.45292632
9000.4 sec,0.75,0.750002264,-2.26E-06,55.50065913
9001.2 sec,0.75,0.750003905,-3.90E-06,56.61615166
9001.9 sec,0.75,0.750001918,-1.92E-06,55.26516752
9002.5 sec,0.75,0.75000065,-6.50E-07,54.40249375
9003.1 sec,0.75,0.750000503,-5.03E-07,54.30253171
9004 sec,0.75,0.750001277,-1.28E-06,54.82940585
9004.8 sec,0.75,0.750003629,-3.63E-06,56.42869404
9005.5 sec,0.75,0.750003165,-3.17E-06,56.11308717
9006.1 sec,0.75,0.750001064,-1.06E-06,54.68427498
9006.7 sec,0.75,0.75000047,-4.70E-07,54.28024342
9007.5 sec,0.75,0.75000071,-7.10E-07,54.44338125
9008.4 sec,0.75,0.750002416,-2.42E-06,55.60401288
9009 sec,0.75,0.750001106,-1.11E-06,54.7127085
9009.6 sec,0.75,0.750000506,-5.06E-07,54.30483703
9010.4 sec,0.75,0.750000724,-7.24E-07,54.45292632
9011.3 sec,0.75,0.750002264,-2.26E-06,55.50065913
9012 sec,0.75,0.750003905,-3.90E-06,56.61615166
9012.7 sec,0.75,0.750001918,-1.92E-06,55.26516752
9013.3 sec,0.75,0.75000065,-6.50E-07,54.40249375
9014 sec,0.75,0.750000503,-5.03E-07,54.30253171
9014.8 sec,0.75,0.750001277,-1.28E-06,54.82940585
9015.6 sec,0.75,0.750003629,-3.63E-06,56.42869404
9016.3 sec,0.75,0.750003165,-3.17E-06,56.11308717
9016.9 sec,0.75,0.750001064,-1.06E-06,54.68427498
9017.6 sec,0.75,0.75000047,-4.70E-07,54.28024342
9018.3 sec,0.75,0.75000071,-7.10E-07,54.44338125
9019.2 sec,0.75,0.750002416,-2.42E-06,55.60401288
9019.8 sec,0.75,0.750001106,-1.11E-06,54.7127085
9020.4 sec,0.75,0.750000506,-5.06E-07,54.30483703
9021.2 sec,0.75,0.750000724,-7.24E-07,54.45292632
9022.1 sec,0.75,0.750002264,-2.26E-06,55.50065913
9022.9 sec,0.75,0.750003905,-3.90E-06,56.61615166
9023.5 sec,0.75,0.750001918,-1.92E-06,55.26516752
9024.1 sec,0.75,0.75000065,-6.50E-07,54.40249375
9024.8 sec,0.75,0.750000503,-5.03E-07,54.30253171
9025.6 sec,0.75,0.750001277,-1.28E-06,54.82940585
9026.5 sec,0.75,0.750003629,-3.63E-06,56.42869404
9027.2 sec,0.75,0.750003165,-3.17E-06,56.11308717
9027.7 sec,0.75,0.750001064,-1.06E-06,54.68427498
9028.4 sec,0.75,0.75000047,-4.70E-07,54.28024342
9029.1 sec,0.75,0.75000071,-7.10E-07,54.44338125
9030 sec,0.75,0.750002416,-2.42E-06,55.60401288
9030.6 sec,0.75,0.750001106,-1.11E-06,54.7127085
9031.3 sec,0.75,0.750000506,-5.06E-07,54.30483703
9032 sec,0.75,0.750000724,-7.24E-07,54.45292632
9032.9 sec,0.75,0.750002264,-2.26E-06,55.50065913
9033.7 sec,0.75,0.750003905,-3.90E-06,56.61615166
9034.3 sec,0.75,0.750001918,-1.92E-06,55.26516752
9034.9 sec,0.75,0.75000065,-6.50E-07,54.40249375
9035.6 sec,0.75,0.750000503,-5.03E-07,54.30253171
9036.4 sec,0.75,0.750001277,-1.28E-06,54.82940585
9037.3 sec,0.75,0.750003629,-3.63E-06,56.42869404
9038 sec,0.75,0.750003165,-3.17E-06,56.11308717
9038.6 sec,0.75,0.750001064,-1.06E-06,54.68427498
9039.2 sec,0.75,0.75000047,-4.70E-07,54.28024342
9039.9 sec,0.75,0.75000071,-7.10E-07,54.44338125
9040.8 sec,0.75,0.750002416,-2.42E-06,55.60401288
9041.4 sec,0.75,0.750001106,-1.11E-06,54.7127085
9042.1 sec,0.75,0.750000506,-5.06E-07,54.30483703
9042.8 sec,0.75,0.750000724,-7.24E-07,54.45292632
9043.7 sec,0.75,0.750002264,-2.26E-06,55.50065913
9044.5 sec,0.75,0.750003905,-3.90E-06,56.61615166
9045.1 sec,0.75,0.750001918,-1.92E-06,55.26516752
9045.7 sec,0.75,0.75000065,-6.50E-07,54.40249375
9046.4 sec,0.75,0.750000503,-5.03E-07,54.30253171
9047.2 sec,0.75,0.750001277,-1.28E-06,54.82940585
9048.1 sec,0.75,0.750003629,-3.63E-06,56.42869404
9048.8 sec,0.75,0.750003165,-3.17E-06,56.11308717
9049.4 sec,0.75,0.750001064,-1.06E-06,54.68427498
9050 sec,0.75,0.75000047,-4.70E-07,54.28024342
9050.8 sec,0.75,0.75000071,-7.10E-07,54.44338125
9051.6 sec,0.75,0.750002416,-2.42E-06,55.60401288
9052.3 sec,0.75,0.750001106,-1.11E-06,54.7127085
9052.9 sec,0.75,0.750000506,-5.06E-07,54.30483703
9053.6 sec,0.75,0.750000724,-7.24E-07,54.45292632
9054.5 sec,0.75,0.750002264,-2.26E-06,55.50065913
9055.3 sec,0.75,0.750003905,-3.90E-06,56.61615166
9055.9 sec,0.75,0.750001918,-1.92E-06,55.26516752
9056.5 sec,0.75,0.75000065,-6.50E-07,54.40249375
9057.2 sec,0.75,0.750000503,-5.03E-07,54.30253171
9058 sec,0.75,0.750001277,-1.28E-06,54.82940585
9058.9 sec,0.75,0.750003629,-3.63E-06,56.42869404
9059.6 sec,0.75,0.750003165,-3.17E-06,56.11308717
9060.2 sec,0.75,0.750001064,-1.06E-06,54.68427498
9060.8 sec,0.75,0.75000047,-4.70E-07,54.28024342
9061.6 sec,0.75,0.75000071,-7.10E-07,54.44338125
9062.4 sec,0.75,0.750002416,-2.42E-06,55.60401288
9063.1 sec,0.75,0.750001106,-1.11E-06,54.7127085
9063.7 sec,0.75,0.750000506,-5.06E-07,54.30483703
9064.5 sec,0.75,0.750000724,-7.24E-07,54.45292632
9065.3 sec,0.75,0.750002264,-2.26E-06,55.50065913
9066.1 sec,0.75,0.750003905,-3.90E-06,56.61615166
9066.7 sec,0.75,0.750001918,-1.92E-06,55.26516752
9067.3 sec,0.75,0.75000065,-6.50E-07,54.40249375
9068 sec,0.75,0.750000503,-5.03E-07,54.30253171
9068.8 sec,0.75,0.750001277,-1.28E-06,54.82940585
9069.7 sec,0.75,0.750003629,-3.63E-06,56.42869404
9070.4 sec,0.75,0.750003165,-3.17E-06,56.11308717
9071 sec,0.75,0.750001064,-1.06E-06,54.68427498
9071.6 sec,0.75,0.75000047,-4.70E-07,54.28024342
9072.4 sec,0.75,0.75000071,-7.10E-07,54.44338125
9073.2 sec,0.75,0.750002416,-2.42E-06,55.60401288
9073.9 sec,0.75,0.750001106,-1.11E-06,54.7127085
9074.5 sec,0.75,0.750000506,-5.06E-07,54.30483703
9075.3 sec,0.75,0.750000724,-7.24E-07,54.45292632
9076.1 sec,0.75,0.750002264,-2.26E-06,55.50065913
9076.9 sec,0.75,0.750003905,-3.90E-06,56.61615166
9077.5 sec,0.75,0.750001918,-1.92E-06,55.26516752
9078.1 sec,0.75,0.75000065,-6.50E-07,54.40249375
9078.8 sec,0.75,0.750000503,-5.03E-07,54.30253171
9079.7 sec,0.75,0.750001277,-1.28E-06,54.82940585
9080.5 sec,0.75,0.750003629,-3.63E-06,56.42869404
9081.2 sec,0.75,0.750003165,-3.17E-06,56.11308717
9081.8 sec,0.75,0.750001064,-1.06E-06,54.68427498
9082.4 sec,0.75,0.75000047,-4.70E-07,54.28024342
9083.2 sec,0.75,0.75000071,-7.10E-07,54.44338125
9084.1 sec,0.75,0.750002416,-2.42E-06,55.60401288
9084.7 sec,0.75,0.750001106,-1.11E-06,54.7127085
9085.3 sec,0.75,0.750000506,-5.06E-07,54.30483703
9086.1 sec,0.75,0.750000724,-7.24E-07,54.45292632
9086.9 sec,0.75,0.750002264,-2.26E-06,55.50065913
9087.7 sec,0.75,0.750003905,-3.90E-06,56.61615166
9088.4 sec,0.75,0.750001918,-1.92E-06,55.26516752
9088.9 sec,0.75,0.75000065,-6.50E-07,54.40249375
9089.6 sec,0.75,0.750000503,-5.03E-07,54.30253171
9090.5 sec,0.75,0.750001277,-1.28E-06,54.82940585
9091.3 sec,0.75,0.750003629,-3.63E-06,56.42869404
9092 sec,0.75,0.750003165,-3.17E-06,56.11308717
9092.6 sec,0.75,0.750001064,-1.06E-06,54.68427498
9093.2 sec,0.75,0.75000047,-4.70E-07,54.28024342
9094 sec,0.75,0.75000071,-7.10E-07,54.44338125
9094.9 sec,0.75,0.750002416,-2.42E-06,55.60401288
9095.5 sec,0.75,0.750001106,-1.11E-06,54.7127085
9096.1 sec,0.75,0.750000506,-5.06E-07,54.30483703
9096.9 sec,0.75,0.750000724,-7.24E-07,54.45292632
9097.7 sec,0.75,0.750002264,-2.26E-06,55.50065913
9098.5 sec,0.75,0.750003905,-3.90E-06,56.61615166
9099.2 sec,0.75,0.750001918,-1.92E-06,55.26516752
9099.8 sec,0.75,0.75000065,-6.50E-07,54.40249375
9100.4 sec,0.75,0.750000503,-5.03E-07,54.30253171
9101.3 sec,0.75,0.750001277,-1.28E-06,54.82940585
9102.1 sec,0.75,0.750003629,-3.63E-06,56.42869404
9102.8 sec,0.75,0.750003165,-3.17E-06,56.11308717
9103.4 sec,0.75,0.750001064,-1.06E-06,54.68427498
9104 sec,0.75,0.75000047,-4.70E-07,54.28024342
9104.8 sec,0.75,0.75000071,-7.10E-07,54.44338125
9105.7 sec,0.75,0.750002416,-2.42E-06,55.60401288
9106.3 sec,0.75,0.750001106,-1.11E-06,54.7127085
9106.9 sec,0.75,0.750000506,-5.06E-07,54.30483703
9107.7 sec,0.75,0.750000724,-7.24E-07,54.45292632
9108.6 sec,0.75,0.750002264,-2.26E-06,55.50065913
9109.3 sec,0.75,0.750003905,-3.90E-06,56.61615166
9110 sec,0.75,0.750001918,-1.92E-06,55.26516752
9110.6 sec,0.75,0.75000065,-6.50E-07,54.40249375
9111.3 sec,0.75,0.750000503,-5.03E-07,54.30253171
9112.1 sec,0.75,0.750001277,-1.28E-06,54.82940585
9112.9 sec,0.75,0.750003629,-3.63E-06,56.42869404
9113.6 sec,0.75,0.750003165,-3.17E-06,56.11308717
9114.2 sec,0.75,0.750001064,-1.06E-06,54.68427498
9114.9 sec,0.75,0.75000047,-4.70E-07,54.28024342
9115.6 sec,0.75,0.75000071,-7.10E-07,54.44338125
9116.5 sec,0.75,0.750002416,-2.42E-06,55.60401288
9117.1 sec,0.75,0.750001106,-1.11E-06,54.7127085
9117.7 sec,0.75,0.750000506,-5.06E-07,54.30483703
9118.5 sec,0.75,0.750000724,-7.24E-07,54.45292632
9119.4 sec,0.75,0.750002264,-2.26E-06,55.50065913
9120.2 sec,0.75,0.750003905,-3.90E-06,56.61615166
9120.8 sec,0.75,0.750001918,-1.92E-06,55.26516752
9121.4 sec,0.75,0.75000065,-6.50E-07,54.40249375
9122.1 sec,0.75,0.750000503,-5.03E-07,54.30253171
9122.9 sec,0.75,0.750001277,-1.28E-06,54.82940585
9123.8 sec,0.75,0.750003629,-3.63E-06,56.42869404
9124.5 sec,0.75,0.750003165,-3.17E-06,56.11308717
9125 sec,0.75,0.750001064,-1.06E-06,54.68427498
9125.7 sec,0.75,0.75000047,-4.70E-07,54.28024342
9126.4 sec,0.75,0.75000071,-7.10E-07,54.44338125
9127.3 sec,0.75,0.750002416,-2.42E-06,55.60401288
9127.9 sec,0.75,0.750001106,-1.11E-06,54.7127085
9128.6 sec,0.75,0.750000506,-5.06E-07,54.30483703
9129.3 sec,0.75,0.750000724,-7.24E-07,54.45292632
9130.2 sec,0.75,0.750002264,-2.26E-06,55.50065913
9131 sec,0.75,0.750003905,-3.90E-06,56.61615166
9131.6 sec,0.75,0.750001918,-1.92E-06,55.26516752
9132.2 sec,0.75,0.75000065,-6.50E-07,54.40249375
9132.9 sec,0.75,0.750000503,-5.03E-07,54.30253171
9133.7 sec,0.75,0.750001277,-1.28E-06,54.82940585
9134.6 sec,0.75,0.750003629,-3.63E-06,56.42869404
9135.3 sec,0.75,0.750003165,-3.17E-06,56.11308717
9135.9 sec,0.75,0.750001064,-1.06E-06,54.68427498
9136.5 sec,0.75,0.75000047,-4.70E-07,54.28024342
9137.2 sec,0.75,0.75000071,-7.10E-07,54.44338125
9138.1 sec,0.75,0.750002416,-2.42E-06,55.60401288
9138.7 sec,0.75,0.750001106,-1.11E-06,54.7127085
9139.4 sec,0.75,0.750000506,-5.06E-07,54.30483703
9140.1 sec,0.75,0.750000724,-7.24E-07,54.45292632
9141 sec,0.75,0.750002264,-2.26E-06,55.50065913
9141.8 sec,0.75,0.750003905,-3.90E-06,56.61615166
9142.4 sec,0.75,0.750001918,-1.92E-06,55.26516752
9143 sec,0.75,0.75000065,-6.50E-07,54.40249375
9143.7 sec,0.75,0.750000503,-5.03E-07,54.30253171
9144.5 sec,0.75,0.750001277,-1.28E-06,54.82940585
9145.4 sec,0.75,0.750003629,-3.63E-06,56.42869404
9146.1 sec,0.75,0.750003165,-3.17E-06,56.11308717
9146.7 sec,0.75,0.750001064,-1.06E-06,54.68427498
9147.3 sec,0.75,0.75000047,-4.70E-07,54.28024342
9148.1 sec,0.75,0.75000071,-7.10E-07,54.44338125
9148.9 sec,0.75,0.750002416,-2.42E-06,55.60401288
9149.6 sec,0.75,0.750001106,-1.11E-06,54.7127085
9150.2 sec,0.75,0.750000506,-5.06E-07,54.30483703
9150.9 sec,0.75,0.750000724,-7.24E-07,54.45292632
9151.8 sec,0.75,0.750002264,-2.26E-06,55.50065913
9152.6 sec,0.75,0.750003905,-3.90E-06,56.61615166
9153.2 sec,0.75,0.750001918,-1.92E-06,55.26516752
9153.8 sec,0.75,0.75000065,-6.50E-07,54.40249375
9154.5 sec,0.75,0.750000503,-5.03E-07,54.30253171
9155.3 sec,0.75,0.750001277,-1.28E-06,54.82940585
9156.2 sec,0.75,0.750003629,-3.63E-06,56.42869404
9156.9 sec,0.75,0.750003165,-3.17E-06,56.11308717
9157.5 sec,0.75,0.750001064,-1.06E-06,54.68427498
9158.1 sec,0.75,0.75000047,-4.70E-07,54.28024342
9158.9 sec,0.75,0.75000071,-7.10E-07,54.44338125
9159.7 sec,0.75,0.750002416,-2.42E-06,55.60401288
9160.4 sec,0.75,0.750001106,-1.11E-06,54.7127085
9161 sec,0.75,0.750000506,-5.06E-07,54.30483703
9161.8 sec,0.75,0.750000724,-7.24E-07,54.45292632
9162.6 sec,0.75,0.750002264,-2.26E-06,55.50065913
9163.4 sec,0.75,0.750003905,-3.90E-06,56.61615166
9164 sec,0.75,0.750001918,-1.92E-06,55.26516752
9164.6 sec,0.75,0.75000065,-6.50E-07,54.40249375
9165.3 sec,0.75,0.750000503,-5.03E-07,54.30253171
9166.1 sec,0.75,0.750001277,-1.28E-06,54.82940585
9167 sec,0.75,0.750003629,-3.63E-06,56.42869404
9167.7 sec,0.75,0.750003165,-3.17E-06,56.11308717
9168.3 sec,0.75,0.750001064,-1.06E-06,54.68427498
9168.9 sec,0.75,0.75000047,-4.70E-07,54.28024342
9169.7 sec,0.75,0.75000071,-7.10E-07,54.44338125
9170.5 sec,0.75,0.750002416,-2.42E-06,55.60401288
9171.2 sec,0.75,0.750001106,-1.11E-06,54.7127085
9171.8 sec,0.75,0.750000506,-5.06E-07,54.30483703
9172.6 sec,0.75,0.750000724,-7.24E-07,54.45292632
9173.4 sec,0.75,0.750002264,-2.26E-06,55.50065913
9174.2 sec,0.75,0.750003905,-3.90E-06,56.61615166
9174.8 sec,0.75,0.750001918,-1.92E-06,55.26516752
9175.4 sec,0.75,0.75000065,-6.50E-07,54.40249375
9176.1 sec,0.75,0.750000503,-5.03E-07,54.30253171
9177 sec,0.75,0.750001277,-1.28E-06,54.82940585
9177.8 sec,0.75,0.750003629,-3.63E-06,56.42869404
9178.5 sec,0.75,0.750003165,-3.17E-06,56.11308717
9179.1 sec,0.75,0.750001064,-1.06E-06,54.68427498
9179.7 sec,0.75,0.75000047,-4.70E-07,54.28024342
9180.5 sec,0.75,0.75000071,-7.10E-07,54.44338125
9181.4 sec,0.75,0.750002416,-2.42E-06,55.60401288
9182 sec,0.75,0.750001106,-1.11E-06,54.7127085
9182.6 sec,0.75,0.750000506,-5.06E-07,54.30483703
9183.4 sec,0.75,0.750000724,-7.24E-07,54.45292632
9184.2 sec,0.75,0.750002264,-2.26E-06,55.50065913
9185 sec,0.75,0.750003905,-3.90E-06,56.61615166
9185.7 sec,0.75,0.750001918,-1.92E-06,55.26516752
9186.2 sec,0.75,0.75000065,-6.50E-07,54.40249375
9186.9 sec,0.75,0.750000503,-5.03E-07,54.30253171
9187.8 sec,0.75,0.750001277,-1.28E-06,54.82940585
9188.6 sec,0.75,0.750003629,-3.63E-06,56.42869404
9189.3 sec,0.75,0.750003165,-3.17E-06,56.11308717
9189.9 sec,0.75,0.750001064,-1.06E-06,54.68427498
9190.5 sec,0.75,0.75000047,-4.70E-07,54.28024342
9191.3 sec,0.75,0.75000071,-7.10E-07,54.44338125
9192.2 sec,0.75,0.750002416,-2.42E-06,55.60401288
9192.8 sec,0.75,0.750001106,-1.11E-06,54.7127085
9193.4 sec,0.75,0.750000506,-5.06E-07,54.30483703
9194.2 sec,0.75,0.750000724,-7.24E-07,54.45292632
9195 sec,0.75,0.750002264,-2.26E-06,55.50065913
9195.8 sec,0.75,0.750003905,-3.90E-06,56.61615166
9196.5 sec,0.75,0.750001918,-1.92E-06,55.26516752
9197.1 sec,0.75,0.75000065,-6.50E-07,54.40249375
9197.7 sec,0.75,0.750000503,-5.03E-07,54.30253171
9198.6 sec,0.75,0.750001277,-1.28E-06,54.82940585
9199.4 sec,0.75,0.750003629,-3.63E-06,56.42869404
9200.1 sec,0.75,0.750003165,-3.17E-06,56.11308717
9200.7 sec,0.75,0.750001064,-1.06E-06,54.68427498
9201.3 sec,0.75,0.75000047,-4.70E-07,54.28024342
9202.1 sec,0.75,0.75000071,-7.10E-07,54.44338125
9203 sec,0.75,0.750002416,-2.42E-06,55.60401288
9203.6 sec,0.75,0.750001106,-1.11E-06,54.7127085
9204.2 sec,0.75,0.750000506,-5.06E-07,54.30483703
9205 sec,0.75,0.750000724,-7.24E-07,54.45292632
9205.9 sec,0.75,0.750002264,-2.26E-06,55.50065913
9206.6 sec,0.75,0.750003905,-3.90E-06,56.61615166
9207.3 sec,0.75,0.750001918,-1.92E-06,55.26516752
9207.9 sec,0.75,0.75000065,-6.50E-07,54.40249375
9208.6 sec,0.75,0.750000503,-5.03E-07,54.30253171
9209.4 sec,0.75,0.750001277,-1.28E-06,54.82940585
9210.2 sec,0.75,0.750003629,-3.63E-06,56.42869404
9210.9 sec,0.75,0.750003165,-3.17E-06,56.11308717
9211.5 sec,0.75,0.750001064,-1.06E-06,54.68427498
9212.2 sec,0.75,0.75000047,-4.70E-07,54.28024342
9212.9 sec,0.75,0.75000071,-7.10E-07,54.44338125
9213.8 sec,0.75,0.750002416,-2.42E-06,55.60401288
9214.4 sec,0.75,0.750001106,-1.11E-06,54.7127085
9215 sec,0.75,0.750000506,-5.06E-07,54.30483703
9215.8 sec,0.75,0.750000724,-7.24E-07,54.45292632
9216.7 sec,0.75,0.750002264,-2.26E-06,55.50065913
9217.5 sec,0.75,0.750003905,-3.90E-06,56.61615166
9218.1 sec,0.75,0.750001918,-1.92E-06,55.26516752
9218.7 sec,0.75,0.75000065,-6.50E-07,54.40249375
9219.4 sec,0.75,0.750000503,-5.03E-07,54.30253171
9220.2 sec,0.75,0.750001277,-1.28E-06,54.82940585
9221.1 sec,0.75,0.750003629,-3.63E-06,56.42869404
9221.8 sec,0.75,0.750003165,-3.17E-06,56.11308717
9222.3 sec,0.75,0.750001064,-1.06E-06,54.68427498
9223 sec,0.75,0.75000047,-4.70E-07,54.28024342
9223.7 sec,0.75,0.75000071,-7.10E-07,54.44338125
9224.6 sec,0.75,0.750002416,-2.42E-06,55.60401288
9225.2 sec,0.75,0.750001106,-1.11E-06,54.7127085
9225.9 sec,0.75,0.750000506,-5.06E-07,54.30483703
9226.6 sec,0.75,0.750000724,-7.24E-07,54.45292632
9227.5 sec,0.75,0.750002264,-2.26E-06,55.50065913
9228.3 sec,0.75,0.750003905,-3.90E-06,56.61615166
9228.9 sec,0.75,0.750001918,-1.92E-06,55.26516752
9229.5 sec,0.75,0.75000065,-6.50E-07,54.40249375
9230.2 sec,0.75,0.750000503,-5.03E-07,54.30253171
9231 sec,0.75,0.750001277,-1.28E-06,54.82940585
9231.9 sec,0.75,0.750003629,-3.63E-06,56.42869404
9232.6 sec,0.75,0.750003165,-3.17E-06,56.11308717
9233.2 sec,0.75,0.750001064,-1.06E-06,54.68427498
9233.8 sec,0.75,0.75000047,-4.70E-07,54.28024342
9234.5 sec,0.75,0.75000071,-7.10E-07,54.44338125
9235.4 sec,0.75,0.750002416,-2.42E-06,55.60401288
9236 sec,0.75,0.750001106,-1.11E-06,54.7127085
9236.7 sec,0.75,0.750000506,-5.06E-07,54.30483703
9237.4 sec,0.75,0.750000724,-7.24E-07,54.45292632
9238.3 sec,0.75,0.750002264,-2.26E-06,55.50065913
9239.1 sec,0.75,0.750003905,-3.90E-06,56.61615166
9239.7 sec,0.75,0.750001918,-1.92E-06,55.26516752
9240.3 sec,0.75,0.75000065,-6.50E-07,54.40249375
9241 sec,0.75,0.750000503,-5.03E-07,54.30253171
9241.8 sec,0.75,0.750001277,-1.28E-06,54.82940585
9242.7 sec,0.75,0.750003629,-3.63E-06,56.42869404
9243.4 sec,0.75,0.750003165,-3.17E-06,56.11308717
9244 sec,0.75,0.750001064,-1.06E-06,54.68427498
9244.6 sec,0.75,0.75000047,-4.70E-07,54.28024342
9245.4 sec,0.75,0.75000071,-7.10E-07,54.44338125
9246.2 sec,0.75,0.750002416,-2.42E-06,55.60401288
9246.9 sec,0.75,0.750001106,-1.11E-06,54.7127085
9247.5 sec,0.75,0.750000506,-5.06E-07,54.30483703
9248.2 sec,0.75,0.750000724,-7.24E-07,54.45292632
9249.1 sec,0.75,0.750002264,-2.26E-06,55.50065913
9249.9 sec,0.75,0.750003905,-3.90E-06,56.61615166
9250.5 sec,0.75,0.750001918,-1.92E-06,55.26516752
9251.1 sec,0.75,0.75000065,-6.50E-07,54.40249375
9251.8 sec,0.75,0.750000503,-5.03E-07,54.30253171
9252.6 sec,0.75,0.750001277,-1.28E-06,54.82940585
9253.5 sec,0.75,0.750003629,-3.63E-06,56.42869404
9254.2 sec,0.75,0.750003165,-3.17E-06,56.11308717
9254.8 sec,0.75,0.750001064,-1.06E-06,54.68427498
9255.4 sec,0.75,0.75000047,-4.70E-07,54.28024342
9256.2 sec,0.75,0.75000071,-7.10E-07,54.44338125
9257 sec,0.75,0.750002416,-2.42E-06,55.60401288
9257.7 sec,0.75,0.750001106,-1.11E-06,54.7127085
9258.3 sec,0.75,0.750000506,-5.06E-07,54.30483703
9259.1 sec,0.75,0.750000724,-7.24E-07,54.45292632
9259.9 sec,0.75,0.750002264,-2.26E-06,55.50065913
9260.7 sec,0.75,0.750003905,-3.90E-06,56.61615166
9261.3 sec,0.75,0.750001918,-1.92E-06,55.26516752
9261.9 sec,0.75,0.75000065,-6.50E-07,54.40249375
9262.6 sec,0.75,0.750000503,-5.03E-07,54.30253171
9263.4 sec,0.75,0.750001277,-1.28E-06,54.82940585
9264.3 sec,0.75,0.750003629,-3.63E-06,56.42869404
9265 sec,0.75,0.750003165,-3.17E-06,56.11308717
9265.6 sec,0.75,0.750001064,-1.06E-06,54.68427498
9266.2 sec,0.75,0.75000047,-4.70E-07,54.28024342
9267 sec,0.75,0.75000071,-7.10E-07,54.44338125
9267.8 sec,0.75,0.750002416,-2.42E-06,55.60401288
9268.5 sec,0.75,0.750001106,-1.11E-06,54.7127085
9269.1 sec,0.75,0.750000506,-5.06E-07,54.30483703
9269.9 sec,0.75,0.750000724,-7.24E-07,54.45292632
9270.7 sec,0.75,0.750002264,-2.26E-06,55.50065913
9271.5 sec,0.75,0.750003905,-3.90E-06,56.61615166
9272.1 sec,0.75,0.750001918,-1.92E-06,55.26516752
9272.7 sec,0.75,0.75000065,-6.50E-07,54.40249375
9273.4 sec,0.75,0.750000503,-5.03E-07,54.30253171
9274.3 sec,0.75,0.750001277,-1.28E-06,54.82940585
9275.1 sec,0.75,0.750003629,-3.63E-06,56.42869404
9275.8 sec,0.75,0.750003165,-3.17E-06,56.11308717
9276.4 sec,0.75,0.750001064,-1.06E-06,54.68427498
9277 sec,0.75,0.75000047,-4.70E-07,54.28024342
9277.8 sec,0.75,0.75000071,-7.10E-07,54.44338125
9278.7 sec,0.75,0.750002416,-2.42E-06,55.60401288
9279.3 sec,0.75,0.750001106,-1.11E-06,54.7127085
9279.9 sec,0.75,0.750000506,-5.06E-07,54.30483703
9280.7 sec,0.75,0.750000724,-7.24E-07,54.45292632
9281.5 sec,0.75,0.750002264,-2.26E-06,55.50065913
9282.3 sec,0.75,0.750003905,-3.90E-06,56.61615166
9283 sec,0.75,0.750001918,-1.92E-06,55.26516752
9283.5 sec,0.75,0.75000065,-6.50E-07,54.40249375
9284.2 sec,0.75,0.750000503,-5.03E-07,54.30253171
9285.1 sec,0.75,0.750001277,-1.28E-06,54.82940585
9285.9 sec,0.75,0.750003629,-3.63E-06,56.42869404
9286.6 sec,0.75,0.750003165,-3.17E-06,56.11308717
9287.2 sec,0.75,0.750001064,-1.06E-06,54.68427498
9287.8 sec,0.75,0.75000047,-4.70E-07,54.28024342
9288.6 sec,0.75,0.75000071,-7.10E-07,54.44338125
9289.5 sec,0.75,0.750002416,-2.42E-06,55.60401288
9290.1 sec,0.75,0.750001106,-1.11E-06,54.7127085
9290.7 sec,0.75,0.750000506,-5.06E-07,54.30483703
9291.5 sec,0.75,0.750000724,-7.24E-07,54.45292632
9292.3 sec,0.75,0.750002264,-2.26E-06,55.50065913
9293.1 sec,0.75,0.750003905,-3.90E-06,56.61615166
9293.8 sec,0.75,0.750001918,-1.92E-06,55.26516752
9294.4 sec,0.75,0.75000065,-6.50E-07,54.40249375
9295 sec,0.75,0.750000503,-5.03E-07,54.30253171
9295.9 sec,0.75,0.750001277,-1.28E-06,54.82940585
9296.7 sec,0.75,0.750003629,-3.63E-06,56.42869404
9297.4 sec,0.75,0.750003165,-3.17E-06,56.11308717
9298 sec,0.75,0.750001064,-1.06E-06,54.68427498
9298.6 sec,0.75,0.75000047,-4.70E-07,54.28024342
9299.4 sec,0.75,0.75000071,-7.10E-07,54.44338125
9300.3 sec,0.75,0.750002416,-2.42E-06,55.60401288
9300.9 sec,0.75,0.750001106,-1.11E-06,54.7127085
9301.5 sec,0.75,0.750000506,-5.06E-07,54.30483703
9302.3 sec,0.75,0.750000724,-7.24E-07,54.45292632
9303.2 sec,0.75,0.750002264,-2.26E-06,55.50065913
9303.9 sec,0.75,0.750003905,-3.90E-06,56.61615166
9304.6 sec,0.75,0.750001918,-1.92E-06,55.26516752
9305.2 sec,0.75,0.75000065,-6.50E-07,54.40249375
9305.9 sec,0.75,0.750000503,-5.03E-07,54.30253171
9306.7 sec,0.75,0.750001277,-1.28E-06,54.82940585
9307.5 sec,0.75,0.750003629,-3.63E-06,56.42869404
9308.2 sec,0.75,0.750003165,-3.17E-06,56.11308717
9308.8 sec,0.75,0.750001064,-1.06E-06,54.68427498
9309.5 sec,0.75,0.75000047,-4.70E-07,54.28024342
9310.2 sec,0.75,0.75000071,-7.10E-07,54.44338125
9311.1 sec,0.75,0.750002416,-2.42E-06,55.60401288
9311.7 sec,0.75,0.750001106,-1.11E-06,54.7127085
9312.3 sec,0.75,0.750000506,-5.06E-07,54.30483703
9313.1 sec,0.75,0.750000724,-7.24E-07,54.45292632
9314 sec,0.75,0.750002264,-2.26E-06,55.50065913
9314.8 sec,0.75,0.750003905,-3.90E-06,56.61615166
9315.4 sec,0.75,0.750001918,-1.92E-06,55.26516752
9316 sec,0.75,0.75000065,-6.50E-07,54.40249375
9316.7 sec,0.75,0.750000503,-5.03E-07,54.30253171
9317.5 sec,0.75,0.750001277,-1.28E-06,54.82940585
9318.4 sec,0.75,0.750003629,-3.63E-06,56.42869404
9319.1 sec,0.75,0.750003165,-3.17E-06,56.11308717
9319.6 sec,0.75,0.750001064,-1.06E-06,54.68427498
9320.3 sec,0.75,0.75000047,-4.70E-07,54.28024342
9321 sec,0.75,0.75000071,-7.10E-07,54.44338125
9321.9 sec,0.75,0.750002416,-2.42E-06,55.60401288
9322.5 sec,0.75,0.750001106,-1.11E-06,54.7127085
9323.2 sec,0.75,0.750000506,-5.06E-07,54.30483703
9323.9 sec,0.75,0.750000724,-7.24E-07,54.45292632
9324.8 sec,0.75,0.750002264,-2.26E-06,55.50065913
9325.6 sec,0.75,0.750003905,-3.90E-06,56.61615166
9326.2 sec,0.75,0.750001918,-1.92E-06,55.26516752
9326.8 sec,0.75,0.75000065,-6.50E-07,54.40249375
9327.5 sec,0.75,0.750000503,-5.03E-07,54.30253171
9328.3 sec,0.75,0.750001277,-1.28E-06,54.82940585
9329.2 sec,0.75,0.750003629,-3.63E-06,56.42869404
9329.9 sec,0.75,0.750003165,-3.17E-06,56.11308717
9330.5 sec,0.75,0.750001064,-1.06E-06,54.68427498
9331.1 sec,0.75,0.75000047,-4.70E-07,54.28024342
9331.8 sec,0.75,0.75000071,-7.10E-07,54.44338125
9332.7 sec,0.75,0.750002416,-2.42E-06,55.60401288
9333.3 sec,0.75,0.750001106,-1.11E-06,54.7127085
9334 sec,0.75,0.750000506,-5.06E-07,54.30483703
9334.7 sec,0.75,0.750000724,-7.24E-07,54.45292632
9335.6 sec,0.75,0.750002264,-2.26E-06,55.50065913
9336.4 sec,0.75,0.750003905,-3.90E-06,56.61615166
9337 sec,0.75,0.750001918,-1.92E-06,55.26516752
9337.6 sec,0.75,0.75000065,-6.50E-07,54.40249375
9338.3 sec,0.75,0.750000503,-5.03E-07,54.30253171
9339.1 sec,0.75,0.750001277,-1.28E-06,54.82940585
9340 sec,0.75,0.750003629,-3.63E-06,56.42869404
9340.7 sec,0.75,0.750003165,-3.17E-06,56.11308717
9341.3 sec,0.75,0.750001064,-1.06E-06,54.68427498
9341.9 sec,0.75,0.75000047,-4.70E-07,54.28024342
9342.7 sec,0.75,0.75000071,-7.10E-07,54.44338125
9343.5 sec,0.75,0.750002416,-2.42E-06,55.60401288
9344.2 sec,0.75,0.750001106,-1.11E-06,54.7127085
9344.8 sec,0.75,0.750000506,-5.06E-07,54.30483703
9345.5 sec,0.75,0.750000724,-7.24E-07,54.45292632
9346.4 sec,0.75,0.750002264,-2.26E-06,55.50065913
9347.2 sec,0.75,0.750003905,-3.90E-06,56.61615166
9347.8 sec,0.75,0.750001918,-1.92E-06,55.26516752
9348.4 sec,0.75,0.75000065,-6.50E-07,54.40249375
9349.1 sec,0.75,0.750000503,-5.03E-07,54.30253171
9349.9 sec,0.75,0.750001277,-1.28E-06,54.82940585
9350.8 sec,0.75,0.750003629,-3.63E-06,56.42869404
9351.5 sec,0.75,0.750003165,-3.17E-06,56.11308717
9352.1 sec,0.75,0.750001064,-1.06E-06,54.68427498
9352.7 sec,0.75,0.75000047,-4.70E-07,54.28024342
9353.5 sec,0.75,0.75000071,-7.10E-07,54.44338125
9354.3 sec,0.75,0.750002416,-2.42E-06,55.60401288
9355 sec,0.75,0.750001106,-1.11E-06,54.7127085
9355.6 sec,0.75,0.750000506,-5.06E-07,54.30483703
9356.4 sec,0.75,0.750000724,-7.24E-07,54.45292632
9357.2 sec,0.75,0.750002264,-2.26E-06,55.50065913
9358 sec,0.75,0.750003905,-3.90E-06,56.61615166
9358.6 sec,0.75,0.750001918,-1.92E-06,55.26516752
9359.2 sec,0.75,0.75000065,-6.50E-07,54.40249375
9359.9 sec,0.75,0.750000503,-5.03E-07,54.30253171
9360.7 sec,0.75,0.750001277,-1.28E-06,54.82940585
9361.6 sec,0.75,0.750003629,-3.63E-06,56.42869404
9362.3 sec,0.75,0.750003165,-3.17E-06,56.11308717
9362.9 sec,0.75,0.750001064,-1.06E-06,54.68427498
9363.5 sec,0.75,0.75000047,-4.70E-07,54.28024342
9364.3 sec,0.75,0.75000071,-7.10E-07,54.44338125
9365.1 sec,0.75,0.750002416,-2.42E-06,55.60401288
9365.8 sec,0.75,0.750001106,-1.11E-06,54.7127085
9366.4 sec,0.75,0.750000506,-5.06E-07,54.30483703
9367.2 sec,0.75,0.750000724,-7.24E-07,54.45292632
9368 sec,0.75,0.750002264,-2.26E-06,55.50065913
9368.8 sec,0.75,0.750003905,-3.90E-06,56.61615166
9369.4 sec,0.75,0.750001918,-1.92E-06,55.26516752
9370 sec,0.75,0.75000065,-6.50E-07,54.40249375
9370.7 sec,0.75,0.750000503,-5.03E-07,54.30253171
9371.6 sec,0.75,0.750001277,-1.28E-06,54.82940585
9372.4 sec,0.75,0.750003629,-3.63E-06,56.42869404
9373.1 sec,0.75,0.750003165,-3.17E-06,56.11308717
9373.7 sec,0.75,0.750001064,-1.06E-06,54.68427498
9374.3 sec,0.75,0.75000047,-4.70E-07,54.28024342
9375.1 sec,0.75,0.75000071,-7.10E-07,54.44338125
9376 sec,0.75,0.750002416,-2.42E-06,55.60401288
9376.6 sec,0.75,0.750001106,-1.11E-06,54.7127085
9377.2 sec,0.75,0.750000506,-5.06E-07,54.30483703
9378 sec,0.75,0.750000724,-7.24E-07,54.45292632
9378.8 sec,0.75,0.750002264,-2.26E-06,55.50065913
9379.6 sec,0.75,0.750003905,-3.90E-06,56.61615166
9380.3 sec,0.75,0.750001918,-1.92E-06,55.26516752
9380.8 sec,0.75,0.75000065,-6.50E-07,54.40249375
9381.5 sec,0.75,0.750000503,-5.03E-07,54.30253171
9382.4 sec,0.75,0.750001277,-1.28E-06,54.82940585
9383.2 sec,0.75,0.750003629,-3.63E-06,56.42869404
9383.9 sec,0.75,0.750003165,-3.17E-06,56.11308717
9384.5 sec,0.75,0.750001064,-1.06E-06,54.68427498
9385.1 sec,0.75,0.75000047,-4.70E-07,54.28024342
9385.9 sec,0.75,0.75000071,-7.10E-07,54.44338125
9386.8 sec,0.75,0.750002416,-2.42E-06,55.60401288
9387.4 sec,0.75,0.750001106,-1.11E-06,54.7127085
9388 sec,0.75,0.750000506,-5.06E-07,54.30483703
9388.8 sec,0.75,0.750000724,-7.24E-07,54.45292632
9389.6 sec,0.75,0.750002264,-2.26E-06,55.50065913
9390.4 sec,0.75,0.750003905,-3.90E-06,56.61615166
9391.1 sec,0.75,0.750001918,-1.92E-06,55.26516752
9391.7 sec,0.75,0.75000065,-6.50E-07,54.40249375
9392.3 sec,0.75,0.750000503,-5.03E-07,54.30253171
9393.2 sec,0.75,0.750001277,-1.28E-06,54.82940585
9394 sec,0.75,0.750003629,-3.63E-06,56.42869404
9394.7 sec,0.75,0.750003165,-3.17E-06,56.11308717
9395.3 sec,0.75,0.750001064,-1.06E-06,54.68427498
9395.9 sec,0.75,0.75000047,-4.70E-07,54.28024342
9396.7 sec,0.75,0.75000071,-7.10E-07,54.44338125
9397.6 sec,0.75,0.750002416,-2.42E-06,55.60401288
9398.2 sec,0.75,0.750001106,-1.11E-06,54.7127085
9398.8 sec,0.75,0.750000506,-5.06E-07,54.30483703
9399.6 sec,0.75,0.750000724,-7.24E-07,54.45292632
9400.5 sec,0.75,0.750002264,-2.26E-06,55.50065913
9401.2 sec,0.75,0.750003905,-3.90E-06,56.61615166
9401.9 sec,0.75,0.750001918,-1.92E-06,55.26516752
9402.5 sec,0.75,0.75000065,-6.50E-07,54.40249375
9403.2 sec,0.75,0.750000503,-5.03E-07,54.30253171
9404 sec,0.75,0.750001277,-1.28E-06,54.82940585
9404.8 sec,0.75,0.750003629,-3.63E-06,56.42869404
9405.5 sec,0.75,0.750003165,-3.17E-06,56.11308717
9406.1 sec,0.75,0.750001064,-1.06E-06,54.68427498
9406.8 sec,0.75,0.75000047,-4.70E-07,54.28024342
9407.5 sec,0.75,0.75000071,-7.10E-07,54.44338125
9408.4 sec,0.75,0.750002416,-2.42E-06,55.60401288
9409 sec,0.75,0.750001106,-1.11E-06,54.7127085
9409.6 sec,0.75,0.750000506,-5.06E-07,54.30483703
9410.4 sec,0.75,0.750000724,-7.24E-07,54.45292632
9411.3 sec,0.75,0.750002264,-2.26E-06,55.50065913
9412.1 sec,0.75,0.750003905,-3.90E-06,56.61615166
9412.7 sec,0.75,0.750001918,-1.92E-06,55.26516752
9413.3 sec,0.75,0.75000065,-6.50E-07,54.40249375
9414 sec,0.75,0.750000503,-5.03E-07,54.30253171
9414.8 sec,0.75,0.750001277,-1.28E-06,54.82940585
9415.6 sec,0.75,0.750003629,-3.63E-06,56.42869404
9416.4 sec,0.75,0.750003165,-3.17E-06,56.11308717
9416.9 sec,0.75,0.750001064,-1.06E-06,54.68427498
9417.6 sec,0.75,0.75000047,-4.70E-07,54.28024342
9418.3 sec,0.75,0.75000071,-7.10E-07,54.44338125
9419.2 sec,0.75,0.750002416,-2.42E-06,55.60401288
9419.8 sec,0.75,0.750001106,-1.11E-06,54.7127085
9420.5 sec,0.75,0.750000506,-5.06E-07,54.30483703
9421.2 sec,0.75,0.750000724,-7.24E-07,54.45292632
9422.1 sec,0.75,0.750002264,-2.26E-06,55.50065913
9422.9 sec,0.75,0.750003905,-3.90E-06,56.61615166
9423.5 sec,0.75,0.750001918,-1.92E-06,55.26516752
9424.1 sec,0.75,0.75000065,-6.50E-07,54.40249375
9424.8 sec,0.75,0.750000503,-5.03E-07,54.30253171
9425.6 sec,0.75,0.750001277,-1.28E-06,54.82940585
9426.5 sec,0.75,0.750003629,-3.63E-06,56.42869404
9427.2 sec,0.75,0.750003165,-3.17E-06,56.11308717
9427.8 sec,0.75,0.750001064,-1.06E-06,54.68427498
9428.4 sec,0.75,0.75000047,-4.70E-07,54.28024342
9429.1 sec,0.75,0.75000071,-7.10E-07,54.44338125
9430 sec,0.75,0.750002416,-2.42E-06,55.60401288
9430.6 sec,0.75,0.750001106,-1.11E-06,54.7127085
9431.3 sec,0.75,0.750000506,-5.06E-07,54.30483703
9432 sec,0.75,0.750000724,-7.24E-07,54.45292632
9432.9 sec,0.75,0.750002264,-2.26E-06,55.50065913
9433.7 sec,0.75,0.750003905,-3.90E-06,56.61615166
9434.3 sec,0.75,0.750001918,-1.92E-06,55.26516752
9434.9 sec,0.75,0.75000065,-6.50E-07,54.40249375
9435.6 sec,0.75,0.750000503,-5.03E-07,54.30253171
9436.4 sec,0.75,0.750001277,-1.28E-06,54.82940585
9437.3 sec,0.75,0.750003629,-3.63E-06,56.42869404
9438 sec,0.75,0.750003165,-3.17E-06,56.11308717
9438.6 sec,0.75,0.750001064,-1.06E-06,54.68427498
9439.2 sec,0.75,0.75000047,-4.70E-07,54.28024342
9440 sec,0.75,0.75000071,-7.10E-07,54.44338125
9440.8 sec,0.75,0.750002416,-2.42E-06,55.60401288
9441.5 sec,0.75,0.750001106,-1.11E-06,54.7127085
9442.1 sec,0.75,0.750000506,-5.06E-07,54.30483703
9442.8 sec,0.75,0.750000724,-7.24E-07,54.45292632
9443.7 sec,0.75,0.750002264,-2.26E-06,55.50065913
9444.5 sec,0.75,0.750003905,-3.90E-06,56.61615166
9445.1 sec,0.75,0.750001918,-1.92E-06,55.26516752
9445.7 sec,0.75,0.75000065,-6.50E-07,54.40249375
9446.4 sec,0.75,0.750000503,-5.03E-07,54.30253171
9447.2 sec,0.75,0.750001277,-1.28E-06,54.82940585
9448.1 sec,0.75,0.750003629,-3.63E-06,56.42869404
9448.8 sec,0.75,0.750003165,-3.17E-06,56.11308717
9449.4 sec,0.75,0.750001064,-1.06E-06,54.68427498
9450 sec,0.75,0.75000047,-4.70E-07,54.28024342
9450.8 sec,0.75,0.75000071,-7.10E-07,54.44338125
9451.6 sec,0.75,0.750002416,-2.42E-06,55.60401288
9452.3 sec,0.75,0.750001106,-1.11E-06,54.7127085
9452.9 sec,0.75,0.750000506,-5.06E-07,54.30483703
9453.7 sec,0.75,0.750000724,-7.24E-07,54.45292632
9454.5 sec,0.75,0.750002264,-2.26E-06,55.50065913
9455.3 sec,0.75,0.750003905,-3.90E-06,56.61615166
9455.9 sec,0.75,0.750001918,-1.92E-06,55.26516752
9456.5 sec,0.75,0.75000065,-6.50E-07,54.40249375
9457.2 sec,0.75,0.750000503,-5.03E-07,54.30253171
9458 sec,0.75,0.750001277,-1.28E-06,54.82940585
9458.9 sec,0.75,0.750003629,-3.63E-06,56.42869404
9459.6 sec,0.75,0.750003165,-3.17E-06,56.11308717
9460.2 sec,0.75,0.750001064,-1.06E-06,54.68427498
9460.8 sec,0.75,0.75000047,-4.70E-07,54.28024342
9461.6 sec,0.75,0.75000071,-7.10E-07,54.44338125
9462.4 sec,0.75,0.750002416,-2.42E-06,55.60401288
9463.1 sec,0.75,0.750001106,-1.11E-06,54.7127085
9463.7 sec,0.75,0.750000506,-5.06E-07,54.30483703
9464.5 sec,0.75,0.750000724,-7.24E-07,54.45292632
9465.3 sec,0.75,0.750002264,-2.26E-06,55.50065913
9466.1 sec,0.75,0.750003905,-3.90E-06,56.61615166
9466.7 sec,0.75,0.750001918,-1.92E-06,55.26516752
9467.3 sec,0.75,0.75000065,-6.50E-07,54.40249375
9468 sec,0.75,0.750000503,-5.03E-07,54.30253171
9468.9 sec,0.75,0.750001277,-1.28E-06,54.82940585
9469.7 sec,0.75,0.750003629,-3.63E-06,56.42869404
9470.4 sec,0.75,0.750003165,-3.17E-06,56.11308717
9471 sec,0.75,0.750001064,-1.06E-06,54.68427498
9471.6 sec,0.75,0.75000047,-4.70E-07,54.28024342
9472.4 sec,0.75,0.75000071,-7.10E-07,54.44338125
9473.3 sec,0.75,0.750002416,-2.42E-06,55.60401288
9473.9 sec,0.75,0.750001106,-1.11E-06,54.7127085
9474.5 sec,0.75,0.750000506,-5.06E-07,54.30483703
9475.3 sec,0.75,0.750000724,-7.24E-07,54.45292632
9476.1 sec,0.75,0.750002264,-2.26E-06,55.50065913
9476.9 sec,0.75,0.750003905,-3.90E-06,56.61615166
9477.6 sec,0.75,0.750001918,-1.92E-06,55.26516752
9478.1 sec,0.75,0.75000065,-6.50E-07,54.40249375
9478.8 sec,0.75,0.750000503,-5.03E-07,54.30253171
9479.7 sec,0.75,0.750001277,-1.28E-06,54.82940585
9480.5 sec,0.75,0.750003629,-3.63E-06,56.42869404
9481.2 sec,0.75,0.750003165,-3.17E-06,56.11308717
9481.8 sec,0.75,0.750001064,-1.06E-06,54.68427498
9482.4 sec,0.75,0.75000047,-4.70E-07,54.28024342
9483.2 sec,0.75,0.75000071,-7.10E-07,54.44338125
9484.1 sec,0.75,0.750002416,-2.42E-06,55.60401288
9484.7 sec,0.75,0.750001106,-1.11E-06,54.7127085
9485.3 sec,0.75,0.750000506,-5.06E-07,54.30483703
9486.1 sec,0.75,0.750000724,-7.24E-07,54.45292632
9486.9 sec,0.75,0.750002264,-2.26E-06,55.50065913
9487.7 sec,0.75,0.750003905,-3.90E-06,56.61615166
9488.4 sec,0.75,0.750001918,-1.92E-06,55.26516752
9489 sec,0.75,0.75000065,-6.50E-07,54.40249375
9489.6 sec,0.75,0.750000503,-5.03E-07,54.30253171
9490.5 sec,0.75,0.750001277,-1.28E-06,54.82940585
9491.3 sec,0.75,0.750003629,-3.63E-06,56.42869404
9492 sec,0.75,0.750003165,-3.17E-06,56.11308717
9492.6 sec,0.75,0.750001064,-1.06E-06,54.68427498
9493.2 sec,0.75,0.75000047,-4.70E-07,54.28024342
9494 sec,0.75,0.75000071,-7.10E-07,54.44338125
9494.9 sec,0.75,0.750002416,-2.42E-06,55.60401288
9495.5 sec,0.75,0.750001106,-1.11E-06,54.7127085
9496.1 sec,0.75,0.750000506,-5.06E-07,54.30483703
9496.9 sec,0.75,0.750000724,-7.24E-07,54.45292632
9497.8 sec,0.75,0.750002264,-2.26E-06,55.50065913
9498.5 sec,0.75,0.750003905,-3.90E-06,56.61615166
9499.2 sec,0.75,0.750001918,-1.92E-06,55.26516752
9499.8 sec,0.75,0.75000065,-6.50E-07,54.40249375
9500.5 sec,0.75,0.750000503,-5.03E-07,54.30253171
9501.3 sec,0.75,0.750001277,-1.28E-06,54.82940585
9502.1 sec,0.75,0.750003629,-3.63E-06,56.42869404
9502.8 sec,0.75,0.750003165,-3.17E-06,56.11308717
9503.4 sec,0.75,0.750001064,-1.06E-06,54.68427498
9504.1 sec,0.75,0.75000047,-4.70E-07,54.28024342
9504.8 sec,0.75,0.75000071,-7.10E-07,54.44338125
9505.7 sec,0.75,0.750002416,-2.42E-06,55.60401288
9506.3 sec,0.75,0.750001106,-1.11E-06,54.7127085
9506.9 sec,0.75,0.750000506,-5.06E-07,54.30483703
9507.7 sec,0.75,0.750000724,-7.24E-07,54.45292632
9508.6 sec,0.75,0.750002264,-2.26E-06,55.50065913
9509.4 sec,0.75,0.750003905,-3.90E-06,56.61615166
9510 sec,0.75,0.750001918,-1.92E-06,55.26516752
9510.6 sec,0.75,0.75000065,-6.50E-07,54.40249375
9511.3 sec,0.75,0.750000503,-5.03E-07,54.30253171
9512.1 sec,0.75,0.750001277,-1.28E-06,54.82940585
9512.9 sec,0.75,0.750003629,-3.63E-06,56.42869404
9513.7 sec,0.75,0.750003165,-3.17E-06,56.11308717
9514.2 sec,0.75,0.750001064,-1.06E-06,54.68427498
9514.9 sec,0.75,0.75000047,-4.70E-07,54.28024342
9515.6 sec,0.75,0.75000071,-7.10E-07,54.44338125
9516.5 sec,0.75,0.750002416,-2.42E-06,55.60401288
9517.1 sec,0.75,0.750001106,-1.11E-06,54.7127085
9517.8 sec,0.75,0.750000506,-5.06E-07,54.30483703
9518.5 sec,0.75,0.750000724,-7.24E-07,54.45292632
9519.4 sec,0.75,0.750002264,-2.26E-06,55.50065913
9520.2 sec,0.75,0.750003905,-3.90E-06,56.61615166
9520.8 sec,0.75,0.750001918,-1.92E-06,55.26516752
9521.4 sec,0.75,0.75000065,-6.50E-07,54.40249375
9522.1 sec,0.75,0.750000503,-5.03E-07,54.30253171
9522.9 sec,0.75,0.750001277,-1.28E-06,54.82940585
9523.8 sec,0.75,0.750003629,-3.63E-06,56.42869404
9524.5 sec,0.75,0.750003165,-3.17E-06,56.11308717
9525.1 sec,0.75,0.750001064,-1.06E-06,54.68427498
9525.7 sec,0.75,0.75000047,-4.70E-07,54.28024342
9526.4 sec,0.75,0.75000071,-7.10E-07,54.44338125
9527.3 sec,0.75,0.750002416,-2.42E-06,55.60401288
9527.9 sec,0.75,0.750001106,-1.11E-06,54.7127085
9528.6 sec,0.75,0.750000506,-5.06E-07,54.30483703
9529.3 sec,0.75,0.750000724,-7.24E-07,54.45292632
9530.2 sec,0.75,0.750002264,-2.26E-06,55.50065913
9531 sec,0.75,0.750003905,-3.90E-06,56.61615166
9531.6 sec,0.75,0.750001918,-1.92E-06,55.26516752
9532.2 sec,0.75,0.75000065,-6.50E-07,54.40249375
9532.9 sec,0.75,0.750000503,-5.03E-07,54.30253171
9533.7 sec,0.75,0.750001277,-1.28E-06,54.82940585
9534.6 sec,0.75,0.750003629,-3.63E-06,56.42869404
9535.3 sec,0.75,0.750003165,-3.17E-06,56.11308717
9535.9 sec,0.75,0.750001064,-1.06E-06,54.68427498
9536.5 sec,0.75,0.75000047,-4.70E-07,54.28024342
9537.3 sec,0.75,0.75000071,-7.10E-07,54.44338125
9538.1 sec,0.75,0.750002416,-2.42E-06,55.60401288
9538.8 sec,0.75,0.750001106,-1.11E-06,54.7127085
9539.4 sec,0.75,0.750000506,-5.06E-07,54.30483703
9540.1 sec,0.75,0.750000724,-7.24E-07,54.45292632
9541 sec,0.75,0.750002264,-2.26E-06,55.50065913
9541.8 sec,0.75,0.750003905,-3.90E-06,56.61615166
9542.4 sec,0.75,0.750001918,-1.92E-06,55.26516752
9543 sec,0.75,0.75000065,-6.50E-07,54.40249375
9543.7 sec,0.75,0.750000503,-5.03E-07,54.30253171
9544.5 sec,0.75,0.750001277,-1.28E-06,54.82940585
9545.4 sec,0.75,0.750003629,-3.63E-06,56.42869404
9546.1 sec,0.75,0.750003165,-3.17E-06,56.11308717
9546.7 sec,0.75,0.750001064,-1.06E-06,54.68427498
9547.3 sec,0.75,0.75000047,-4.70E-07,54.28024342
9548.1 sec,0.75,0.75000071,-7.10E-07,54.44338125
9548.9 sec,0.75,0.750002416,-2.42E-06,55.60401288
9549.6 sec,0.75,0.750001106,-1.11E-06,54.7127085
9550.2 sec,0.75,0.750000506,-5.06E-07,54.30483703
9551 sec,0.75,0.750000724,-7.24E-07,54.45292632
9551.8 sec,0.75,0.750002264,-2.26E-06,55.50065913
9552.6 sec,0.75,0.750003905,-3.90E-06,56.61615166
9553.2 sec,0.75,0.750001918,-1.92E-06,55.26516752
9553.8 sec,0.75,0.75000065,-6.50E-07,54.40249375
9554.5 sec,0.75,0.750000503,-5.03E-07,54.30253171
9555.3 sec,0.75,0.750001277,-1.28E-06,54.82940585
9556.2 sec,0.75,0.750003629,-3.63E-06,56.42869404
9556.9 sec,0.75,0.750003165,-3.17E-06,56.11308717
9557.5 sec,0.75,0.750001064,-1.06E-06,54.68427498
9558.1 sec,0.75,0.75000047,-4.70E-07,54.28024342
9558.9 sec,0.75,0.75000071,-7.10E-07,54.44338125
9559.7 sec,0.75,0.750002416,-2.42E-06,55.60401288
9560.4 sec,0.75,0.750001106,-1.11E-06,54.7127085
9561 sec,0.75,0.750000506,-5.06E-07,54.30483703
9561.8 sec,0.75,0.750000724,-7.24E-07,54.45292632
9562.6 sec,0.75,0.750002264,-2.26E-06,55.50065913
9563.4 sec,0.75,0.750003905,-3.90E-06,56.61615166
9564 sec,0.75,0.750001918,-1.92E-06,55.26516752
9564.6 sec,0.75,0.75000065,-6.50E-07,54.40249375
9565.3 sec,0.75,0.750000503,-5.03E-07,54.30253171
9566.2 sec,0.75,0.750001277,-1.28E-06,54.82940585
9567 sec,0.75,0.750003629,-3.63E-06,56.42869404
9567.7 sec,0.75,0.750003165,-3.17E-06,56.11308717
9568.3 sec,0.75,0.750001064,-1.06E-06,54.68427498
9568.9 sec,0.75,0.75000047,-4.70E-07,54.28024342
9569.7 sec,0.75,0.75000071,-7.10E-07,54.44338125
9570.6 sec,0.75,0.750002416,-2.42E-06,55.60401288
9571.2 sec,0.75,0.750001106,-1.11E-06,54.7127085
9571.8 sec,0.75,0.750000506,-5.06E-07,54.30483703
9572.6 sec,0.75,0.750000724,-7.24E-07,54.45292632
9573.4 sec,0.75,0.750002264,-2.26E-06,55.50065913
9574.2 sec,0.75,0.750003905,-3.90E-06,56.61615166
9574.9 sec,0.75,0.750001918,-1.92E-06,55.26516752
9575.4 sec,0.75,0.75000065,-6.50E-07,54.40249375
9576.1 sec,0.75,0.750000503,-5.03E-07,54.30253171
9577 sec,0.75,0.750001277,-1.28E-06,54.82940585
9577.8 sec,0.75,0.750003629,-3.63E-06,56.42869404
9578.5 sec,0.75,0.750003165,-3.17E-06,56.11308717
9579.1 sec,0.75,0.750001064,-1.06E-06,54.68427498
9579.7 sec,0.75,0.75000047,-4.70E-07,54.28024342
9580.5 sec,0.75,0.75000071,-7.10E-07,54.44338125
9581.4 sec,0.75,0.750002416,-2.42E-06,55.60401288
9582 sec,0.75,0.750001106,-1.11E-06,54.7127085
9582.6 sec,0.75,0.750000506,-5.06E-07,54.30483703
9583.4 sec,0.75,0.750000724,-7.24E-07,54.45292632
9584.2 sec,0.75,0.750002264,-2.26E-06,55.50065913
9585 sec,0.75,0.750003905,-3.90E-06,56.61615166
9585.7 sec,0.75,0.750001918,-1.92E-06,55.26516752
9586.3 sec,0.75,0.75000065,-6.50E-07,54.40249375
9586.9 sec,0.75,0.750000503,-5.03E-07,54.30253171
9587.8 sec,0.75,0.750001277,-1.28E-06,54.82940585
9588.6 sec,0.75,0.750003629,-3.63E-06,56.42869404
9589.3 sec,0.75,0.750003165,-3.17E-06,56.11308717
9589.9 sec,0.75,0.750001064,-1.06E-06,54.68427498
9590.5 sec,0.75,0.75000047,-4.70E-07,54.28024342
9591.3 sec,0.75,0.75000071,-7.10E-07,54.44338125
9592.2 sec,0.75,0.750002416,-2.42E-06,55.60401288
9592.8 sec,0.75,0.750001106,-1.11E-06,54.7127085
9593.4 sec,0.75,0.750000506,-5.06E-07,54.30483703
9594.2 sec,0.75,0.750000724,-7.24E-07,54.45292632
9595.1 sec,0.75,0.750002264,-2.26E-06,55.50065913
9595.8 sec,0.75,0.750003905,-3.90E-06,56.61615166
9596.5 sec,0.75,0.750001918,-1.92E-06,55.26516752
9597.1 sec,0.75,0.75000065,-6.50E-07,54.40249375
9597.8 sec,0.75,0.750000503,-5.03E-07,54.30253171
9598.6 sec,0.75,0.750001277,-1.28E-06,54.82940585
9599.4 sec,0.75,0.750003629,-3.63E-06,56.42869404
9600.1 sec,0.75,0.750003165,-3.17E-06,56.11308717
9600.7 sec,0.75,0.750001064,-1.06E-06,54.68427498
9601.4 sec,0.75,0.75000047,-4.70E-07,54.28024342
9602.1 sec,0.75,0.75000071,-7.10E-07,54.44338125
9603 sec,0.75,0.750002416,-2.42E-06,55.60401288
9603.6 sec,0.75,0.750001106,-1.11E-06,54.7127085
9604.2 sec,0.75,0.750000506,-5.06E-07,54.30483703
9605 sec,0.75,0.750000724,-7.24E-07,54.45292632
9605.9 sec,0.75,0.750002264,-2.26E-06,55.50065913
9606.7 sec,0.75,0.750003905,-3.90E-06,56.61615166
9607.3 sec,0.75,0.750001918,-1.92E-06,55.26516752
9607.9 sec,0.75,0.75000065,-6.50E-07,54.40249375
9608.6 sec,0.75,0.750000503,-5.03E-07,54.30253171
9609.4 sec,0.75,0.750001277,-1.28E-06,54.82940585
9610.2 sec,0.75,0.750003629,-3.63E-06,56.42869404
9611 sec,0.75,0.750003165,-3.17E-06,56.11308717
9611.5 sec,0.75,0.750001064,-1.06E-06,54.68427498
9612.2 sec,0.75,0.75000047,-4.70E-07,54.28024342
9612.9 sec,0.75,0.75000071,-7.10E-07,54.44338125
9613.8 sec,0.75,0.750002416,-2.42E-06,55.60401288
9614.4 sec,0.75,0.750001106,-1.11E-06,54.7127085
9615.1 sec,0.75,0.750000506,-5.06E-07,54.30483703
9615.8 sec,0.75,0.750000724,-7.24E-07,54.45292632
9616.7 sec,0.75,0.750002264,-2.26E-06,55.50065913
9617.5 sec,0.75,0.750003905,-3.90E-06,56.61615166
9618.1 sec,0.75,0.750001918,-1.92E-06,55.26516752
9618.7 sec,0.75,0.75000065,-6.50E-07,54.40249375
9619.4 sec,0.75,0.750000503,-5.03E-07,54.30253171
9620.2 sec,0.75,0.750001277,-1.28E-06,54.82940585
9621.1 sec,0.75,0.750003629,-3.63E-06,56.42869404
9621.8 sec,0.75,0.750003165,-3.17E-06,56.11308717
9622.4 sec,0.75,0.750001064,-1.06E-06,54.68427498
9623 sec,0.75,0.75000047,-4.70E-07,54.28024342
9623.7 sec,0.75,0.75000071,-7.10E-07,54.44338125
9624.6 sec,0.75,0.750002416,-2.42E-06,55.60401288
9625.2 sec,0.75,0.750001106,-1.11E-06,54.7127085
9625.9 sec,0.75,0.750000506,-5.06E-07,54.30483703
9626.6 sec,0.75,0.750000724,-7.24E-07,54.45292632
9627.5 sec,0.75,0.750002264,-2.26E-06,55.50065913
9628.3 sec,0.75,0.750003905,-3.90E-06,56.61615166
9628.9 sec,0.75,0.750001918,-1.92E-06,55.26516752
9629.5 sec,0.75,0.75000065,-6.50E-07,54.40249375
9630.2 sec,0.75,0.750000503,-5.03E-07,54.30253171
9631 sec,0.75,0.750001277,-1.28E-06,54.82940585
9631.9 sec,0.75,0.750003629,-3.63E-06,56.42869404
9632.6 sec,0.75,0.750003165,-3.17E-06,56.11308717
9633.2 sec,0.75,0.750001064,-1.06E-06,54.68427498
9633.8 sec,0.75,0.75000047,-4.70E-07,54.28024342
9634.6 sec,0.75,0.75000071,-7.10E-07,54.44338125
9635.4 sec,0.75,0.750002416,-2.42E-06,55.60401288
9636.1 sec,0.75,0.750001106,-1.11E-06,54.7127085
9636.7 sec,0.75,0.750000506,-5.06E-07,54.30483703
9637.4 sec,0.75,0.750000724,-7.24E-07,54.45292632
9638.3 sec,0.75,0.750002264,-2.26E-06,55.50065913
9639.1 sec,0.75,0.750003905,-3.90E-06,56.61615166
9639.7 sec,0.75,0.750001918,-1.92E-06,55.26516752
9640.3 sec,0.75,0.75000065,-6.50E-07,54.40249375
9641 sec,0.75,0.750000503,-5.03E-07,54.30253171
9641.8 sec,0.75,0.750001277,-1.28E-06,54.82940585
9642.7 sec,0.75,0.750003629,-3.63E-06,56.42869404
9643.4 sec,0.75,0.750003165,-3.17E-06,56.11308717
9644 sec,0.75,0.750001064,-1.06E-06,54.68427498
9644.6 sec,0.75,0.75000047,-4.70E-07,54.28024342
9645.4 sec,0.75,0.75000071,-7.10E-07,54.44338125
9646.2 sec,0.75,0.750002416,-2.42E-06,55.60401288
9646.9 sec,0.75,0.750001106,-1.11E-06,54.7127085
9647.5 sec,0.75,0.750000506,-5.06E-07,54.30483703
9648.3 sec,0.75,0.750000724,-7.24E-07,54.45292632
9649.1 sec,0.75,0.750002264,-2.26E-06,55.50065913
9649.9 sec,0.75,0.750003905,-3.90E-06,56.61615166
9650.5 sec,0.75,0.750001918,-1.92E-06,55.26516752
9651.1 sec,0.75,0.75000065,-6.50E-07,54.40249375
9651.8 sec,0.75,0.750000503,-5.03E-07,54.30253171
9652.6 sec,0.75,0.750001277,-1.28E-06,54.82940585
9653.5 sec,0.75,0.750003629,-3.63E-06,56.42869404
9654.2 sec,0.75,0.750003165,-3.17E-06,56.11308717
9654.8 sec,0.75,0.750001064,-1.06E-06,54.68427498
9655.4 sec,0.75,0.75000047,-4.70E-07,54.28024342
9656.2 sec,0.75,0.75000071,-7.10E-07,54.44338125
9657 sec,0.75,0.750002416,-2.42E-06,55.60401288
9657.7 sec,0.75,0.750001106,-1.11E-06,54.7127085
9658.3 sec,0.75,0.750000506,-5.06E-07,54.30483703
9659.1 sec,0.75,0.750000724,-7.24E-07,54.45292632
9659.9 sec,0.75,0.750002264,-2.26E-06,55.50065913
9660.7 sec,0.75,0.750003905,-3.90E-06,56.61615166
9661.3 sec,0.75,0.750001918,-1.92E-06,55.26516752
9661.9 sec,0.75,0.75000065,-6.50E-07,54.40249375
9662.6 sec,0.75,0.750000503,-5.03E-07,54.30253171
9663.5 sec,0.75,0.750001277,-1.28E-06,54.82940585
9664.3 sec,0.75,0.750003629,-3.63E-06,56.42869404
9665 sec,0.75,0.750003165,-3.17E-06,56.11308717
9665.6 sec,0.75,0.750001064,-1.06E-06,54.68427498
9666.2 sec,0.75,0.75000047,-4.70E-07,54.28024342
9667 sec,0.75,0.75000071,-7.10E-07,54.44338125
9667.9 sec,0.75,0.750002416,-2.42E-06,55.60401288
9668.5 sec,0.75,0.750001106,-1.11E-06,54.7127085
9669.1 sec,0.75,0.750000506,-5.06E-07,54.30483703
9669.9 sec,0.75,0.750000724,-7.24E-07,54.45292632
9670.7 sec,0.75,0.750002264,-2.26E-06,55.50065913
9671.5 sec,0.75,0.750003905,-3.90E-06,56.61615166
9672.2 sec,0.75,0.750001918,-1.92E-06,55.26516752
9672.7 sec,0.75,0.75000065,-6.50E-07,54.40249375
9673.4 sec,0.75,0.750000503,-5.03E-07,54.30253171
9674.3 sec,0.75,0.750001277,-1.28E-06,54.82940585
9675.1 sec,0.75,0.750003629,-3.63E-06,56.42869404
9675.8 sec,0.75,0.750003165,-3.17E-06,56.11308717
9676.4 sec,0.75,0.750001064,-1.06E-06,54.68427498
9677 sec,0.75,0.75000047,-4.70E-07,54.28024342
9677.8 sec,0.75,0.75000071,-7.10E-07,54.44338125
9678.7 sec,0.75,0.750002416,-2.42E-06,55.60401288
9679.3 sec,0.75,0.750001106,-1.11E-06,54.7127085
9679.9 sec,0.75,0.750000506,-5.06E-07,54.30483703
9680.7 sec,0.75,0.750000724,-7.24E-07,54.45292632
9681.5 sec,0.75,0.750002264,-2.26E-06,55.50065913
9682.3 sec,0.75,0.750003905,-3.90E-06,56.61615166
9683 sec,0.75,0.750001918,-1.92E-06,55.26516752
9683.6 sec,0.75,0.75000065,-6.50E-07,54.40249375
9684.2 sec,0.75,0.750000503,-5.03E-07,54.30253171
9685.1 sec,0.75,0.750001277,-1.28E-06,54.82940585
9685.9 sec,0.75,0.750003629,-3.63E-06,56.42869404
9686.6 sec,0.75,0.750003165,-3.17E-06,56.11308717
9687.2 sec,0.75,0.750001064,-1.06E-06,54.68427498
9687.8 sec,0.75,0.75000047,-4.70E-07,54.28024342
9688.6 sec,0.75,0.75000071,-7.10E-07,54.44338125
9689.5 sec,0.75,0.750002416,-2.42E-06,55.60401288
9690.1 sec,0.75,0.750001106,-1.11E-06,54.7127085
9690.7 sec,0.75,0.750000506,-5.06E-07,54.30483703
9691.5 sec,0.75,0.750000724,-7.24E-07,54.45292632
9692.4 sec,0.75,0.750002264,-2.26E-06,55.50065913
9693.1 sec,0.75,0.750003905,-3.90E-06,56.61615166
9693.8 sec,0.75,0.750001918,-1.92E-06,55.26516752
9694.4 sec,0.75,0.75000065,-6.50E-07,54.40249375
9695.1 sec,0.75,0.750000503,-5.03E-07,54.30253171
9695.9 sec,0.75,0.750001277,-1.28E-06,54.82940585
9696.7 sec,0.75,0.750003629,-3.63E-06,56.42869404
9697.4 sec,0.75,0.750003165,-3.17E-06,56.11308717
9698 sec,0.75,0.750001064,-1.06E-06,54.68427498
9698.7 sec,0.75,0.75000047,-4.70E-07,54.28024342
9699.4 sec,0.75,0.75000071,-7.10E-07,54.44338125
9700.3 sec,0.75,0.750002416,-2.42E-06,55.60401288
9700.9 sec,0.75,0.750001106,-1.11E-06,54.7127085
9701.5 sec,0.75,0.750000506,-5.06E-07,54.30483703
9702.3 sec,0.75,0.750000724,-7.24E-07,54.45292632
9703.2 sec,0.75,0.750002264,-2.26E-06,55.50065913
9704 sec,0.75,0.750003905,-3.90E-06,56.61615166
9704.6 sec,0.75,0.750001918,-1.92E-06,55.26516752
9705.2 sec,0.75,0.75000065,-6.50E-07,54.40249375
9705.9 sec,0.75,0.750000503,-5.03E-07,54.30253171
9706.7 sec,0.75,0.750001277,-1.28E-06,54.82940585
9707.5 sec,0.75,0.750003629,-3.63E-06,56.42869404
9708.3 sec,0.75,0.750003165,-3.17E-06,56.11308717
9708.8 sec,0.75,0.750001064,-1.06E-06,54.68427498
9709.5 sec,0.75,0.75000047,-4.70E-07,54.28024342
9710.2 sec,0.75,0.75000071,-7.10E-07,54.44338125
9711.1 sec,0.75,0.750002416,-2.42E-06,55.60401288
9711.7 sec,0.75,0.750001106,-1.11E-06,54.7127085
9712.4 sec,0.75,0.750000506,-5.06E-07,54.30483703
9713.1 sec,0.75,0.750000724,-7.24E-07,54.45292632
9714 sec,0.75,0.750002264,-2.26E-06,55.50065913
9714.8 sec,0.75,0.750003905,-3.90E-06,56.61615166
9715.4 sec,0.75,0.750001918,-1.92E-06,55.26516752
9716 sec,0.75,0.75000065,-6.50E-07,54.40249375
9716.7 sec,0.75,0.750000503,-5.03E-07,54.30253171
9717.5 sec,0.75,0.750001277,-1.28E-06,54.82940585
9718.4 sec,0.75,0.750003629,-3.63E-06,56.42869404
9719.1 sec,0.75,0.750003165,-3.17E-06,56.11308717
9719.7 sec,0.75,0.750001064,-1.06E-06,54.68427498
9720.3 sec,0.75,0.75000047,-4.70E-07,54.28024342
9721 sec,0.75,0.75000071,-7.10E-07,54.44338125
9721.9 sec,0.75,0.750002416,-2.42E-06,55.60401288
9722.5 sec,0.75,0.750001106,-1.11E-06,54.7127085
9723.2 sec,0.75,0.750000506,-5.06E-07,54.30483703
9723.9 sec,0.75,0.750000724,-7.24E-07,54.45292632
9724.8 sec,0.75,0.750002264,-2.26E-06,55.50065913
9725.6 sec,0.75,0.750003905,-3.90E-06,56.61615166
9726.2 sec,0.75,0.750001918,-1.92E-06,55.26516752
9726.8 sec,0.75,0.75000065,-6.50E-07,54.40249375
9727.5 sec,0.75,0.750000503,-5.03E-07,54.30253171
9728.3 sec,0.75,0.750001277,-1.28E-06,54.82940585
9729.2 sec,0.75,0.750003629,-3.63E-06,56.42869404
9729.9 sec,0.75,0.750003165,-3.17E-06,56.11308717
9730.5 sec,0.75,0.750001064,-1.06E-06,54.68427498
9731.1 sec,0.75,0.75000047,-4.70E-07,54.28024342
9731.9 sec,0.75,0.75000071,-7.10E-07,54.44338125
9732.7 sec,0.75,0.750002416,-2.42E-06,55.60401288
9733.4 sec,0.75,0.750001106,-1.11E-06,54.7127085
9734 sec,0.75,0.750000506,-5.06E-07,54.30483703
9734.7 sec,0.75,0.750000724,-7.24E-07,54.45292632
9735.6 sec,0.75,0.750002264,-2.26E-06,55.50065913
9736.4 sec,0.75,0.750003905,-3.90E-06,56.61615166
9737 sec,0.75,0.750001918,-1.92E-06,55.26516752
9737.6 sec,0.75,0.75000065,-6.50E-07,54.40249375
9738.3 sec,0.75,0.750000503,-5.03E-07,54.30253171
9739.1 sec,0.75,0.750001277,-1.28E-06,54.82940585
9740 sec,0.75,0.750003629,-3.63E-06,56.42869404
9740.7 sec,0.75,0.750003165,-3.17E-06,56.11308717
9741.3 sec,0.75,0.750001064,-1.06E-06,54.68427498
9741.9 sec,0.75,0.75000047,-4.70E-07,54.28024342
9742.7 sec,0.75,0.75000071,-7.10E-07,54.44338125
9743.5 sec,0.75,0.750002416,-2.42E-06,55.60401288
9744.2 sec,0.75,0.750001106,-1.11E-06,54.7127085
9744.8 sec,0.75,0.750000506,-5.06E-07,54.30483703
9745.6 sec,0.75,0.750000724,-7.24E-07,54.45292632
9746.4 sec,0.75,0.750002264,-2.26E-06,55.50065913
9747.2 sec,0.75,0.750003905,-3.90E-06,56.61615166
9747.8 sec,0.75,0.750001918,-1.92E-06,55.26516752
9748.4 sec,0.75,0.75000065,-6.50E-07,54.40249375
9749.1 sec,0.75,0.750000503,-5.03E-07,54.30253171
9749.9 sec,0.75,0.750001277,-1.28E-06,54.82940585
9750.8 sec,0.75,0.750003629,-3.63E-06,56.42869404
9751.5 sec,0.75,0.750003165,-3.17E-06,56.11308717
9752.1 sec,0.75,0.750001064,-1.06E-06,54.68427498
9752.7 sec,0.75,0.75000047,-4.70E-07,54.28024342
9753.5 sec,0.75,0.75000071,-7.10E-07,54.44338125
9754.3 sec,0.75,0.750002416,-2.42E-06,55.60401288
9755 sec,0.75,0.750001106,-1.11E-06,54.7127085
9755.6 sec,0.75,0.750000506,-5.06E-07,54.30483703
9756.4 sec,0.75,0.750000724,-7.24E-07,54.45292632
9757.2 sec,0.75,0.750002264,-2.26E-06,55.50065913
9758 sec,0.75,0.750003905,-3.90E-06,56.61615166
9758.6 sec,0.75,0.750001918,-1.92E-06,55.26516752
9759.2 sec,0.75,0.75000065,-6.50E-07,54.40249375
9759.9 sec,0.75,0.750000503,-5.03E-07,54.30253171
9760.8 sec,0.75,0.750001277,-1.28E-06,54.82940585
9761.6 sec,0.75,0.750003629,-3.63E-06,56.42869404
9762.3 sec,0.75,0.750003165,-3.17E-06,56.11308717
9762.9 sec,0.75,0.750001064,-1.06E-06,54.68427498
9763.5 sec,0.75,0.75000047,-4.70E-07,54.28024342
9764.3 sec,0.75,0.75000071,-7.10E-07,54.44338125
9765.2 sec,0.75,0.750002416,-2.42E-06,55.60401288
9765.8 sec,0.75,0.750001106,-1.11E-06,54.7127085
9766.4 sec,0.75,0.750000506,-5.06E-07,54.30483703
9767.2 sec,0.75,0.750000724,-7.24E-07,54.45292632
9768 sec,0.75,0.750002264,-2.26E-06,55.50065913
9768.8 sec,0.75,0.750003905,-3.90E-06,56.61615166
9769.5 sec,0.75,0.750001918,-1.92E-06,55.26516752
9770 sec,0.75,0.75000065,-6.50E-07,54.40249375
9770.7 sec,0.75,0.750000503,-5.03E-07,54.30253171
9771.6 sec,0.75,0.750001277,-1.28E-06,54.82940585
9772.4 sec,0.75,0.750003629,-3.63E-06,56.42869404
9773.1 sec,0.75,0.750003165,-3.17E-06,56.11308717
9773.7 sec,0.75,0.750001064,-1.06E-06,54.68427498
9774.3 sec,0.75,0.75000047,-4.70E-07,54.28024342
9775.1 sec,0.75,0.75000071,-7.10E-07,54.44338125
9776 sec,0.75,0.750002416,-2.42E-06,55.60401288
9776.6 sec,0.75,0.750001106,-1.11E-06,54.7127085
9777.2 sec,0.75,0.750000506,-5.06E-07,54.30483703
9778 sec,0.75,0.750000724,-7.24E-07,54.45292632
9778.8 sec,0.75,0.750002264,-2.26E-06,55.50065913
9779.6 sec,0.75,0.750003905,-3.90E-06,56.61615166
9780.3 sec,0.75,0.750001918,-1.92E-06,55.26516752
9780.9 sec,0.75,0.75000065,-6.50E-07,54.40249375
9781.5 sec,0.75,0.750000503,-5.03E-07,54.30253171
9782.4 sec,0.75,0.750001277,-1.28E-06,54.82940585
9783.2 sec,0.75,0.750003629,-3.63E-06,56.42869404
9783.9 sec,0.75,0.750003165,-3.17E-06,56.11308717
9784.5 sec,0.75,0.750001064,-1.06E-06,54.68427498
9785.1 sec,0.75,0.75000047,-4.70E-07,54.28024342
9785.9 sec,0.75,0.75000071,-7.10E-07,54.44338125
9786.8 sec,0.75,0.750002416,-2.42E-06,55.60401288
9787.4 sec,0.75,0.750001106,-1.11E-06,54.7127085
9788 sec,0.75,0.750000506,-5.06E-07,54.30483703
9788.8 sec,0.75,0.750000724,-7.24E-07,54.45292632
9789.7 sec,0.75,0.750002264,-2.26E-06,55.50065913
9790.4 sec,0.75,0.750003905,-3.90E-06,56.61615166
9791.1 sec,0.75,0.750001918,-1.92E-06,55.26516752
9791.7 sec,0.75,0.75000065,-6.50E-07,54.40249375
9792.4 sec,0.75,0.750000503,-5.03E-07,54.30253171
9793.2 sec,0.75,0.750001277,-1.28E-06,54.82940585
9794 sec,0.75,0.750003629,-3.63E-06,56.42869404
9794.7 sec,0.75,0.750003165,-3.17E-06,56.11308717
9795.3 sec,0.75,0.750001064,-1.06E-06,54.68427498
9796 sec,0.75,0.75000047,-4.70E-07,54.28024342
9796.7 sec,0.75,0.75000071,-7.10E-07,54.44338125
9797.6 sec,0.75,0.750002416,-2.42E-06,55.60401288
9798.2 sec,0.75,0.750001106,-1.11E-06,54.7127085
9798.8 sec,0.75,0.750000506,-5.06E-07,54.30483703
9799.6 sec,0.75,0.750000724,-7.24E-07,54.45292632
9800.5 sec,0.75,0.750002264,-2.26E-06,55.50065913
9801.3 sec,0.75,0.750003905,-3.90E-06,56.61615166
9801.9 sec,0.75,0.750001918,-1.92E-06,55.26516752
9802.5 sec,0.75,0.75000065,-6.50E-07,54.40249375
9803.2 sec,0.75,0.750000503,-5.03E-07,54.30253171
9804 sec,0.75,0.750001277,-1.28E-06,54.82940585
9804.8 sec,0.75,0.750003629,-3.63E-06,56.42869404
9805.6 sec,0.75,0.750003165,-3.17E-06,56.11308717
9806.1 sec,0.75,0.750001064,-1.06E-06,54.68427498
9806.8 sec,0.75,0.75000047,-4.70E-07,54.28024342
9807.5 sec,0.75,0.75000071,-7.10E-07,54.44338125
9808.4 sec,0.75,0.750002416,-2.42E-06,55.60401288
9809 sec,0.75,0.750001106,-1.11E-06,54.7127085
9809.7 sec,0.75,0.750000506,-5.06E-07,54.30483703
9810.4 sec,0.75,0.750000724,-7.24E-07,54.45292632
9811.3 sec,0.75,0.750002264,-2.26E-06,55.50065913
9812.1 sec,0.75,0.750003905,-3.90E-06,56.61615166
9812.7 sec,0.75,0.750001918,-1.92E-06,55.26516752
9813.3 sec,0.75,0.75000065,-6.50E-07,54.40249375
9814 sec,0.75,0.750000503,-5.03E-07,54.30253171
9814.8 sec,0.75,0.750001277,-1.28E-06,54.82940585
9815.7 sec,0.75,0.750003629,-3.63E-06,56.42869404
9816.4 sec,0.75,0.750003165,-3.17E-06,56.11308717
9817 sec,0.75,0.750001064,-1.06E-06,54.68427498
9817.6 sec,0.75,0.75000047,-4.70E-07,54.28024342
9818.3 sec,0.75,0.75000071,-7.10E-07,54.44338125
9819.2 sec,0.75,0.750002416,-2.42E-06,55.60401288
9819.8 sec,0.75,0.750001106,-1.11E-06,54.7127085
9820.5 sec,0.75,0.750000506,-5.06E-07,54.30483703
9821.2 sec,0.75,0.750000724,-7.24E-07,54.45292632
9822.1 sec,0.75,0.750002264,-2.26E-06,55.50065913
9822.9 sec,0.75,0.750003905,-3.90E-06,56.61615166
9823.5 sec,0.75,0.750001918,-1.92E-06,55.26516752
9824.1 sec,0.75,0.75000065,-6.50E-07,54.40249375
9824.8 sec,0.75,0.750000503,-5.03E-07,54.30253171
9825.6 sec,0.75,0.750001277,-1.28E-06,54.82940585
9826.5 sec,0.75,0.750003629,-3.63E-06,56.42869404
9827.2 sec,0.75,0.750003165,-3.17E-06,56.11308717
9827.8 sec,0.75,0.750001064,-1.06E-06,54.68427498
9828.4 sec,0.75,0.75000047,-4.70E-07,54.28024342
9829.2 sec,0.75,0.75000071,-7.10E-07,54.44338125
9830 sec,0.75,0.750002416,-2.42E-06,55.60401288
9830.7 sec,0.75,0.750001106,-1.11E-06,54.7127085
9831.3 sec,0.75,0.750000506,-5.06E-07,54.30483703
9832 sec,0.75,0.750000724,-7.24E-07,54.45292632
9832.9 sec,0.75,0.750002264,-2.26E-06,55.50065913
9833.7 sec,0.75,0.750003905,-3.90E-06,56.61615166
9834.3 sec,0.75,0.750001918,-1.92E-06,55.26516752
9834.9 sec,0.75,0.75000065,-6.50E-07,54.40249375
9835.6 sec,0.75,0.750000503,-5.03E-07,54.30253171
9836.4 sec,0.75,0.750001277,-1.28E-06,54.82940585
9837.3 sec,0.75,0.750003629,-3.63E-06,56.42869404
9838 sec,0.75,0.750003165,-3.17E-06,56.11308717
9838.6 sec,0.75,0.750001064,-1.06E-06,54.68427498
9839.2 sec,0.75,0.75000047,-4.70E-07,54.28024342
9840 sec,0.75,0.75000071,-7.10E-07,54.44338125
9840.8 sec,0.75,0.750002416,-2.42E-06,55.60401288
9841.5 sec,0.75,0.750001106,-1.11E-06,54.7127085
9842.1 sec,0.75,0.750000506,-5.06E-07,54.30483703
9842.9 sec,0.75,0.750000724,-7.24E-07,54.45292632
9843.7 sec,0.75,0.750002264,-2.26E-06,55.50065913
9844.5 sec,0.75,0.750003905,-3.90E-06,56.61615166
9845.1 sec,0.75,0.750001918,-1.92E-06,55.26516752
9845.7 sec,0.75,0.75000065,-6.50E-07,54.40249375
9846.4 sec,0.75,0.750000503,-5.03E-07,54.30253171
9847.2 sec,0.75,0.750001277,-1.28E-06,54.82940585
9848.1 sec,0.75,0.750003629,-3.63E-06,56.42869404
9848.8 sec,0.75,0.750003165,-3.17E-06,56.11308717
9849.4 sec,0.75,0.750001064,-1.06E-06,54.68427498
9850 sec,0.75,0.75000047,-4.70E-07,54.28024342
9850.8 sec,0.75,0.75000071,-7.10E-07,54.44338125
9851.6 sec,0.75,0.750002416,-2.42E-06,55.60401288
9852.3 sec,0.75,0.750001106,-1.11E-06,54.7127085
9852.9 sec,0.75,0.750000506,-5.06E-07,54.30483703
9853.7 sec,0.75,0.750000724,-7.24E-07,54.45292632
9854.5 sec,0.75,0.750002264,-2.26E-06,55.50065913
9855.3 sec,0.75,0.750003905,-3.90E-06,56.61615166
9855.9 sec,0.75,0.750001918,-1.92E-06,55.26516752
9856.5 sec,0.75,0.75000065,-6.50E-07,54.40249375
9857.2 sec,0.75,0.750000503,-5.03E-07,54.30253171
9858.1 sec,0.75,0.750001277,-1.28E-06,54.82940585
9858.9 sec,0.75,0.750003629,-3.63E-06,56.42869404
9859.6 sec,0.75,0.750003165,-3.17E-06,56.11308717
9860.2 sec,0.75,0.750001064,-1.06E-06,54.68427498
9860.8 sec,0.75,0.75000047,-4.70E-07,54.28024342
9861.6 sec,0.75,0.75000071,-7.10E-07,54.44338125
9862.5 sec,0.75,0.750002416,-2.42E-06,55.60401288
9863.1 sec,0.75,0.750001106,-1.11E-06,54.7127085
9863.7 sec,0.75,0.750000506,-5.06E-07,54.30483703
9864.5 sec,0.75,0.750000724,-7.24E-07,54.45292632
9865.3 sec,0.75,0.750002264,-2.26E-06,55.50065913
9866.1 sec,0.75,0.750003905,-3.90E-06,56.61615166
9866.8 sec,0.75,0.750001918,-1.92E-06,55.26516752
9867.3 sec,0.75,0.75000065,-6.50E-07,54.40249375
9868 sec,0.75,0.750000503,-5.03E-07,54.30253171
9868.9 sec,0.75,0.750001277,-1.28E-06,54.82940585
9869.7 sec,0.75,0.750003629,-3.63E-06,56.42869404
9870.4 sec,0.75,0.750003165,-3.17E-06,56.11308717
9871 sec,0.75,0.750001064,-1.06E-06,54.68427498
9871.6 sec,0.75,0.75000047,-4.70E-07,54.28024342
9872.4 sec,0.75,0.75000071,-7.10E-07,54.44338125
9873.3 sec,0.75,0.750002416,-2.42E-06,55.60401288
9873.9 sec,0.75,0.750001106,-1.11E-06,54.7127085
9874.5 sec,0.75,0.750000506,-5.06E-07,54.30483703
9875.3 sec,0.75,0.750000724,-7.24E-07,54.45292632
9876.1 sec,0.75,0.750002264,-2.26E-06,55.50065913
9876.9 sec,0.75,0.750003905,-3.90E-06,56.61615166
9877.6 sec,0.75,0.750001918,-1.92E-06,55.26516752
9878.2 sec,0.75,0.75000065,-6.50E-07,54.40249375
9878.8 sec,0.75,0.750000503,-5.03E-07,54.30253171
9879.7 sec,0.75,0.750001277,-1.28E-06,54.82940585
9880.5 sec,0.75,0.750003629,-3.63E-06,56.42869404
9881.2 sec,0.75,0.750003165,-3.17E-06,56.11308717
9881.8 sec,0.75,0.750001064,-1.06E-06,54.68427498
9882.4 sec,0.75,0.75000047,-4.70E-07,54.28024342
9883.2 sec,0.75,0.75000071,-7.10E-07,54.44338125
9884.1 sec,0.75,0.750002416,-2.42E-06,55.60401288
9884.7 sec,0.75,0.750001106,-1.11E-06,54.7127085
9885.3 sec,0.75,0.750000506,-5.06E-07,54.30483703
9886.1 sec,0.75,0.750000724,-7.24E-07,54.45292632
9887 sec,0.75,0.750002264,-2.26E-06,55.50065913
9887.7 sec,0.75,0.750003905,-3.90E-06,56.61615166
9888.4 sec,0.75,0.750001918,-1.92E-06,55.26516752
9889 sec,0.75,0.75000065,-6.50E-07,54.40249375
9889.7 sec,0.75,0.750000503,-5.03E-07,54.30253171
9890.5 sec,0.75,0.750001277,-1.28E-06,54.82940585
9891.3 sec,0.75,0.750003629,-3.63E-06,56.42869404
9892 sec,0.75,0.750003165,-3.17E-06,56.11308717
9892.6 sec,0.75,0.750001064,-1.06E-06,54.68427498
9893.3 sec,0.75,0.75000047,-4.70E-07,54.28024342
9894 sec,0.75,0.75000071,-7.10E-07,54.44338125
9894.9 sec,0.75,0.750002416,-2.42E-06,55.60401288
9895.5 sec,0.75,0.750001106,-1.11E-06,54.7127085
9896.1 sec,0.75,0.750000506,-5.06E-07,54.30483703
9896.9 sec,0.75,0.750000724,-7.24E-07,54.45292632
9897.8 sec,0.75,0.750002264,-2.26E-06,55.50065913
9898.6 sec,0.75,0.750003905,-3.90E-06,56.61615166
9899.2 sec,0.75,0.750001918,-1.92E-06,55.26516752
9899.8 sec,0.75,0.75000065,-6.50E-07,54.40249375
9900.5 sec,0.75,0.750000503,-5.03E-07,54.30253171
9901.3 sec,0.75,0.750001277,-1.28E-06,54.82940585
9902.1 sec,0.75,0.750003629,-3.63E-06,56.42869404
9902.9 sec,0.75,0.750003165,-3.17E-06,56.11308717
9903.4 sec,0.75,0.750001064,-1.06E-06,54.68427498
9904.1 sec,0.75,0.75000047,-4.70E-07,54.28024342
9904.8 sec,0.75,0.75000071,-7.10E-07,54.44338125
9905.7 sec,0.75,0.750002416,-2.42E-06,55.60401288
9906.3 sec,0.75,0.750001106,-1.11E-06,54.7127085
9907 sec,0.75,0.750000506,-5.06E-07,54.30483703
9907.7 sec,0.75,0.750000724,-7.24E-07,54.45292632
9908.6 sec,0.75,0.750002264,-2.26E-06,55.50065913
9909.4 sec,0.75,0.750003905,-3.90E-06,56.61615166
9910 sec,0.75,0.750001918,-1.92E-06,55.26516752
9910.6 sec,0.75,0.75000065,-6.50E-07,54.40249375
9911.3 sec,0.75,0.750000503,-5.03E-07,54.30253171
9912.1 sec,0.75,0.750001277,-1.28E-06,54.82940585
9913 sec,0.75,0.750003629,-3.63E-06,56.42869404
9913.7 sec,0.75,0.750003165,-3.17E-06,56.11308717
9914.3 sec,0.75,0.750001064,-1.06E-06,54.68427498
9914.9 sec,0.75,0.75000047,-4.70E-07,54.28024342
9915.6 sec,0.75,0.75000071,-7.10E-07,54.44338125
9916.5 sec,0.75,0.750002416,-2.42E-06,55.60401288
9917.1 sec,0.75,0.750001106,-1.11E-06,54.7127085
9917.8 sec,0.75,0.750000506,-5.06E-07,54.30483703
9918.5 sec,0.75,0.750000724,-7.24E-07,54.45292632
9919.4 sec,0.75,0.750002264,-2.26E-06,55.50065913
9920.2 sec,0.75,0.750003905,-3.90E-06,56.61615166
9920.8 sec,0.75,0.750001918,-1.92E-06,55.26516752
9921.4 sec,0.75,0.75000065,-6.50E-07,54.40249375
9922.1 sec,0.75,0.750000503,-5.03E-07,54.30253171
9922.9 sec,0.75,0.750001277,-1.28E-06,54.82940585
9923.8 sec,0.75,0.750003629,-3.63E-06,56.42869404
9924.5 sec,0.75,0.750003165,-3.17E-06,56.11308717
9925.1 sec,0.75,0.750001064,-1.06E-06,54.68427498
9925.7 sec,0.75,0.75000047,-4.70E-07,54.28024342
9926.5 sec,0.75,0.75000071,-7.10E-07,54.44338125
9927.3 sec,0.75,0.750002416,-2.42E-06,55.60401288
9928 sec,0.75,0.750001106,-1.11E-06,54.7127085
9928.6 sec,0.75,0.750000506,-5.06E-07,54.30483703
9929.3 sec,0.75,0.750000724,-7.24E-07,54.45292632
9930.2 sec,0.75,0.750002264,-2.26E-06,55.50065913
9931 sec,0.75,0.750003905,-3.90E-06,56.61615166
9931.6 sec,0.75,0.750001918,-1.92E-06,55.26516752
9932.2 sec,0.75,0.75000065,-6.50E-07,54.40249375
9932.9 sec,0.75,0.750000503,-5.03E-07,54.30253171
9933.7 sec,0.75,0.750001277,-1.28E-06,54.82940585
9934.6 sec,0.75,0.750003629,-3.63E-06,56.42869404
9935.3 sec,0.75,0.750003165,-3.17E-06,56.11308717
9935.9 sec,0.75,0.750001064,-1.06E-06,54.68427498
9936.5 sec,0.75,0.75000047,-4.70E-07,54.28024342
9937.3 sec,0.75,0.75000071,-7.10E-07,54.44338125
9938.1 sec,0.75,0.750002416,-2.42E-06,55.60401288
9938.8 sec,0.75,0.750001106,-1.11E-06,54.7127085
9939.4 sec,0.75,0.750000506,-5.06E-07,54.30483703
9940.2 sec,0.75,0.750000724,-7.24E-07,54.45292632
9941 sec,0.75,0.750002264,-2.26E-06,55.50065913
9941.8 sec,0.75,0.750003905,-3.90E-06,56.61615166
9942.4 sec,0.75,0.750001918,-1.92E-06,55.26516752
9943 sec,0.75,0.75000065,-6.50E-07,54.40249375
9943.7 sec,0.75,0.750000503,-5.03E-07,54.30253171
9944.5 sec,0.75,0.750001277,-1.28E-06,54.82940585
9945.4 sec,0.75,0.750003629,-3.63E-06,56.42869404
9946.1 sec,0.75,0.750003165,-3.17E-06,56.11308717
9946.7 sec,0.75,0.750001064,-1.06E-06,54.68427498
9947.3 sec,0.75,0.75000047,-4.70E-07,54.28024342
9948.1 sec,0.75,0.75000071,-7.10E-07,54.44338125
9948.9 sec,0.75,0.750002416,-2.42E-06,55.60401288
9949.6 sec,0.75,0.750001106,-1.11E-06,54.7127085
9950.2 sec,0.75,0.750000506,-5.06E-07,54.30483703
9951 sec,0.75,0.750000724,-7.24E-07,54.45292632
9951.8 sec,0.75,0.750002264,-2.26E-06,55.50065913
9952.6 sec,0.75,0.750003905,-3.90E-06,56.61615166
9953.2 sec,0.75,0.750001918,-1.92E-06,55.26516752
9953.8 sec,0.75,0.75000065,-6.50E-07,54.40249375
9954.5 sec,0.75,0.750000503,-5.03E-07,54.30253171
9955.4 sec,0.75,0.750001277,-1.28E-06,54.82940585
9956.2 sec,0.75,0.750003629,-3.63E-06,56.42869404
9956.9 sec,0.75,0.750003165,-3.17E-06,56.11308717
9957.5 sec,0.75,0.750001064,-1.06E-06,54.68427498
9958.1 sec,0.75,0.75000047,-4.70E-07,54.28024342
9958.9 sec,0.75,0.75000071,-7.10E-07,54.44338125
9959.8 sec,0.75,0.750002416,-2.42E-06,55.60401288
9960.4 sec,0.75,0.750001106,-1.11E-06,54.7127085
9961 sec,0.75,0.750000506,-5.06E-07,54.30483703
9961.8 sec,0.75,0.750000724,-7.24E-07,54.45292632
9962.6 sec,0.75,0.750002264,-2.26E-06,55.50065913
9963.4 sec,0.75,0.750003905,-3.90E-06,56.61615166
9964.1 sec,0.75,0.750001918,-1.92E-06,55.26516752
9964.6 sec,0.75,0.75000065,-6.50E-07,54.40249375
9965.3 sec,0.75,0.750000503,-5.03E-07,54.30253171
9966.2 sec,0.75,0.750001277,-1.28E-06,54.82940585
9967 sec,0.75,0.750003629,-3.63E-06,56.42869404
9967.7 sec,0.75,0.750003165,-3.17E-06,56.11308717
9968.3 sec,0.75,0.750001064,-1.06E-06,54.68427498
9968.9 sec,0.75,0.75000047,-4.70E-07,54.28024342
9969.7 sec,0.75,0.75000071,-7.10E-07,54.44338125
9970.6 sec,0.75,0.750002416,-2.42E-06,55.60401288
9971.2 sec,0.75,0.750001106,-1.11E-06,54.7127085
9971.8 sec,0.75,0.750000506,-5.06E-07,54.30483703
9972.6 sec,0.75,0.750000724,-7.24E-07,54.45292632
9973.4 sec,0.75,0.750002264,-2.26E-06,55.50065913
9974.2 sec,0.75,0.750003905,-3.90E-06,56.61615166
9974.9 sec,0.75,0.750001918,-1.92E-06,55.26516752
9975.5 sec,0.75,0.75000065,-6.50E-07,54.40249375
9976.1 sec,0.75,0.750000503,-5.03E-07,54.30253171
9977 sec,0.75,0.750001277,-1.28E-06,54.82940585
9977.8 sec,0.75,0.750003629,-3.63E-06,56.42869404
9978.5 sec,0.75,0.750003165,-3.17E-06,56.11308717
9979.1 sec,0.75,0.750001064,-1.06E-06,54.68427498
9979.7 sec,0.75,0.75000047,-4.70E-07,54.28024342
9980.5 sec,0.75,0.75000071,-7.10E-07,54.44338125
9981.4 sec,0.75,0.750002416,-2.42E-06,55.60401288
9982 sec,0.75,0.750001106,-1.11E-06,54.7127085
9982.6 sec,0.75,0.750000506,-5.06E-07,54.30483703
9983.4 sec,0.75,0.750000724,-7.24E-07,54.45292632
9984.3 sec,0.75,0.750002264,-2.26E-06,55.50065913
9985 sec,0.75,0.750003905,-3.90E-06,56.61615166
9985.7 sec,0.75,0.750001918,-1.92E-06,55.26516752
9986.3 sec,0.75,0.75000065,-6.50E-07,54.40249375
9987 sec,0.75,0.750000503,-5.03E-07,54.30253171
9987.8 sec,0.75,0.750001277,-1.28E-06,54.82940585
9988.6 sec,0.75,0.750003629,-3.63E-06,56.42869404
9989.3 sec,0.75,0.750003165,-3.17E-06,56.11308717
9989.9 sec,0.75,0.750001064,-1.06E-06,54.68427498
9990.6 sec,0.75,0.75000047,-4.70E-07,54.28024342
9991.3 sec,0.75,0.75000071,-7.10E-07,54.44338125
9992.2 sec,0.75,0.750002416,-2.42E-06,55.60401288
9992.8 sec,0.75,0.750001106,-1.11E-06,54.7127085
9993.4 sec,0.75,0.750000506,-5.06E-07,54.30483703
9994.2 sec,0.75,0.750000724,-7.24E-07,54.45292632
9995.1 sec,0.75,0.750002264,-2.26E-06,55.50065913
9995.9 sec,0.75,0.750003905,-3.90E-06,56.61615166
9996.5 sec,0.75,0.750001918,-1.92E-06,55.26516752
9997.1 sec,0.75,0.75000065,-6.50E-07,54.40249375
9997.8 sec,0.75,0.750000503,-5.03E-07,54.30253171
9998.6 sec,0.75,0.750001277,-1.28E-06,54.82940585
9999.4 sec,0.75,0.750003629,-3.63E-06,56.42869404
10000 sec,0.75,0.750000923,-9.23E-07,54.58820892
