Input,Input_delayed,Liquid_levels,Error,Derivative_error,Integral_error,Valve_Positions
0,0,0,0,0,0,0
0,0,0,0,0,0,0
0.8,0,0,0.8,1.1259E+14,0,100
0.8,0,3.68E-31,0.8,0,1.14E-14,100
0.8,0,2.18E-05,0.799978166,-0.000199123,0.087719384,100
0.8,0,8.70E-05,0.79991297,-0.000594585,0.175433992,100
0.8,0,0.000283779,0.799716221,-0.001106426,0.317661339,100
0.8,0,0.000644221,0.799355779,-0.001774155,0.480100009,100
0.8,0,0.001259378,0.798740622,-0.002539272,0.673679,100
0.8,0.8,0.001793692,0.798206308,-0.003226159,0.805923006,100
0.8,0.8,0.001793692,0.798206308,-0.00390625,0.805923006,100
0.8,0.8,0.002937153,0.797062847,-0.00393676,1.037607652,82.70203254
0.8,0.8,0.004302099,0.795697901,-0.004699301,1.268927127,78.06116488
0.8,0.8,0.006640523,0.793359477,-0.00553474,1.604629259,76.70390836
0.8,0.8,0.010261969,0.789738031,-0.006602079,2.038847867,76.55551367
0.8,0.8,0.016491364,0.783508636,-0.007975439,2.653337221,76.67424244
0.8,0.8,0.026494233,0.773505767,-0.009703876,3.455999265,77.57243814
0.8,0.8,0.033657399,0.766342601,-0.011163894,3.950048298,77.04165434
0.8,0.8,0.041483403,0.758516597,-0.012196936,4.439285689,76.7516543
0.8,0.8,0.052186406,0.747813594,-0.013275295,5.046576494,76.8390261
0.8,0.8,0.065505498,0.734494502,-0.014450512,5.729787518,78.01813743
0.8,0.8,0.075003427,0.724996573,-0.015394757,6.180034187,76.8115903
0.8,0.8,0.084931702,0.715068298,-0.016092288,6.624285947,76.23965969
0.8,0.8,0.098045353,0.701954647,-0.016814573,7.176892043,76.14182525
0.8,0.8,0.11401338,0.68598662,-0.01759944,7.806590234,76.9765953
0.8,0.8,0.125541815,0.674458185,-0.018232537,8.236712217,75.88240324
0.8,0.8,0.137367042,0.662632958,-0.018701923,8.65944884,75.2530554
0.8,0.8,0.152278186,0.647721814,-0.019169554,9.169107207,75.0599239
0.8,0.8,0.169694941,0.630305059,-0.019651471,9.735486546,75.67879927
0.8,0.8,0.182512383,0.617487617,-0.020026417,10.13480776,74.58809816
0.8,0.8,0.195504941,0.604495059,-0.020300026,10.52586759,73.89785366
0.8,0.8,0.211407943,0.588592057,-0.020557024,10.98736961,73.62251693
0.8,0.8,0.229560844,0.570439156,-0.020800914,11.49312753,74.07134638
0.8,0.8,0.24625263,0.55374737,-0.02099009,11.94012775,74.57634792
0.8,0.8,0.259912891,0.540087109,-0.021104318,12.29413737,73.00576425
0.8,0.8,0.272683146,0.527316854,-0.021177624,12.61596566,71.87307735
0.8,0.8,0.287565279,0.512434721,-0.021225446,12.98047623,71.34810277
0.8,0.8,0.305545606,0.494454394,-0.021244391,13.40657077,71.28724637
0.8,0.8,0.323793584,0.476206416,-0.021223466,13.82385896,72.139222
0.8,0.8,0.338886169,0.461113831,-0.021161926,14.15810478,71.37178794
0.8,0.8,0.351561484,0.448438516,-0.02108477,14.43149644,69.7044612
0.8,0.8,0.364905974,0.435094026,-0.020997422,14.71224909,68.9120231
0.8,0.8,0.381212654,0.418787346,-0.020872815,15.04578518,68.52632111
0.8,0.8,0.39953888,0.40046112,-0.020697914,15.408461,68.95710522
0.8,0.8,0.415854055,0.384145945,-0.02049138,15.72080418,69.45445487
0.8,0.8,0.428794475,0.371205525,-0.020287503,15.96170066,67.62428286
0.8,0.8,0.440752869,0.359247131,-0.020104442,16.17893731,66.41141627
0.8,0.8,0.454729934,0.345270066,-0.019898623,16.42635942,65.83179481
0.8,0.8,0.471548684,0.328451316,-0.01963282,16.71491875,65.73553102
0.8,0.8,0.488293947,0.311706053,-0.01932025,16.99232032,66.68325658
0.8,0.8,0.501764126,0.298235874,-0.019011958,17.20838649,65.77941375
0.8,0.8,0.512875409,0.287124591,-0.018746803,17.38185266,64.00272007
0.8,0.8,0.524567647,0.275432353,-0.018494896,17.55966482,63.19341084
0.8,0.8,0.538871138,0.261128862,-0.018191788,17.77058629,62.79412666
0.8,0.8,0.554809025,0.245190975,-0.017821652,17.99696226,63.28656666
0.8,0.8,0.565843385,0.234156615,-0.017469855,18.14833698,61.95616551
0.8,0.8,0.576693265,0.223306735,-0.017177781,18.2927997,61.12608495
0.8,0.8,0.58975225,0.21024775,-0.016846543,18.46082162,60.7160894
0.8,0.8,0.604303234,0.195696766,-0.016449117,18.64034599,61.10227009
0.8,0.8,0.617169836,0.182830164,-0.016037728,18.79216875,61.68136031
0.8,0.8,0.627240306,0.172759694,-0.01567442,18.90638878,59.90293503
0.8,0.8,0.636362258,0.163637742,-0.015367699,19.00621992,58.67121963
0.8,0.8,0.646843253,0.153156747,-0.015046488,19.11654159,58.1059359
0.8,0.8,0.659332097,0.140667903,-0.014657371,19.24169352,58.02002988
0.8,0.8,0.671710526,0.128289474,-0.014223597,19.35870208,59.0003986
0.8,0.8,0.681590472,0.118409528,-0.013817421,19.44688861,58.25888228
0.8,0.8,0.689606588,0.110393412,-0.013481422,19.51490427,56.49153726
0.8,0.8,0.697879573,0.102120427,-0.013174388,19.58161926,55.70864698
0.8,0.8,0.70787775,0.09212225,-0.012819303,19.6573478,55.36082566
0.8,0.8,0.718957925,0.081042075,-0.012398782,19.73469402,55.88605546
0.8,0.8,0.726600067,0.073399933,-0.012009902,19.78382147,54.67955754
0.8,0.8,0.734040695,0.065959305,-0.011693214,19.82814974,53.92598762
0.8,0.8,0.742833727,0.057166273,-0.011344116,19.87584956,53.6044823
0.8,0.8,0.752445441,0.047554559,-0.010938391,19.92183352,54.06676326
0.8,0.8,0.76084809,0.03915191,-0.010529668,19.95641196,54.64913507
0.8,0.8,0.767404275,0.032595725,-0.010175432,19.97951693,53.02293874
0.8,0.8,0.773316494,0.026683506,-0.009879408,19.99724646,51.90027847
0.8,0.8,0.780014516,0.019985484,-0.009574285,20.01355788,51.42983336
0.8,0.8,0.787844023,0.012155977,-0.009213094,20.02719244,51.46146837
0.8,0.8,0.795469885,0.004530115,-0.00881981,20.03438444,52.49516829
0.8,0.8,0.801502556,-0.001502556,-0.008457591,20.0354532,51.83024913
0.8,0.8,0.806379455,-0.006379455,-0.008160953,20.03309109,50.21072415
0.8,0.8,0.811369312,-0.011369312,-0.007892378,20.02747153,49.53036332
0.8,0.8,0.817297403,-0.017297403,-0.007586232,20.01625445,49.30188285
0.8,0.8,0.823730765,-0.023730765,-0.007230848,19.99798,49.95129045
0.8,0.8,0.828125959,-0.028125959,-0.006906043,19.9814705,48.83527503
0.8,0.8,0.832354986,-0.032354986,-0.006644951,19.96221628,48.17405527
0.8,0.8,0.837280059,-0.037280059,-0.006360611,19.93524185,47.96607645
0.8,0.8,0.842577217,-0.042577217,-0.006034421,19.90017127,48.55053698
0.8,0.8,0.847134811,-0.047134811,-0.005709598,19.86435265,49.24998637
0.8,0.8,0.850638014,-0.050638014,-0.005429813,19.83280537,47.73549121
0.8,0.8,0.85375214,-0.05375214,-0.00519953,19.80153842,46.70267603
0.8,0.8,0.85722364,-0.05722364,-0.00496494,19.76273125,46.33638105
0.8,0.8,0.861205061,-0.061205061,-0.004690075,19.71244705,46.49233716
0.8,0.8,0.865003268,-0.065003268,-0.004394317,19.65788779,47.64529038
0.8,0.8,0.867947051,-0.067947051,-0.00412334,19.61042158,47.09978219
0.8,0.8,0.870282245,-0.070282245,-0.003903357,19.56906863,45.57396292
0.8,0.8,0.872626327,-0.072626327,-0.003707565,19.52388581,44.98634025
0.8,0.8,0.875348174,-0.075348174,-0.003486126,19.46610733,44.87239782
0.8,0.8,0.878221531,-0.078221531,-0.003231821,19.39782352,45.64538782
0.8,0.8,0.880132691,-0.080132691,-0.002999831,19.34737522,44.63064891
0.8,0.8,0.881926921,-0.081926921,-0.002816291,19.29574623,44.06358409
0.8,0.8,0.883953994,-0.083953994,-0.002618339,19.23152495,43.96780773
0.8,0.8,0.886053046,-0.086053046,-0.002393763,19.15697345,44.67287451
0.8,0.8,0.887785708,-0.087785708,-0.002172132,19.08763192,45.47246682
0.8,0.8,0.889064611,-0.089064611,-0.001981077,19.03054418,44.06041771
0.8,0.8,0.890160152,-0.090160152,-0.001826905,18.97680241,43.11569642
0.8,0.8,0.891329499,-0.091329499,-0.001671539,18.91331431,42.84624303
0.8,0.8,0.892594512,-0.092594512,-0.001490974,18.83527866,43.11753425
0.8,0.8,0.893716311,-0.093716311,-0.001299108,18.75482856,44.37547569
0.8,0.8,0.894518037,-0.094518037,-0.001123195,18.68764482,43.92317274
0.8,0.8,0.895105789,-0.095105789,-0.000981589,18.63087091,42.48504703
0.8,0.8,0.895649174,-0.095649174,-0.000858642,18.57050807,41.98079247
0.8,0.8,0.89621161,-0.09621161,-0.000720274,18.4955924,41.96703226
0.8,0.8,0.896712048,-0.096712048,-0.000563288,18.40988448,42.84891721
0.8,0.8,0.896979225,-0.096979225,-0.000419286,18.34816986,41.91355331
0.8,0.8,0.897175696,-0.097175696,-0.000308327,18.28630714,41.42384186
0.8,0.8,0.897322688,-0.097322688,-0.000189899,18.21102577,41.42031355
0.8,0.8,0.8973728,-0.0973728,-5.72E-05,18.12568373,42.22594058
0.8,0.8,0.897314806,-0.097314806,7.27E-05,18.0480374,43.11458714
0.8,0.8,0.897194778,-0.097194778,0.000185876,17.98523389,41.77949006
0.8,0.8,0.897030526,-0.097030526,0.000273813,17.92697737,40.90218248
0.8,0.8,0.896777985,-0.096777985,0.000360995,17.85918265,40.7090457
0.8,0.8,0.896386475,-0.096386475,0.000461556,17.77725227,41.07054807
0.8,0.8,0.895897346,-0.095897346,0.000566557,17.69424608,42.41539861
0.8,0.8,0.89542337,-0.09542337,0.000663965,17.62595737,42.03767802
0.8,0.8,0.894979284,-0.094979284,0.000741429,17.56893457,40.66193931
0.8,0.8,0.894469643,-0.094469643,0.00080519,17.50897726,40.22019997
0.8,0.8,0.893785063,-0.093785063,0.000876783,17.43548055,40.28178417
0.8,0.8,0.892935454,-0.092935454,0.000956527,17.3525523,41.2458471
0.8,0.8,0.892278089,-0.092278089,0.001031431,17.29352992,40.37044431
0.8,0.8,0.891586026,-0.091586026,0.001085872,17.23493715,39.93844343
0.8,0.8,0.890701377,-0.090701377,0.001142948,17.16438878,40.00316614
0.8,0.8,0.889644818,-0.089644818,0.001205544,17.08535723,40.88291123
0.8,0.8,0.888635101,-0.088635101,0.00126606,17.01426588,41.83585663
0.8,0.8,0.887782035,-0.087782035,0.001320879,16.95729811,40.55577336
0.8,0.8,0.886966272,-0.086966272,0.001359591,16.90487255,39.72714222
0.8,0.8,0.88598924,-0.08598924,0.001396514,16.84436954,39.58860201
0.8,0.8,0.884769075,-0.084769075,0.001438639,16.77195448,40.01427855
0.8,0.8,0.883490871,-0.083490871,0.001480801,16.69933509,41.42041981
0.8,0.8,0.882404433,-0.082404433,0.001521943,16.64012425,41.09375344
0.8,0.8,0.881473606,-0.081473606,0.001553798,16.59103754,39.76148517
0.8,0.8,0.880476051,-0.080476051,0.001575793,16.53977604,39.36307253
0.8,0.8,0.879226286,-0.079226286,0.00160065,16.47742855,39.47641594
0.8,0.8,0.877781512,-0.077781512,0.001626827,16.4077099,40.49671883
0.8,0.8,0.876727154,-0.076727154,0.001654227,16.35847047,39.66125398
0.8,0.8,0.875662667,-0.075662667,0.001670119,16.30990584,39.26784689
0.8,0.8,0.874357977,-0.074357977,0.001685689,16.25184905,39.37798871
0.8,0.8,0.872867078,-0.072867078,0.001701272,16.18733995,40.30692065
0.8,0.8,0.871498772,-0.071498772,0.001715739,16.12977636,41.30272657
0.8,0.8,0.870380011,-0.070380011,0.001732166,16.08395978,40.05788987
0.8,0.8,0.869336668,-0.069336668,0.001738736,16.04204105,39.26046226
0.8,0.8,0.868117141,-0.068117141,0.001743097,15.99395764,39.15694891
0.8,0.8,0.866634932,-0.066634932,0.001747701,15.93681735,39.62349403
0.8,0.8,0.865124521,-0.065124521,0.001749917,15.87995718,41.06884032
0.8,0.8,0.86387124,-0.06387124,0.001755648,15.8339175,40.77433374
0.8,0.8,0.862817372,-0.062817372,0.001759054,15.79596816,39.46865101
0.8,0.8,0.861706182,-0.061706182,0.001755205,15.75655176,39.09690444
0.8,0.8,0.860338734,-0.060338734,0.0017514,15.70890773,39.24192153
0.8,0.8,0.858789044,-0.058789044,0.001745064,15.65601487,40.29641972
0.8,0.8,0.85767747,-0.05767747,0.001743931,15.61889837,39.48502941
0.8,0.8,0.856570382,-0.056570382,0.001736893,15.58248847,39.11469551
0.8,0.8,0.855232952,-0.055232952,0.001728014,15.5392233,39.25175405
0.8,0.8,0.853729028,-0.053729028,0.001716211,15.49148395,40.20956999
0.8,0.8,0.85236997,-0.05236997,0.001704179,15.44918154,41.23021818
0.8,0.8,0.851272745,-0.051272745,0.001698771,15.41571245,40.00557521
0.8,0.8,0.850260243,-0.050260243,0.001687256,15.38524896,39.22594281
0.8,0.8,0.8490894,-0.0490894,0.00167349,15.35049531,39.14221558
0.8,0.8,0.847683763,-0.047683763,0.001657458,15.30946224,39.63159907
0.8,0.8,0.846269993,-0.046269993,0.001638011,15.2689205,41.09856929
0.8,0.8,0.845110105,-0.045110105,0.001624818,15.23630762,40.8215006
0.8,0.8,0.844143565,-0.044143565,0.001613227,15.20957148,39.53016589
0.8,0.8,0.843133178,-0.043133178,0.001595928,15.18194478,39.1726591
0.8,0.8,0.84190158,-0.04190158,0.00157741,15.14874993,39.33437565
0.8,0.8,0.840521021,-0.040521021,0.001554658,15.1121572,40.4066418
0.8,0.8,0.839539821,-0.039539821,0.001539366,15.0866431,39.60753477
0.8,0.8,0.838570238,-0.038570238,0.001521141,15.06175022,39.24884911
0.8,0.8,0.837408875,-0.037408875,0.001500538,15.03234933,39.39930449
0.8,0.8,0.836115595,-0.036115595,0.001475864,15.00013849,40.37124853
0.8,0.8,0.834957927,-0.034957927,0.001451659,14.97180306,41.4038415
0.8,0.8,0.834030118,-0.034030118,0.001436453,14.94952554,40.18870645
0.8,0.8,0.833179778,-0.033179778,0.001416996,14.92936028,39.41731688
0.8,0.8,0.832203461,-0.032203461,0.001395446,14.90648902,39.34260181
0.8,0.8,0.831040959,-0.031040959,0.001370782,14.87967417,39.84215553
0.8,0.8,0.829882212,-0.029882212,0.001342558,14.85338773,41.3185018
0.8,0.8,0.828938518,-0.028938518,0.001321963,14.83239645,41.04882155
0.8,0.8,0.828156812,-0.028156812,0.001304703,14.81529373,39.76341273
0.8,0.8,0.827344853,-0.027344853,0.001282489,14.79772542,39.41164076
0.8,0.8,0.826362022,-0.026362022,0.001258796,14.77676087,39.57988741
0.8,0.8,0.825269298,-0.025269298,0.001230543,14.75384036,40.65882655
0.8,0.8,0.824497548,-0.024497548,0.001210758,14.73798103,39.86418902
0.8,0.8,0.82373955,-0.02373955,0.001189184,14.72260873,39.50958128
0.8,0.8,0.822837665,-0.022837665,0.001165283,14.70458607,39.66452444
0.8,0.8,0.8218411,-0.0218411,0.00113727,14.68501419,40.64092008
0.8,0.8,0.820955728,-0.020955728,0.001110218,14.66795401,41.67700781
0.8,0.8,0.820249764,-0.020249764,0.00109298,14.65464887,40.46456136
0.8,0.8,0.819606401,-0.019606401,0.001072079,14.64269101,39.69533274
0.8,0.8,0.818872249,-0.018872249,0.001049319,14.6292316,39.62278505
0.8,0.8,0.818004192,-0.018004192,0.001023589,14.61359768,40.12452138
0.8,0.8,0.817145742,-0.017145742,0.000994633,14.59843368,41.6025305
0.8,0.8,0.816450617,-0.016450617,0.000973758,14.58644571,41.3339884
0.8,0.8,0.815877501,-0.015877501,0.000956548,14.57676248,40.04937431
0.8,0.8,0.815285785,-0.015285785,0.000934609,14.56689854,39.69815072
0.8,0.8,0.814574121,-0.014574121,0.00091149,14.55524347,39.8667671
0.8,0.8,0.813788912,-0.013788912,0.000884249,14.5426541,40.94571017
0.8,0.8,0.813237117,-0.013237117,0.00086568,14.53404232,40.15088713
0.8,0.8,0.812698285,-0.012698285,0.000845342,14.52577761,39.79588404
0.8,0.8,0.812061295,-0.012061295,0.000823027,14.51619788,39.95009701
0.8,0.8,0.811362783,-0.011362783,0.000797138,14.50593841,40.92533255
0.8,0.8,0.810746718,-0.010746718,0.00077252,14.49712692,41.96007544
0.8,0.8,0.810257381,-0.010257381,0.000757594,14.49034581,40.74645409
0.8,0.8,0.809813992,-0.009813992,0.000738845,14.48432435,39.97596305
0.8,0.8,0.809311313,-0.009311313,0.000718475,14.47763508,39.90176698
0.8,0.8,0.808721263,-0.008721263,0.000695773,14.46999126,40.40128297
0.8,0.8,0.808142674,-0.008142674,0.000670377,14.46271822,41.87676053
0.8,0.8,0.807676548,-0.007676548,0.000652967,14.45707529,41.60600982
0.8,0.8,0.807293827,-0.007293827,0.000638771,14.4525919,40.31946298
0.8,0.8,0.806901444,-0.006901444,0.000619762,14.4480992,39.96606121
0.8,0.8,0.806432889,-0.006432889,0.000600119,14.44289527,40.13185079
0.8,0.8,0.805920409,-0.005920409,0.000577122,14.43741391,41.20739065
0.8,0.8,0.805561829,-0.005561829,0.000562554,14.43375591,40.41004471
0.8,0.8,0.805214026,-0.005214026,0.000545648,14.43032252,40.0524272
0.8,0.8,0.804805981,-0.004805981,0.000527217,14.4264465,40.20336032
0.8,0.8,0.804362612,-0.004362612,0.000505972,14.42243258,41.17474455
0.8,0.8,0.803974909,-0.003974909,0.000486164,14.41911225,42.20586602
0.8,0.8,0.803667803,-0.003667803,0.000475462,14.41664612,40.98928879
0.8,0.8,0.803391506,-0.003391506,0.00046041,14.41452889,40.21598472
0.8,0.8,0.803080903,-0.003080903,0.000443942,14.41226572,40.13844352
0.8,0.8,0.802719684,-0.002719684,0.000425941,14.40980826,40.63382809
0.8,0.8,0.802369446,-0.002369446,0.000405802,14.40761619,42.10500571
0.8,0.8,0.802088698,-0.002088698,0.000393283,14.40602817,41.8306718
0.8,0.8,0.801859108,-0.001859108,0.000383189,14.40484677,40.54110127
0.8,0.8,0.801626088,-0.001626088,0.000368052,14.40374431,40.18446024
0.8,0.8,0.801350577,-0.001350577,0.000352871,14.40258361,40.34621872
0.8,0.8,0.801052955,-0.001052955,0.000335163,14.40151953,41.41712677
0.8,0.8,0.800845512,-0.000845512,0.000325444,14.40091581,40.61644656
0.8,0.8,0.800646258,-0.000646258,0.000312598,14.40044119,40.25547599
0.8,0.8,0.800415103,-0.000415103,0.000298665,14.40003173,40.40232155
0.8,0.8,0.800167399,-0.000167399,0.00028268,14.39977933,41.36905814
0.8,0.8,0.799953516,4.65E-05,0.000268201,14.39973499,42.3959379
0.8,0.8,0.799784232,0.000215768,0.000262085,14.39982167,41.17594484
0.8,0.8,0.799633615,0.000366385,0.000250982,14.39999719,40.39946028
0.8,0.8,0.799466665,0.000533335,0.000238621,14.40031279,40.31821072
0.8,0.8,0.799275438,0.000724562,0.00022549,14.40084798,40.80910864
0.8,0.8,0.799093582,0.000906418,0.000210707,14.40155556,42.27572586
0.8,0.8,0.798948603,0.001051397,0.000203093,14.4022574,41.99764665
0.8,0.8,0.798830535,0.001169465,0.000197058,14.40292387,40.70495226
0.8,0.8,0.798712961,0.001287039,0.000185705,14.40370219,40.34501687
0.8,0.8,0.798576453,0.001423547,0.000174837,14.40476146,40.50273452
0.8,0.8,0.798432442,0.001567558,0.000162176,14.40609223,41.56907709
0.8,0.8,0.79833235,0.00166765,0.000157028,14.40712452,40.76514994
0.8,0.8,0.798238034,0.001761966,0.000147967,14.40821825,40.40095246
0.8,0.8,0.798131084,0.001868916,0.000138185,14.40962437,40.54391113
0.8,0.8,0.798019797,0.001980203,0.000127001,14.41131329,41.50628921
0.8,0.8,0.797926229,0.002073771,0.00011733,14.41293339,42.52924417
0.8,0.8,0.797851749,0.002148251,0.00011531,14.41429878,41.30611492
0.8,0.8,0.797787115,0.002212885,0.000107703,14.4156081,40.52673977
0.8,0.8,0.797717886,0.002282114,9.89E-05,14.41718126,40.44215208
0.8,0.8,0.797641514,0.002358486,9.01E-05,14.41915052,40.92905397
0.8,0.8,0.797572563,0.002427437,7.99E-05,14.42121929,42.39165863
0.8,0.8,0.797517978,0.002482022,7.65E-05,14.4229745,42.11031238
0.8,0.8,0.797473721,0.002526279,7.39E-05,14.42447593,40.8149125
0.8,0.8,0.797432128,0.002567872,6.57E-05,14.42608912,40.45214805
0.8,0.8,0.797386509,0.002613491,5.84E-05,14.42811274,40.6064248
0.8,0.8,0.797342159,0.002657841,4.99E-05,14.43045563,41.66891828
0.8,0.8,0.797311213,0.002688787,4.85E-05,14.43216073,40.86227504
0.8,0.8,0.797284077,0.002715923,4.26E-05,14.43388384,40.49539787
0.8,0.8,0.797256097,0.002743903,3.62E-05,14.43599754,40.63515346
0.8,0.8,0.797230841,0.002769159,2.88E-05,14.43841524,41.59397192
0.8,0.8,0.797212511,0.002787489,2.30E-05,14.44063432,42.61374991
0.8,0.8,0.797196877,0.002803123,2.42E-05,14.4424416,41.38809719
0.8,0.8,0.797185267,0.002814733,1.93E-05,14.44412793,40.60641186
0.8,0.8,0.797175887,0.002824113,1.34E-05,14.44610112,40.51917403
0.8,0.8,0.797169268,0.002830732,7.80E-06,14.44850022,41.00292741
0.8,0.8,0.797168238,0.002831762,1.19E-06,14.45094705,42.46239782
0.8,0.8,0.797167545,0.002832455,9.70E-07,14.45297154,42.17851703
0.8,0.8,0.797166956,0.002833044,9.83E-07,14.45466978,40.88103008
0.8,0.8,0.797169985,0.002830015,-4.78E-06,14.45646297,40.51609676
0.8,0.8,0.797177284,0.002822716,-9.35E-06,14.45867046,40.66775277
0.8,0.8,0.797190353,0.002809647,-1.47E-05,14.46117343,41.7273373
0.8,0.8,0.797198852,0.002801148,-1.33E-05,14.46296265,40.91865474
0.8,0.8,0.797209713,0.002790287,-1.70E-05,14.46474519,40.54977731
0.8,0.8,0.797225967,0.002774033,-2.10E-05,14.4668992,40.687157
0.8,0.8,0.797248336,0.002751664,-2.55E-05,14.46932224,41.64335465
0.8,0.8,0.797271142,0.002728858,-2.86E-05,14.47151083,42.66081099
0.8,0.8,0.797287326,0.002712674,-2.51E-05,14.47326989,41.43332466
0.8,0.8,0.797304104,0.002695896,-2.80E-05,14.47489337,40.64997025
0.8,0.8,0.797326421,0.002673579,-3.19E-05,14.47677223,40.5608288
0.8,0.8,0.797356259,0.002643741,-3.52E-05,14.47902807,41.04233586
0.8,0.8,0.797390184,0.002609816,-3.93E-05,14.48129827,42.49958729
0.8,0.8,0.797416816,0.002583184,-3.73E-05,14.48315448,42.21392384
0.8,0.8,0.797438081,0.002561919,-3.55E-05,14.48469678,40.91497704
0.8,0.8,0.797463157,0.002536843,-3.96E-05,14.48631128,40.54853522
0.8,0.8,0.797496207,0.002503793,-4.23E-05,14.48827972,40.69837979
0.8,0.8,0.797536688,0.002463312,-4.56E-05,14.49048717,41.75596862
0.8,0.8,0.79756367,0.00243633,-4.23E-05,14.49204969,40.94589618
0.8,0.8,0.797592047,0.002407953,-4.45E-05,14.49359405,40.57566334
0.8,0.8,0.797628305,0.002371695,-4.68E-05,14.49544432,40.7114433
0.8,0.8,0.797671699,0.002328301,-4.95E-05,14.49750547,41.66588957
0.8,0.8,0.797712196,0.002287804,-5.08E-05,14.4993493,42.68180643
0.8,0.8,0.797741732,0.002258268,-4.57E-05,14.50081912,41.45311188
0.8,0.8,0.797770156,0.002229844,-4.74E-05,14.50216637,40.66866422
0.8,0.8,0.797805154,0.002194846,-5.00E-05,14.50371467,40.57828358
0.8,0.8,0.797849109,0.002150891,-5.18E-05,14.50555844,41.05833918
0.8,0.8,0.797896043,0.002103957,-5.44E-05,14.50739756,42.51416881
0.8,0.8,0.797932438,0.002067562,-5.10E-05,14.50888912,42.22737179
0.8,0.8,0.797961224,0.002038776,-4.80E-05,14.5101202,40.92750265
0.8,0.8,0.797993603,0.002006397,-5.11E-05,14.51140114,40.56011381
0.8,0.8,0.798034773,0.001965227,-5.27E-05,14.51295219,40.70882945
0.8,0.8,0.798083347,0.001916653,-5.47E-05,14.51467772,41.76518543
0.8,0.8,0.798115417,0.001884583,-5.03E-05,14.51589014,40.95426132
0.8,0.8,0.798148303,0.001851697,-5.16E-05,14.51708134,40.58320372
0.8,0.8,0.798189283,0.001810717,-5.29E-05,14.51849921,40.7180179
0.8,0.8,0.798237069,0.001762931,-5.45E-05,14.5200668,41.6714168
0.8,0.8,0.798280719,0.001719281,-5.47E-05,14.52145845,42.68642202
0.8,0.8,0.798312246,0.001687754,-4.88E-05,14.52256038,41.45701809
0.8,0.8,0.798342084,0.001657916,-4.97E-05,14.52356482,40.67193351
0.8,0.8,0.798378222,0.001621778,-5.17E-05,14.52471254,40.58083687
0.8,0.8,0.798422853,0.001577147,-5.26E-05,14.52606998,41.06006219
0.8,0.8,0.798469721,0.001530279,-5.43E-05,14.52741389,42.51508787
0.8,0.8,0.798505513,0.001494487,-5.01E-05,14.52849611,42.22765684
0.8,0.8,0.798533429,0.001466571,-4.66E-05,14.52938407,40.92727666
0.8,0.8,0.79856454,0.00143546,-4.91E-05,14.53030313,40.55936791
0.8,0.8,0.798603676,0.001396324,-5.01E-05,14.53140916,40.70747044
0.8,0.8,0.798649335,0.001350665,-5.14E-05,14.53263076,41.76316572
0.8,0.8,0.798678941,0.001321059,-4.64E-05,14.53348318,40.95179092
0.8,0.8,0.798709066,0.001290934,-4.73E-05,14.53431605,40.58030168
0.8,0.8,0.798746315,0.001253685,-4.81E-05,14.53530133,40.71461677
0.8,0.8,0.798789401,0.001210599,-4.92E-05,14.53638283,41.66748275
0.8,0.8,0.798828364,0.001171636,-4.89E-05,14.53733585,42.68203177
0.8,0.8,0.798855823,0.001144177,-4.25E-05,14.53808536,41.45227815
0.8,0.8,0.798881676,0.001118324,-4.31E-05,14.53876477,40.66688387
0.8,0.8,0.798912933,0.001087067,-4.47E-05,14.53953666,40.57544421
0.8,0.8,0.798951327,0.001048673,-4.53E-05,14.54044326,41.05427916
0.8,0.8,0.79899151,0.00100849,-4.66E-05,14.54133392,42.50893508
0.8,0.8,0.799021536,0.000978464,-4.21E-05,14.54204571,42.22121876
0.8,0.8,0.799044457,0.000955543,-3.83E-05,14.54262598,40.92061302
0.8,0.8,0.799070146,0.000929854,-4.06E-05,14.5432232,40.55247917
0.8,0.8,0.799102406,0.000897594,-4.13E-05,14.54393715,40.70032242
0.8,0.8,0.799140011,0.000859989,-4.23E-05,14.54471943,41.75574654
0.8,0.8,0.799163694,0.000836306,-3.72E-05,14.54526097,40.94419224
0.8,0.8,0.799187787,0.000812213,-3.78E-05,14.54578677,40.57253566
0.8,0.8,0.799217579,0.000782421,-3.85E-05,14.54640441,40.70666344
0.8,0.8,0.799252064,0.000747936,-3.94E-05,14.54707672,41.65933759
0.8,0.8,0.799283067,0.000716933,-3.89E-05,14.54766394,42.67373001
0.8,0.8,0.799303998,0.000696002,-3.24E-05,14.54812186,41.44386179
0.8,0.8,0.799323729,0.000676271,-3.29E-05,14.54853415,40.65837038
0.8,0.8,0.799347785,0.000652215,-3.44E-05,14.54899928,40.56682851
0.8,0.8,0.799377374,0.000622626,-3.49E-05,14.54954083,41.04555493
0.8,0.8,0.799408522,0.000591478,-3.61E-05,14.55006767,42.50011696
0.8,0.8,0.799419232,0.000580768,-2.46E-05,14.55032267,40.64477251
0.8,0.8,0.799439364,0.000560636,-3.13E-05,14.55068998,40.44112272
0.8,0.8,0.799466925,0.000533075,-3.19E-05,14.5511634,40.79150966
0.8,0.8,0.799490126,0.000509874,-3.07E-05,14.5515587,40.92068009
0.8,0.8,0.799512834,0.000487166,-3.00E-05,14.55193684,41.08112315
0.8,0.8,0.799535047,0.000464953,-2.94E-05,14.55229804,41.27650225
0.8,0.8,0.799555382,0.000444618,-2.81E-05,14.55262861,41.22479161
0.8,0.8,0.799574232,0.000425768,-2.70E-05,14.55293386,41.00059464
0.8,0.8,0.799593125,0.000406875,-2.66E-05,14.55323047,40.88573107
0.8,0.8,0.799612857,0.000387143,-2.64E-05,14.55352778,40.97698372
0.8,0.8,0.799632818,0.000367182,-2.61E-05,14.55381761,41.21830255
0.8,0.8,0.799651406,0.000348594,-2.51E-05,14.5540844,41.31376361
0.8,0.8,0.799668049,0.000331951,-2.36E-05,14.5543251,41.10331768
0.8,0.8,0.799684087,0.000315913,-2.30E-05,14.55455172,40.89426089
0.8,0.8,0.799700803,0.000299197,-2.29E-05,14.55477689,40.88949924
0.8,0.8,0.799718246,0.000281754,-2.28E-05,14.55500033,41.10488018
0.8,0.8,0.799735114,0.000264886,-2.22E-05,14.5552095,41.34405405
0.8,0.8,0.799750002,0.000249998,-2.07E-05,14.55539571,41.23899502
0.8,0.8,0.799763575,0.000236425,-1.97E-05,14.55556457,40.95567579
0.8,0.8,0.79977742,0.00022258,-1.95E-05,14.55572806,40.83928871
0.8,0.8,0.799792174,0.000207826,-1.95E-05,14.55589141,40.97229471
0.8,0.8,0.799807145,0.000192855,-1.93E-05,14.55604777,41.28412401
0.8,0.8,0.799820633,0.000179367,-1.82E-05,14.55618693,41.37049215
0.8,0.8,0.799832223,0.000167777,-1.67E-05,14.55630856,41.0764106
0.8,0.8,0.799843486,0.000156514,-1.63E-05,14.55642133,40.83959521
0.8,0.8,0.799855557,0.000144443,-1.64E-05,14.5565326,40.85914743
0.8,0.8,0.799868375,0.000131625,-1.65E-05,14.55664097,41.14477516
0.8,0.8,0.799880573,0.000119427,-1.60E-05,14.55673844,41.43494819
0.8,0.8,0.799890713,0.000109287,-1.43E-05,14.55682099,41.25031159
0.8,0.8,0.799899782,0.000100218,-1.33E-05,14.55689312,40.90215652
0.8,0.8,0.799909344,9.07E-05,-1.35E-05,14.55696144,40.79069156
0.8,0.8,0.799919851,8.01E-05,-1.37E-05,14.55702776,40.97596227
0.8,0.8,0.79993059,6.94E-05,-1.37E-05,14.55708783,41.37797033
0.8,0.8,0.799939745,6.03E-05,-1.24E-05,14.55713715,41.43809942
0.8,0.8,0.799947096,5.29E-05,-1.08E-05,14.55717682,41.03966511
0.8,0.8,0.799954428,4.56E-05,-1.07E-05,14.55721122,40.78050947
0.8,0.8,0.799962653,3.73E-05,-1.11E-05,14.55724272,40.83136579
0.8,0.8,0.799971645,2.84E-05,-1.14E-05,14.55726993,41.20633859
0.8,0.8,0.799980002,2.00E-05,-1.09E-05,14.5572902,41.55415053
0.8,0.8,0.79998621,1.38E-05,-8.87E-06,14.55730337,41.25586295
0.8,0.8,0.799991654,8.35E-06,-8.14E-06,14.55731158,40.84148277
0.8,0.8,0.799997778,2.22E-06,-8.64E-06,14.55731599,40.74195796
0.8,0.8,0.80000485,-4.85E-06,-9.08E-06,14.55731594,40.99081957
0.8,0.8,0.800012216,-1.22E-05,-9.27E-06,14.55731082,41.50771806
0.8,0.8,0.800017862,-1.79E-05,-7.72E-06,14.55730151,41.51485208
0.8,0.8,0.800021835,-2.18E-05,-5.95E-06,14.55728926,40.99301888
0.8,0.8,0.800026108,-2.61E-05,-6.31E-06,14.55727367,40.7197998
0.8,0.8,0.8000313,-3.13E-05,-6.92E-06,14.55725287,40.80789629
0.8,0.8,0.800037307,-3.73E-05,-7.45E-06,14.5572266,41.29535329
0.8,0.8,0.800042673,-4.27E-05,-6.97E-06,14.55719773,41.70506725
0.8,0.8,0.80004576,-4.58E-05,-4.49E-06,14.55716873,41.25291671
0.8,0.8,0.800048444,-4.84E-05,-4.09E-06,14.55713856,40.77686315
0.8,0.8,0.800051944,-5.19E-05,-4.92E-06,14.55710348,40.69549201
0.8,0.8,0.800056376,-5.64E-05,-5.57E-06,14.55706142,41.01926854
0.8,0.8,0.800061222,-6.12E-05,-6.02E-06,14.55701594,41.68020824
0.8,0.8,0.800064137,-6.41E-05,-4.03E-06,14.55697242,41.59670442
0.8,0.8,0.800065547,-6.55E-05,-2.16E-06,14.55693108,40.93875827
0.8,0.8,0.800067568,-6.76E-05,-3.01E-06,14.55688696,40.66117912
0.8,0.8,0.800070482,-7.05E-05,-3.82E-06,14.55683509,40.79017318
0.8,0.8,0.8000743,-7.43E-05,-4.63E-06,14.556777,41.41594581
0.8,0.8,0.800077469,-7.75E-05,-4.11E-06,14.55672066,41.88680143
0.8,0.8,0.800078162,-7.82E-05,-1.03E-06,14.55666976,41.24039886
0.8,0.8,0.800078866,-7.89E-05,-1.09E-06,14.55661993,40.71316721
0.8,0.8,0.800080464,-8.05E-05,-2.24E-06,14.55656356,40.65376612
0.8,0.8,0.800082975,-8.30E-05,-3.08E-06,14.55649814,41.06204175
0.8,0.8,0.800086087,-8.61E-05,-3.81E-06,14.5564313,41.89696885
0.8,0.8,0.800086942,-8.69E-05,-1.20E-06,14.5563715,41.67757492
0.8,0.8,0.800086507,-8.65E-05,6.84E-07,14.55631725,40.88189404
0.8,0.8,0.800086964,-8.70E-05,-6.86E-07,14.55625998,40.60863626
0.8,0.8,0.800088252,-8.83E-05,-1.66E-06,14.55619277,40.77879801
0.8,0.8,0.800090594,-9.06E-05,-2.78E-06,14.55611924,41.56665833
0.8,0.8,0.800092245,-9.22E-05,-2.14E-06,14.55605124,42.09067555
0.8,0.8,0.800091164,-9.12E-05,1.65E-06,14.55599246,41.22034724
0.8,0.8,0.800090539,-9.05E-05,9.91E-07,14.55593576,40.6558888
0.8,0.8,0.800090835,-9.08E-05,-4.11E-07,14.55587103,40.61877795
0.8,0.8,0.800092041,-9.20E-05,-1.45E-06,14.55579604,41.11635398
0.8,0.8,0.800094094,-9.41E-05,-2.48E-06,14.55572164,42.14789198
0.8,0.8,0.800093436,-9.34E-05,9.36E-07,14.55565779,41.75102141
0.8,0.8,0.800091752,-9.18E-05,2.72E-06,14.55560124,40.82905735
0.8,0.8,0.800091197,-9.12E-05,8.38E-07,14.55554112,40.56537634
0.8,0.8,0.800091399,-9.14E-05,-2.56E-07,14.55546982,40.7730268
0.8,0.8,0.800092858,-9.29E-05,-1.70E-06,14.55539266,41.73580638
0.8,0.8,0.800093538,-9.35E-05,-8.85E-07,14.55532372,42.29883379
0.8,0.8,0.800091197,-9.12E-05,3.66E-06,14.5552659,41.19785162
0.8,0.8,0.800089751,-8.98E-05,2.33E-06,14.55521037,40.60940321
0.8,0.8,0.800089221,-8.92E-05,7.32E-07,14.55514602,40.59149393
0.8,0.8,0.800089623,-8.96E-05,-4.73E-07,14.5550712,41.17479222
0.8,0.8,0.800091145,-9.11E-05,-1.82E-06,14.55499862,42.40765006
0.8,0.8,0.800089419,-8.94E-05,2.49E-06,14.55493824,41.81276889
0.8,0.8,0.800086953,-8.70E-05,4.07E-06,14.5548856,40.78603342
0.8,0.8,0.800085804,-8.58E-05,1.74E-06,14.55482908,40.53283511
0.8,0.8,0.800085349,-8.53E-05,5.67E-07,14.55476126,40.77079084
0.8,0.8,0.80008638,-8.64E-05,-1.18E-06,14.55468846,41.90128416
0.8,0.8,0.800086504,-8.65E-05,-1.62E-07,14.55462515,42.48885883
0.8,0.8,0.800083325,-8.33E-05,5.07E-06,14.55457317,41.17873456
0.8,0.8,0.800081428,-8.14E-05,3.11E-06,14.55452335,40.57550536
0.8,0.8,0.800080435,-8.04E-05,1.36E-06,14.55446481,40.57161961
0.8,0.8,0.800080418,-8.04E-05,1.97E-08,14.55439655,41.22727245
0.8,0.8,0.800081778,-8.18E-05,-1.62E-06,14.55433152,42.64255775
0.8,0.8,0.800079354,-7.94E-05,3.54E-06,14.55427862,41.86210469
0.8,0.8,0.800076454,-7.65E-05,4.88E-06,14.55423303,40.75552577
0.8,0.8,0.800075009,-7.50E-05,2.20E-06,14.55418367,40.51041201
0.8,0.8,0.800074225,-7.42E-05,9.67E-07,14.55412393,40.7695907
0.8,0.8,0.800075138,-7.51E-05,-1.03E-06,14.55406026,42.03944931
0.8,0.8,0.800075013,-7.50E-05,1.63E-07,14.55400599,42.64358627
0.8,0.8,0.800071334,-7.13E-05,5.95E-06,14.55396208,41.16665263
0.8,0.8,0.800069238,-6.92E-05,3.47E-06,14.55392007,40.55325037
0.8,0.8,0.800068047,-6.80E-05,1.63E-06,14.55387027,40.55788408
0.8,0.8,0.800067886,-6.79E-05,1.84E-07,14.55381212,41.26593967
0.8,0.8,0.800069314,-6.93E-05,-1.69E-06,14.55375752,42.82685365
0.8,0.8,0.800066501,-6.65E-05,4.15E-06,14.55371374,41.90101436
0.8,0.8,0.800063404,-6.34E-05,5.28E-06,14.55367634,40.73683803
0.8,0.8,0.800061868,-6.19E-05,2.35E-06,14.55363567,40.4961054
0.8,0.8,0.800060989,-6.10E-05,1.08E-06,14.55358624,40.76766788
0.8,0.8,0.800061976,-6.20E-05,-1.11E-06,14.5535339,42.13724819
0.8,0.8,0.800058761,-5.88E-05,5.26E-06,14.55349796,40.93230296
0.8,0.8,0.800056925,-5.69E-05,3.00E-06,14.55346295,40.48615397
0.8,0.8,0.800055833,-5.58E-05,1.41E-06,14.55341984,40.59775693
0.8,0.8,0.800056303,-5.63E-05,-5.18E-07,14.55337088,41.69057511
0.8,0.8,0.800053793,-5.38E-05,3.94E-06,14.55333675,40.89084586
0.8,0.8,0.80005208,-5.21E-05,2.69E-06,14.55330346,40.52716787
0.8,0.8,0.800051063,-5.11E-05,1.31E-06,14.55326393,40.6722542
0.8,0.8,0.800051446,-5.14E-05,-4.35E-07,14.55322069,41.67608091
0.8,0.8,0.800052029,-5.20E-05,-7.32E-07,14.55318275,42.70836447
0.8,0.8,0.800048621,-4.86E-05,5.31E-06,14.55315207,41.39975641
0.8,0.8,0.800046239,-4.62E-05,3.99E-06,14.55312427,40.61396139
0.8,0.8,0.800044975,-4.50E-05,1.80E-06,14.55309269,40.53029702
0.8,0.8,0.800044545,-4.45E-05,5.04E-07,14.55305558,41.0307311
0.8,0.8,0.800045953,-4.60E-05,-1.63E-06,14.55301952,42.54486941
0.8,0.8,0.800044227,-4.42E-05,2.43E-06,14.5529901,42.19470843
0.8,0.8,0.800040914,-4.09E-05,5.56E-06,14.55296563,40.86892714
0.8,0.8,0.800039308,-3.93E-05,2.54E-06,14.55294063,40.50823178
0.8,0.8,0.800038426,-3.84E-05,1.12E-06,14.55291074,40.66472699
0.8,0.8,0.800039111,-3.91E-05,-7.68E-07,14.55287822,41.76104021
0.8,0.8,0.800036646,-3.66E-05,3.89E-06,14.55285514,40.90817219
0.8,0.8,0.800035052,-3.51E-05,2.52E-06,14.55283283,40.52855313
0.8,0.8,0.800034203,-3.42E-05,1.10E-06,14.55280658,40.66193262
0.8,0.8,0.800034762,-3.48E-05,-6.35E-07,14.55277808,41.64212944
0.8,0.8,0.800035636,-3.56E-05,-1.09E-06,14.5527532,42.72343095
0.8,0.8,0.800032428,-3.24E-05,4.98E-06,14.55273293,41.43209509
0.8,0.8,0.800030168,-3.02E-05,3.79E-06,14.55271481,40.62153948
0.8,0.8,0.800029087,-2.91E-05,1.55E-06,14.55269454,40.52699799
0.8,0.8,0.800028871,-2.89E-05,2.54E-07,14.55267093,41.00719756
0.8,0.8,0.800030528,-3.05E-05,-1.91E-06,14.5526482,42.51793777
0.8,0.8,0.800029138,-2.91E-05,1.94E-06,14.55262957,42.23643341
0.8,0.8,0.800025967,-2.60E-05,5.32E-06,14.55261404,40.8871101
0.8,0.8,0.800024532,-2.45E-05,2.28E-06,14.55259852,40.5097978
0.8,0.8,0.800023882,-2.39E-05,8.33E-07,14.5525802,40.65394067
0.8,0.8,0.800024803,-2.48E-05,-1.03E-06,14.55256049,41.72213302
0.8,0.8,0.800022609,-2.26E-05,3.45E-06,14.55254633,40.90610832
0.8,0.8,0.800021235,-2.12E-05,2.16E-06,14.5525328,40.53466284
0.8,0.8,0.800020648,-2.06E-05,7.58E-07,14.55251716,40.67066298
0.8,0.8,0.800021477,-2.15E-05,-9.45E-07,14.55250055,41.63526065
0.8,0.8,0.800022526,-2.25E-05,-1.31E-06,14.55248619,42.6631534
0.8,0.8,0.80001961,-1.96E-05,4.52E-06,14.55247423,41.41311318
0.8,0.8,0.800017588,-1.76E-05,3.38E-06,14.55246364,40.6239566
0.8,0.8,0.800016749,-1.67E-05,1.20E-06,14.55245204,40.5334714
0.8,0.8,0.800016827,-1.68E-05,-9.21E-08,14.55243883,41.0159881
0.8,0.8,0.800018711,-1.87E-05,-2.18E-06,14.55242646,42.48829111
0.8,0.8,0.80001754,-1.75E-05,1.64E-06,14.55241616,42.19323704
0.8,0.8,0.800014638,-1.46E-05,4.85E-06,14.55240743,40.88167647
0.8,0.8,0.800013431,-1.34E-05,1.91E-06,14.55239895,40.51349256
0.8,0.8,0.800013052,-1.31E-05,4.85E-07,14.55238918,40.66241063
0.8,0.8,0.800014266,-1.43E-05,-1.37E-06,14.55237903,41.72616417
0.8,0.8,0.800012281,-1.23E-05,3.12E-06,14.55237152,40.90842238
0.8,0.8,0.800011117,-1.11E-05,1.83E-06,14.55236449,40.53601841
0.8,0.8,0.800010784,-1.08E-05,4.30E-07,14.5523566,40.67079528
0.8,0.8,0.80001189,-1.19E-05,-1.26E-06,14.55234852,41.62985535
0.8,0.8,0.800013196,-1.32E-05,-1.64E-06,14.5523417,42.65631265
0.8,0.8,0.800010502,-1.05E-05,4.17E-06,14.55233568,41.41489885
0.8,0.8,0.800008671,-8.67E-06,3.05E-06,14.55233048,40.62559788
0.8,0.8,0.800008053,-8.05E-06,8.84E-07,14.55232505,40.53421019
0.8,0.8,0.800008393,-8.39E-06,-4.01E-07,14.55231911,41.01429648
0.8,0.8,0.800010533,-1.05E-05,-2.48E-06,14.55231392,42.48030912
0.8,0.8,0.800009593,-9.59E-06,1.32E-06,14.55230936,42.1925804
0.8,0.8,0.800006877,-6.88E-06,4.54E-06,14.55230533,40.88357756
0.8,0.8,0.800005857,-5.86E-06,1.61E-06,14.5523017,40.51446979
0.8,0.8,0.800005707,-5.71E-06,1.91E-07,14.55229776,40.66239378
0.8,0.8,0.800007173,-7.17E-06,-1.65E-06,14.55229402,41.7215887
0.8,0.8,0.800005379,-5.38E-06,2.81E-06,14.55229096,40.90866975
0.8,0.8,0.800004397,-4.40E-06,1.54E-06,14.55228827,40.53726784
0.8,0.8,0.800004281,-4.28E-06,1.50E-07,14.5522855,40.6722133
0.8,0.8,0.800005623,-5.62E-06,-1.53E-06,14.55228302,41.628195
0.8,0.8,0.80000713,-7.13E-06,-1.89E-06,14.55228111,42.64706558
0.8,0.8,0.800004621,-4.62E-06,3.89E-06,14.55227894,41.41269382
0.8,0.8,0.800002952,-2.95E-06,2.78E-06,14.55227722,40.62635865
0.8,0.8,0.800002515,-2.51E-06,6.25E-07,14.55227573,40.53539805
0.8,0.8,0.80000307,-3.07E-06,-6.54E-07,14.5522744,41.01539394
0.8,0.8,0.800005412,-5.41E-06,-2.71E-06,14.55227371,42.47497988
0.8,0.8,0.800004645,-4.65E-06,1.07E-06,14.55227273,42.18658601
0.8,0.8,0.800002082,-2.08E-06,4.28E-06,14.55227162,40.88326451
0.8,0.8,0.800001212,-1.21E-06,1.37E-06,14.55227098,40.51528853
0.8,0.8,0.800001244,-1.24E-06,-4.03E-08,14.55227059,40.66371971
0.8,0.8,0.800002907,-2.91E-06,-1.87E-06,14.55227074,41.7214795
0.8,0.8,0.800001255,-1.26E-06,2.59E-06,14.55227035,40.90915159
0.8,0.8,0.800000411,-4.11E-07,1.32E-06,14.55227024,40.53778573
0.8,0.8,0.800000458,-4.58E-07,-6.13E-08,14.5522705,40.67258294
0.8,0.8,0.80000198,-1.98E-06,-1.74E-06,14.55227128,41.62724546
0.8,0.8,0.800003645,-3.64E-06,-2.09E-06,14.55227222,42.64459904
0.8,0.8,0.800001267,-1.27E-06,3.68E-06,14.55227225,41.41265998
0.8,0.8,0.799999715,2.85E-07,2.59E-06,14.55227251,40.62681736
0.8,0.8,0.79999941,5.90E-07,4.36E-07,14.55227323,40.53579962
0.8,0.8,0.800000121,-1.21E-07,-8.38E-07,14.55227447,41.01543026
0.8,0.8,0.800002615,-2.62E-06,-2.89E-06,14.55227626,42.47300857
0.8,0.8,0.800001974,-1.97E-06,8.98E-07,14.55227723,42.18553401
0.8,0.8,0.799999515,4.85E-07,4.10E-06,14.55227769,40.88355973
0.8,0.8,0.799998752,1.25E-06,1.21E-06,14.55227863,40.51564652
0.8,0.8,0.79999891,1.09E-06,-2.03E-07,14.55228012,40.66402069
0.8,0.8,0.800000712,-7.12E-07,-2.03E-06,14.55228228,41.7208779
0.8,0.8,0.799999159,8.41E-07,2.44E-06,14.55228325,40.90933842
0.8,0.8,0.799998411,1.59E-06,1.17E-06,14.55228446,40.53812028
0.8,0.8,0.799998571,1.43E-06,-2.07E-07,14.55228621,40.672913
0.8,0.8,0.800000216,-2.16E-07,-1.88E-06,14.5522886,41.62690285
0.8,0.8,0.800001987,-1.99E-06,-2.22E-06,14.55229089,42.64290976
0.8,0.8,0.799999698,3.02E-07,3.54E-06,14.55229197,41.41239506
0.8,0.8,0.799998224,1.78E-06,2.46E-06,14.55229314,40.62706018
0.8,0.8,0.799998008,1.99E-06,3.10E-07,14.55229488,40.53609148
0.8,0.8,0.799998822,1.18E-06,-9.60E-07,14.55229726,41.01564205
0.8,0.8,0.800001415,-1.41E-06,-3.00E-06,14.55230013,42.471949
0.8,0.8,0.800000855,-8.55E-07,7.84E-07,14.55230193,42.18453972
0.8,0.8,0.799998464,1.54E-06,3.99E-06,14.55230303,40.88361019
0.8,0.8,0.799997769,2.23E-06,1.10E-06,14.55230462,40.51586799
0.8,0.8,0.799998009,1.99E-06,-3.07E-07,14.55230685,40.66430245
0.8,0.8,0.799999899,1.01E-07,-2.13E-06,14.55230976,41.7207921
0.8,0.8,0.799998408,1.59E-06,2.34E-06,14.55231124,40.90947553
0.8,0.8,0.79999772,2.28E-06,1.08E-06,14.5523129,40.53828737
0.8,0.8,0.79999795,2.05E-06,-2.98E-07,14.55231516,40.67305631
0.8,0.8,0.79999967,3.30E-07,-1.96E-06,14.55231806,41.62673656
0.8,0.8,0.800001507,-1.51E-06,-2.30E-06,14.55232077,42.64228644
0.8,0.8,0.79999927,7.30E-07,3.46E-06,14.55232213,41.41237003
0.8,0.8,0.799997843,2.16E-06,2.38E-06,14.55232355,40.62719449
0.8,0.8,0.799997679,2.32E-06,2.35E-07,14.55232553,40.53622495
0.8,0.8,0.799998555,1.45E-06,-1.03E-06,14.55232817,41.0157074
0.8,0.8,0.800001206,-1.21E-06,-3.07E-06,14.55233124,42.47150037
0.8,0.8,0.800000693,-6.93E-07,7.18E-07,14.55233317,42.18423262
0.8,0.8,0.799998341,1.66E-06,3.93E-06,14.55233436,40.88368
0.8,0.8,0.799997685,2.32E-06,1.04E-06,14.55233602,40.51597608
0.8,0.8,0.79999797,2.03E-06,-3.66E-07,14.55233829,40.66441176
0.8,0.8,0.799999909,9.12E-08,-2.18E-06,14.55234122,41.72070553
0.8,0.8,0.799998452,1.55E-06,2.28E-06,14.55234268,40.90954041
0.8,0.8,0.799997796,2.20E-06,1.03E-06,14.5523443,40.53837779
0.8,0.8,0.799998064,1.94E-06,-3.46E-07,14.55234649,40.67314074
0.8,0.8,0.799999824,1.76E-07,-2.01E-06,14.55234927,41.62666848
0.8,0.8,0.800001696,-1.70E-06,-2.35E-06,14.55235184,42.64194347
0.8,0.8,0.799999486,5.14E-07,3.42E-06,14.55235307,41.41233625
0.8,0.8,0.799998084,1.92E-06,2.34E-06,14.55235435,40.62726096
0.8,0.8,0.799997946,2.05E-06,1.97E-07,14.55235616,40.53629745
0.8,0.8,0.799998851,1.15E-06,-1.07E-06,14.55235856,41.0157553
0.8,0.8,0.800001531,-1.53E-06,-3.10E-06,14.55236136,42.47127398
0.8,0.8,0.800001041,-1.04E-06,6.87E-07,14.55236305,42.18404001
0.8,0.8,0.799998707,1.29E-06,3.90E-06,14.55236403,40.8837033
0.8,0.8,0.799998068,1.93E-06,1.01E-06,14.55236544,40.51603003
0.8,0.8,0.799998375,1.63E-06,-3.92E-07,14.55236741,40.6644738
0.8,0.8,0.800000335,-3.35E-07,-2.21E-06,14.55236997,41.72067923
0.8,0.8,0.799998894,1.11E-06,2.26E-06,14.55237115,40.90957247
0.8,0.8,0.799998251,1.75E-06,1.01E-06,14.55237249,40.53841816
0.8,0.8,0.799998535,1.46E-06,-3.66E-07,14.55237432,40.67317602
0.8,0.8,0.800000311,-3.11E-07,-2.03E-06,14.55237668,41.6266316
0.8,0.8,0.800002196,-2.20E-06,-2.36E-06,14.55237885,42.6417916
0.8,0.8,0.799999997,3.23E-09,3.40E-06,14.55237976,41.41232466
0.8,0.8,0.799998603,1.40E-06,2.32E-06,14.55238073,40.62728967
0.8,0.8,0.799998474,1.53E-06,1.83E-07,14.55238217,40.53632667
0.8,0.8,0.79999939,6.10E-07,-1.08E-06,14.55238412,41.01576988
0.8,0.8,0.800002079,-2.08E-06,-3.12E-06,14.55238645,42.47116559
0.8,0.8,0.800001595,-1.60E-06,6.77E-07,14.55238775,42.18395752
0.8,0.8,0.799999266,7.34E-07,3.89E-06,14.55238839,40.88371296
0.8,0.8,0.799998633,1.37E-06,1.00E-06,14.55238945,40.51605033
0.8,0.8,0.799998944,1.06E-06,-3.99E-07,14.55239098,40.66449536
0.8,0.8,0.800000909,-9.09E-07,-2.21E-06,14.55239302,41.72065661
0.8,0.8,0.79999947,5.30E-07,2.26E-06,14.55239384,40.90958169
0.8,0.8,0.79999883,1.17E-06,1.00E-06,14.55239481,40.53843229
0.8,0.8,0.799999116,8.84E-07,-3.69E-07,14.55239619,40.67318811
0.8,0.8,0.800000894,-8.94E-07,-2.03E-06,14.55239804,41.62660868
0.8,0.8,0.800002779,-2.78E-06,-2.36E-06,14.55239975,42.64170857
0.8,0.8,0.80000058,-5.80E-07,3.40E-06,14.55240029,41.41231074
0.8,0.8,0.799999186,8.14E-07,2.32E-06,14.55240091,40.62729715
0.8,0.8,0.799999057,9.43E-07,1.85E-07,14.55240194,40.53633493
0.8,0.8,0.79999997,2.95E-08,-1.08E-06,14.55240339,41.01577181
0.8,0.8,0.800002657,-2.66E-06,-3.11E-06,14.55240522,42.47110614
0.8,0.8,0.800002171,-2.17E-06,6.80E-07,14.55240611,42.18390739
0.8,0.8,0.79999984,1.60E-07,3.89E-06,14.55240641,40.88371009
0.8,0.8,0.799999203,7.97E-07,1.01E-06,14.55240711,40.51605365
0.8,0.8,0.799999511,4.89E-07,-3.94E-07,14.55240819,40.66449996
0.8,0.8,0.800001472,-1.47E-06,-2.21E-06,14.55240973,41.72064057
0.8,0.8,0.800000029,-2.91E-08,2.26E-06,14.55241019,40.90957963
0.8,0.8,0.799999385,6.15E-07,1.01E-06,14.55241081,40.53843224
0.8,0.8,0.799999666,3.34E-07,-3.63E-07,14.55241176,40.67318691
0.8,0.8,0.800001437,-1.44E-06,-2.02E-06,14.55241313,41.62659085
0.8,0.8,0.800003316,-3.32E-06,-2.36E-06,14.55241441,42.64166351
0.8,0.8,0.800001113,-1.11E-06,3.41E-06,14.5524146,41.41229809
0.8,0.8,0.799999713,2.87E-07,2.33E-06,14.5524149,40.62729406
0.8,0.8,0.799999578,4.22E-07,1.93E-07,14.55241556,40.53633205
0.8,0.8,0.800000485,-4.85E-07,-1.07E-06,14.55241658,41.01576571
0.8,0.8,0.800003164,-3.16E-06,-3.10E-06,14.55241797,42.47107148
0.8,0.8,0.800002671,-2.67E-06,6.90E-07,14.55241849,42.18387813
0.8,0.8,0.800000335,-3.35E-07,3.90E-06,14.5524185,40.88370247
0.8,0.8,0.799999692,3.08E-07,1.01E-06,14.55241888,40.51604869
0.8,0.8,0.799999992,7.84E-09,-3.84E-07,14.55241958,40.66449545
0.8,0.8,0.800001944,-1.94E-06,-2.20E-06,14.55242071,41.7206261
0.8,0.8,0.800000495,-4.95E-07,2.27E-06,14.55242087,40.90957226
0.8,0.8,0.799999844,1.56E-07,1.02E-06,14.55242119,40.53842597
0.8,0.8,0.800000117,-1.17E-07,-3.52E-07,14.55242179,40.67318021
0.8,0.8,0.800001879,-1.88E-06,-2.01E-06,14.55242277,41.62657625
0.8,0.8,0.80000375,-3.75E-06,-2.35E-06,14.5524237,42.64163552
0.8,0.8,0.800001539,-1.54E-06,3.42E-06,14.55242361,41.41228584
0.8,0.8,0.800000134,-1.34E-07,2.34E-06,14.55242366,40.62728665
0.8,0.8,0.799999991,8.53E-09,2.04E-07,14.55242403,40.53632487
0.8,0.8,0.800000889,-8.89E-07,-1.06E-06,14.5524247,41.01575714
0.8,0.8,0.800003558,-3.56E-06,-3.09E-06,14.55242574,42.47104912
0.8,0.8,0.800003058,-3.06E-06,7.00E-07,14.55242599,42.18385816
0.8,0.8,0.800000715,-7.15E-07,3.91E-06,14.55242576,40.88369322
0.8,0.8,0.800000066,-6.57E-08,1.03E-06,14.55242591,40.51604088
0.8,0.8,0.800000357,-3.57E-07,-3.73E-07,14.55242632,40.66448801
0.8,0.8,0.800002299,-2.30E-06,-2.19E-06,14.55242713,41.72061404
0.8,0.8,0.800000844,-8.44E-07,2.28E-06,14.55242706,40.90956356
0.8,0.8,0.800000186,-1.86E-07,1.03E-06,14.55242716,40.53841785
0.8,0.8,0.800000451,-4.51E-07,-3.42E-07,14.5524275,40.67317196
0.8,0.8,0.800002204,-2.20E-06,-2.00E-06,14.55242819,41.62656433
0.8,0.8,0.800004066,-4.07E-06,-2.34E-06,14.55242887,42.64161743
0.8,0.8,0.800001849,-1.85E-06,3.43E-06,14.55242858,41.4122753
0.8,0.8,0.800000437,-4.37E-07,2.35E-06,14.55242844,40.62727844
0.8,0.8,0.800000287,-2.87E-07,2.14E-07,14.5524286,40.53631684
0.8,0.8,0.800001176,-1.18E-06,-1.05E-06,14.55242902,41.01574853
0.8,0.8,0.800003837,-3.84E-06,-3.08E-06,14.55242982,42.4710341
0.8,0.8,0.800003329,-3.33E-06,7.10E-07,14.55242987,42.18384445
0.8,0.8,0.80000098,-9.80E-07,3.92E-06,14.55242949,40.88368461
0.8,0.8,0.800000325,-3.25E-07,1.04E-06,14.55242947,40.51603301
0.8,0.8,0.800000609,-6.09E-07,-3.64E-07,14.55242968,40.6644804
0.8,0.8,0.800002542,-2.54E-06,-2.18E-06,14.55243027,41.72060432
0.8,0.8,0.800001081,-1.08E-06,2.29E-06,14.55243005,40.90955556
0.8,0.8,0.800000417,-4.17E-07,1.04E-06,14.55243,40.53841021
0.8,0.8,0.800000675,-6.75E-07,-3.32E-07,14.55243017,40.67316435
0.8,0.8,0.800002419,-2.42E-06,-1.99E-06,14.55243066,41.62655508
0.8,0.8,0.800004275,-4.27E-06,-2.33E-06,14.55243117,42.64160529
0.8,0.8,0.800002052,-2.05E-06,3.44E-06,14.55243074,41.41226686
0.8,0.8,0.800000635,-6.35E-07,2.36E-06,14.55243049,40.6272712
0.8,0.8,0.800000479,-4.79E-07,2.22E-07,14.55243052,40.53630976
0.8,0.8,0.800001361,-1.36E-06,-1.04E-06,14.55243078,41.01574129
0.8,0.8,0.800004014,-4.01E-06,-3.07E-06,14.55243142,42.47102387
0.8,0.8,0.800003501,-3.50E-06,7.19E-07,14.55243135,42.1838349
0.8,0.8,0.800001147,-1.15E-06,3.93E-06,14.55243086,40.8836776
0.8,0.8,0.800000487,-4.87E-07,1.04E-06,14.55243074,40.51602643
0.8,0.8,0.800000135,-1.35E-07,1.43E-06,14.55243067,40.32088946
0.8,0.8,0.80000143,-1.43E-06,-1.27E-06,14.55243099,41.02820057
0.8,0.8,0.800000968,-9.68E-07,6.75E-07,14.5524309,40.76995538
0.8,0.8,0.800000657,-6.57E-07,4.55E-07,14.55243084,40.59476904
0.8,0.8,0.800001183,-1.18E-06,-6.57E-07,14.55243096,40.88036505
0.8,0.8,0.800002902,-2.90E-06,-2.04E-06,14.55243134,41.82328436
0.8,0.8,0.800003273,-3.27E-06,-4.98E-07,14.55243142,42.02384643
0.8,0.8,0.800001499,-1.50E-06,2.79E-06,14.55243102,41.04406761
0.8,0.8,0.800000701,-7.01E-07,1.25E-06,14.55243084,40.60189957
0.8,0.8,0.800000805,-8.05E-07,-1.40E-07,14.55243084,40.65637161
0.8,0.8,0.800002044,-2.04E-06,-1.46E-06,14.55243109,41.33544388
0.8,0.8,0.800003815,-3.81E-06,-2.19E-06,14.55243146,42.3074508
0.8,0.8,0.800002414,-2.41E-06,2.08E-06,14.55243112,41.5336809
0.8,0.8,0.800000939,-9.39E-07,2.40E-06,14.55243077,40.71929552
0.8,0.8,0.800000652,-6.52E-07,4.19E-07,14.55243068,40.55952887
0.8,0.8,0.800001267,-1.27E-06,-7.53E-07,14.55243078,40.89562539
0.8,0.8,0.800003351,-3.35E-06,-2.43E-06,14.55243119,42.04090783
0.8,0.8,0.800003598,-3.60E-06,-3.34E-07,14.5524312,42.17504764
0.8,0.8,0.800001482,-1.48E-06,3.40E-06,14.5524307,41.00835898
0.8,0.8,0.800000676,-6.76E-07,1.28E-06,14.55243048,40.56277437
0.8,0.8,0.800000816,-8.16E-07,-1.86E-07,14.55243046,40.63824366
0.8,0.8,0.800002263,-2.26E-06,-1.67E-06,14.55243072,41.43318356
0.8,0.8,0.800004313,-4.31E-06,-2.52E-06,14.55243112,42.56087561
0.8,0.8,0.800002484,-2.48E-06,2.76E-06,14.55243066,41.5524742
0.8,0.8,0.800000902,-9.02E-07,2.63E-06,14.55243027,40.6802445
0.8,0.8,0.800000637,-6.37E-07,3.87E-07,14.55243016,40.53344211
0.8,0.8,0.800001325,-1.32E-06,-8.28E-07,14.55243024,40.91086581
0.8,0.8,0.80000375,-3.75E-06,-2.79E-06,14.55243071,42.24521039
0.8,0.8,0.800003858,-3.86E-06,-1.48E-07,14.55243067,42.30405462
0.8,0.8,0.800001457,-1.46E-06,3.94E-06,14.55243009,40.98106062
0.8,0.8,0.800000648,-6.48E-07,1.30E-06,14.55242986,40.53508267
0.8,0.8,0.800000813,-8.13E-07,-2.16E-07,14.55242983,40.62503935
0.8,0.8,0.800002433,-2.43E-06,-1.84E-06,14.55243011,41.51671732
0.8,0.8,0.800004726,-4.73E-06,-2.81E-06,14.55243054,42.77885085
0.8,0.8,0.800002527,-2.53E-06,3.36E-06,14.55243,41.56755607
0.8,0.8,0.800000868,-8.68E-07,2.80E-06,14.55242958,40.65364853
0.8,0.8,0.800000618,-6.18E-07,3.66E-07,14.55242946,40.51554873
0.8,0.8,0.800001357,-1.36E-06,-8.79E-07,14.55242955,40.92213511
0.8,0.8,0.800004058,-4.06E-06,-3.08E-06,14.55243006,42.4096903
0.8,0.8,0.800004049,-4.05E-06,1.21E-08,14.55242999,42.4046958
0.8,0.8,0.800001433,-1.43E-06,4.36E-06,14.55242936,40.96398487
0.8,0.8,0.800000622,-6.22E-07,1.31E-06,14.55242913,40.51721324
0.8,0.8,0.8000008,-8.00E-07,-2.33E-07,14.55242909,40.61546554
0.8,0.8,0.800002545,-2.54E-06,-1.96E-06,14.5524294,41.57627177
0.8,0.8,0.800001316,-1.32E-06,1.90E-06,14.55242907,40.89937296
0.8,0.8,0.800000702,-7.02E-07,9.47E-07,14.55242887,40.56162174
0.8,0.8,0.800000967,-9.67E-07,-3.42E-07,14.55242886,40.70777087
0.8,0.8,0.800002592,-2.59E-06,-1.88E-06,14.55242914,41.60289291
0.8,0.8,0.800004087,-4.09E-06,-1.90E-06,14.5524294,42.42633935
0.8,0.8,0.800002113,-2.11E-06,3.04E-06,14.55242891,41.33977856
0.8,0.8,0.800000835,-8.35E-07,2.09E-06,14.55242857,40.63603342
0.8,0.8,0.8000007,-7.00E-07,1.90E-07,14.55242848,40.562348
0.8,0.8,0.800001585,-1.59E-06,-1.05E-06,14.5524286,41.05016548
0.8,0.8,0.800003956,-3.96E-06,-2.79E-06,14.55242905,42.3563074
0.8,0.8,0.800003347,-3.35E-06,8.59E-07,14.55242885,42.02110964
0.8,0.8,0.800001242,-1.24E-06,3.47E-06,14.55242834,40.86232537
0.8,0.8,0.800000639,-6.39E-07,9.37E-07,14.55242815,40.5309113
0.8,0.8,0.800000944,-9.44E-07,-3.88E-07,14.55242815,40.69908201
0.8,0.8,0.800002818,-2.82E-06,-2.13E-06,14.55242849,41.73198968
0.8,0.8,0.800004465,-4.46E-06,-2.09E-06,14.55242879,42.63926417
0.8,0.8,0.800002095,-2.09E-06,3.71E-06,14.55242822,41.33478033
0.8,0.8,0.800000768,-7.68E-07,2.21E-06,14.55242788,40.6047833
0.8,0.8,0.800000655,-6.55E-07,1.60E-07,14.5524278,40.54281329
0.8,0.8,0.800001632,-1.63E-06,-1.14E-06,14.55242795,41.08141062
0.8,0.8,0.800004331,-4.33E-06,-3.15E-06,14.55242848,42.56849069
0.8,0.8,0.800003471,-3.47E-06,1.22E-06,14.55242823,42.09545305
0.8,0.8,0.800001184,-1.18E-06,3.84E-06,14.55242769,40.83682624
0.8,0.8,0.80000059,-5.90E-07,9.29E-07,14.55242751,40.51017901
0.8,0.8,0.80000092,-9.20E-07,-4.17E-07,14.55242752,40.69259133
0.8,0.8,0.800002991,-2.99E-06,-2.33E-06,14.55242792,41.8338305
0.8,0.8,0.800001322,-1.32E-06,2.65E-06,14.55242751,40.91531505
0.8,0.8,0.800000605,-6.05E-07,1.14E-06,14.55242731,40.52128433
0.8,0.8,0.800000836,-8.36E-07,-2.99E-07,14.55242731,40.64929072
0.8,0.8,0.800002652,-2.65E-06,-2.05E-06,14.55242765,41.64986282
0.8,0.8,0.800001302,-1.30E-06,2.10E-06,14.55242731,40.90688983
0.8,0.8,0.800000655,-6.55E-07,1.01E-06,14.55242713,40.55139949
0.8,0.8,0.800000906,-9.06E-07,-3.24E-07,14.55242713,40.69021304
0.8,0.8,0.80000257,-2.57E-06,-1.91E-06,14.55242745,41.60739115
0.8,0.8,0.800004228,-4.23E-06,-2.09E-06,14.55242777,42.52117871
0.8,0.8,0.800002148,-2.15E-06,3.21E-06,14.55242727,41.37670596
0.8,0.8,0.800000797,-7.97E-07,2.23E-06,14.55242694,40.63329173
0.8,0.8,0.800000645,-6.45E-07,2.18E-07,14.55242687,40.54974605
0.8,0.8,0.800001516,-1.52E-06,-1.03E-06,14.55242701,41.03055781
0.8,0.8,0.800004007,-4.01E-06,-2.91E-06,14.55242752,42.40299835
0.8,0.8,0.800003454,-3.45E-06,7.77E-07,14.55242736,42.0989184
0.8,0.8,0.800001229,-1.23E-06,3.69E-06,14.55242684,40.87462335
0.8,0.8,0.800000592,-5.92E-07,9.99E-07,14.55242666,40.52419041
0.8,0.8,0.800000876,-8.76E-07,-3.63E-07,14.55242669,40.68116736
0.8,0.8,0.800002763,-2.76E-06,-2.14E-06,14.55242706,41.72102298
0.8,0.8,0.800004585,-4.59E-06,-2.30E-06,14.55242743,42.72553009
0.8,0.8,0.800002134,-2.13E-06,3.84E-06,14.55242686,41.37597655
0.8,0.8,0.800000735,-7.35E-07,2.34E-06,14.55242653,40.60621094
0.8,0.8,0.8000006,-6.00E-07,1.92E-07,14.55242647,40.53239426
0.8,0.8,0.800001547,-1.55E-06,-1.11E-06,14.55242664,41.05482746
0.8,0.8,0.800004339,-4.34E-06,-3.23E-06,14.55242722,42.59317625
0.8,0.8,0.800003575,-3.58E-06,1.08E-06,14.55242703,42.172982
0.8,0.8,0.800001179,-1.18E-06,4.04E-06,14.55242648,40.85375379
0.8,0.8,0.800000547,-5.47E-07,9.95E-07,14.55242631,40.50639304
0.8,0.8,0.800000851,-8.51E-07,-3.85E-07,14.55242635,40.6742495
0.8,0.8,0.800002902,-2.90E-06,-2.30E-06,14.55242677,41.80486712
0.8,0.8,0.800001279,-1.28E-06,2.57E-06,14.55242639,40.91111755
0.8,0.8,0.800000573,-5.73E-07,1.12E-06,14.55242622,40.52305602
0.8,0.8,0.80000081,-8.10E-07,-3.06E-07,14.55242625,40.65411861
0.8,0.8,0.800002624,-2.62E-06,-2.05E-06,14.55242662,41.65380167
0.8,0.8,0.800004698,-4.70E-06,-2.58E-06,14.55242705,42.79626589
0.8,0.8,0.80000226,-2.26E-06,3.79E-06,14.5524265,41.45414891
0.8,0.8,0.800000744,-7.44E-07,2.56E-06,14.55242615,40.61991821
0.8,0.8,0.800000564,-5.64E-07,2.58E-07,14.55242609,40.52138896
0.8,0.8,0.800001432,-1.43E-06,-1.02E-06,14.55242626,40.99984027
0.8,0.8,0.800004255,-4.26E-06,-3.24E-06,14.55242686,42.55506578
0.8,0.8,0.800003766,-3.77E-06,6.83E-07,14.55242673,42.28627935
0.8,0.8,0.800001237,-1.24E-06,4.25E-06,14.55242616,40.89396507
0.8,0.8,0.800000534,-5.34E-07,1.12E-06,14.55242599,40.50702115
0.8,0.8,0.800000786,-7.86E-07,-3.24E-07,14.55242603,40.64637723
0.8,0.8,0.800002735,-2.74E-06,-2.18E-06,14.55242644,41.72042197
0.8,0.8,0.800001254,-1.25E-06,2.33E-06,14.5524261,40.90490848
0.8,0.8,0.80000058,-5.80E-07,1.06E-06,14.55242594,40.53420466
0.8,0.8,0.800000828,-8.28E-07,-3.20E-07,14.55242598,40.67145192
0.8,0.8,0.800002591,-2.59E-06,-2.01E-06,14.55242636,41.64288846
0.8,0.8,0.800004464,-4.46E-06,-2.35E-06,14.55242676,42.67440881
0.8,0.8,0.800002173,-2.17E-06,3.56E-06,14.55242624,41.41304798
0.8,0.8,0.800000738,-7.38E-07,2.40E-06,14.55242591,40.6232163
0.8,0.8,0.800000575,-5.75E-07,2.34E-07,14.55242587,40.53356011
0.8,0.8,0.800001455,-1.45E-06,-1.04E-06,14.55242605,41.01869655
0.8,0.8,0.800004143,-4.14E-06,-3.11E-06,14.55242663,42.49956143
0.8,0.8,0.800003592,-3.59E-06,7.72E-07,14.5524265,42.1967335
0.8,0.8,0.800001203,-1.20E-06,4.00E-06,14.55242597,40.88083867
0.8,0.8,0.800000535,-5.35E-07,1.06E-06,14.55242581,40.51331467
0.8,0.8,0.800000806,-8.06E-07,-3.47E-07,14.55242586,40.66313357
0.8,0.8,0.800002747,-2.75E-06,-2.18E-06,14.55242628,41.73216743
0.8,0.8,0.800001251,-1.25E-06,2.35E-06,14.55242595,40.90904851
0.8,0.8,0.800000573,-5.73E-07,1.07E-06,14.55242579,40.53554256
0.8,0.8,0.800000817,-8.17E-07,-3.15E-07,14.55242584,40.67015334
0.8,0.8,0.800002564,-2.56E-06,-1.99E-06,14.55242622,41.63284521
0.8,0.8,0.800004443,-4.44E-06,-2.35E-06,14.55242662,42.66787597
0.8,0.8,0.800002173,-2.17E-06,3.52E-06,14.55242612,41.41818891
0.8,0.8,0.800000734,-7.34E-07,2.40E-06,14.5524258,40.62555021
0.8,0.8,0.800000567,-5.67E-07,2.39E-07,14.55242576,40.53369937
0.8,0.8,0.800001438,-1.44E-06,-1.03E-06,14.55242594,41.01394675
0.8,0.8,0.800004113,-4.11E-06,-3.09E-06,14.55242653,42.48736656
0.8,0.8,0.800003591,-3.59E-06,7.31E-07,14.55242641,42.20010656
0.8,0.8,0.800001202,-1.20E-06,3.99E-06,14.55242588,40.88461827
0.8,0.8,0.800000529,-5.29E-07,1.06E-06,14.55242573,40.51426039
0.8,0.8,0.800000796,-7.96E-07,-3.42E-07,14.55242578,40.66163174
0.8,0.8,0.800002722,-2.72E-06,-2.17E-06,14.55242621,41.72255799
0.8,0.8,0.800001245,-1.24E-06,2.32E-06,14.55242588,40.90879797
0.8,0.8,0.80000057,-5.70E-07,1.06E-06,14.55242573,40.53730519
0.8,0.8,0.800000815,-8.15E-07,-3.16E-07,14.55242578,40.67239017
0.8,0.8,0.800002553,-2.55E-06,-1.98E-06,14.55242616,41.6299294
0.8,0.8,0.800004406,-4.41E-06,-2.32E-06,14.55242657,42.65073501
0.8,0.8,0.800002159,-2.16E-06,3.48E-06,14.55242607,41.4133863
0.8,0.8,0.80000073,-7.30E-07,2.38E-06,14.55242575,40.62638549
0.8,0.8,0.800000565,-5.65E-07,2.36E-07,14.55242572,40.53545713
0.8,0.8,0.800001437,-1.44E-06,-1.03E-06,14.55242591,41.01584349
0.8,0.8,0.800004091,-4.09E-06,-3.07E-06,14.55242649,42.47787218
0.8,0.8,0.800003565,-3.57E-06,7.37E-07,14.55242638,42.18845686
0.8,0.8,0.800001195,-1.20E-06,3.96E-06,14.55242585,40.88342361
0.8,0.8,0.800000527,-5.27E-07,1.06E-06,14.5524257,40.51532488
0.8,0.8,0.800000796,-7.96E-07,-3.45E-07,14.55242576,40.66378502
0.8,0.8,0.800002719,-2.72E-06,-2.16E-06,14.55242619,41.72258189
0.8,0.8,0.800001242,-1.24E-06,2.32E-06,14.55242586,40.90934098
0.8,0.8,0.800000567,-5.67E-07,1.06E-06,14.55242571,40.53779623
0.8,0.8,0.800000811,-8.11E-07,-3.16E-07,14.55242577,40.67258786
0.8,0.8,0.800002546,-2.55E-06,-1.98E-06,14.55242615,41.62802818
0.8,0.8,0.800004396,-4.40E-06,-2.32E-06,14.55242656,42.64692108
0.8,0.8,0.800002156,-2.16E-06,3.47E-06,14.55242607,41.41329739
0.8,0.8,0.800000728,-7.28E-07,2.38E-06,14.55242575,40.62686076
0.8,0.8,0.800000562,-5.62E-07,2.37E-07,14.55242572,40.53577764
0.8,0.8,0.800001433,-1.43E-06,-1.03E-06,14.55242591,41.0154947
0.8,0.8,0.800004083,-4.08E-06,-3.07E-06,14.5524265,42.47454403
0.8,0.8,0.80000356,-3.56E-06,7.32E-07,14.55242638,42.1869539
0.8,0.8,0.800001194,-1.19E-06,3.95E-06,14.55242586,40.88375885
0.8,0.8,0.800000525,-5.25E-07,1.06E-06,14.55242572,40.51564266
0.8,0.8,0.800000794,-7.94E-07,-3.45E-07,14.55242578,40.66393922
0.8,0.8,0.800002714,-2.71E-06,-2.16E-06,14.5524262,41.72122257
0.8,0.8,0.80000124,-1.24E-06,2.31E-06,14.55242588,40.90939896
0.8,0.8,0.800000566,-5.66E-07,1.06E-06,14.55242573,40.53813329
0.8,0.8,0.80000081,-8.10E-07,-3.16E-07,14.55242579,40.67294169
0.8,0.8,0.800002543,-2.54E-06,-1.98E-06,14.55242617,41.62728706
0.8,0.8,0.800004389,-4.39E-06,-2.31E-06,14.55242658,42.64383773
0.8,0.8,0.800002153,-2.15E-06,3.46E-06,14.55242609,41.41260014
0.8,0.8,0.800000727,-7.27E-07,2.38E-06,14.55242578,40.6270632
0.8,0.8,0.800000562,-5.62E-07,2.36E-07,14.55242574,40.5360852
0.8,0.8,0.800001433,-1.43E-06,-1.03E-06,14.55242594,41.0157042
0.8,0.8,0.800004078,-4.08E-06,-3.06E-06,14.55242652,42.47261646
0.8,0.8,0.800003556,-3.56E-06,7.32E-07,14.55242641,42.18503922
0.8,0.8,0.800001193,-1.19E-06,3.94E-06,14.55242589,40.88364831
0.8,0.8,0.800000525,-5.25E-07,1.06E-06,14.55242575,40.51585108
0.8,0.8,0.800000794,-7.94E-07,-3.45E-07,14.55242581,40.66427415
0.8,0.8,0.800002713,-2.71E-06,-2.16E-06,14.55242623,41.7209855
0.8,0.8,0.80000124,-1.24E-06,2.31E-06,14.55242591,40.90948666
0.8,0.8,0.800000565,-5.65E-07,1.06E-06,14.55242576,40.53826313
0.8,0.8,0.80000081,-8.10E-07,-3.16E-07,14.55242582,40.67303259
0.8,0.8,0.800002542,-2.54E-06,-1.98E-06,14.5524262,41.62688549
0.8,0.8,0.800004387,-4.39E-06,-2.31E-06,14.55242661,42.64275026
0.8,0.8,0.800002153,-2.15E-06,3.46E-06,14.55242612,41.41246422
0.8,0.8,0.800000727,-7.27E-07,2.38E-06,14.55242581,40.62716702
0.8,0.8,0.800000562,-5.62E-07,2.36E-07,14.55242577,40.53618552
0.8,0.8,0.800001432,-1.43E-06,-1.03E-06,14.55242597,41.01569148
0.8,0.8,0.800004076,-4.08E-06,-3.06E-06,14.55242656,42.47180119
0.8,0.8,0.800003555,-3.55E-06,7.31E-07,14.55242644,42.18448637
0.8,0.8,0.800001193,-1.19E-06,3.94E-06,14.55242592,40.8836768
0.8,0.8,0.800000525,-5.25E-07,1.05E-06,14.55242578,40.51593352
0.8,0.8,0.800000795,-7.95E-07,-3.45E-07,14.55242584,40.66435549
0.8,0.8,0.800002713,-2.71E-06,-2.16E-06,14.55242626,41.72074913
0.8,0.8,0.80000124,-1.24E-06,2.31E-06,14.55242594,40.90951051
0.8,0.8,0.800000566,-5.66E-07,1.06E-06,14.55242579,40.53833444
0.8,0.8,0.80000081,-8.10E-07,-3.16E-07,14.55242585,40.67309938
0.8,0.8,0.800002542,-2.54E-06,-1.98E-06,14.55242624,41.62670839
0.8,0.8,0.800004386,-4.39E-06,-2.31E-06,14.55242664,42.64211698
0.8,0.8,0.800002153,-2.15E-06,3.46E-06,14.55242615,41.41234043
0.8,0.8,0.800000727,-7.27E-07,2.38E-06,14.55242584,40.62721445
0.8,0.8,0.800000562,-5.62E-07,2.36E-07,14.55242581,40.53624739
0.8,0.8,0.800001433,-1.43E-06,-1.03E-06,14.552426,41.01571918
0.8,0.8,0.800004076,-4.08E-06,-3.06E-06,14.55242659,42.47138087
0.8,0.8,0.800003554,-3.55E-06,7.31E-07,14.55242647,42.18411454
0.8,0.8,0.800001193,-1.19E-06,3.94E-06,14.55242595,40.88366611
0.8,0.8,0.800000525,-5.25E-07,1.05E-06,14.55242581,40.51597804
0.8,0.8,0.800000795,-7.95E-07,-3.45E-07,14.55242587,40.66441789
0.8,0.8,0.800002713,-2.71E-06,-2.16E-06,14.55242629,41.72067307
0.8,0.8,0.80000124,-1.24E-06,2.31E-06,14.55242597,40.9095273
0.8,0.8,0.800000566,-5.66E-07,1.06E-06,14.55242582,40.53836573
0.8,0.8,0.800000811,-8.11E-07,-3.16E-07,14.55242588,40.67312429
0.8,0.8,0.800002542,-2.54E-06,-1.98E-06,14.55242626,41.62661941
0.8,0.8,0.800004386,-4.39E-06,-2.31E-06,14.55242667,42.64184864
0.8,0.8,0.800002153,-2.15E-06,3.46E-06,14.55242618,41.41229892
0.8,0.8,0.800000728,-7.28E-07,2.38E-06,14.55242587,40.62723776
0.8,0.8,0.800000563,-5.63E-07,2.36E-07,14.55242583,40.53627278
0.8,0.8,0.800001433,-1.43E-06,-1.03E-06,14.55242602,41.01572229
0.8,0.8,0.800004076,-4.08E-06,-3.06E-06,14.55242661,42.47118934
0.8,0.8,0.800003555,-3.55E-06,7.31E-07,14.5524265,42.18396918
0.8,0.8,0.800001194,-1.19E-06,3.94E-06,14.55242598,40.88366828
0.8,0.8,0.800000526,-5.26E-07,1.05E-06,14.55242583,40.51599777
0.8,0.8,0.800000796,-7.96E-07,-3.45E-07,14.55242589,40.66444065
0.8,0.8,0.800002714,-2.71E-06,-2.16E-06,14.55242632,41.72062567
0.8,0.8,0.800001241,-1.24E-06,2.31E-06,14.55242599,40.9095337
0.8,0.8,0.800000567,-5.67E-07,1.06E-06,14.55242584,40.53838151
0.8,0.8,0.800000812,-8.12E-07,-3.16E-07,14.5524259,40.67313829
0.8,0.8,0.800002543,-2.54E-06,-1.98E-06,14.55242628,41.62657819
0.8,0.8,0.800004386,-4.39E-06,-2.31E-06,14.55242669,42.64171015
0.8,0.8,0.800002154,-2.15E-06,3.46E-06,14.5524262,41.41227379
0.8,0.8,0.800000728,-7.28E-07,2.38E-06,14.55242588,40.62724871
0.8,0.8,0.800000563,-5.63E-07,2.36E-07,14.55242585,40.53628616
0.8,0.8,0.800001434,-1.43E-06,-1.03E-06,14.55242604,41.01572681
0.8,0.8,0.800004077,-4.08E-06,-3.06E-06,14.55242663,42.471095
0.8,0.8,0.800003555,-3.56E-06,7.31E-07,14.55242651,42.18389002
0.8,0.8,0.800001194,-1.19E-06,3.94E-06,14.55242599,40.88366713
0.8,0.8,0.800000527,-5.27E-07,1.05E-06,14.55242585,40.51600766
0.8,0.8,0.800000796,-7.96E-07,-3.45E-07,14.55242591,40.66445364
0.8,0.8,0.800002714,-2.71E-06,-2.16E-06,14.55242633,41.7206063
0.8,0.8,0.800001241,-1.24E-06,2.31E-06,14.55242601,40.90953724
0.8,0.8,0.800000567,-5.67E-07,1.06E-06,14.55242586,40.5383888
0.8,0.8,0.800000812,-8.12E-07,-3.16E-07,14.55242591,40.67314435
0.8,0.8,0.800002543,-2.54E-06,-1.98E-06,14.5524263,41.62655809
0.8,0.8,0.800004387,-4.39E-06,-2.31E-06,14.5524267,42.64164701
0.8,0.8,0.800002154,-2.15E-06,3.46E-06,14.55242621,41.41226335
0.8,0.8,0.800000729,-7.29E-07,2.38E-06,14.5524259,40.62725399
0.8,0.8,0.800000564,-5.64E-07,2.36E-07,14.55242586,40.53629217
0.8,0.8,0.800001434,-1.43E-06,-1.03E-06,14.55242606,41.01572805
0.8,0.8,0.800004077,-4.08E-06,-3.06E-06,14.55242664,42.47105073
0.8,0.8,0.800003556,-3.56E-06,7.30E-07,14.55242653,42.18385507
0.8,0.8,0.800001195,-1.19E-06,3.94E-06,14.552426,40.88366723
0.8,0.8,0.800000527,-5.27E-07,1.05E-06,14.55242586,40.51601225
0.8,0.8,0.800000797,-7.97E-07,-3.45E-07,14.55242592,40.66445921
0.8,0.8,0.800002715,-2.71E-06,-2.16E-06,14.55242634,41.72059605
0.8,0.8,0.800001242,-1.24E-06,2.31E-06,14.55242602,40.90953878
0.8,0.8,0.800000568,-5.68E-07,1.06E-06,14.55242587,40.53839236
0.8,0.8,0.800000813,-8.13E-07,-3.16E-07,14.55242592,40.67314743
0.8,0.8,0.800002544,-2.54E-06,-1.98E-06,14.55242631,41.62654859
0.8,0.8,0.800004387,-4.39E-06,-2.31E-06,14.55242671,42.6416159
0.8,0.8,0.800002155,-2.15E-06,3.46E-06,14.55242622,41.41225788
0.8,0.8,0.800000729,-7.29E-07,2.38E-06,14.55242591,40.62725649
0.8,0.8,0.800000564,-5.64E-07,2.36E-07,14.55242587,40.53629515
0.8,0.8,0.800001435,-1.43E-06,-1.03E-06,14.55242606,41.01572891
0.8,0.8,0.800004077,-4.08E-06,-3.06E-06,14.55242665,42.47102932
0.8,0.8,0.800003556,-3.56E-06,7.30E-07,14.55242653,42.18383749
0.8,0.8,0.800001195,-1.20E-06,3.94E-06,14.55242601,40.88366707
0.8,0.8,0.800000528,-5.28E-07,1.05E-06,14.55242586,40.51601447
0.8,0.8,0.800000797,-7.97E-07,-3.45E-07,14.55242592,40.66446205
0.8,0.8,0.800002715,-2.71E-06,-2.16E-06,14.55242635,41.72059144
0.8,0.8,0.800001242,-1.24E-06,2.31E-06,14.55242602,40.90953955
0.8,0.8,0.800000568,-5.68E-07,1.06E-06,14.55242587,40.53839403
0.8,0.8,0.800000813,-8.13E-07,-3.16E-07,14.55242593,40.67314884
0.8,0.8,0.800002544,-2.54E-06,-1.98E-06,14.55242631,41.62654401
0.8,0.8,0.800004387,-4.39E-06,-2.31E-06,14.55242672,42.64160129
0.8,0.8,0.800002155,-2.16E-06,3.46E-06,14.55242623,41.4122554
0.8,0.8,0.80000073,-7.30E-07,2.38E-06,14.55242591,40.62725769
0.8,0.8,0.800000565,-5.65E-07,2.36E-07,14.55242587,40.53629654
0.8,0.8,0.800001435,-1.44E-06,-1.03E-06,14.55242607,41.01572923
0.8,0.8,0.800004078,-4.08E-06,-3.06E-06,14.55242665,42.47101915
0.8,0.8,0.800003556,-3.56E-06,7.31E-07,14.55242654,42.18382934
0.8,0.8,0.800001195,-1.20E-06,3.94E-06,14.55242601,40.88366706
0.8,0.8,0.800000528,-5.28E-07,1.05E-06,14.55242587,40.51601552
0.8,0.8,0.800000797,-7.97E-07,-3.45E-07,14.55242593,40.66446336
0.8,0.8,0.800002715,-2.72E-06,-2.16E-06,14.55242635,41.72058914
0.8,0.8,0.800001242,-1.24E-06,2.31E-06,14.55242603,40.90953991
0.8,0.8,0.800000568,-5.68E-07,1.06E-06,14.55242588,40.53839483
0.8,0.8,0.800000813,-8.13E-07,-3.16E-07,14.55242593,40.67314953
0.8,0.8,0.800002544,-2.54E-06,-1.98E-06,14.55242631,41.62654183
0.8,0.8,0.800004388,-4.39E-06,-2.31E-06,14.55242672,42.64159423
0.8,0.8,0.800002155,-2.16E-06,3.46E-06,14.55242623,41.41225417
0.8,0.8,0.80000073,-7.30E-07,2.38E-06,14.55242591,40.62725826
0.8,0.8,0.800000565,-5.65E-07,2.36E-07,14.55242588,40.53629721
0.8,0.8,0.800001435,-1.44E-06,-1.03E-06,14.55242607,41.01572941
0.8,0.8,0.800004078,-4.08E-06,-3.06E-06,14.55242665,42.47101426
0.8,0.8,0.800003556,-3.56E-06,7.31E-07,14.55242654,42.18382536
0.8,0.8,0.800001196,-1.20E-06,3.94E-06,14.55242602,40.88366703
0.8,0.8,0.800000528,-5.28E-07,1.05E-06,14.55242587,40.51601602
0.8,0.8,0.800000798,-7.98E-07,-3.45E-07,14.55242593,40.66446399
0.8,0.8,0.800002715,-2.72E-06,-2.16E-06,14.55242635,41.72058807
0.8,0.8,0.800001243,-1.24E-06,2.31E-06,14.55242603,40.90954008
0.8,0.8,0.800000569,-5.69E-07,1.06E-06,14.55242588,40.53839521
0.8,0.8,0.800000813,-8.13E-07,-3.16E-07,14.55242593,40.67314985
0.8,0.8,0.800002545,-2.54E-06,-1.98E-06,14.55242631,41.62654078
0.8,0.8,0.800004388,-4.39E-06,-2.31E-06,14.55242672,42.64159087
0.8,0.8,0.800002155,-2.16E-06,3.46E-06,14.55242623,41.41225359
0.8,0.8,0.80000073,-7.30E-07,2.38E-06,14.55242591,40.62725853
0.8,0.8,0.800000565,-5.65E-07,2.36E-07,14.55242588,40.53629753
0.8,0.8,0.800001435,-1.44E-06,-1.03E-06,14.55242607,41.01572949
0.8,0.8,0.800004078,-4.08E-06,-3.06E-06,14.55242665,42.47101193
0.8,0.8,0.800003556,-3.56E-06,7.31E-07,14.55242654,42.18382348
0.8,0.8,0.800001196,-1.20E-06,3.94E-06,14.55242602,40.88366702
0.8,0.8,0.800000528,-5.28E-07,1.05E-06,14.55242587,40.51601626
0.8,0.8,0.800000798,-7.98E-07,-3.45E-07,14.55242593,40.66446429
0.8,0.8,0.800002715,-2.72E-06,-2.16E-06,14.55242635,41.72058755
0.8,0.8,0.800001243,-1.24E-06,2.31E-06,14.55242603,40.90954015
0.8,0.8,0.800000569,-5.69E-07,1.06E-06,14.55242588,40.53839539
0.8,0.8,0.800000813,-8.13E-07,-3.16E-07,14.55242593,40.67315
0.8,0.8,0.800002545,-2.54E-06,-1.98E-06,14.55242631,41.62654027
0.8,0.8,0.800004388,-4.39E-06,-2.31E-06,14.55242672,42.64158926
0.8,0.8,0.800002155,-2.16E-06,3.46E-06,14.55242623,41.41225331
0.8,0.8,0.80000073,-7.30E-07,2.38E-06,14.55242591,40.62725866
0.8,0.8,0.800000565,-5.65E-07,2.36E-07,14.55242588,40.53629768
0.8,0.8,0.800001435,-1.44E-06,-1.03E-06,14.55242607,41.01572952
0.8,0.8,0.800004078,-4.08E-06,-3.06E-06,14.55242665,42.47101081
0.8,0.8,0.800003557,-3.56E-06,7.31E-07,14.55242654,42.18382257
0.8,0.8,0.800001196,-1.20E-06,3.94E-06,14.55242601,40.88366701
0.8,0.8,0.800000528,-5.28E-07,1.05E-06,14.55242587,40.51601637
0.8,0.8,0.800000798,-7.98E-07,-3.45E-07,14.55242593,40.66446443
0.8,0.8,0.800002715,-2.72E-06,-2.16E-06,14.55242635,41.7205873
0.8,0.8,0.800001243,-1.24E-06,2.31E-06,14.55242602,40.90954019
0.8,0.8,0.800000288,-2.88E-07,1.75E-06,14.55242581,40.38395605
0.8,0.8,0.800000476,-4.76E-07,-2.37E-07,14.55242586,40.48748904
0.8,0.8,0.800003456,-3.46E-06,-2.98E-06,14.55242651,42.12863116
0.8,0.8,0.800001157,-1.16E-06,3.84E-06,14.55242601,40.86217978
0.8,0.8,0.800000387,-3.87E-07,1.29E-06,14.55242584,40.43839133
0.8,0.8,0.800000643,-6.43E-07,-3.23E-07,14.55242589,40.57927459
0.8,0.8,0.800003197,-3.20E-06,-2.71E-06,14.55242646,41.98597068
0.8,0.8,0.800001202,-1.20E-06,3.25E-06,14.55242602,40.88742135
0.8,0.8,0.800000452,-4.52E-07,1.22E-06,14.55242585,40.47428368
0.8,0.8,0.800000699,-6.99E-07,-3.15E-07,14.5524259,40.61026765
0.8,0.8,0.800002888,-2.89E-06,-2.39E-06,14.55242639,41.81559455
0.8,0.8,0.800001216,-1.22E-06,2.67E-06,14.55242602,40.89460733
0.8,0.8,0.800000512,-5.12E-07,1.12E-06,14.55242586,40.50697847
0.8,0.8,0.800000764,-7.64E-07,-3.24E-07,14.55242592,40.64589765
0.8,0.8,0.800002713,-2.71E-06,-2.18E-06,14.55242635,41.71927782
0.8,0.8,0.800001234,-1.23E-06,2.32E-06,14.55242602,40.90479892
0.8,0.8,0.800000561,-5.61E-07,1.06E-06,14.55242587,40.53434186
0.8,0.8,0.800000811,-8.11E-07,-3.22E-07,14.55242593,40.67169055
0.8,0.8,0.800002574,-2.57E-06,-2.01E-06,14.55242632,41.64282572
0.8,0.8,0.800004445,-4.44E-06,-2.35E-06,14.55242673,42.67292788
0.8,0.8,0.800002156,-2.16E-06,3.55E-06,14.55242622,41.41249002
0.8,0.8,0.800000723,-7.23E-07,2.39E-06,14.55242591,40.62324519
0.8,0.8,0.80000056,-5.60E-07,2.32E-07,14.55242587,40.53372226
0.8,0.8,0.800001441,-1.44E-06,-1.04E-06,14.55242607,41.01897786
0.8,0.8,0.800004129,-4.13E-06,-3.11E-06,14.55242666,42.49892649
0.8,0.8,0.800003578,-3.58E-06,7.72E-07,14.55242654,42.19556919
0.8,0.8,0.80000119,-1.19E-06,3.99E-06,14.55242601,40.88064671
0.8,0.8,0.800000523,-5.23E-07,1.05E-06,14.55242586,40.51339418
0.8,0.8,0.800000796,-7.96E-07,-3.48E-07,14.55242592,40.66336868
0.8,0.8,0.800002737,-2.74E-06,-2.18E-06,14.55242635,41.73237855
0.8,0.8,0.800001242,-1.24E-06,2.35E-06,14.55242602,40.90910539
0.8,0.8,0.800000564,-5.64E-07,1.07E-06,14.55242587,40.53555091
0.8,0.8,0.800000808,-8.08E-07,-3.16E-07,14.55242593,40.67012418
0.8,0.8,0.800002556,-2.56E-06,-1.99E-06,14.55242631,41.63273039
0.8,0.8,0.800004435,-4.44E-06,-2.35E-06,14.55242673,42.6678883
0.8,0.8,0.800002166,-2.17E-06,3.52E-06,14.55242623,41.41828493
0.8,0.8,0.800000727,-7.27E-07,2.40E-06,14.55242591,40.62557697
0.8,0.8,0.80000056,-5.60E-07,2.39E-07,14.55242587,40.53369181
0.8,0.8,0.800001432,-1.43E-06,-1.03E-06,14.55242606,41.01387395
0.8,0.8,0.800004107,-4.11E-06,-3.10E-06,14.55242665,42.48726032
0.8,0.8,0.800003586,-3.59E-06,7.30E-07,14.55242654,42.20021803
0.8,0.8,0.800001197,-1.20E-06,3.99E-06,14.55242601,40.88467571
0.8,0.8,0.800000525,-5.25E-07,1.06E-06,14.55242586,40.51426738
0.8,0.8,0.800000792,-7.92E-07,-3.43E-07,14.55242592,40.66160018
0.8,0.8,0.800002719,-2.72E-06,-2.17E-06,14.55242635,41.72243147
0.8,0.8,0.800001241,-1.24E-06,2.32E-06,14.55242602,40.90879205
0.8,0.8,0.800000567,-5.67E-07,1.06E-06,14.55242587,40.53732627
0.8,0.8,0.800000812,-8.12E-07,-3.17E-07,14.55242593,40.67241915
0.8,0.8,0.800002551,-2.55E-06,-1.98E-06,14.55242631,41.62990181
0.8,0.8,0.800004404,-4.40E-06,-2.32E-06,14.55242672,42.65053047
0.8,0.8,0.800002157,-2.16E-06,3.48E-06,14.55242622,41.41332369
0.8,0.8,0.800000728,-7.28E-07,2.38E-06,14.55242591,40.62639432
0.8,0.8,0.800000563,-5.63E-07,2.36E-07,14.55242587,40.53547906
0.8,0.8,0.800001436,-1.44E-06,-1.03E-06,14.55242606,41.01587085
0.8,0.8,0.80000409,-4.09E-06,-3.07E-06,14.55242665,42.47776513
0.8,0.8,0.800003565,-3.56E-06,7.36E-07,14.55242653,42.1883115
0.8,0.8,0.800001195,-1.20E-06,3.96E-06,14.55242601,40.8834063
0.8,0.8,0.800000527,-5.27E-07,1.06E-06,14.55242586,40.51533757
0.8,0.8,0.800000796,-7.96E-07,-3.45E-07,14.55242592,40.66381304
0.8,0.8,0.800002719,-2.72E-06,-2.16E-06,14.55242635,41.72258968
0.8,0.8,0.800001242,-1.24E-06,2.32E-06,14.55242602,40.9093481
0.8,0.8,0.800000568,-5.68E-07,1.06E-06,14.55242587,40.53780117
0.8,0.8,0.800000812,-8.12E-07,-3.16E-07,14.55242593,40.67258881
0.8,0.8,0.800002547,-2.55E-06,-1.98E-06,14.55242631,41.62800716
0.8,0.8,0.800004397,-4.40E-06,-2.32E-06,14.55242672,42.64688721
0.8,0.8,0.800002157,-2.16E-06,3.47E-06,14.55242622,41.41330011
0.8,0.8,0.800000729,-7.29E-07,2.38E-06,14.55242591,40.62686616
0.8,0.8,0.800000564,-5.64E-07,2.36E-07,14.55242587,40.53578041
0.8,0.8,0.800001501,-1.50E-06,-1.22E-06,14.55242608,41.05167112
0,0.8,0.800001501,-0.800001501,-1.09951E+11,14.55242608,0
0,0.8,0.800001501,-0.800001501,0,14.55242608,0
0,0.8,0.79998197,-0.79998197,0.000122768,14.42516059,0
0,0.8,0.799925915,-0.799925915,0.000352364,14.29790112,0
0,0.8,0.799804185,-0.799804185,0.000607483,14.13761946,0
0,0.8,0.799597105,-0.799597105,0.000906172,13.95486881,0
0,0,0.799258251,-0.799258251,0.001246776,13.73759452,0
0,0,0.798715083,-0.798715083,0.0016456,13.47386702,0
0,0,0.797833905,-0.797833905,0.002123191,13.14255531,0
0,0,0.796357898,-0.796357898,0.002712428,12.70878792,0
0,0,0.793788811,-0.793788811,0.003459366,12.11829076,0
0,0,0.789658121,-0.789658121,0.004368124,11.36952958,0
0,0,0.786356606,-0.786356606,0.005155828,10.86491116,0
0,0,0.782678561,-0.782678561,0.005743836,10.36252879,0
0,0,0.777706935,-0.777706935,0.006350616,9.75171639,0
0,0,0.77157572,-0.77157572,0.007000616,9.073235324,0
0,0,0.765636149,-0.765636149,0.007593287,8.471994232,0
0,0,0.760545894,-0.760545894,0.008055812,7.989803995,0
0,0,0.755510427,-0.755510427,0.008426983,7.536840856,0
0,0,0.749293258,-0.749293258,0.008790966,7.004709503,0
0,0,0.741443412,-0.741443412,0.009188826,6.367929739,0
0,0,0.733268793,-0.733268793,0.009580477,5.738752303,0
0,0,0.726369306,-0.726369306,0.009899225,5.230077622,0
0,0,0.720380299,-0.720380299,0.010138398,4.802755822,0
0,0,0.713788979,-0.713788979,0.010345744,4.345891047,0
0,0,0.705448386,-0.705448386,0.01056285,3.785553125,0
0,0,0.695889121,-0.695889121,0.01078767,3.164655885,0
0,0,0.689046583,-0.689046583,0.010964866,2.732522385,0
0,0,0.68212408,-0.68212408,0.011093008,2.304684373,0
0,0,0.673483472,-0.673483472,0.011218001,1.782603165,0
0,0,0.663450974,-0.663450974,0.011343494,1.191384432,0
0,0,0.656148891,-0.656148891,0.011439144,0.770204121,0
0,0,0.648804992,-0.648804992,0.01150465,0.353698808,0
0,0,0.639900714,-0.639900714,0.011562547,-0.142517859,0
0,0,0.629838182,-0.629838182,0.011612453,-0.692653648,0
0,0,0.620647043,-0.620647043,0.011645471,-1.186124959,0
0,0,0.613138405,-0.613138405,0.011660703,-1.583358977,0
0,0,0.606124199,-0.606124199,0.011664355,-1.949952701,0
0,0,0.597975887,-0.597975887,0.011659211,-2.370708975,0
0,0,0.588177275,-0.588177275,0.011642185,-2.869868761,0
0,0,0.578269766,-0.578269766,0.01161096,-3.367524912,0
0,0,0.570073388,-0.570073388,0.011571495,-3.774223248,0
0,0,0.563169642,-0.563169642,0.011531007,-4.113464837,0
0,0,0.555888647,-0.555888647,0.011486949,-4.468120433,0
0,0,0.546994776,-0.546994776,0.011429983,-4.897203557,0
0,0,0.537007057,-0.537007057,0.011355061,-5.373933018,0
0,0,0.528101693,-0.528101693,0.011271644,-5.794682799,0
0,0,0.521002896,-0.521002896,0.011194634,-6.127312153,0
0,0,0.514406844,-0.514406844,0.011124219,-6.434280725,0
0,0,0.506670647,-0.506670647,0.011046227,-6.791831691,0
0,0,0.497338342,-0.497338342,0.010947945,-7.219746323,0
0,0,0.488017356,-0.488017356,0.010834296,-7.643600834,0
0,0,0.480473464,-0.480473464,0.01072621,-7.984173241,0
0,0,0.474200357,-0.474200357,0.01063393,-8.26575861,0
0,0,0.467551954,-0.467551954,0.01054464,-8.562643284,0
0,0,0.459373066,-0.459373066,0.010438772,-8.925764971,0
0,0,0.450208827,-0.450208827,0.010310628,-9.329980863,0
0,0,0.44381294,-0.44381294,0.010192071,-9.610492837,0
0,0,0.437479642,-0.437479642,0.010092333,-9.887010759,0
0,0,0.429786185,-0.429786185,0.009979719,-10.22129619,0
0,0,0.421115517,-0.421115517,0.009845007,-10.59598876,0
0,0,0.414904777,-0.414904777,0.009719705,-10.8630871,0
0,0,0.408761943,-0.408761943,0.009613435,-11.12623855,0
0,0,0.401456821,-0.401456821,0.009495553,-11.43789103,0
0,0,0.393362072,-0.393362072,0.009357957,-11.78164604,0
0,0,0.386089268,-0.386089268,0.00921806,-12.08912231,0
0,0,0.380222386,-0.380222386,0.009096408,-12.33624135,0
0,0,0.374806755,-0.374806755,0.008990414,-12.56364484,0
0,0,0.368601112,-0.368601112,0.008879769,-12.823406,0
0,0,0.361247984,-0.361247984,0.008748905,-13.13010301,0
0,0,0.353913474,-0.353913474,0.008605175,-13.43487362,0
0,0,0.347908191,-0.347908191,0.008472928,-13.68358059,0
0,0,0.342892902,-0.342892902,0.008362397,-13.89072912,0
0,0,0.337653927,-0.337653927,0.008258485,-14.10658642,0
0,0,0.331324171,-0.331324171,0.008140066,-14.36668026,0
0,0,0.324294918,-0.324294918,0.008001896,-14.65463462,0
0,0,0.318084269,-0.318084269,0.007863582,-14.90830304,0
0,0,0.313166686,-0.313166686,0.007746241,-15.10866954,0
0,0,0.308627273,-0.308627273,0.007645685,-15.29325317,0
0,0,0.303345804,-0.303345804,0.00754044,-15.50756735,0
0,0,0.297030706,-0.297030706,0.007415181,-15.76321274,0
0,0,0.290774316,-0.290774316,0.007278331,-16.01584036,0
0,0,0.285740921,-0.285740921,0.007154528,-16.21863248,0
0,0,0.281575404,-0.281575404,0.007052955,-16.38615996,0
0,0,0.277185432,-0.277185432,0.006957885,-16.56242758,0
0,0,0.271820916,-0.271820916,0.006848818,-16.7774332,0
0,0,0.265852059,-0.265852059,0.006721314,-17.01616438,0
0,0,0.261703374,-0.261703374,0.00660695,-17.18179455,0
0,0,0.25761354,-0.25761354,0.006513226,-17.34483816,0
0,0,0.252673001,-0.252673001,0.006409932,-17.54148759,0
0,0,0.247137674,-0.247137674,0.006289481,-17.76141925,0
0,0,0.242211962,-0.242211962,0.006168631,-17.95678841,0
0,0,0.2383338,-0.2383338,0.00606645,-18.11038705,0
0,0,0.234804209,-0.234804209,0.005980078,-18.25001361,0
0,0,0.230724778,-0.230724778,0.005890969,-18.41119663,0
0,0,0.225822391,-0.225822391,0.005785335,-18.60462457,0
0,0,0.220912273,-0.220912273,0.005669487,-18.79806693,0
0,0,0.216952219,-0.216952219,0.005564389,-18.95387222,0
0,0,0.213711658,-0.213711658,0.00547875,-19.08123412,0
0,0,0.210340639,-0.210340639,0.005399822,-19.21359589,0
0,0,0.20622304,-0.20622304,0.005310104,-19.37509835,0
0,0,0.201595673,-0.201595673,0.005204989,-19.55637162,0
0,0,0.198359725,-0.198359725,0.005110296,-19.68299911,0
0,0,0.195172952,-0.195172952,0.005032639,-19.80759313,0
0,0,0.191358017,-0.191358017,0.004947702,-19.95660628,0
0,0,0.187120398,-0.187120398,0.004849743,-20.12195357,0
0,0,0.183349379,-0.183349379,0.004752096,-20.26894161,0
0,0,0.180356301,-0.180356301,0.004669419,-20.38550597,0
0,0,0.17761732,-0.17761732,0.004599161,-20.49209769,0
0,0,0.174466355,-0.174466355,0.004526769,-20.61463264,0
0,0,0.170712053,-0.170712053,0.004441687,-20.76050685,0
0,0,0.166972786,-0.166972786,0.004349177,-20.90566585,0
0,0,0.163946782,-0.163946782,0.004265513,-21.02304175,0
0,0,0.161451245,-0.161451245,0.004197078,-21.11977901,0
0,0,0.158850518,-0.158850518,0.00413376,-21.22053471,0
0,0,0.155692654,-0.155692654,0.004062051,-21.34279466,0
0,0,0.152172211,-0.152172211,0.00397874,-21.47899042,0
0,0,0.149700757,-0.149700757,0.003903958,-21.57454078,0
0,0,0.147268157,-0.147268157,0.003842582,-21.66853888,0
0,0,0.144360252,-0.144360252,0.0037756,-21.78083898,0
0,0,0.141130843,-0.141130843,0.003698503,-21.90547445,0
0,0,0.138255004,-0.138255004,0.003621732,-22.01639392,0
0,0,0.135972198,-0.135972198,0.003556778,-22.10439398,0
0,0,0.133885982,-0.133885982,0.003501666,-22.18478024,0
0,0,0.131490012,-0.131490012,0.003445021,-22.27706067,0
0,0,0.128637182,-0.128637182,0.003378583,-22.38688032,0
0,0,0.125794348,-0.125794348,0.003306425,-22.4962548,0
0,0,0.123492425,-0.123492425,0.003241199,-22.58477499,0
0,0,0.121595234,-0.121595234,0.003187888,-22.65770246,0
0,0,0.11962134,-0.11962134,0.003138657,-22.73355106,0
0,0,0.117227035,-0.117227035,0.003083019,-22.82551743,0
0,0,0.114557588,-0.114557588,0.003018457,-22.92800524,0
0,0,0.112681312,-0.112681312,0.002960521,-23.00001173,0
0,0,0.110835167,-0.110835167,0.002912978,-23.07083866,0
0,0,0.108631781,-0.108631781,0.002861178,-23.15534134,0
0,0,0.106188113,-0.106188113,0.002801683,-23.24902187,0
0,0,0.104012078,-0.104012078,0.002742521,-23.3324099,0
0,0,0.10228304,-0.10228304,0.002692478,-23.39864703,0
0,0,0.100702186,-0.100702186,0.002650007,-23.45919093,0
0,0,0.098888414,-0.098888414,0.002606388,-23.52863608,0
0,0,0.096731842,-0.096731842,0.002555321,-23.61117998,0
0,0,0.094584586,-0.094584586,0.002499947,-23.69333939,0
0,0,0.092845093,-0.092845093,0.002449931,-23.75987667,0
0,0,0.091410157,-0.091410157,0.002409045,-23.81475095,0
0,0,0.089917341,-0.089917341,0.002371287,-23.871826,0
0,0,0.088108545,-0.088108545,0.00232866,-23.94096481,0
0,0,0.086094333,-0.086094333,0.002279274,-24.01793364,0
0,0,0.084677656,-0.084677656,0.002234991,-24.07205541,0
0,0,0.08328401,-0.08328401,0.002198656,-24.12528651,0
0,0,0.081621591,-0.081621591,0.002159097,-24.18876978,0
0,0,0.079778517,-0.079778517,0.002113699,-24.25913444,0
0,0,0.078137282,-0.078137282,0.002068582,-24.32177825,0
0,0,0.076833034,-0.076833034,0.002030431,-24.3715497,0
0,0,0.075640765,-0.075640765,0.001998064,-24.41704022,0
0,0,0.074273468,-0.074273468,0.001964844,-24.46920004,0
0,0,0.072648407,-0.072648407,0.001925979,-24.53118081,0
0,0,0.071030592,-0.071030592,0.001883862,-24.59287227,0
0,0,0.069719869,-0.069719869,0.001845834,-24.64284414,0
0,0,0.06863862,-0.06863862,0.001814755,-24.68406098,0
0,0,0.067514091,-0.067514091,0.001786064,-24.72692178,0
0,0,0.066152058,-0.066152058,0.001753694,-24.77882692,0
0,0,0.06463573,-0.06463573,0.001716213,-24.83660191,0
0,0,0.063568987,-0.063568987,0.001682615,-24.87724054,0
0,0,0.062519718,-0.062519718,0.001655051,-24.91720844,0
0,0,0.061268547,-0.061268547,0.001625057,-24.96486064,0
0,0,0.059881834,-0.059881834,0.001590655,-25.01766704,0
0,0,0.05864705,-0.05864705,0.00155648,-25.06468093,0
0,0,0.057665679,-0.057665679,0.001527588,-25.10204152,0
0,0,0.056768568,-0.056768568,0.001503078,-25.13619084,0
0,0,0.055740021,-0.055740021,0.001477931,-25.17533919,0
0,0,0.054517955,-0.054517955,0.001448525,-25.22184756,0
0,0,0.053301562,-0.053301562,0.001416672,-25.26813398,0
0,0,0.052316021,-0.052316021,0.00138792,-25.30563162,0
0,0,0.051502944,-0.051502944,0.001364424,-25.33656452,0
0,0,0.050657398,-0.050657398,0.001342738,-25.36872986,0
0,0,0.049633532,-0.049633532,0.001318277,-25.40767499,0
0,0,0.048493968,-0.048493968,0.001289967,-25.45101622,0
0,0,0.047692197,-0.047692197,0.001264596,-25.4815072,0
0,0,0.046903621,-0.046903621,0.001243784,-25.51149403,0
0,0,0.045963464,-0.045963464,0.001221143,-25.54724194,0
0,0,0.044921599,-0.044921599,0.001195183,-25.5868534,0
0,0,0.043993917,-0.043993917,0.0011694,-25.62212035,0
0,0,0.043256614,-0.043256614,0.001147605,-25.65014765,0
0,0,0.042582645,-0.042582645,0.00112912,-25.67576574,0
0,0,0.041810038,-0.041810038,0.001110157,-25.70513124,0
0,0,0.040892192,-0.040892192,0.001087988,-25.74001436,0
0,0,0.039978679,-0.039978679,0.00106398,-25.77472994,0
0,0,0.039238539,-0.039238539,0.001042313,-25.80285496,0
0,0,0.038627918,-0.038627918,0.001024609,-25.82605692,0
0,0,0.037992963,-0.037992963,0.00100827,-25.85018224,0
0,0,0.037224192,-0.037224192,0.000989846,-25.87939023,0
0,0,0.036368638,-0.036368638,0.000968525,-25.91189316,0
0,0,0.03576667,-0.03576667,0.000949421,-25.93476085,0
0,0,0.035174637,-0.035174637,0.000933752,-25.95725002,0
0,0,0.034468874,-0.034468874,0.000916707,-25.98405799,0
0,0,0.033686828,-0.033686828,0.000897168,-26.01376178,0
0,0,0.032990515,-0.032990515,0.000877765,-26.04020774,0
0,0,0.032437096,-0.032437096,0.000861365,-26.06122551,0
0,0,0.031931228,-0.031931228,0.000847457,-26.08043667,0
0,0,0.031351366,-0.031351366,0.00083319,-26.10245694,0
0,0,0.030662557,-0.030662557,0.000816515,-26.12861323,0
0,0,0.02997704,-0.02997704,0.000798459,-26.15464319,0
0,0,0.02942163,-0.02942163,0.000782165,-26.17573189,0
0,0,0.028963412,-0.028963412,0.000768852,-26.1931296,0
0,0,0.028486952,-0.028486952,0.000756567,-26.21121935,0
0,0,0.027910118,-0.027910118,0.000742714,-26.23311916,0
0,0,0.027268212,-0.027268212,0.000726688,-26.25748843,0
0,0,0.026816564,-0.026816564,0.000712328,-26.27463414,0
0,0,0.026372383,-0.026372383,0.00070055,-26.29149586,0
0,0,0.025842902,-0.025842902,0.000687741,-26.31159502,0
0,0,0.02525622,-0.02525622,0.000673058,-26.33386475,0
0,0,0.024733865,-0.024733865,0.000658479,-26.35369196,0
0,0,0.02431871,-0.02431871,0.000646157,-26.36944968,0
0,0,0.023939232,-0.023939232,0.000635708,-26.38385288,0
0,0,0.023504266,-0.023504266,0.000624991,-26.40036173,0
0,0,0.022987599,-0.022987599,0.000612464,-26.41997086,0
0,0,0.022473418,-0.022473418,0.000598903,-26.43948504,0
0,0,0.02205683,-0.02205683,0.000586665,-26.45529494,0
0,0,0.021713145,-0.021713145,0.000576667,-26.46833783,0
0,0,0.021355785,-0.021355785,0.000567441,-26.48189937,0
0,0,0.020923158,-0.020923158,0.000557039,-26.49831687,0
0,0,0.020441745,-0.020441745,0.000545005,-26.51658526,0
0,0,0.02010302,-0.02010302,0.000534223,-26.52943868,0
0,0,0.019769902,-0.019769902,0.000525381,-26.5420791,0
0,0,0.019372825,-0.019372825,0.000515764,-26.55714621,0
0,0,0.018932862,-0.018932862,0.000504742,-26.57384022,0
0,0,0.018541147,-0.018541147,0.000493798,-26.5887032,0
0,0,0.018229823,-0.018229823,0.000484549,-26.60051565,0
0,0,0.017945256,-0.017945256,0.000476706,-26.61131267,0
0,0,0.017619087,-0.017619087,0.000468662,-26.62368798,0
0,0,0.017231664,-0.017231664,0.00045926,-26.63838709,0
0,0,0.016846112,-0.016846112,0.000449082,-26.65301489,0
0,0,0.016533742,-0.016533742,0.000439899,-26.66486598,0
0,0,0.016276038,-0.016276038,0.000432396,-26.67464296,0
0,0,0.016008085,-0.016008085,0.000425473,-26.68480865,0
0,0,0.015683702,-0.015683702,0.000417667,-26.697115,0
0,0,0.015322746,-0.015322746,0.000408638,-26.71080859,0
0,0,0.015068778,-0.015068778,0.000400548,-26.72044328,0
0,0,0.014819016,-0.014819016,0.000393914,-26.72991828,0
0,0,0.014521304,-0.014521304,0.000386699,-26.74121215,0
0,0,0.014191444,-0.014191444,0.000378429,-26.75372541,0
0,0,0.013897761,-0.013897761,0.000370219,-26.76486616,0
0,0,0.013664351,-0.013664351,0.000363281,-26.77372034,0
0,0,0.013451004,-0.013451004,0.000357397,-26.78181338,0
0,0,0.01320647,-0.01320647,0.000351363,-26.79108938,0
0,0,0.012916017,-0.012916017,0.000344311,-26.80210711,0
0,0,0.012626971,-0.012626971,0.000336676,-26.81307134,0
0,0,0.01239279,-0.01239279,0.000329788,-26.82195429,0
0,0,0.012199593,-0.012199593,0.00032416,-26.8292826,0
0,0,0.011998713,-0.011998713,0.000318967,-26.83690223,0
0,0,0.011755533,-0.011755533,0.000313113,-26.84612632,0
0,0,0.011484939,-0.011484939,0.000306341,-26.85639014,0
0,0,0.011294549,-0.011294549,0.000300274,-26.86361168,0
0,0,0.011107314,-0.011107314,0.000295298,-26.87071351,0
0,0,0.010884136,-0.010884136,0.000289887,-26.8791786,0
0,0,0.01063686,-0.01063686,0.000283686,-26.88855761,0
0,0,0.010416706,-0.010416706,0.000277529,-26.89690787,0
0,0,0.010241735,-0.010241735,0.000272325,-26.9035443,0
0,0,0.010081805,-0.010081805,0.000267913,-26.90961022,0
0,0,0.009898497,-0.009898497,0.000263388,-26.91656277,0
0,0,0.00968077,-0.00968077,0.0002581,-26.92482074,0
0,0,0.009464099,-0.009464099,0.000252375,-26.93303859,0
0,0,0.009288556,-0.009288556,0.00024721,-26.93969649,0
0,0,0.009143735,-0.009143735,0.00024299,-26.94518915,0
0,0,0.008993157,-0.008993157,0.000239096,-26.95090016,0
0,0,0.008810871,-0.008810871,0.000234707,-26.9578137,0
0,0,0.008608037,-0.008608037,0.000229629,-26.9655065,0
0,0,0.008465324,-0.008465324,0.00022508,-26.97091909,0
0,0,0.008324977,-0.008324977,0.000221349,-26.97624194,0
0,0,0.008157688,-0.008157688,0.000217292,-26.98258656,0
0,0,0.007972338,-0.007972338,0.000212643,-26.98961613,0
0,0,0.007807317,-0.007807317,0.000208026,-26.99587466,0
0,0,0.007676165,-0.007676165,0.000204125,-27.00084865,0
0,0,0.007556287,-0.007556287,0.000200817,-27.00539506,0
0,0,0.007418887,-0.007418887,0.000197425,-27.01060597,0
0,0,0.007255689,-0.007255689,0.00019346,-27.01679528,0
0,0,0.007093283,-0.007093283,0.000189168,-27.02295451,0
0,0,0.006961705,-0.006961705,0.000185296,-27.02794455,0
0,0,0.006853155,-0.006853155,0.000182132,-27.03206127,0
0,0,0.006740289,-0.006740289,0.000179213,-27.03634162,0
0,0,0.006601943,-0.006601943,0.0001759,-27.0415883,0
0,0,0.006450287,-0.006450287,0.000172076,-27.04733974,0
0,0,0.006318593,-0.006318593,0.000168342,-27.05233409,0
0,0,0.006214881,-0.006214881,0.000165241,-27.05626726,0
0,0,0.006118282,-0.006118282,0.000162601,-27.05993068,0
0,0,0.006005122,-0.006005122,0.000159835,-27.06422211,0
0,0,0.005870647,-0.005870647,0.000156568,-27.06932189,0
0,0,0.005739611,-0.005739611,0.000153069,-27.0742912,0
0,0,0.005635417,-0.005635417,0.00014997,-27.07824261,0
0,0,0.005548848,-0.005548848,0.000147456,-27.08152558,0
0,0,0.005456594,-0.005456594,0.000145099,-27.08502413,0
0,0,0.005343833,-0.005343833,0.000142394,-27.08930037,0
0,0,0.005219896,-0.005219896,0.000139273,-27.09400042,0
0,0,0.005135066,-0.005135066,0.000136524,-27.09721741,0
0,0,0.005051615,-0.005051615,0.000134305,-27.10038211,0
0,0,0.004949963,-0.004949963,0.000131863,-27.10423702,0
0,0,0.004835354,-0.004835354,0.000129011,-27.10858329,0
0,0,0.00475485,-0.00475485,0.000126442,-27.11163621,0
0,0,0.004675686,-0.004675686,0.000124337,-27.11463829,0
0,0,0.004581594,-0.004581594,0.000122051,-27.1182065,0
0,0,0.004477758,-0.004477758,0.000119441,-27.1221442,0
0,0,0.004385392,-0.004385392,0.000116855,-27.1256469,0
0,0,0.004311724,-0.004311724,0.000114668,-27.12844057,0
0,0,0.004244129,-0.004244129,0.000112806,-27.1310039,0
0,0,0.004166697,-0.004166697,0.000110893,-27.13394029,0
0,0,0.004075051,-0.004075051,0.000108663,-27.13741567,0
0,0,0.00398415,-0.00398415,0.000106256,-27.14086283,0
0,0,0.003910433,-0.003910433,0.000104087,-27.14365832,0
0,0,0.003849356,-0.003849356,0.000102311,-27.14597445,0
0,0,0.003785697,-0.003785697,0.000100666,-27.14838849,0
0,0,0.003708786,-0.003708786,9.88E-05,-27.1513051,0
0,0,0.003623553,-0.003623553,9.67E-05,-27.15453728,0
0,0,0.003548723,-0.003548723,9.46E-05,-27.15737493,0
0,0,0.003489949,-0.003489949,9.28E-05,-27.15960376,0
0,0,0.003435952,-0.003435952,9.13E-05,-27.1616514,0
0,0,0.003373153,-0.003373153,8.98E-05,-27.16403283,0
0,0,0.003298093,-0.003298093,8.80E-05,-27.16687918,0
0,0,0.003223957,-0.003223957,8.60E-05,-27.16969054,0
0,0,0.003164683,-0.003164683,8.42E-05,-27.1719383,0
0,0,0.003115922,-0.003115922,8.28E-05,-27.17378736,0
0,0,0.003064651,-0.003064651,8.15E-05,-27.17573161,0
0,0,0.003002006,-0.003002006,8.00E-05,-27.17810719,0
0,0,0.002932355,-0.002932355,7.82E-05,-27.18074843,0
0,0,0.002884242,-0.002884242,7.67E-05,-27.18257294,0
0,0,0.002836918,-0.002836918,7.54E-05,-27.1843675,0
0,0,0.002779808,-0.002779808,7.41E-05,-27.1865332,0
0,0,0.002715956,-0.002715956,7.25E-05,-27.18895452,0
0,0,0.002670599,-0.002670599,7.10E-05,-27.19067451,0
0,0,0.002625999,-0.002625999,6.98E-05,-27.19236577,0
0,0,0.002573254,-0.002573254,6.86E-05,-27.19436591,0
0,0,0.002515185,-0.002515185,6.71E-05,-27.19656794,0
0,0,0.002463377,-0.002463377,6.56E-05,-27.19853254,0
0,0,0.002421849,-0.002421849,6.44E-05,-27.20010732,0
0,0,0.002383708,-0.002383708,6.34E-05,-27.20155367,0
0,0,0.00234019,-0.00234019,6.23E-05,-27.20320388,0
0,0,0.002288876,-0.002288876,6.10E-05,-27.20514976,0
0,0,0.002237976,-0.002237976,5.97E-05,-27.20707991,0
0,0,0.002196534,-0.002196534,5.85E-05,-27.20865145,0
0,0,0.002162085,-0.002162085,5.75E-05,-27.20995775,0
0,0,0.002126235,-0.002126235,5.65E-05,-27.21131723,0
0,0,0.002083078,-0.002083078,5.55E-05,-27.21295376,0
0,0,0.002035356,-0.002035356,5.43E-05,-27.21476341,0
0,0,0.001993387,-0.001993387,5.31E-05,-27.2163549,0
0,0,0.001960299,-0.001960299,5.21E-05,-27.2176096,0
0,0,0.001929863,-0.001929863,5.13E-05,-27.21876378,0
0,0,0.001894555,-0.001894555,5.04E-05,-27.22010268,0
0,0,0.001852473,-0.001852473,4.94E-05,-27.22169845,0
0,0,0.001810934,-0.001810934,4.83E-05,-27.22327361,0
0,0,0.00177764,-0.00177764,4.73E-05,-27.22453613,0
0,0,0.001750178,-0.001750178,4.65E-05,-27.22557753,0
0,0,0.001721312,-0.001721312,4.58E-05,-27.22667213,0
0,0,0.001686127,-0.001686127,4.49E-05,-27.22800637,0
0,0,0.001647087,-0.001647087,4.39E-05,-27.22948678,0
0,0,0.001620037,-0.001620037,4.31E-05,-27.23051252,0
0,0,0.001593432,-0.001593432,4.24E-05,-27.23152141,0
0,0,0.001561368,-0.001561368,4.16E-05,-27.23273726,0
0,0,0.001525546,-0.001525546,4.07E-05,-27.23409566,0
0,0,0.001493759,-0.001493759,3.98E-05,-27.23530105,0
0,0,0.001468789,-0.001468789,3.91E-05,-27.2362479,0
0,0,0.001446106,-0.001446106,3.84E-05,-27.23710807,0
0,0,0.001419936,-0.001419936,3.78E-05,-27.23810043,0
0,0,0.001388555,-0.001388555,3.70E-05,-27.2392904,0
0,0,0.001357201,-0.001357201,3.62E-05,-27.24047935,0
0,0,0.001331969,-0.001331969,3.55E-05,-27.24143617,0
0,0,0.001311355,-0.001311355,3.49E-05,-27.24221784,0
0,0,0.001289943,-0.001289943,3.43E-05,-27.24302981,0
0,0,0.001263831,-0.001263831,3.37E-05,-27.24401996,0
0,0,0.001234545,-0.001234545,3.29E-05,-27.24513052,0
0,0,0.001214102,-0.001214102,3.23E-05,-27.24590571,0
0,0,0.001193998,-0.001193998,3.18E-05,-27.24666807,0
0,0,0.001169965,-0.001169965,3.12E-05,-27.24757942,0
0,0,0.001143312,-0.001143312,3.05E-05,-27.24859009,0
0,0,0.001119634,-0.001119634,2.98E-05,-27.24948798,0
0,0,0.001100867,-0.001100867,2.93E-05,-27.2501996,0
0,0,0.001083715,-0.001083715,2.88E-05,-27.25085004,0
0,0,0.001064004,-0.001064004,2.83E-05,-27.25159748,0
0,0,0.001040549,-0.001040549,2.77E-05,-27.2524869,0
0,0,0.00101722,-0.00101722,2.71E-05,-27.25337151,0
0,0,0.000998367,-0.000998367,2.66E-05,-27.25408644,0
0,0,0.000982835,-0.000982835,2.61E-05,-27.2546754,0
0,0,0.000966664,-0.000966664,2.57E-05,-27.2552886,0
0,0,0.000947049,-0.000947049,2.52E-05,-27.25603244,0
0,0,0.000925205,-0.000925205,2.47E-05,-27.25686074,0
0,0,0.000909888,-0.000909888,2.42E-05,-27.25744158,0
0,0,0.000894824,-0.000894824,2.38E-05,-27.25801281,0
0,0,0.000876832,-0.000876832,2.34E-05,-27.25869505,0
0,0,0.000856872,-0.000856872,2.29E-05,-27.25945193,0
0,0,0.000839116,-0.000839116,2.24E-05,-27.26012526,0
0,0,0.000825033,-0.000825033,2.19E-05,-27.26065928,0
0,0,0.000812172,-0.000812172,2.16E-05,-27.26114697,0
0,0,0.000797412,-0.000797412,2.12E-05,-27.26170667,0
0,0,0.000779852,-0.000779852,2.08E-05,-27.26237257,0
0,0,0.000762368,-0.000762368,2.03E-05,-27.26303554,0
0,0,0.000748223,-0.000748223,1.99E-05,-27.26357194,0
0,0,0.000736572,-0.000736572,1.96E-05,-27.26401374,0
0,0,0.000724457,-0.000724457,1.93E-05,-27.26447314,0
0,0,0.000709771,-0.000709771,1.89E-05,-27.26503005,0
0,0,0.000693409,-0.000693409,1.85E-05,-27.26565049,0
0,0,0.000681916,-0.000681916,1.81E-05,-27.2660863,0
0,0,0.000670614,-0.000670614,1.78E-05,-27.26651487,0
0,0,0.000657132,-0.000657132,1.75E-05,-27.26702611,0
0,0,0.00064219,-0.00064219,1.71E-05,-27.26759273,0
0,0,0.000628892,-0.000628892,1.68E-05,-27.26809698,0
0,0,0.000618331,-0.000618331,1.64E-05,-27.26849744,0
0,0,0.00060868,-0.00060868,1.62E-05,-27.26886341,0
0,0,0.000597612,-0.000597612,1.59E-05,-27.26928312,0
0,0,0.000584458,-0.000584458,1.56E-05,-27.26978191,0
0,0,0.000571368,-0.000571368,1.52E-05,-27.27027828,0
0,0,0.00056077,-0.00056077,1.49E-05,-27.27068018,0
0,0,0.00055203,-0.00055203,1.47E-05,-27.27101159,0
0,0,0.000542941,-0.000542941,1.44E-05,-27.27135624,0
0,0,0.000531933,-0.000531933,1.42E-05,-27.27177368,0
0,0,0.00051968,-0.00051968,1.39E-05,-27.27223833,0
0,0,0.000511065,-0.000511065,1.36E-05,-27.27256499,0
0,0,0.000502593,-0.000502593,1.34E-05,-27.27288624,0
0,0,0.000492491,-0.000492491,1.31E-05,-27.27326932,0
0,0,0.000481295,-0.000481295,1.28E-05,-27.27369386,0
0,0,0.00047133,-0.00047133,1.26E-05,-27.27407175,0
0,0,0.000463413,-0.000463413,1.23E-05,-27.27437196,0
0,0,0.000456178,-0.000456178,1.21E-05,-27.27464632,0
0,0,0.000447883,-0.000447883,1.19E-05,-27.27496087,0
0,0,0.000438027,-0.000438027,1.17E-05,-27.2753346,0
0,0,0.000428218,-0.000428218,1.14E-05,-27.27570654,0
0,0,0.000420274,-0.000420274,1.12E-05,-27.27600779,0
0,0,0.000413722,-0.000413722,1.10E-05,-27.27625624,0
0,0,0.00040691,-0.00040691,1.08E-05,-27.27651457,0
0,0,0.00039866,-0.00039866,1.06E-05,-27.27682739,0
0,0,0.000389479,-0.000389479,1.04E-05,-27.27717555,0
0,0,0.000383021,-0.000383021,1.02E-05,-27.27742041,0
0,0,0.000376671,-0.000376671,1.00E-05,-27.27766122,0
0,0,0.0003691,-0.0003691,9.83E-06,-27.27794831,0
0,0,0.000360711,-0.000360711,9.62E-06,-27.27826641,0
0,0,0.000353243,-0.000353243,9.41E-06,-27.2785496,0
0,0,0.000347309,-0.000347309,9.24E-06,-27.27877462,0
0,0,0.000341885,-0.000341885,9.09E-06,-27.27898029,0
0,0,0.000335668,-0.000335668,8.93E-06,-27.27921605,0
0,0,0.000328282,-0.000328282,8.75E-06,-27.27949612,0
0,0,0.000320933,-0.000320933,8.56E-06,-27.27977482,0
0,0,0.000314979,-0.000314979,8.38E-06,-27.28000059,0
0,0,0.000310068,-0.000310068,8.24E-06,-27.28018682,0
0,0,0.000304961,-0.000304961,8.11E-06,-27.28038046,0
0,0,0.000298778,-0.000298778,7.96E-06,-27.28061491,0
0,0,0.000291898,-0.000291898,7.79E-06,-27.2808758,0
0,0,0.000287058,-0.000287058,7.63E-06,-27.28105933,0
0,0,0.000282299,-0.000282299,7.51E-06,-27.28123982,0
0,0,0.000276625,-0.000276625,7.37E-06,-27.28145497,0
0,0,0.000270338,-0.000270338,7.21E-06,-27.28169335,0
0,0,0.000264742,-0.000264742,7.06E-06,-27.28190559,0
0,0,0.000260294,-0.000260294,6.92E-06,-27.28207424,0
0,0,0.000256229,-0.000256229,6.81E-06,-27.28222839,0
0,0,0.000251569,-0.000251569,6.70E-06,-27.28240509,0
0,0,0.000246034,-0.000246034,6.56E-06,-27.28261497,0
0,0,0.000240526,-0.000240526,6.42E-06,-27.28282384,0
0,0,0.000236064,-0.000236064,6.28E-06,-27.28299305,0
0,0,0.000232383,-0.000232383,6.18E-06,-27.28313263,0
0,0,0.000228555,-0.000228555,6.08E-06,-27.28327776,0
0,0,0.000223922,-0.000223922,5.97E-06,-27.28345347,0
0,0,0.000218766,-0.000218766,5.84E-06,-27.28364898,0
0,0,0.000215138,-0.000215138,5.72E-06,-27.28378654,0
0,0,0.000211571,-0.000211571,5.63E-06,-27.28392181,0
0,0,0.000207319,-0.000207319,5.52E-06,-27.28408305,0
0,0,0.000202608,-0.000202608,5.40E-06,-27.28426171,0
0,0,0.000198413,-0.000198413,5.29E-06,-27.28442076,0
0,0,0.00019508,-0.00019508,5.19E-06,-27.28454717,0
0,0,0.000192033,-0.000192033,5.10E-06,-27.2846627,0
0,0,0.00018854,-0.00018854,5.02E-06,-27.28479513,0
0,0,0.000184392,-0.000184392,4.92E-06,-27.28495243,0
0,0,0.000180264,-0.000180264,4.81E-06,-27.28510896,0
0,0,0.00017692,-0.00017692,4.71E-06,-27.28523577,0
0,0,0.000174161,-0.000174161,4.63E-06,-27.28534039,0
0,0,0.000171293,-0.000171293,4.55E-06,-27.28544916,0
0,0,0.00016782,-0.00016782,4.47E-06,-27.28558084,0
0,0,0.000163956,-0.000163956,4.37E-06,-27.28572737,0
0,0,0.000161237,-0.000161237,4.29E-06,-27.28583046,0
0,0,0.000158564,-0.000158564,4.22E-06,-27.28593185,0
0,0,0.000155377,-0.000155377,4.14E-06,-27.28605269,0
0,0,0.000151846,-0.000151846,4.05E-06,-27.28618658,0
0,0,0.000148702,-0.000148702,3.96E-06,-27.28630579,0
0,0,0.000146204,-0.000146204,3.89E-06,-27.28640052,0
0,0,0.000143921,-0.000143921,3.83E-06,-27.28648711,0
0,0,0.000141303,-0.000141303,3.76E-06,-27.28658636,0
0,0,0.000138195,-0.000138195,3.69E-06,-27.28670425,0
0,0,0.000135101,-0.000135101,3.60E-06,-27.28682156,0
0,0,0.000132594,-0.000132594,3.53E-06,-27.2869166,0
0,0,0.000130527,-0.000130527,3.47E-06,-27.28699501,0
0,0,0.000128377,-0.000128377,3.41E-06,-27.28707653,0
0,0,0.000125774,-0.000125774,3.35E-06,-27.28717522,0
0,0,0.000122878,-0.000122878,3.28E-06,-27.28728504,0
0,0,0.000120841,-0.000120841,3.21E-06,-27.2873623,0
0,0,0.000118837,-0.000118837,3.16E-06,-27.28743828,0
0,0,0.000116449,-0.000116449,3.10E-06,-27.28752885,0
0,0,0.000113802,-0.000113802,3.04E-06,-27.2876292,0
0,0,0.000111446,-0.000111446,2.97E-06,-27.28771854,0
0,0,0.000109574,-0.000109574,2.91E-06,-27.28778954,0
0,0,0.000107863,-0.000107863,2.87E-06,-27.28785444,0
0,0,0.000105901,-0.000105901,2.82E-06,-27.28792882,0
0,0,0.000103571,-0.000103571,2.76E-06,-27.28801717,0
0,0,0.000101253,-0.000101253,2.70E-06,-27.28810509,0
0,0,9.94E-05,-9.94E-05,2.65E-06,-27.28817632,0
0,0,9.78E-05,-9.78E-05,2.60E-06,-27.28823508,0
0,0,9.62E-05,-9.62E-05,2.56E-06,-27.28829618,0
0,0,9.43E-05,-9.43E-05,2.51E-06,-27.28837014,0
0,0,9.21E-05,-9.21E-05,2.46E-06,-27.28845245,0
0,0,9.06E-05,-9.06E-05,2.41E-06,-27.28851035,0
0,0,8.91E-05,-8.91E-05,2.37E-06,-27.2885673,0
0,0,8.73E-05,-8.73E-05,2.33E-06,-27.28863517,0
0,0,8.53E-05,-8.53E-05,2.28E-06,-27.28871038,0
0,0,8.35E-05,-8.35E-05,2.23E-06,-27.28877733,0
0,0,8.21E-05,-8.21E-05,2.18E-06,-27.28883055,0
0,0,8.08E-05,-8.08E-05,2.15E-06,-27.28887919,0
0,0,7.94E-05,-7.94E-05,2.11E-06,-27.28893493,0
0,0,7.76E-05,-7.76E-05,2.07E-06,-27.28900115,0
0,0,7.59E-05,-7.59E-05,2.02E-06,-27.28906704,0
0,0,7.45E-05,-7.45E-05,1.98E-06,-27.28912042,0
0,0,7.33E-05,-7.33E-05,1.95E-06,-27.28916446,0
0,0,7.21E-05,-7.21E-05,1.92E-06,-27.28921026,0
0,0,7.06E-05,-7.06E-05,1.88E-06,-27.28926569,0
0,0,6.90E-05,-6.90E-05,1.84E-06,-27.28932737,0
0,0,6.79E-05,-6.79E-05,1.80E-06,-27.28937077,0
0,0,6.67E-05,-6.67E-05,1.78E-06,-27.28941345,0
0,0,6.54E-05,-6.54E-05,1.74E-06,-27.28946432,0
0,0,6.39E-05,-6.39E-05,1.71E-06,-27.28952068,0
0,0,6.26E-05,-6.26E-05,1.67E-06,-27.28957086,0
0,0,6.15E-05,-6.15E-05,1.64E-06,-27.28961074,0
0,0,6.06E-05,-6.06E-05,1.61E-06,-27.28964719,0
0,0,5.95E-05,-5.95E-05,1.58E-06,-27.28968897,0
0,0,5.82E-05,-5.82E-05,1.55E-06,-27.2897386,0
0,0,5.69E-05,-5.69E-05,1.52E-06,-27.28978798,0
0,0,5.58E-05,-5.58E-05,1.49E-06,-27.28982799,0
0,0,5.49E-05,-5.49E-05,1.46E-06,-27.289861,0
0,0,5.40E-05,-5.40E-05,1.44E-06,-27.28989532,0
0,0,5.29E-05,-5.29E-05,1.41E-06,-27.28993686,0
0,0,5.17E-05,-5.17E-05,1.38E-06,-27.28998309,0
0,0,5.09E-05,-5.09E-05,1.35E-06,-27.29001561,0
0,0,5.00E-05,-5.00E-05,1.33E-06,-27.2900476,0
0,0,4.90E-05,-4.90E-05,1.31E-06,-27.29008573,0
0,0,4.79E-05,-4.79E-05,1.28E-06,-27.29012797,0
0,0,4.69E-05,-4.69E-05,1.25E-06,-27.29016558,0
0,0,4.61E-05,-4.61E-05,1.23E-06,-27.29019546,0
0,0,4.54E-05,-4.54E-05,1.21E-06,-27.29022278,0
0,0,4.46E-05,-4.46E-05,1.19E-06,-27.2902541,0
0,0,4.36E-05,-4.36E-05,1.16E-06,-27.29029129,0
0,0,4.26E-05,-4.26E-05,1.14E-06,-27.2903283,0
0,0,4.18E-05,-4.18E-05,1.11E-06,-27.29035828,0
0,0,4.12E-05,-4.12E-05,1.09E-06,-27.29038302,0
0,0,4.05E-05,-4.05E-05,1.08E-06,-27.29040874,0
0,0,3.97E-05,-3.97E-05,1.06E-06,-27.29043988,0
0,0,3.88E-05,-3.88E-05,1.03E-06,-27.29047452,0
0,0,3.81E-05,-3.81E-05,1.01E-06,-27.2904989,0
0,0,3.75E-05,-3.75E-05,9.97E-07,-27.29052287,0
0,0,3.67E-05,-3.67E-05,9.79E-07,-27.29055145,0
0,0,3.59E-05,-3.59E-05,9.58E-07,-27.2905831,0
0,0,3.52E-05,-3.52E-05,9.37E-07,-27.29061129,0
0,0,3.46E-05,-3.46E-05,9.19E-07,-27.29063369,0
0,0,3.40E-05,-3.40E-05,9.05E-07,-27.29065417,0
0,0,3.38E-05,-3.38E-05,8.95E-07,-27.29066229,0
0.4,0,3.38E-05,0.399966184,27487790694,-27.29066229,100
0.4,0,3.38E-05,0.399966184,0,-27.29066229,100
0.4,0,8.70E-05,0.399913043,-0.000309898,-27.22207953,100
0.4,0,0.000245523,0.399754477,-0.000924697,-27.15351494,100
0.4,0,0.000429092,0.399570908,-0.001450906,-27.10294878,100
0.4,0,0.000429092,0.399570908,-0.001671743,-27.10294878,99.99999998
0.4,0,0.00087309,0.39912691,-0.001914213,-27.01031916,10.21940647
0.4,0,0.000979353,0.399020647,-0.002028334,-26.98941183,2.51E-09
0.4,0,0.000979353,0.399020647,-0.002025604,-26.98941183,0
0.4,0,0.001444496,0.398555504,-0.002005377,-26.89691408,0
0.4,0.4,0.001899269,0.398100731,-0.001960671,-26.80452302,0
0.4,0.4,0.002778439,0.397221561,-0.00189519,-26.62005146,0
0.4,0.4,0.003770219,0.396229781,-0.001802772,-26.40179849,0
0.4,0.4,0.00505702,0.39494298,-0.001688525,-26.10033403,0
0.4,0.4,0.006543056,0.393456944,-0.001547099,-25.72170432,0
0.4,0.4,0.007429437,0.392570563,-0.001424859,-25.47722023,0
0.4,0.4,0.008259388,0.391740612,-0.00133415,-25.23326984,0
0.4,0.4,0.009230722,0.390769278,-0.001236853,-24.92601213,0
0.4,0.4,0.010246411,0.389753589,-0.001127134,-24.57434545,0
0.4,0.4,0.010890165,0.389109835,-0.001033885,-24.33186631,0
0.4,0.4,0.011489106,0.388510894,-0.000961916,-24.08977393,0
0.4,0.4,0.012173788,0.387826212,-0.00088548,-23.78963358,0
0.4,0.4,0.012884861,0.387115139,-0.000799876,-23.44518638,0
0.4,0.4,0.013345818,0.386654182,-0.000726132,-23.1995895,0
0.4,0.4,0.013769998,0.386230002,-0.000668199,-22.95427346,0
0.4,0.4,0.014238434,0.385761566,-0.00060753,-22.65665435,0
0.4,0.4,0.014710027,0.385289973,-0.000540939,-22.3205562,0
0.4,0.4,0.015088567,0.384911433,-0.0004779,-22.01552402,0
0.4,0.4,0.015362517,0.384637483,-0.000426977,-21.7686529,0
0.4,0.4,0.01559269,0.38440731,-0.000385424,-21.53901975,0
0.4,0.4,0.015832724,0.384167276,-0.000344328,-21.27113188,0
0.4,0.4,0.016084609,0.383915391,-0.000298277,-20.94682447,0
0.4,0.4,0.016299768,0.383700232,-0.000250819,-20.61758709,0
0.4,0.4,0.016448692,0.383551308,-0.000210103,-20.34566899,0
0.4,0.4,0.016554888,0.383445112,-0.000178292,-20.11724794,0
0.4,0.4,0.016649517,0.383350483,-0.000150056,-19.87546926,0
0.4,0.4,0.016742483,0.383257517,-0.000119509,-19.5772977,0
0.4,0.4,0.016818358,0.383181642,-8.59E-05,-19.23875433,0
0.4,0.4,0.016854622,0.383145378,-5.73E-05,-18.99616482,0
0.4,0.4,0.016876738,0.383123262,-3.49E-05,-18.75359375,0
0.4,0.4,0.016885748,0.383114252,-1.17E-05,-18.45863254,0
0.4,0.4,0.016873874,0.383126126,1.36E-05,-18.12423758,0
0.4,0.4,0.01684422,0.38315578,3.73E-05,-17.81998164,0
0.4,0.4,0.016808065,0.383191935,5.63E-05,-17.57393396,0
0.4,0.4,0.016765406,0.383234594,7.16E-05,-17.34554936,0
0.4,0.4,0.016705254,0.383294746,8.65E-05,-17.07904005,0
0.4,0.4,0.016618284,0.383381716,0.000103039,-16.75548437,0
0.4,0.4,0.016515241,0.383484759,0.000119865,-16.42586223,0
0.4,0.4,0.016419982,0.383580018,0.000134087,-16.15339083,0
0.4,0.4,0.016333646,0.383666354,0.000145011,-15.92499161,0
0.4,0.4,0.016236455,0.383763545,0.000154537,-15.68366559,0
0.4,0.4,0.016108611,0.383891389,0.000164666,-15.38566906,0
0.4,0.4,0.01595335,0.38404665,0.000175608,-15.04619027,0
0.4,0.4,0.015836236,0.384163764,0.000184723,-14.80266732,0
0.4,0.4,0.01571471,0.38428529,0.000191681,-14.5590687,0
0.4,0.4,0.015561672,0.384438328,0.000198738,-14.26309182,0
0.4,0.4,0.015381896,0.384618104,0.000206194,-13.92783146,0
0.4,0.4,0.015250358,0.384749642,0.000212289,-13.68947358,0
0.4,0.4,0.015250358,0.384749642,0.000213623,-13.68947358,1.08E-11
0.4,0.4,0.015077118,0.384922882,0.000218393,-13.38420214,1.617235305
0.4,0.4,0.014918864,0.385081136,0.000233188,-13.12291744,1.710683334
0.4,0.4,0.014777291,0.385222709,0.000225023,-12.88059699,1.705155709
0.4,0.4,0.014639432,0.385360568,0.000198493,-12.61299859,2.307704859
0.4,0.4,0.014517183,0.385482817,0.000150859,-12.30066758,3.49011841
0.4,0.4,0.014451263,0.385548737,7.87E-05,-11.97766839,5.313373571
0.4,0.4,0.014454242,0.385545758,-4.07E-06,-11.69548694,6.06360985
0.4,0.4,0.014509466,0.385490534,-8.74E-05,-11.45195747,5.711978581
0.4,0.4,0.014625256,0.385374744,-0.000179464,-11.20327197,5.945817697
0.4,0.4,0.014845209,0.385154791,-0.000289765,-10.91082126,6.754618824
0.4,0.4,0.01520948,0.38479052,-0.000427133,-10.58249463,8.291133711
0.4,0.4,0.01566903,0.38433097,-0.000577033,-10.27621917,9.866874787
0.4,0.4,0.016142583,0.383857417,-0.000712727,-10.02101119,9.555477688
0.4,0.4,0.016660098,0.383339902,-0.000840887,-9.784925175,9.338872786
0.4,0.4,0.017340838,0.382659162,-0.000978148,-9.518371185,9.803728314
0.4,0.4,0.018284828,0.381715172,-0.001141119,-9.202195883,10.87733176
0.4,0.4,0.019411894,0.380588106,-0.001325443,-8.878076895,12.7297796
0.4,0.4,0.020496758,0.379503242,-0.001497472,-8.602738127,13.19363992
0.4,0.4,0.021510763,0.378489237,-0.001645054,-8.369120898,12.52325072
0.4,0.4,0.022653698,0.377346302,-0.00178942,-8.127732658,12.60817438
0.4,0.4,0.023240744,0.376759256,-0.001896834,-8.011039085,12.58399787
0.4,0.4,0.025245984,0.374754016,-0.002045948,-7.642740243,13.71019759
0.4,0.4,0.02690236,0.37309764,-0.002240846,-7.366335322,14.24919178
0.4,0.4,0.028682533,0.371317467,-0.002408325,-7.091200492,14.77652298
0.4,0.4,0.030709468,0.369290532,-0.002580462,-6.800319046,15.62023855
0.4,0.4,0.032817661,0.367182339,-0.002753045,-6.518325445,16.41325923
0.4,0.4,0.034865389,0.365134611,-0.002912914,-6.260914796,16.57050548
0.4,0.4,0.036925282,0.363074718,-0.003061407,-6.01591768,16.56910559
0.4,0.4,0.039201855,0.360798145,-0.003209279,-5.75916306,16.86532554
0.4,0.4,0.041808445,0.358191555,-0.003364921,-5.480676262,17.51438733
0.4,0.4,0.04459373,0.35540627,-0.003525024,-5.198743038,18.40075482
0.4,0.4,0.047284716,0.352715284,-0.003675264,-4.939495756,18.78875173
0.4,0.4,0.049849122,0.350150878,-0.00380987,-4.702941834,18.63717958
0.4,0.4,0.052528132,0.347471868,-0.003937817,-4.465629959,18.69115469
0.4,0.4,0.055571027,0.344428973,-0.004069157,-4.206922969,19.10905332
0.4,0.4,0.058938765,0.341061235,-0.004206687,-3.932523483,19.90770862
0.4,0.4,0.062273478,0.337726522,-0.00433995,-3.67173324,20.60967719
0.4,0.4,0.065352149,0.334647851,-0.004457252,-3.439519415,20.4855416
0.4,0.4,0.068366819,0.331633181,-0.004563268,-3.219429519,20.28874586
0.4,0.4,0.071686194,0.328313806,-0.004667834,-2.984774787,20.46946902
0.4,0.4,0.075460669,0.324539331,-0.004777088,-2.72685165,21.053512
0.4,0.4,0.07937558,0.32062442,-0.004886939,-2.468424806,21.93366022
0.4,0.4,0.082989317,0.317010683,-0.004984597,-2.237282441,22.10938581
0.4,0.4,0.086323111,0.313676889,-0.005068197,-2.02984957,21.70432307
0.4,0.4,0.08979331,0.31020669,-0.005146845,-1.819523022,21.63318102
0.4,0.4,0.093759651,0.306240349,-0.005226743,-1.585621334,21.96939063
0.4,0.4,0.098100057,0.301899943,-0.005308938,-1.337017955,22.77156441
0.4,0.4,0.102244351,0.297755649,-0.005384602,-1.106247968,23.40872461
0.4,0.4,0.10592686,0.29407314,-0.005446061,-0.906153502,22.99091553
0.4,0.4,0.109490322,0.290509678,-0.005500586,-0.71679496,22.6355283
0.4,0.4,0.113458127,0.286541873,-0.005553544,-0.510650956,22.73119844
0.4,0.4,0.117988853,0.282011147,-0.005607334,-0.280951601,23.2855015
0.4,0.4,0.122583739,0.277416261,-0.005658675,-0.053817249,24.21574102
0.4,0.4,0.126662022,0.273337978,-0.005698822,0.143255997,24.1640879
0.4,0.4,0.130337087,0.269662913,-0.005730503,0.317375602,23.52947977
0.4,0.4,0.134190314,0.265809686,-0.005760267,0.496474545,23.36962519
0.4,0.4,0.1386583,0.2613417,-0.005788375,0.699927935,23.65116359
0.4,0.4,0.14351681,0.25648319,-0.005814661,0.916268406,24.50847985
0.4,0.4,0.14800553,0.25199447,-0.005834094,1.11188155,25.10254097
0.4,0.4,0.151864295,0.248135705,-0.005844165,1.276995364,24.38608519
0.4,0.4,0.155582752,0.244417248,-0.005853511,1.433443948,23.91288488
0.4,0.4,0.159797536,0.240202464,-0.005860641,1.607706124,23.9506532
0.4,0.4,0.164647828,0.235352172,-0.005864103,1.804376651,24.50773282
0.4,0.4,0.169467766,0.230532234,-0.005862975,1.995880082,25.54111871
0.4,0.4,0.173594039,0.226405961,-0.005853722,2.156929009,25.24529395
0.4,0.4,0.177245648,0.222754352,-0.005843435,2.297271472,24.41569088
0.4,0.4,0.181123516,0.218876484,-0.005834055,2.444046419,24.19878422
0.4,0.4,0.185695993,0.214304007,-0.005819423,2.614226942,24.44784643
0.4,0.4,0.190643303,0.209356697,-0.00579914,2.794942159,25.40397659
0.4,0.4,0.19507588,0.20492412,-0.005773055,2.953986854,25.96819506
0.4,0.4,0.198777669,0.201222331,-0.005743709,3.084866915,24.96404982
0.4,0.4,0.202345883,0.197654117,-0.005719924,3.209280559,24.41091804
0.4,0.4,0.206470093,0.193529907,-0.00569256,3.350984349,24.41184486
0.4,0.4,0.211253902,0.188746098,-0.005657108,3.512614769,24.9953831
0.4,0.4,0.21591902,0.18408098,-0.005615922,3.667467802,26.16874925
0.4,0.4,0.21978548,0.18021452,-0.005570428,3.793897914,25.62360199
0.4,0.4,0.223159698,0.176840302,-0.005531334,3.902802673,24.64035909
0.4,0.4,0.226794967,0.173205033,-0.005495116,4.018587059,24.39000326
0.4,0.4,0.231147823,0.168852177,-0.005450083,4.155181659,24.62237157
0.4,0.4,0.235835214,0.164164786,-0.005396452,4.299810402,25.70114653
0.4,0.4,0.239922375,0.160077625,-0.005338747,4.423925041,26.2428993
0.4,0.4,0.243253805,0.156746195,-0.005283505,4.523808941,24.98451185
0.4,0.4,0.246472195,0.153527805,-0.005239069,4.619109506,24.38133704
0.4,0.4,0.250257416,0.149742584,-0.005189442,4.729711426,24.36031424
0.4,0.4,0.25467572,0.14532428,-0.005128241,4.856817863,24.98123354
0.4,0.4,0.258914285,0.141085715,-0.005061058,4.976749111,26.30535163
0.4,0.4,0.262333236,0.137666764,-0.004992955,5.072187618,25.53156379
0.4,0.4,0.265285053,0.134714947,-0.004937337,5.153609363,24.43628219
0.4,0.4,0.268505911,0.131494089,-0.004885731,5.241355177,24.16794948
0.4,0.4,0.272408264,0.127591736,-0.004822595,5.346175681,24.3934293
0.4,0.4,0.276591814,0.123408186,-0.004749159,5.456726286,25.59285484
0.4,0.4,0.280160074,0.119839926,-0.004673365,5.549589763,26.12022658
0.4,0.4,0.28301307,0.11698693,-0.00460425,5.622963404,24.66001567
0.4,0.4,0.28577486,0.11422514,-0.004549642,5.693138966,24.02717195
0.4,0.4,0.289065365,0.110934635,-0.004488598,5.77566647,23.99433352
0.4,0.4,0.292921633,0.107078367,-0.004413966,5.870896264,24.65156141
0.4,0.4,0.296573149,0.103426851,-0.004333736,5.959578503,26.11199902
0.4,0.4,0.299457252,0.100542748,-0.004254817,6.028708008,25.15705342
0.4,0.4,0.301926269,0.098073731,-0.004192413,6.087192167,23.9853657
0.4,0.4,0.304644503,0.095355497,-0.004134633,6.150773365,23.70841029
0.4,0.4,0.30796269,0.09203731,-0.004063921,6.227272671,23.9325269
0.4,0.4,0.311506066,0.088493934,-0.003982462,6.307582848,25.23064981
0.4,0.4,0.314478953,0.085521047,-0.003899905,6.373908067,25.75603572
0.4,0.4,0.316821246,0.083178754,-0.003826277,6.425543079,24.1523756
0.4,0.4,0.319089806,0.080910194,-0.003769315,6.474920143,23.50237297
0.4,0.4,0.32181404,0.07818596,-0.003705375,6.53340199,23.46462911
0.4,0.4,0.325012522,0.074987478,-0.003627365,6.600929256,24.15033211
0.4,0.4,0.327402459,0.072597541,-0.003548363,6.650629297,23.69270934
0.4,0.4,0.329748238,0.070251762,-0.003482802,6.698734171,23.39048675
0.4,0.4,0.332379852,0.067620148,-0.003413325,6.751879622,23.4998303
0.4,0.4,0.33514652,0.06485348,-0.003336609,6.806799311,24.13824218
0.4,0.4,0.33764137,0.06235863,-0.003258867,6.855492038,24.5130964
0.4,0.4,0.339754426,0.060245574,-0.00318699,6.896135869,23.72633112
0.4,0.4,0.341757216,0.058242784,-0.003125063,6.934102792,23.16733707
0.4,0.4,0.343966576,0.056033424,-0.003061496,6.975334675,23.08364564
0.4,0.4,0.346426628,0.053573372,-0.00298948,7.020429355,23.49198055
0.4,0.4,0.348803234,0.051196766,-0.002913432,7.063160105,24.31538617
0.4,0.4,0.3508033,0.0491967,-0.00283976,7.098513259,23.91816201
0.4,0.4,0.352551833,0.047448167,-0.002776662,7.128942029,23.05792337
0.4,0.4,0.354372332,0.045627668,-0.002718794,7.160101941,22.76463534
0.4,0.4,0.356456385,0.043543615,-0.002653847,7.195111922,22.91706839
0.4,0.4,0.35864238,0.04135762,-0.002581863,7.231051123,23.7304637
0.4,0.4,0.360558462,0.039441538,-0.002509493,7.261896785,24.13326331
0.4,0.4,0.362139086,0.037860914,-0.002443705,7.286896286,23.12566161
0.4,0.4,0.363643034,0.036356966,-0.002389334,7.310252979,22.54286638
0.4,0.4,0.365340108,0.034659892,-0.002332467,7.336086246,22.48407326
0.4,0.4,0.367248931,0.032751069,-0.002266982,7.36446368,22.99167531
0.4,0.4,0.369060593,0.030939407,-0.002198278,7.390707016,24.01233669
0.4,0.4,0.370537525,0.029462475,-0.002131759,7.411630648,23.41698711
0.4,0.4,0.37181356,0.02818644,-0.002077142,7.429337369,22.45256984
0.4,0.4,0.373165469,0.026834531,-0.002027629,7.447678282,22.17542324
0.4,0.4,0.374740531,0.025259469,-0.001970569,7.468494859,22.37092824
0.4,0.4,0.376385749,0.023614251,-0.001907222,7.489572717,23.37296603
0.4,0.4,0.377788136,0.022211864,-0.00184367,7.507001499,23.78994767
0.4,0.4,0.378917002,0.021082998,-0.001786462,7.520680193,22.56935295
0.4,0.4,0.379996179,0.020003821,-0.001741558,7.533409195,21.97662766
0.4,0.4,0.381238165,0.018761835,-0.001693496,7.547622378,21.94184816
0.4,0.4,0.382644891,0.017355109,-0.001637335,7.563134994,22.54639638
0.4,0.4,0.383956652,0.016043348,-0.00157883,7.577009112,23.76489537
0.4,0.4,0.384994849,0.015005151,-0.001521428,7.587602843,22.96461633
0.4,0.4,0.385882661,0.014117339,-0.001476548,7.596357652,21.92024609
0.4,0.4,0.386837515,0.013162485,-0.001436444,7.605423348,21.66044523
0.4,0.4,0.387964286,0.012035714,-0.001388947,7.615642109,21.89353305
0.4,0.4,0.389134543,0.010865457,-0.001336313,7.625668608,23.07315413
0.4,0.4,0.390106966,0.009893034,-0.001283188,7.633534905,23.4940098
0.4,0.4,0.390872587,0.009127413,-0.001235372,7.639428868,22.09163827
0.4,0.4,0.391607116,0.008392884,-0.001200237,7.644789272,21.49650138
0.4,0.4,0.392464467,0.007535533,-0.001161648,7.650665718,21.48170965
0.4,0.4,0.393438481,0.006561519,-0.001116027,7.656815566,22.16853801
0.4,0.4,0.39433198,0.00566802,-0.001068861,7.661927685,23.56187252
0.4,0.4,0.39502045,0.00497955,-0.001021115,7.665517876,22.58247563
0.4,0.4,0.39560342,0.00439658,-0.000985852,7.668289846,21.48100535
0.4,0.4,0.39623679,0.00376321,-0.000955022,7.670994726,21.2359108
0.4,0.4,0.396989156,0.003010844,-0.000917472,7.67377062,21.49792796
0.4,0.4,0.397764927,0.002235073,-0.000876106,7.676092853,22.82212213
0.4,0.4,0.398394997,0.001605003,-0.000833653,7.677545408,23.24625241
0.4,0.4,0.398880727,0.001119273,-0.000794953,7.678378003,21.70645848
0.4,0.4,0.399346984,0.000653016,-0.000768908,7.678914912,21.11127606
0.4,0.4,0.399894978,0.000105022,-0.000739475,7.679194689,21.11142679
0.4,0.4,0.400516427,-0.000516427,-0.000704364,7.679012144,21.85869574
0.4,0.4,0.400962816,-0.000962816,-0.000667435,7.678517304,21.37847684
0.4,0.4,0.401390395,-0.001390395,-0.00063931,7.677729863,21.08270658
0.4,0.4,0.401861294,-0.001861294,-0.000610382,7.676474713,21.21576255
0.4,0.4,0.402344966,-0.002344966,-0.000579008,7.674717635,21.92082295
0.4,0.4,0.402765955,-0.002765955,-0.000546979,7.67275167,22.38895185
0.4,0.4,0.40310703,-0.00310703,-0.000516269,7.670812113,21.57301468
0.4,0.4,0.403420083,-0.003420083,-0.000492748,7.668738538,21.00501353
0.4,0.4,0.403757682,-0.003757682,-0.000469645,7.666158138,20.94182521
0.4,0.4,0.404124374,-0.004124374,-0.000443548,7.662899517,21.38985824
0.4,0.4,0.40446679,-0.00446679,-0.000416479,7.659368689,22.32408457
0.4,0.4,0.404740607,-0.004740607,-0.000388224,7.656122711,21.9573718
0.4,0.4,0.404968934,-0.004968934,-0.000365233,7.653087936,21.06484296
0.4,0.4,0.405199486,-0.005199486,-0.000346945,7.6497091,20.7842166
0.4,0.4,0.405455629,-0.005455629,-0.000326178,7.645524969,20.96417935
0.4,0.4,0.405714633,-0.005714633,-0.000303663,7.64076167,21.85079079
0.4,0.4,0.405929777,-0.005929777,-0.000280085,7.636291006,22.36578827
0.4,0.4,0.406095276,-0.006095276,-0.000256639,7.632414438,21.32550138
0.4,0.4,0.406245655,-0.006245655,-0.000241055,7.628565065,20.7362447
0.4,0.4,0.406408852,-0.006408852,-0.000225372,7.623983067,20.70015928
0.4,0.4,0.406583957,-0.006583957,-0.000207164,7.618492016,21.24494617
0.4,0.4,0.40674055,-0.00674055,-0.000188478,7.612958452,22.38748638
0.4,0.4,0.406856534,-0.006856534,-0.000166995,7.608238078,21.82918392
0.4,0.4,0.406948685,-0.006948685,-0.000151012,7.604026284,20.83101819
0.4,0.4,0.407041012,-0.007041012,-0.000139609,7.59940036,20.56683629
0.4,0.4,0.407141357,-0.007141357,-0.00012571,7.59373985,20.78680366
0.4,0.4,0.407237631,-0.007237631,-0.000110853,7.58749698,21.85503953
0.4,0.4,0.407309878,-0.007309878,-9.43E-05,7.581927888,22.4001475
0.4,0.4,0.407358224,-0.007358224,-7.66E-05,7.577301866,21.14626649
0.4,0.4,0.407399669,-0.007399669,-6.75E-05,7.572769341,20.54526146
0.4,0.4,0.407441791,-0.007441791,-5.78E-05,7.567359452,20.53059115
0.4,0.4,0.407481545,-0.007481545,-4.62E-05,7.560933812,21.16121423
0.4,0.4,0.40751044,-0.00751044,-3.45E-05,7.55465689,22.50055338
0.4,0.4,0.407522963,-0.007522963,-1.83E-05,7.549508332,21.74997619
0.4,0.4,0.407527649,-0.007527649,-7.84E-06,7.545008548,20.66925548
0.4,0.4,0.407528845,-0.007528845,-1.82E-06,7.540047691,20.41890434
0.4,0.4,0.407523534,-0.007523534,6.57E-06,7.533961103,20.66911171
0.4,0.4,0.407510186,-0.007510186,1.52E-05,7.527341592,21.89643528
0.4,0.4,0.407490258,-0.007490258,2.61E-05,7.521614582,22.45994854
0.4,0.4,0.407465823,-0.007465823,3.94E-05,7.516979561,21.0277583
0.4,0.4,0.407439333,-0.007439333,4.36E-05,7.512456454,20.41980368
0.4,0.4,0.407403638,-0.007403638,4.87E-05,7.507019004,20.4198634
0.4,0.4,0.407355507,-0.007355507,5.51E-05,7.50057492,21.11673271
0.4,0.4,0.407303913,-0.007303913,6.12E-05,7.494400177,22.62019682
0.4,0.4,0.40725407,-0.00725407,7.35E-05,7.48946514,21.70868578
0.4,0.4,0.407207086,-0.007207086,7.98E-05,7.485206592,20.56760101
0.4,0.4,0.407153348,-0.007153348,8.18E-05,7.480488355,20.32651563
0.4,0.4,0.407083213,-0.007083213,8.59E-05,7.474679663,20.59655744
0.4,0.4,0.407003418,-0.007003418,8.97E-05,7.468415075,21.94431208
0.4,0.4,0.406929915,-0.006929915,9.64E-05,7.463104539,22.52347308
0.4,0.4,0.406864679,-0.006864679,0.000106518,7.45888152,20.959318
0.4,0.4,0.406800195,-0.006800195,0.000107163,7.454770562,20.34561441
0.4,0.4,0.40672022,-0.00672022,0.000108838,7.449803351,20.35434238
0.4,0.4,0.406622091,-0.006622091,0.00011132,7.443923869,21.09493741
0.4,0.4,0.40654291,-0.00654291,0.000117491,7.439488517,20.68577552
0.4,0.4,0.4064621,-0.0064621,0.000119908,7.435106742,20.43026693
0.4,0.4,0.406368331,-0.006368331,0.000121638,7.430161931,20.59216597
0.4,0.4,0.406266135,-0.006266135,0.000123332,7.424928832,21.28391914
0.4,0.4,0.406169414,-0.006169414,0.000126395,7.420172924,21.70653431
0.4,0.4,0.40608221,-0.00608221,0.000131474,7.416111061,20.97098278
0.4,0.4,0.405997155,-0.005997155,0.000132613,7.412237928,20.45964993
0.4,0.4,0.405901254,-0.005901254,0.000132851,7.407943888,20.42716788
0.4,0.4,0.405791571,-0.005791571,0.00013335,7.403136186,20.89244144
0.4,0.4,0.405682413,-0.005682413,0.000133906,7.398461715,21.76640072
0.4,0.4,0.405585284,-0.005585284,0.000137913,7.394495822,21.41946762
0.4,0.4,0.405496923,-0.005496923,0.000140221,7.391004859,20.60873434
0.4,0.4,0.405403618,-0.005403618,0.000139255,7.387353519,20.36385495
0.4,0.4,0.405294668,-0.005294668,0.000138748,7.383153906,20.57180297
0.4,0.4,0.405177996,-0.005177996,0.000137895,7.37872534,21.44073645
0.4,0.4,0.405071888,-0.005071888,0.000139035,7.374816621,21.89048854
0.4,0.4,0.404979393,-0.004979393,0.000142952,7.371566121,20.93355526
0.4,0.4,0.404890037,-0.004890037,0.000141847,7.368458083,20.3971339
0.4,0.4,0.404787959,-0.004787959,0.000140247,7.364936577,20.38909884
0.4,0.4,0.404671146,-0.004671146,0.000138788,7.360957155,20.95378249
0.4,0.4,0.404558098,-0.004558098,0.000137269,7.357159477,22.02252483
0.4,0.4,0.404460708,-0.004460708,0.000140589,7.354037676,21.4741941
0.4,0.4,0.40437381,-0.00437381,0.000141362,7.351323084,20.55604237
0.4,0.4,0.404281265,-0.004281265,0.000138707,7.348436229,20.32434152
0.4,0.4,0.404171948,-0.004171948,0.000136763,7.345058631,20.57299463
0.4,0.4,0.404056304,-0.004056304,0.000134146,7.341514153,21.62772628
0.4,0.4,0.403954259,-0.003954259,0.000134229,7.338472014,22.08583748
0.4,0.4,0.403867212,-0.003867212,0.000137721,7.336001529,20.91108574
0.4,0.4,0.403783481,-0.003783481,0.000135019,7.333629783,20.3601234
0.4,0.4,0.40368641,-0.00368641,0.000132299,7.330889932,20.37172933
0.4,0.4,0.403575102,-0.003575102,0.000129593,7.327772895,21.02928261
0.4,0.4,0.403469896,-0.003469896,0.000126716,7.324851422,22.2898806
0.4,0.4,0.403381157,-0.003381157,0.000130077,7.322516638,21.52950381
0.4,0.4,0.403303051,-0.003303051,0.00012983,7.320506776,20.5256794
0.4,0.4,0.403219151,-0.003219151,0.000126123,7.318337891,20.30580124
0.4,0.4,0.403119059,-0.003119059,0.000123358,7.315767363,20.58637354
0.4,0.4,0.403014353,-0.003014353,0.000119629,7.31308573,21.81311837
0.4,0.4,0.402924019,-0.002924019,0.00011928,7.310840141,22.26656242
0.4,0.4,0.402847909,-0.002847909,0.000122801,7.309052729,20.90301627
0.4,0.4,0.402775004,-0.002775004,0.00011904,7.307331384,20.34354763
0.4,0.4,0.40268954,-0.00268954,0.000115731,7.305314235,20.36861563
0.4,0.4,0.402591509,-0.002591509,0.000112339,7.303011596,21.10196406
0.4,0.4,0.402500723,-0.002500723,0.000108682,7.300888148,22.52995863
0.4,0.4,0.40242492,-0.00242492,0.000112478,7.299230534,21.58143265
0.4,0.4,0.402358889,-0.002358889,0.000111619,7.297816264,20.51394272
0.4,0.4,0.402287646,-0.002287646,0.00010734,7.296274731,20.30214431
0.4,0.4,0.402202162,-0.002202162,0.000104207,7.294434057,20.60427328
0.4,0.4,0.402113749,-0.002113749,9.99E-05,7.292526843,21.96878371
0.4,0.4,0.402038602,-0.002038602,9.95E-05,7.290962099,22.41605026
0.4,0.4,0.401975495,-0.001975495,0.000103293,7.289737166,20.90744868
0.4,0.4,0.401915469,-0.001915469,9.89E-05,7.288557114,20.34150426
0.4,0.4,0.40184473,-0.00184473,9.54E-05,7.287163442,20.37416119
0.4,0.4,0.401763793,-0.001763793,9.17E-05,7.285573197,21.16037355
0.4,0.4,0.401701916,-0.001701916,9.26E-05,7.284415903,20.70294332
0.4,0.4,0.401641544,-0.001641544,9.03E-05,7.283299096,20.43188889
0.4,0.4,0.40157417,-0.00157417,8.73E-05,7.282059443,20.59403545
0.4,0.4,0.401503947,-0.001503947,8.40E-05,7.280774843,21.33305958
0.4,0.4,0.401440532,-0.001440532,8.24E-05,7.279643661,21.83457678
0.4,0.4,0.401385131,-0.001385131,8.39E-05,7.278711954,21.03728373
0.4,0.4,0.401333328,-0.001333328,8.16E-05,7.2778497,20.48825231
0.4,0.4,0.401276994,-0.001276994,7.84E-05,7.276912433,20.44850483
0.4,0.4,0.40121473,-0.00121473,7.53E-05,7.275883342,20.92395767
0.4,0.4,0.401155402,-0.001155402,7.21E-05,7.274910922,21.89065376
0.4,0.4,0.401103752,-0.001103752,7.32E-05,7.274116191,21.54591287
0.4,0.4,0.401057996,-0.001057996,7.32E-05,7.273441776,20.6671376
0.4,0.4,0.401011636,-0.001011636,6.98E-05,7.272755096,20.4045905
0.4,0.4,0.400959138,-0.000959138,6.69E-05,7.271982127,20.60629705
0.4,0.4,0.400905033,-0.000905033,6.34E-05,7.2711887,21.51919364
0.4,0.4,0.400857294,-0.000857294,6.21E-05,7.270514231,22.06141094
0.4,0.4,0.400815629,-0.000815629,6.46E-05,7.269976328,21.03273329
0.4,0.4,0.400777027,-0.000777027,6.19E-05,7.269480502,20.45625842
0.4,0.4,0.400734513,-0.000734513,5.87E-05,7.268934031,20.43705205
0.4,0.4,0.400687436,-0.000687436,5.57E-05,7.268334259,21.00163349
0.4,0.4,0.400643827,-0.000643827,5.25E-05,7.267783738,22.17001177
0.4,0.4,0.400605807,-0.000605807,5.47E-05,7.267351839,21.62784689
0.4,0.4,0.400572364,-0.000572364,5.48E-05,7.266993378,20.63758446
0.4,0.4,0.400538525,-0.000538525,5.12E-05,7.266626783,20.38568809
0.4,0.4,0.400499878,-0.000499878,4.84E-05,7.266213214,20.62068503
0.4,0.4,0.400460826,-0.000460826,4.49E-05,7.265798088,21.70763508
0.4,0.4,0.400426963,-0.000426963,4.42E-05,7.265460867,22.27498757
0.4,0.4,0.400396868,-0.000396868,4.77E-05,7.265202372,21.02749308
0.4,0.4,0.40036947,-0.00036947,4.46E-05,7.2649677,20.43413232
0.4,0.4,0.40033918,-0.00033918,4.16E-05,7.264710058,20.43066791
0.4,0.4,0.400305868,-0.000305868,3.87E-05,7.264433667,21.07404578
0.4,0.4,0.400276124,-0.000276124,3.55E-05,7.264192929,22.43297378
0.4,0.4,0.400249409,-0.000249409,3.90E-05,7.264015043,21.69472276
0.4,0.4,0.40022602,-0.00022602,3.91E-05,7.263873712,20.61738228
0.4,0.4,0.400202706,-0.000202706,3.54E-05,7.263732995,20.37451952
0.4,0.4,0.400176131,-0.000176131,3.29E-05,7.263580648,20.63399121
0.4,0.4,0.400150176,-0.000150176,2.95E-05,7.263439336,21.87293768
0.4,0.4,0.400127819,-0.000127819,2.92E-05,7.263336261,22.45501154
0.4,0.4,0.400106935,-0.000106935,3.37E-05,7.263264809,21.02569724
0.4,0.4,0.400088542,-8.85E-05,3.03E-05,7.263206014,20.42130898
0.4,0.4,0.400068446,-6.84E-05,2.74E-05,7.26314904,20.42794614
0.4,0.4,0.400046817,-4.68E-05,2.48E-05,7.263100169,21.13150447
0.4,0.4,0.400028537,-2.85E-05,2.17E-05,7.263071833,22.64895329
0.4,0.4,0.400010727,-1.07E-05,2.62E-05,7.263060784,21.7476872
0.4,0.4,0.399995153,4.85E-06,2.64E-05,7.26305978,20.60661785
0.4,0.4,0.399980238,1.98E-05,2.27E-05,7.263068269,20.36925222
0.4,0.4,0.399963561,3.64E-05,2.04E-05,7.263091975,20.6439256
0.4,0.4,0.399948286,5.17E-05,1.72E-05,7.263133808,21.99719457
0.4,0.4,0.399934974,6.50E-05,1.74E-05,7.263181696,22.59231062
0.4,0.4,0.399921113,7.89E-05,2.26E-05,7.263227079,21.0287956
0.4,0.4,0.399909626,9.04E-05,1.91E-05,7.263278433,20.41556935
0.4,0.4,0.399897568,0.000102432,1.64E-05,7.263349697,20.42731468
0.4,0.4,0.399885246,0.000114754,1.40E-05,7.263446896,21.1697873
0.4,0.4,0.399874651,0.000125349,1.57E-05,7.263528788,20.76820566
0.4,0.4,0.399864829,0.000135171,1.46E-05,7.263617224,20.5176158
0.4,0.4,0.399855019,0.000144981,1.27E-05,7.263726006,20.68339458
0.4,0.4,0.399846099,0.000153901,1.08E-05,7.263851471,21.37520658
0.4,0.4,0.399838074,0.000161926,1.05E-05,7.263974518,21.79513578
0.4,0.4,0.39982959,0.00017041,1.28E-05,7.264086105,21.06710767
0.4,0.4,0.399822138,0.000177862,1.16E-05,7.264198529,20.56117958
0.4,0.4,0.399815188,0.000184812,9.62E-06,7.264330074,20.53181834
0.4,0.4,0.399808749,0.000191251,7.83E-06,7.264485878,20.99879783
0.4,0.4,0.39980368,0.00019632,6.22E-06,7.264646085,21.86774111
0.4,0.4,0.399797751,0.000202249,8.42E-06,7.264788338,21.52268381
0.4,0.4,0.399791881,0.000208119,9.31E-06,7.264918584,20.71880003
0.4,0.4,0.399787092,0.000212908,7.14E-06,7.265060254,20.47678462
0.4,0.4,0.399782811,0.000217189,5.45E-06,7.265229905,20.68670212
0.4,0.4,0.399779865,0.000220135,3.48E-06,7.265416721,21.55329798
0.4,0.4,0.399777023,0.000222977,3.73E-06,7.265588226,21.99703863
0.4,0.4,0.399772509,0.000227491,6.97E-06,7.265735302,21.04666525
0.4,0.4,0.399769088,0.000230912,5.43E-06,7.265880378,20.51406698
0.4,0.4,0.399766553,0.000233447,3.48E-06,7.26604999,20.50755082
0.4,0.4,0.399765065,0.000234935,1.77E-06,7.266248318,21.0726145
0.4,0.4,0.399764929,0.000235071,1.65E-07,7.266444389,22.13358303
0.4,0.4,0.399762491,0.000237509,3.52E-06,7.266610037,21.58535429
0.4,0.4,0.399759767,0.000240233,4.43E-06,7.266757756,20.6730096
0.4,0.4,0.399758413,0.000241587,2.03E-06,7.266919076,20.44289995
0.4,0.4,0.399758036,0.000241964,4.72E-07,7.267113132,20.69247056
0.4,0.4,0.399759389,0.000240611,-1.57E-06,7.267323179,21.74391715
0.4,0.4,0.399759993,0.000240007,-7.95E-07,7.26750851,22.19318879
0.4,0.4,0.399757884,0.000242116,3.34E-06,7.267662161,21.02409033
0.4,0.4,0.399757064,0.000242936,1.32E-06,7.267813196,20.47603371
0.4,0.4,0.399757491,0.000242509,-5.81E-07,7.267991892,20.48823997
0.4,0.4,0.399759418,0.000240582,-2.24E-06,7.268200682,21.14590659
0.4,0.4,0.39976265,0.00023735,-3.90E-06,7.268401946,22.39729451
0.4,0.4,0.39976223,0.00023777,6.15E-07,7.268566012,21.63496718
0.4,0.4,0.399761394,0.000238606,1.39E-06,7.268710109,20.63628376
0.4,0.4,0.399762208,0.000237792,-1.22E-06,7.268869113,20.4173305
0.4,0.4,0.399764372,0.000235628,-2.67E-06,7.269062005,20.6984217
0.4,0.4,0.399768583,0.000231417,-4.81E-06,7.269268681,21.92231795
0.4,0.4,0.399771267,0.000228733,-3.55E-06,7.269445768,22.3644205
0.4,0.4,0.399770446,0.000229554,1.33E-06,7.269589019,21.00549401
0.4,0.4,0.399771151,0.000228849,-1.15E-06,7.269729968,20.44852329
0.4,0.4,0.399773376,0.000226624,-3.01E-06,7.269898739,20.47376429
0.4,0.4,0.399777429,0.000222571,-4.64E-06,7.270096163,21.20773105
0.4,0.4,0.399779199,0.000220801,-2.55E-06,7.270251417,20.93063921
0.4,0.4,0.399781185,0.000218815,-2.86E-06,7.270405084,20.72379775
0.4,0.4,0.399783845,0.000216155,-3.61E-06,7.27056629,20.76058469
0.4,0.4,0.399787165,0.000212835,-4.29E-06,7.27073355,21.03935424
0.4,0.4,0.399790451,0.000209549,-4.33E-06,7.270895315,21.28310449
0.4,0.4,0.399792825,0.000207175,-3.35E-06,7.27104426,21.08971681
0.4,0.4,0.399794946,0.000205054,-3.10E-06,7.271186152,20.77638354
0.4,0.4,0.399797651,0.000202349,-3.79E-06,7.271332252,20.69003744
0.4,0.4,0.399801134,0.000198866,-4.55E-06,7.271486879,20.88445102
0.4,0.4,0.399805039,0.000194961,-5.02E-06,7.271641581,21.25180648
0.4,0.4,0.39980816,0.00019184,-4.26E-06,7.271784664,21.26795738
0.4,0.4,0.399810414,0.000189586,-3.29E-06,7.271916188,20.89758699
0.4,0.4,0.39981299,0.00018701,-3.73E-06,7.272046847,20.6730268
0.4,0.4,0.399816368,0.000183632,-4.54E-06,7.272185659,20.74318702
0.4,0.4,0.399820497,0.000179503,-5.25E-06,7.272329791,21.10862412
0.4,0.4,0.39982439,0.00017561,-5.12E-06,7.272466569,21.39302167
0.4,0.4,0.39982696,0.00017304,-3.68E-06,7.272589584,21.09187525
0.4,0.4,0.399829308,0.000170692,-3.49E-06,7.272706173,20.72178649
0.4,0.4,0.399832394,0.000167606,-4.32E-06,7.272827829,20.64956106
0.4,0.4,0.399836379,0.000163621,-5.12E-06,7.272957872,20.90995274
0.4,0.4,0.399840787,0.000159213,-5.60E-06,7.273086611,21.37896534
0.4,0.4,0.399843982,0.000156018,-4.40E-06,7.27320261,21.33244233
0.4,0.4,0.399846142,0.000153858,-3.22E-06,7.273307532,20.85308146
0.4,0.4,0.399848804,0.000151196,-3.89E-06,7.273412637,20.6185059
0.4,0.4,0.3998524,0.0001476,-4.77E-06,7.273526141,20.72897398
0.4,0.4,0.39985686,0.00014314,-5.57E-06,7.273644051,21.20476667
0.4,0.4,0.399860852,0.000139148,-5.24E-06,7.273753445,21.52841418
0.4,0.4,0.399863092,0.000136908,-3.27E-06,7.273849326,21.08339897
0.4,0.4,0.399865257,0.000134743,-3.27E-06,7.273940009,20.66128177
0.4,0.4,0.399868324,0.000131676,-4.27E-06,7.274036341,20.60939456
0.4,0.4,0.399872416,0.000127584,-5.15E-06,7.274140476,20.94945061
0.4,0.4,0.399876954,0.000123046,-5.70E-06,7.274242205,21.54566715
0.4,0.4,0.39987977,0.00012023,-3.93E-06,7.274331142,21.39776035
0.4,0.4,0.39988148,0.00011852,-2.61E-06,7.274410335,20.79935191
0.4,0.4,0.399883928,0.000116072,-3.60E-06,7.274490698,20.5637606
0.4,0.4,0.399887423,0.000112577,-4.56E-06,7.274579139,20.71976909
0.4,0.4,0.399891925,0.000108075,-5.51E-06,7.27467094,21.33374429
0.4,0.4,0.399895686,0.000104314,-4.94E-06,7.274753862,21.68907455
0.4,0.4,0.399897263,0.000102737,-2.35E-06,7.274824515,21.06369992
0.4,0.4,0.399899024,0.000100976,-2.71E-06,7.274891421,20.59949351
0.4,0.4,0.399901835,9.82E-05,-3.89E-06,7.274964037,20.57203985
0.4,0.4,0.399905795,9.42E-05,-4.87E-06,7.275043419,21.00505873
0.4,0.4,0.399910257,8.97E-05,-5.53E-06,7.275119704,21.75563161
0.4,0.4,0.399912395,8.76E-05,-3.03E-06,7.275184137,21.45918474
0.4,0.4,0.399913481,8.65E-05,-1.70E-06,7.275240665,20.741217
0.4,0.4,0.39991556,8.44E-05,-3.07E-06,7.275299006,20.51277348
0.4,0.4,0.399918766,8.12E-05,-4.10E-06,7.27536449,20.71659891
0.4,0.4,0.399923161,7.68E-05,-5.27E-06,7.275432276,21.49714439
0.4,0.4,0.399926496,7.35E-05,-4.39E-06,7.275491651,21.8687707
0.4,0.4,0.399927235,7.28E-05,-1.13E-06,7.275540711,21.03519886
0.4,0.4,0.399928508,7.15E-05,-1.99E-06,7.27558738,20.54190568
0.4,0.4,0.399930939,6.91E-05,-3.33E-06,7.275639214,20.53966165
0.4,0.4,0.399934638,6.54E-05,-4.44E-06,7.275696437,21.07546544
0.4,0.4,0.399938932,6.11E-05,-5.27E-06,7.275750386,22.00301579
0.4,0.4,0.399940223,5.98E-05,-1.86E-06,7.275794214,21.51225464
0.4,0.4,0.399940647,5.94E-05,-6.79E-07,7.275832132,20.68529644
0.4,0.4,0.399942297,5.77E-05,-2.45E-06,7.275872035,20.46908571
0.4,0.4,0.399945117,5.49E-05,-3.54E-06,7.275917642,20.71896965
0.4,0.4,0.399949345,5.07E-05,-4.97E-06,7.275964627,21.68677425
0.4,0.4,0.399952154,4.78E-05,-3.72E-06,7.276004398,22.05378229
0.4,0.4,0.399952017,4.80E-05,2.14E-07,7.276036161,21.00343948
0.4,0.4,0.399952804,4.72E-05,-1.25E-06,7.276066598,20.49334217
0.4,0.4,0.399954805,4.52E-05,-2.72E-06,7.276101146,20.51354746
0.4,0.4,0.399958183,4.18E-05,-3.97E-06,7.276139552,21.15379825
0.4,0.4,0.399962286,3.77E-05,-5.00E-06,7.276175026,22.26740937
0.4,0.4,0.399962679,3.73E-05,-5.76E-07,7.276202569,21.55485751
0.4,0.4,0.399962487,3.75E-05,3.15E-07,7.276226074,20.63786457
0.4,0.4,0.399963709,3.63E-05,-1.82E-06,7.276251301,20.43480958
0.4,0.4,0.399966106,3.39E-05,-2.96E-06,7.276280532,20.72458652
0.4,0.4,0.399970148,2.99E-05,-4.67E-06,7.276310454,21.88171842
0.4,0.4,0.39997241,2.76E-05,-3.01E-06,7.276334828,22.22578686
0.4,0.4,0.399971463,2.85E-05,1.52E-06,7.276353501,20.97502252
0.4,0.4,0.399971809,2.82E-05,-5.58E-07,7.276371561,20.45642859
0.4,0.4,0.399973381,2.66E-05,-2.12E-06,7.276392415,20.493809
0.4,0.4,0.399976418,2.36E-05,-3.50E-06,7.276415658,21.22830293
0.4,0.4,0.399980329,1.97E-05,-4.73E-06,7.27643668,22.51690573
0.4,0.4,0.399979883,2.01E-05,6.64E-07,7.276452045,21.58801192
0.4,0.4,0.399979168,2.08E-05,1.20E-06,7.276464942,20.60252285
0.4,0.4,0.399979995,2.00E-05,-1.23E-06,7.276479037,20.41012444
0.4,0.4,0.399981974,1.80E-05,-2.41E-06,7.276495468,20.73020103
0.4,0.4,0.399985819,1.42E-05,-4.38E-06,7.276512157,22.05453783
0.4,0.4,0.399987578,1.24E-05,-2.35E-06,7.276525087,22.36936321
0.4,0.4,0.399985951,1.40E-05,2.66E-06,7.276534344,20.95455407
0.4,0.4,0.399985921,1.41E-05,4.96E-08,7.27654341,20.43105412
0.4,0.4,0.399987096,1.29E-05,-1.57E-06,7.276553974,20.47955806
0.4,0.4,0.399989797,1.02E-05,-3.07E-06,7.276565689,21.28753498
0.4,0.4,0.399993521,6.48E-06,-4.49E-06,7.276576038,22.72219208
0.4,0.4,0.399992375,7.63E-06,1.72E-06,7.276582759,21.61450793
0.4,0.4,0.399991239,8.76E-06,1.93E-06,7.276588217,20.57939839
0.4,0.4,0.399991722,8.28E-06,-7.22E-07,7.276594301,20.39361215
0.4,0.4,0.399993319,6.68E-06,-1.92E-06,7.276601318,20.73327157
0.4,0.4,0.399996957,3.04E-06,-4.11E-06,7.276608365,22.18514619
0.4,0.4,0.3999983,1.70E-06,-1.80E-06,7.276613256,22.47848292
0.4,0.4,0.399996146,3.85E-06,3.56E-06,7.276616072,20.94318584
0.4,0.4,0.399995806,4.19E-06,5.59E-07,7.276618936,20.41514459
0.4,0.4,0.399996639,3.36E-06,-1.11E-06,7.276622238,20.46943984
0.4,0.4,0.399999026,9.74E-07,-2.69E-06,7.276625768,21.32614449
0.4,0.4,0.399998633,1.37E-06,5.96E-07,7.276627449,20.78357846
0.4,0.4,0.399998659,1.34E-06,-3.91E-08,7.276628845,20.48373941
0.4,0.4,0.399999585,4.15E-07,-1.20E-06,7.276630215,20.64039052
0.4,0.4,0.400001727,-1.73E-06,-2.53E-06,7.276631417,21.45104973
0.4,0.4,0.400003446,-3.45E-06,-2.21E-06,7.276631984,22.07531719
0.4,0.4,0.400002248,-2.25E-06,1.83E-06,7.276631536,21.15582377
0.4,0.4,0.400001567,-1.57E-06,1.09E-06,7.276630932,20.54221689
0.4,0.4,0.400001942,-1.94E-06,-5.25E-07,7.276630177,20.48792931
0.4,0.4,0.400003351,-3.35E-06,-1.69E-06,7.276629098,20.97426696
0.4,0.4,0.400005871,-5.87E-06,-3.02E-06,7.276627843,22.08737686
0.4,0.4,0.400005624,-5.62E-06,3.48E-07,7.276625943,21.73158525
0.4,0.4,0.400004148,-4.15E-06,2.40E-06,7.276623785,20.73536019
0.4,0.4,0.400003957,-3.96E-06,2.92E-07,7.276621579,20.44379713
0.4,0.4,0.400004685,-4.69E-06,-9.27E-07,7.276618864,20.63288816
0.4,0.4,0.400006856,-6.86E-06,-2.51E-06,7.276615846,21.60931329
0.4,0.4,0.400008436,-8.44E-06,-2.03E-06,7.276612776,22.2947072
0.4,0.4,0.400006601,-6.60E-06,2.86E-06,7.276609361,21.14028657
0.4,0.4,0.400005676,-5.68E-06,1.51E-06,7.276606124,20.49976498
0.4,0.4,0.400005871,-5.87E-06,-2.72E-07,7.276602442,20.4625028
0.4,0.4,0.40000718,-7.18E-06,-1.54E-06,7.276598084,21.02321756
0.4,0.4,0.400009838,-9.84E-06,-3.15E-06,7.276593838,22.33984115
0.4,0.4,0.400009069,-9.07E-06,1.10E-06,7.27658951,21.8031466
0.4,0.4,0.400007227,-7.23E-06,3.06E-06,7.2765854,20.6973472
0.4,0.4,0.400006882,-6.88E-06,5.29E-07,7.276581212,20.4144621
0.4,0.4,0.400007462,-7.46E-06,-7.27E-07,7.276576176,20.62830627
0.4,0.4,0.400009701,-9.70E-06,-2.55E-06,7.276570807,21.75585121
0.4,0.4,0.400011185,-1.12E-05,-1.91E-06,7.276565833,22.48860032
0.4,0.4,0.400008829,-8.83E-06,3.75E-06,7.276560928,21.12784837
0.4,0.4,0.400007735,-7.73E-06,1.81E-06,7.276556407,20.46967142
0.4,0.4,0.400007799,-7.80E-06,-8.87E-08,7.276551245,20.44424165
0.4,0.4,0.400009042,-9.04E-06,-1.44E-06,7.27654522,21.06414837
0.4,0.4,0.400011854,-1.19E-05,-3.31E-06,7.276539562,22.55747477
0.4,0.4,0.400010658,-1.07E-05,1.73E-06,7.276534139,21.85970563
0.4,0.4,0.400008554,-8.55E-06,3.55E-06,7.27652921,20.67146332
0.4,0.4,0.400008103,-8.10E-06,6.95E-07,7.276524188,20.39469356
0.4,0.4,0.400008574,-8.57E-06,-5.86E-07,7.276518154,20.6247006
0.4,0.4,0.400010883,-1.09E-05,-2.60E-06,7.276511835,21.87104115
0.4,0.4,0.400012312,-1.23E-05,-1.84E-06,7.276506175,22.64132861
0.4,0.4,0.40000957,-9.57E-06,4.42E-06,7.276500767,21.12147698
0.4,0.4,0.400008362,-8.36E-06,2.02E-06,7.276495862,20.45047396
0.4,0.4,0.400007972,-7.97E-06,7.02E-07,7.276491459,20.23196033
0.2,0.4,0.400007972,-0.200007972,-13743895347,7.276491459,0
0.2,0.4,0.400007972,-0.200007972,0,7.276491459,0
0.2,0.4,0.399993831,-0.199993831,7.23E-05,7.237348571,0
0.2,0.4,0.399952138,-0.199952138,0.000213034,7.198211154,0
0.2,0.4,0.399850231,-0.199850231,0.000377096,7.144188817,0
0.2,0.4,0.399667843,-0.199667843,0.000578183,7.081172863,0
0.2,0.2,0.399343756,-0.199343756,0.000815279,7.001862642,0
0.2,0.2,0.399278083,-0.199278083,0.000966168,6.988314988,0
0.2,0.2,0.399278083,-0.199278083,0.000988007,6.988314988,3.30E-12
0.2,0.2,0.398687645,-0.198687645,0.001145699,6.885761802,0.695488847
0.2,0.2,0.397943626,-0.197943626,0.001443709,6.783552974,0.817209943
0.2,0.2,0.396026703,-0.196026703,0.001859819,6.580471721,0.507831582
0.2,0.2,0.394200574,-0.194200574,0.002311799,6.426328045,0.302531551
0.2,0.2,0.392334704,-0.192334704,0.002651855,6.290329502,6.23E-13
0.2,0.2,0.392334704,-0.192334704,0.002811432,6.290329502,0
0.2,0.2,0.389989282,-0.189989282,0.0029692,6.139309635,0
0.2,0.2,0.387631894,-0.187631894,0.003282278,6.003690322,0
0.2,0.2,0.387439433,-0.187439433,0.003433964,5.99317964,0
0.2,0.2,0.387439433,-0.187439433,0.003444672,5.99317964,6.47E-11
0.2,0.2,0.385094653,-0.185094653,0.003561997,5.870555802,0.434551837
0.2,0.2,0.382610738,-0.182610738,0.003773361,5.749522187,0.69103497
0.2,0.2,0.379317881,-0.179317881,0.003991923,5.600234536,0.443693806
0.2,0.2,0.376355702,-0.176355702,0.004196445,5.474694782,1.69E-10
0.2,0.2,0.376355702,-0.176355702,0.004306793,5.474694782,0
0.2,0.2,0.376355702,-0.176355702,0.004276276,5.474694782,4.16E-11
0.2,0.2,0.373450527,-0.173450527,0.004359319,5.358127849,0.497174202
0.2,0.2,0.370447962,-0.170447962,0.004505456,5.243530339,0.815950648
0.2,0.2,0.366802118,-0.166802118,0.004649029,5.111283634,0.693916687
0.2,0.2,0.363268118,-0.163268118,0.004783359,4.989346732,9.53E-11
0.2,0.2,0.363268118,-0.163268118,0.004852295,4.989346732,0
0.2,0.2,0.363268118,-0.163268118,0.004829407,4.989346732,8.83E-11
0.2,0.2,0.36012666,-0.16012666,0.004885881,4.885376662,0.769123972
0.2,0.2,0.356928424,-0.156928424,0.004974188,4.783445528,1.179983712
0.2,0.2,0.352963321,-0.152963321,0.005059725,4.662015687,1.111948489
0.2,0.2,0.348445079,-0.148445079,0.005144063,4.529638946,0.19738319
0.2,0.2,0.34502157,-0.14502157,0.005205421,4.433131336,2.22E-10
0.2,0.2,0.34502157,-0.14502157,0.005256653,4.433131336,0
0.2,0.2,0.34502157,-0.14502157,0.005214691,4.433131336,1.18E-10
0.2,0.2,0.341800317,-0.141800317,0.005243349,4.3450247,1.20337316
0.2,0.2,0.338557752,-0.138557752,0.00527804,4.258904405,1.71672248
0.2,0.2,0.334419764,-0.134419764,0.005307519,4.1524896,1.707156466
0.2,0.2,0.329566623,-0.129566623,0.00533144,4.032334663,0.696888953
0.2,0.2,0.326196191,-0.126196191,0.005336309,3.951563266,1.666062368
0.2,0.2,0.322824578,-0.122824578,0.005338179,3.872921747,2.147725288
0.2,0.2,0.318673286,-0.118673286,0.005332776,3.778924927,2.135915785
0.2,0.2,0.313953026,-0.113953026,0.005317359,3.675672406,1.245728012
0.2,0.2,0.310572257,-0.110572257,0.005289323,3.603917499,2.145429391
0.2,0.2,0.30720709,-0.10720709,0.005264912,3.534319158,2.623194277
0.2,0.2,0.30315781,-0.10315781,0.00523229,3.452919657,2.622352783
0.2,0.2,0.298623795,-0.098623795,0.005187425,3.364738632,1.832548616
0.2,0.2,0.294537965,-0.094537965,0.005133679,3.287870894,0.991069082
0.2,0.2,0.291255515,-0.091255515,0.005076158,3.227800183,2.312307372
0.2,0.2,0.288228454,-0.088228454,0.005028597,3.173779177,3.193871744
0.2,0.2,0.284741097,-0.084741097,0.004976566,3.113176512,3.409175528
0.2,0.2,0.280582299,-0.080582299,0.004909371,3.043156169,3.081127653
0.2,0.2,0.276423095,-0.076423095,0.004831133,2.975574069,1.804700397
0.2,0.2,0.273035508,-0.073035508,0.004749469,2.922273441,2.229048769
0.2,0.2,0.270226629,-0.070226629,0.004678664,2.879270052,3.616287235
0.2,0.2,0.267296737,-0.067296737,0.004615785,2.835625129,4.093749732
0.2,0.2,0.263750163,-0.063750163,0.004539617,2.784438787,4.082822964
0.2,0.2,0.259808027,-0.059808027,0.004447391,2.729682874,3.187491237
0.2,0.2,0.256341363,-0.056341363,0.004350189,2.683404749,2.254716599
0.2,0.2,0.253626116,-0.053626116,0.004258874,2.648350814,3.763262319
0.2,0.2,0.25113938,-0.05113938,0.004186333,2.617236377,4.666596321
0.2,0.2,0.24825483,-0.04825483,0.004109579,2.582356665,4.870320296
0.2,0.2,0.244814165,-0.044814165,0.004014667,2.542480928,4.503194462
0.2,0.2,0.241422338,-0.041422338,0.003909203,2.505072973,3.069393419
0.2,0.2,0.23872494,-0.03872494,0.003805544,2.476669557,3.584229681
0.2,0.2,0.236521958,-0.036521958,0.003719868,2.454389495,5.050902812
0.2,0.2,0.23422015,-0.03422015,0.003645109,2.432055739,5.517651368
0.2,0.2,0.231425148,-0.031425148,0.003556011,2.40626194,5.487760263
0.2,0.2,0.228337222,-0.028337222,0.003450426,2.379525607,4.502863654
0.2,0.2,0.226222593,-0.026222593,0.003347933,2.362296765,5.490048086
0.2,0.2,0.224158037,-0.024158037,0.003268657,2.34638828,5.976982642
0.2,0.2,0.221692261,-0.021692261,0.003180398,2.328618689,5.965962814
0.2,0.2,0.218970173,-0.018970173,0.003076743,2.31063645,5.098676323
0.2,0.2,0.216587003,-0.016587003,0.00297073,2.296376204,4.086596248
0.2,0.2,0.214741074,-0.014741074,0.002873736,2.286315578,5.528101845
0.2,0.2,0.213080422,-0.013080422,0.002797978,2.278060917,6.447161943
0.2,0.2,0.21118524,-0.01118524,0.002720439,2.269611708,6.645903469
0.2,0.2,0.208946768,-0.008946768,0.002626726,2.261038817,6.285631679
0.2,0.2,0.206749735,-0.006749735,0.002524457,2.254212024,4.850936653
0.2,0.2,0.205015686,-0.005015686,0.002425494,2.250007207,5.230163173
0.2,0.2,0.203621912,-0.003621912,0.002344407,2.247440786,6.700491113
0.2,0.2,0.202192683,-0.002192683,0.002275936,2.245617096,7.169251361
0.2,0.2,0.200479785,-0.000479785,0.00219591,2.24457877,7.129890606
0.2,0.2,0.198600835,0.001399165,0.002102358,2.24499434,6.164106716
0.2,0.2,0.197320794,0.002679206,0.002011956,2.24629316,7.066934307
0.2,0.2,0.196084668,0.003915332,0.001942932,2.24839287,7.518287223
0.2,0.2,0.194637089,0.005362911,0.001867519,2.25199242,7.47491413
0.2,0.2,0.193072014,0.006927986,0.001780806,2.2573975,6.602907526
0.2,0.2,0.191720617,0.008279383,0.001693299,2.263467047,5.653062407
0.2,0.2,0.190681264,0.009318736,0.001613253,2.269136559,6.995499317
0.2,0.2,0.189752832,0.010247168,0.001551721,2.274991173,7.856394995
0.2,0.2,0.18871085,0.01128915,0.001489553,2.282526179,8.022557611
0.2,0.2,0.187507799,0.012492201,0.001415536,2.29263583,7.626364214
0.2,0.2,0.186352288,0.013647712,0.001336226,2.303940205,6.225268727
0.2,0.2,0.185454082,0.014545918,0.001259208,2.313995728,6.597641156
0.2,0.2,0.184739128,0.015260872,0.001196554,2.32290136,7.980338637
0.2,0.2,0.184015368,0.015984632,0.001144929,2.332778642,8.410475681
0.2,0.2,0.183167589,0.016832411,0.001084937,2.345603248,8.3338123
0.2,0.2,0.182263528,0.017736472,0.001016015,2.360986023,7.342174023
0.2,0.2,0.181659874,0.018340126,0.000948528,2.372466598,8.22260951
0.2,0.2,0.181087978,0.018912022,0.000898628,2.384321712,8.651354189
0.2,0.2,0.180433939,0.019566061,0.000844652,2.399221463,8.580839446
0.2,0.2,0.179746319,0.020253681,0.000783288,2.416701978,7.686129107
0.2,0.2,0.179170285,0.020829715,0.00072163,2.433099063,6.7111999
0.2,0.2,0.178741965,0.021258035,0.000663905,2.44667552,8.013732674
0.2,0.2,0.178369732,0.021630268,0.00062153,2.459519063,8.852382161
0.2,0.2,0.177964555,0.022035445,0.000579484,2.474786177,8.994644607
0.2,0.2,0.177515003,0.022484997,0.000529548,2.493685899,8.572067317
0.2,0.2,0.17710284,0.02289716,0.000476837,2.513299754,7.15260405
0.2,0.2,0.176799954,0.023200046,0.000424257,2.529753827,7.487974074
0.2,0.2,0.176571587,0.023428413,0.000381741,2.543701177,8.844347222
0.2,0.2,0.176350983,0.023649017,0.000348929,2.558583873,9.254114268
0.2,0.2,0.176108532,0.023891468,0.000310525,2.57714478,9.152517892
0.2,0.2,0.175871176,0.024128824,0.000266959,2.598493591,8.139174797
0.2,0.2,0.175729448,0.024270552,0.000222467,2.613910712,8.990564889
0.2,0.2,0.175607449,0.024392551,0.000191499,2.629412315,9.397036546
0.2,0.2,0.175484841,0.024515159,0.00015837,2.648345479,9.301513683
0.2,0.2,0.175378556,0.024621444,0.000121204,2.669890406,8.384620983
0.2,0.2,0.175311712,0.024688288,8.38E-05,2.689556061,7.398085558
0.2,0.2,0.175281531,0.024718469,4.68E-05,2.705502582,8.668683428
0.2,0.2,0.1752684,0.0247316,2.19E-05,2.720329131,9.484381334
0.2,0.2,0.175269848,0.024730152,-2.07E-06,2.737630441,9.605351015
0.2,0.2,0.175295887,0.024704113,-3.07E-05,2.758602868,9.15842297
0.2,0.2,0.175347855,0.024652145,-6.02E-05,2.779912312,7.725634161
0.2,0.2,0.175413307,0.024586693,-9.17E-05,2.797483854,8.042090286
0.2,0.2,0.175483345,0.024516655,-0.000116972,2.812184114,9.37237331
0.2,0.2,0.175568096,0.024431904,-0.000133925,2.827672387,9.763298408
0.2,0.2,0.175688632,0.024311368,-0.000154362,2.846703917,9.640323769
0.2,0.2,0.175845944,0.024154056,-0.000177066,2.868232981,8.606681325
0.2,0.2,0.175975198,0.024024802,-0.000202843,2.883582694,9.440902963
0.2,0.2,0.176114425,0.023885575,-0.000218494,2.898847352,9.831562119
0.2,0.2,0.176296295,0.023703705,-0.000234958,2.917265996,9.717570821
0.2,0.2,0.176518103,0.023481897,-0.000253029,2.937947112,8.782343873
0.2,0.2,0.176734666,0.023265334,-0.000271512,2.956588118,7.780306758
0.2,0.2,0.176923606,0.023076394,-0.000292593,2.971549303,9.032064774
0.2,0.2,0.177105952,0.022894048,-0.000303982,2.985336979,9.833654117
0.2,0.2,0.177325736,0.022674264,-0.000314171,3.001276167,9.9396512
0.2,0.2,0.17760288,0.02239712,-0.000326726,3.020391824,9.475548429
0.2,0.2,0.177895475,0.022104525,-0.00033891,3.03959977,8.028781524
0.2,0.2,0.178148812,0.021851188,-0.000354885,3.055286621,8.329550738
0.2,0.2,0.178368957,0.021631043,-0.00036755,3.06830787,9.645783441
0.2,0.2,0.178605008,0.021394992,-0.000372944,3.08192423,10.02458978
0.2,0.2,0.17890203,0.02109797,-0.000380413,3.098513115,9.887291223
0.2,0.2,0.179246858,0.020753142,-0.00038822,3.117098473,8.839337532
0.2,0.2,0.179502271,0.020497729,-0.000400754,3.130242959,9.661135164
0.2,0.2,0.179760803,0.020239197,-0.000405649,3.143224162,10.04074528
0.2,0.2,0.180078539,0.019921461,-0.000410507,3.158766237,9.914006174
0.2,0.2,0.180442604,0.019557396,-0.0004154,3.176064869,8.96597871
0.2,0.2,0.180778322,0.019221678,-0.000420947,3.1915257,7.95398101
0.2,0.2,0.18105681,0.01894319,-0.000431209,3.203848199,9.193584044
0.2,0.2,0.181316933,0.018683067,-0.000433537,3.215135646,9.985554673
0.2,0.2,0.181620938,0.018379062,-0.000434528,3.228100077,10.08155364
0.2,0.2,0.181991116,0.018008884,-0.000436458,3.243530295,9.605969046
0.2,0.2,0.18236859,0.01763141,-0.000437302,3.258909642,8.150025972
0.2,0.2,0.182684964,0.017315036,-0.000443194,3.271380331,8.441563409
0.2,0.2,0.182953188,0.017046812,-0.00044774,3.281671905,9.748576602
0.2,0.2,0.183235371,0.016764629,-0.000445753,3.29237364,10.11948687
0.2,0.2,0.18358283,0.01641717,-0.000445013,3.30532703,9.973014477
0.2,0.2,0.183976686,0.016023314,-0.000443482,3.319730197,8.915794456
0.2,0.2,0.184262098,0.015737902,-0.000447797,3.329851082,9.730336071
0.2,0.2,0.184546412,0.015453588,-0.000446073,3.339790904,10.1032501
0.2,0.2,0.184889947,0.015110053,-0.000443854,3.351618099,9.968768522
0.2,0.2,0.185276238,0.014723762,-0.000440798,3.364688505,9.012839901
0.2,0.2,0.185626045,0.014373955,-0.000438628,3.37628799,7.99430189
0.2,0.2,0.185911848,0.014088152,-0.000442506,3.385477747,9.227116254
0.2,0.2,0.186175595,0.013824405,-0.000439538,3.393851694,10.01365484
0.2,0.2,0.186480077,0.013519923,-0.000435203,3.403416661,10.10386441
0.2,0.2,0.186845647,0.013154353,-0.000431049,3.414726545,9.621678841
0.2,0.2,0.187212896,0.012787104,-0.000425483,3.425918824,8.160136167
0.2,0.2,0.187516819,0.012483181,-0.000425749,3.434935746,8.446292176
0.2,0.2,0.187771932,0.012228068,-0.000425819,3.442337123,9.748488906
0.2,0.2,0.188037703,0.011962297,-0.000419806,3.44999385,10.11510989
0.2,0.2,0.188361446,0.011638554,-0.000414643,3.459206532,9.963653924
0.2,0.2,0.188723905,0.011276095,-0.000408154,3.469378809,8.90140641
0.2,0.2,0.188984069,0.011015931,-0.000408169,3.476482153,9.712017191
0.2,0.2,0.18924096,0.01075904,-0.000403032,3.483421218,10.08137247
0.2,0.2,0.189548394,0.010451606,-0.000397217,3.491628583,9.94283455
0.2,0.2,0.189890318,0.010109682,-0.000390188,3.500635343,8.98282701
0.2,0.2,0.19019674,0.00980326,-0.000384235,3.508572023,7.961044444
0.2,0.2,0.190445436,0.009554564,-0.000385043,3.514821782,9.190456897
0.2,0.2,0.190673212,0.009326788,-0.000379571,3.520486328,9.974286473
0.2,0.2,0.190934013,0.009065987,-0.000372764,3.526919879,10.06167671
0.2,0.2,0.191244274,0.008755726,-0.000365844,3.534475481,9.576333987
0.2,0.2,0.191552779,0.008447221,-0.000357437,3.541896063,8.112236792
0.2,0.2,0.191806395,0.008193605,-0.000355275,3.547832802,8.395985216
0.2,0.2,0.192018166,0.007981834,-0.000353464,3.552677381,9.695946623
0.2,0.2,0.192237094,0.007762906,-0.000345801,3.557660836,10.06065867
0.2,0.2,0.192501679,0.007498321,-0.000338875,3.563617721,9.907048101
0.2,0.2,0.192795148,0.007204852,-0.000330478,3.570143589,8.842713262
0.2,0.2,0.19300479,0.00699521,-0.0003289,3.574668074,9.651732266
0.2,0.2,0.193210384,0.006789616,-0.000322548,3.57906073,10.01968281
0.2,0.2,0.193454573,0.006545427,-0.000315504,3.584220252,9.879594465
0.2,0.2,0.193723758,0.006276242,-0.000307188,3.589835677,8.918112516
0.2,0.2,0.193963067,0.006036933,-0.000300083,3.594741906,7.89522143
0.2,0.2,0.194156849,0.005843151,-0.000300017,3.598576789,9.123422517
0.2,0.2,0.194333208,0.005666792,-0.000293882,3.60202965,9.906360934
0.2,0.2,0.194533635,0.005466365,-0.000286469,3.605923629,9.99288392
0.2,0.2,0.194770189,0.005229811,-0.000278936,3.610457661,9.506641685
0.2,0.2,0.195003206,0.004996794,-0.00026998,3.614867495,8.041954395
0.2,0.2,0.195194111,0.004805889,-0.000267427,3.618363498,8.325089061
0.2,0.2,0.195353107,0.004646893,-0.000265372,3.62119424,9.624476573
0.2,0.2,0.195516164,0.004483836,-0.000257549,3.624084056,9.988798507
0.2,0.2,0.195711759,0.004288241,-0.000250514,3.627507653,9.834814367
0.2,0.2,0.195926733,0.004073267,-0.000242087,3.631217723,8.770246141
0.2,0.2,0.196080073,0.003919927,-0.000240567,3.633764088,9.579055966
0.2,0.2,0.196229437,0.003770563,-0.00023433,3.636214489,9.94690045
0.2,0.2,0.196405495,0.003594505,-0.000227477,3.63906374,9.806769604
0.2,0.2,0.196597807,0.003402193,-0.000219465,3.642126981,8.845388265
0.2,0.2,0.196767471,0.003232529,-0.000212752,3.644768996,7.822718213
0.2,0.2,0.196905107,0.003094893,-0.000213088,3.646810668,9.050944908
0.2,0.2,0.197029538,0.002970462,-0.000207348,3.648629912,9.834023263
0.2,0.2,0.197169741,0.002830259,-0.000200392,3.650658513,9.920799405
0.2,0.2,0.197333803,0.002666197,-0.000193457,3.65298774,9.434942378
0.2,0.2,0.19749367,0.00250633,-0.000185228,3.655216544,7.970813237
0.2,0.2,0.197624593,0.002375407,-0.000183402,3.656956148,8.254354009
0.2,0.2,0.197733634,0.002266366,-0.000181992,3.658345676,9.554046645
0.2,0.2,0.197844307,0.002155693,-0.000174807,3.659744969,9.918799164
0.2,0.2,0.197975897,0.002024103,-0.00016854,3.66137585,9.765399426
0.2,0.2,0.198003562,0.001996438,-0.000168218,3.661706447,9.995578313
0.2,0.2,0.198136641,0.001863359,-0.00016184,3.663292492,9.762701505
0.2,0.2,0.19828067,0.00171933,-0.000153192,3.664973344,8.051826703
0.2,0.2,0.198373343,0.001626657,-0.000155891,3.665966827,9.496300001
0.2,0.2,0.198461963,0.001538037,-0.000149073,3.666907066,9.962533987
0.2,0.2,0.198573539,0.001426461,-0.000143011,3.668062816,9.844757097
0.2,0.2,0.1987002,0.0012998,-0.000135469,3.669334732,8.575736804
0.2,0.2,0.198785015,0.001214985,-0.000135899,3.67011845,9.518019553
0.2,0.2,0.198866471,0.001133529,-0.000130517,3.670850817,9.902511403
0.2,0.2,0.198964273,0.001035727,-0.000124884,3.671699455,9.753102521
0.2,0.2,0.199070676,0.000929324,-0.000118029,3.672582784,8.608200358
0.2,0.2,0.19914552,0.00085448,-0.000118478,3.673145153,9.481525635
0.2,0.2,0.199217235,0.000782765,-0.000113527,3.673661758,9.860994535
0.2,0.2,0.199301301,0.000698699,-0.000108242,3.674236266,9.720525053
0.2,0.2,0.199391665,0.000608335,-0.000102003,3.67481298,8.697085711
0.2,0.2,0.199457208,0.000542792,-0.000102249,3.675180875,9.46165509
0.2,0.2,0.199519897,0.000480103,-9.78E-05,3.675508167,9.820678744
0.2,0.2,0.199591736,0.000408264,-9.29E-05,3.675850953,9.679932637
0.2,0.2,0.199667718,0.000332282,-8.72E-05,3.676171499,8.746709323
0.2,0.2,0.199733608,0.000266392,-8.29E-05,3.676406009,7.79489089
0.2,0.2,0.199788671,0.000211329,-8.50E-05,3.676559032,8.964049266
0.2,0.2,0.199837675,0.000162325,-8.11E-05,3.676671249,9.720544601
0.2,0.2,0.199891088,0.000108912,-7.61E-05,3.676765861,9.804334944
0.2,0.2,0.199951515,4.85E-05,-7.14E-05,3.676831146,9.320361398
0.2,0.2,0.200008057,-8.06E-06,-6.59E-05,3.676845374,7.916006891
0.2,0.2,0.200055317,-5.53E-05,-6.63E-05,3.676820119,8.210359835
0.2,0.2,0.200095422,-9.54E-05,-6.66E-05,3.676773784,9.459493374
0.2,0.2,0.200134504,-0.000134504,-6.14E-05,3.676700124,9.81457194
0.2,0.2,0.200179257,-0.000179257,-5.73E-05,3.676576784,9.657758754
0.2,0.2,0.200225536,-0.000225536,-5.23E-05,3.676395575,8.608370598
0.2,0.2,0.200264513,-0.000264513,-4.90E-05,3.676197233,7.565411619
0.2,0.2,0.200298154,-0.000298154,-5.27E-05,3.676016072,8.934411703
0.2,0.2,0.200327386,-0.000327386,-4.91E-05,3.675829179,9.717640171
0.2,0.2,0.200358799,-0.000358799,-4.47E-05,3.675587434,9.793115138
0.2,0.2,0.200393741,-0.000393741,-4.08E-05,3.675263918,9.271477021
0.2,0.2,0.200424793,-0.000424793,-3.59E-05,3.674906322,7.708387487
0.2,0.2,0.200451519,-0.000451519,-3.77E-05,3.674593385,8.111657347
0.2,0.2,0.200474572,-0.000474572,-3.89E-05,3.674317819,9.453725141
0.2,0.2,0.200496081,-0.000496081,-3.40E-05,3.674010131,9.806935904
0.2,0.2,0.200520126,-0.000520126,-3.06E-05,3.67360968,9.641083581
0.2,0.2,0.200543654,-0.000543654,-2.63E-05,3.673132098,8.508028377
0.2,0.2,0.200562063,-0.000562063,-2.92E-05,3.672781995,9.395542783
0.2,0.2,0.200578531,-0.000578531,-2.61E-05,3.672421412,9.781335142
0.2,0.2,0.200596278,-0.000596278,-2.29E-05,3.671965488,9.647261614
0.2,0.2,0.200613215,-0.000613215,-1.91E-05,3.671428445,8.642943421
0.2,0.2,0.200626589,-0.000626589,-1.67E-05,3.670927518,7.503877617
0.2,0.2,0.200640349,-0.000640349,-2.14E-05,3.670518754,8.845606749
0.2,0.2,0.200651521,-0.000651521,-1.88E-05,3.670134829,9.677198028
0.2,0.2,0.200662089,-0.000662089,-1.52E-05,3.669676975,9.773603714
0.2,0.2,0.200672588,-0.000672588,-1.23E-05,3.669107286,9.290930352
0.2,0.2,0.200679919,-0.000679919,-8.42E-06,3.668515458,7.73319803
0.2,0.2,0.200687704,-0.000687704,-1.09E-05,3.66802359,8.007337873
0.2,0.2,0.200695584,-0.000695584,-1.33E-05,3.66761139,9.397296635
0.2,0.2,0.200701271,-0.000701271,-9.06E-06,3.667172495,9.782303632
0.2,0.2,0.200706286,-0.000706286,-6.43E-06,3.666623092,9.640256451
0.2,0.2,0.200709165,-0.000709165,-3.22E-06,3.665988514,8.56073258
0.2,0.2,0.200713348,-0.000713348,-6.57E-06,3.665534887,9.379948321
0.2,0.2,0.200716118,-0.000716118,-4.35E-06,3.665079557,9.751312026
0.2,0.2,0.200717641,-0.000717641,-1.96E-06,3.664523242,9.613010593
0.2,0.2,0.200716891,-0.000716891,8.53E-07,3.663891104,8.637498527
0.2,0.2,0.200715068,-0.000715068,2.29E-06,3.663316546,7.599002841
0.2,0.2,0.200716843,-0.000716843,-2.76E-06,3.662853569,8.864859648
0.2,0.2,0.200717356,-0.000717356,-8.57E-07,3.662423785,9.65740693
0.2,0.2,0.200715921,-0.000715921,2.05E-06,3.661921937,9.74689675
0.2,0.2,0.200712384,-0.000712384,4.16E-06,3.661313962,9.260105874
0.2,0.2,0.200706224,-0.000706224,7.13E-06,3.660697704,7.772679218
0.2,0.2,0.200703372,-0.000703372,4.00E-06,3.660192351,8.074138502
0.2,0.2,0.20070256,-0.00070256,1.36E-06,3.659771306,9.395079542
0.2,0.2,0.200699491,-0.000699491,4.85E-06,3.659327608,9.763659448
0.2,0.2,0.200694136,-0.000694136,6.85E-06,3.658782461,9.61328812
0.2,0.2,0.200685816,-0.000685816,9.35E-06,3.658166592,8.541077666
0.2,0.2,0.200682393,-0.000682393,5.38E-06,3.65773026,9.365244952
0.2,0.2,0.200677867,-0.000677867,7.11E-06,3.65729697,9.739078103
0.2,0.2,0.200670927,-0.000670927,8.96E-06,3.656774179,9.603569451
0.2,0.2,0.200661134,-0.000661134,1.12E-05,3.656187628,8.63791416
0.2,0.2,0.200651553,-0.000651553,1.20E-05,3.655660468,7.600430099
0.2,0.2,0.200647354,-0.000647354,6.51E-06,3.6552398,8.852860546
0.2,0.2,0.2006426,-0.0006426,7.94E-06,3.654852947,9.646868148
0.2,0.2,0.200635318,-0.000635318,1.04E-05,3.654405766,9.738525776
0.2,0.2,0.200625111,-0.000625111,1.20E-05,3.653869723,9.25662052
0.2,0.2,0.200612628,-0.000612628,1.44E-05,3.653331791,7.779384668
0.2,0.2,0.200604849,-0.000604849,1.09E-05,3.652894536,8.067633425
0.2,0.2,0.200600153,-0.000600153,7.85E-06,3.652533171,9.385819368
0.2,0.2,0.200593213,-0.000593213,1.10E-05,3.652155523,9.756714083
0.2,0.2,0.200583385,-0.000583385,1.26E-05,3.651695624,9.6086682
0.2,0.2,0.200570379,-0.000570379,1.46E-05,3.651180726,8.544784657
0.2,0.2,0.200563813,-0.000563813,1.03E-05,3.650818485,9.360621583
0.2,0.2,0.200556361,-0.000556361,1.17E-05,3.65046122,9.732927517
0.2,0.2,0.200546139,-0.000546139,1.32E-05,3.650033857,9.597400182
0.2,0.2,0.200532987,-0.000532987,1.50E-05,3.649558863,8.637327932
0.2,0.2,0.200520663,-0.000520663,1.54E-05,3.649135436,7.613567352
0.2,0.2,0.200514397,-0.000514397,9.71E-06,3.648799708,8.854093019
0.2,0.2,0.200507886,-0.000507886,1.09E-05,3.648492631,9.643067686
0.2,0.2,0.200498753,-0.000498753,1.31E-05,3.648140106,9.734184364
0.2,0.2,0.20048657,-0.00048657,1.44E-05,3.647721068,9.252623492
0.2,0.2,0.200472379,-0.000472379,1.64E-05,3.647304062,7.786781502
0.2,0.2,0.200463371,-0.000463371,1.26E-05,3.646967477,8.07674915
0.2,0.2,0.200457751,-0.000457751,9.38E-06,3.646690796,9.385165727
0.2,0.2,0.200449981,-0.000449981,1.23E-05,3.646403167,9.754207667
0.2,0.2,0.200439317,-0.000439317,1.37E-05,3.64605538,9.605444089
0.2,0.2,0.200425604,-0.000425604,1.54E-05,3.64566919,8.544127551
0.2,0.2,0.200418664,-0.000418664,1.09E-05,3.645399262,9.359303399
0.2,0.2,0.200410953,-0.000410953,1.21E-05,3.645134512,9.731750628
0.2,0.2,0.200400571,-0.000400571,1.34E-05,3.644819848,9.596677722
0.2,0.2,0.20038743,-0.00038743,1.50E-05,3.644472616,8.638996807
0.2,0.2,0.200375279,-0.000375279,1.52E-05,3.64416526,7.617749422
0.2,0.2,0.20036925,-0.00036925,9.34E-06,3.643923248,8.854425439
0.2,0.2,0.200363048,-0.000363048,1.03E-05,3.643703058,9.642783616
0.2,0.2,0.200354378,-0.000354378,1.24E-05,3.643451701,9.734153284
0.2,0.2,0.200342896,-0.000342896,1.35E-05,3.64315494,9.253385047
0.2,0.2,0.200329565,-0.000329565,1.54E-05,3.642861696,7.790945198
0.2,0.2,0.200321361,-0.000321361,1.15E-05,3.642626747,8.079374927
0.2,0.2,0.200316483,-0.000316483,8.14E-06,3.642434823,9.385761161
0.2,0.2,0.200309565,-0.000309565,1.09E-05,3.642236301,9.754835857
0.2,0.2,0.200300043,-0.000300043,1.22E-05,3.641997745,9.606303352
0.2,0.2,0.200287743,-0.000287743,1.38E-05,3.641734727,8.546627788
0.2,0.2,0.200281877,-0.000281877,9.20E-06,3.641552274,9.360518877
0.2,0.2,0.200275296,-0.000275296,1.03E-05,3.641374296,9.732781387
0.2,0.2,0.200266356,-0.000266356,1.15E-05,3.641164094,9.597793781
0.2,0.2,0.200254935,-0.000254935,1.30E-05,3.640933814,8.641326892
0.2,0.2,0.200244424,-0.000244424,1.32E-05,3.640731517,7.622459231
0.2,0.2,0.200239759,-0.000239759,7.22E-06,3.640573547,8.856790408
0.2,0.2,0.20023486,-0.00023486,8.17E-06,3.640430611,9.644325565
0.2,0.2,0.200227753,-0.000227753,1.02E-05,3.640268374,9.735659731
0.2,0.2,0.20021822,-0.00021822,1.12E-05,3.64007822,9.255075202
0.2,0.2,0.200206933,-0.000206933,1.31E-05,3.639891769,7.794839005
0.2,0.2,0.200200451,-0.000200451,9.08E-06,3.639743754,8.083236805
0.2,0.2,0.200197037,-0.000197037,5.70E-06,3.639623792,9.387875257
0.2,0.2,0.200191692,-0.000191692,8.44E-06,3.639500356,9.756682473
0.2,0.2,0.20018414,-0.00018414,9.67E-06,3.639353065,9.608075448
0.2,0.2,0.200174116,-0.000174116,1.13E-05,3.63919201,8.549039793
0.2,0.2,0.2001699,-0.0001699,6.61E-06,3.639081443,9.362596252
0.2,0.2,0.200164984,-0.000164984,7.71E-06,3.638974297,9.734831978
0.2,0.2,0.200158083,-0.000158083,8.92E-06,3.638848693,9.599906083
0.2,0.2,0.20014899,-0.00014899,1.04E-05,3.638712298,8.643972191
0.2,0.2,0.200140611,-0.000140611,1.05E-05,3.63859365,7.625861044
0.2,0.2,0.200137677,-0.000137677,4.54E-06,3.638502162,8.859212482
0.2,0.2,0.200134391,-0.000134391,5.48E-06,3.638419985,9.646496604
0.2,0.2,0.200129171,-0.000129171,7.46E-06,3.638327377,9.73783953
0.2,0.2,0.200121929,-0.000121929,8.54E-06,3.638219869,9.257374317
0.2,0.2,0.200112975,-0.000112975,1.04E-05,3.638115534,7.797984666
0.2,0.2,0.20010842,-0.00010842,6.38E-06,3.638033902,8.086133916
0.2,0.2,0.20010662,-0.00010662,3.01E-06,3.637968586,9.390153333
0.2,0.2,0.200102977,-0.000102977,5.75E-06,3.637901846,9.758895928
0.2,0.2,0.200097519,-9.75E-05,6.99E-06,3.637823006,9.610281197
0.2,0.2,0.200089867,-8.99E-05,8.62E-06,3.637737828,8.551561406
0.2,0.2,0.200087344,-8.73E-05,3.96E-06,3.637680418,9.364851409
0.2,0.2,0.200084113,-8.41E-05,5.07E-06,3.63762535,9.737032176
0.2,0.2,0.200079247,-7.92E-05,6.29E-06,3.637561551,9.602100287
0.2,0.2,0.200072441,-7.24E-05,7.77E-06,3.637493243,8.646401077
0.2,0.2,0.200066126,-6.61E-05,7.92E-06,3.63743482,7.628733287
0.2,0.2,0.200064847,-6.48E-05,1.98E-06,3.637390903,8.861551111
0.2,0.2,0.20006309,-6.31E-05,2.93E-06,3.637351968,9.648649567
0.2,0.2,0.200059636,-5.96E-05,4.94E-06,3.637308625,9.739961539
0.2,0.2,0.200054514,-5.45E-05,6.04E-06,3.637259189,9.259510478
0.2,0.2,0.200047692,-4.77E-05,7.90E-06,3.637212123,7.800552065
0.2,0.2,0.200044877,-4.49E-05,3.94E-06,3.637176473,8.088624347
0.2,0.2,0.200044522,-4.45E-05,5.93E-07,3.637148791,9.392260291
0.2,0.2,0.200042392,-4.24E-05,3.37E-06,3.637120883,9.760928083
0.2,0.2,0.200038776,-3.88E-05,4.63E-06,3.637088626,9.612270469
0.2,0.2,0.200033189,-3.32E-05,6.29E-06,3.637054696,8.553663464
0.2,0.2,0.200032126,-3.21E-05,1.67E-06,3.637032946,9.366833022
0.2,0.2,0.200030337,-3.03E-05,2.81E-06,3.637012613,9.738975142
0.2,0.2,0.200027198,-2.72E-05,4.06E-06,3.636989765,9.604020779
0.2,0.2,0.200022315,-2.23E-05,5.57E-06,3.636966223,8.648405572
0.2,0.2,0.200017718,-1.77E-05,5.76E-06,3.636947088,7.630894178
0.2,0.2,0.200017809,-1.78E-05,-1.40E-07,3.636933995,8.863452102
0.2,0.2,0.200017305,-1.73E-05,8.39E-07,3.636922909,9.65045868
0.2,0.2,0.200015292,-1.53E-05,2.88E-06,3.636911093,9.74173991
0.2,0.2,0.200011884,-1.19E-05,4.02E-06,3.636898535,9.261276646
0.2,0.2,0.200006771,-6.77E-06,5.92E-06,3.636887523,7.802484148
0.2,0.2,0.200005341,-5.34E-06,2.00E-06,3.636880589,8.090480957
0.2,0.2,0.200006129,-6.13E-06,-1.31E-06,3.636876251,9.393938197
0.2,0.2,0.200005186,-5.19E-06,1.49E-06,3.636872273,9.76256058
0.2,0.2,0.200003008,-3.01E-06,2.79E-06,3.636868502,9.613866379
0.2,0.2,0.19999902,9.80E-07,4.49E-06,3.636865621,8.555293461
0.2,0.2,0.19999908,9.20E-07,-9.41E-08,3.636865291,9.368381263
0.2,0.2,0.199998393,1.61E-06,1.08E-06,3.63686567,9.740486735
0.2,0.2,0.199996566,3.43E-06,2.36E-06,3.636867036,9.605501274
0.2,0.2,0.199993131,6.87E-06,3.92E-06,3.636869699,8.649905404
0.2,0.2,0.199989819,1.02E-05,4.15E-06,3.636873324,7.632459178
0.2,0.2,0.199990928,9.07E-06,-1.72E-06,3.63687792,8.864873509
0.2,0.2,0.199991351,8.65E-06,-7.05E-07,3.636882687,9.651817972
0.2,0.2,0.199990396,9.60E-06,1.36E-06,3.636888658,9.743067275
0.2,0.2,0.199988239,1.18E-05,2.54E-06,3.63689668,9.262577642
0.2,0.2,0.199984364,1.56E-05,4.49E-06,3.636905539,7.803850295
0.2,0.2,0.199983931,1.61E-05,6.06E-07,3.636914242,8.091801381
0.2,0.2,0.199985535,1.45E-05,-2.68E-06,3.636922487,9.395154308
0.2,0.2,0.199985438,1.46E-05,1.53E-07,3.636931279,9.763739622
0.2,0.2,0.199984277,1.57E-05,1.49E-06,3.636942527,9.61501064
0.2,0.2,0.19998141,1.86E-05,3.23E-06,3.63695578,8.556435344
0.2,0.2,0.199982253,1.77E-05,-1.32E-06,3.636966424,9.369473997
0.2,0.2,0.19998233,1.77E-05,-1.22E-07,3.636977285,9.741550381
0.2,0.2,0.199981406,1.86E-05,1.19E-06,3.636990731,9.606535897
0.2,0.2,0.199978962,2.10E-05,2.79E-06,3.637006242,8.650933101
0.2,0.2,0.199976523,2.35E-05,3.06E-06,3.637020816,7.633500998
0.2,0.2,0.199978317,2.17E-05,-2.78E-06,3.637033779,8.865836718
0.2,0.2,0.199979362,2.06E-05,-1.74E-06,3.637045926,9.652742555
0.2,0.2,0.199979113,2.09E-05,3.56E-07,3.637060037,9.74396532
0.2,0.2,0.199977784,2.22E-05,1.57E-06,3.637077275,9.263449784
0.2,0.2,0.199974721,2.53E-05,3.55E-06,3.637094804,7.804738561
0.2,0.2,0.199974937,2.51E-05,-3.03E-07,3.637110159,8.092655154
0.2,0.2,0.199977071,2.29E-05,-3.56E-06,3.637123633,9.395951124
0.2,0.2,0.199977518,2.25E-05,-7.06E-07,3.63713761,9.76451012
0.2,0.2,0.199977006,2.30E-05,6.55E-07,3.637154787,9.615753804
0.2,0.2,0.199974851,2.51E-05,2.43E-06,3.637174178,8.557165414
0.2,0.2,0.199976186,2.38E-05,-2.09E-06,3.637188845,9.370171324
0.2,0.2,0.199976742,2.33E-05,-8.72E-07,3.637203419,9.742225281
0.2,0.2,0.199976378,2.36E-05,4.70E-07,3.637220973,9.607186982
0.2,0.2,0.199974543,2.55E-05,2.09E-06,3.63724062,8.651570148
0.2,0.2,0.199972636,2.74E-05,2.39E-06,3.637258505,7.634136168
0.2,0.2,0.199974845,2.52E-05,-3.42E-06,3.637273844,8.866426479
0.2,0.2,0.199976263,2.37E-05,-2.36E-06,3.637287962,9.653306719
0.2,0.2,0.199976435,2.36E-05,-2.45E-07,3.637304093,9.744509033
0.2,0.2,0.199975595,2.44E-05,9.91E-07,3.637323393,9.263972007
0.2,0.2,0.199973006,2.70E-05,3.00E-06,3.637342606,7.805260129
0.2,0.2,0.199973598,2.64E-05,-8.29E-07,3.63735905,8.093153721
0.2,0.2,0.199976036,2.40E-05,-4.07E-06,3.637373234,9.396416183
0.2,0.2,0.199976792,2.32E-05,-1.20E-06,3.637387769,9.764956525
0.2,0.2,0.199976647,2.34E-05,1.86E-07,3.637405368,9.616180007
0.2,0.2,0.199974888,2.51E-05,1.98E-06,3.6374249,8.557577606
0.2,0.2,0.199976494,2.35E-05,-2.52E-06,3.637439458,9.370562772
0.2,0.2,0.19997731,2.27E-05,-1.28E-06,3.637453752,9.742600927
0.2,0.2,0.199977249,2.28E-05,7.92E-08,3.637470747,9.60754525
0.2,0.2,0.199975738,2.43E-05,1.72E-06,3.637489489,8.651915153
0.2,0.2,0.19997411,2.59E-05,2.04E-06,3.637506308,7.634474325
0.2,0.2,0.199976534,2.35E-05,-3.75E-06,3.637520625,8.866738598
0.2,0.2,0.199978143,2.19E-05,-2.68E-06,3.637533672,9.653602726
0.2,0.2,0.199978527,2.15E-05,-5.49E-07,3.637548413,9.744790808
0.2,0.2,0.199977931,2.21E-05,7.04E-07,3.637565833,9.264238338
0.2,0.2,0.199975574,2.44E-05,2.73E-06,3.637582929,7.805520968
0.2,0.2,0.199976346,2.37E-05,-1.08E-06,3.637597475,8.093399421
0.2,0.2,0.199978927,2.11E-05,-4.31E-06,3.63760997,9.396642807
0.2,0.2,0.199979828,2.02E-05,-1.42E-06,3.637622627,9.765171011
0.2,0.2,0.19997985,2.02E-05,-2.78E-08,3.63763779,9.616380999
0.2,0.2,0.199978267,2.17E-05,1.78E-06,3.637654399,8.557767746
0.2,0.2,0.199979992,2.00E-05,-2.71E-06,3.637666764,9.370740075
0.2,0.2,0.199980919,1.91E-05,-1.45E-06,3.637678793,9.742767918
0.2,0.2,0.199980984,1.90E-05,-8.35E-08,3.637692946,9.607700752
0.2,0.2,0.199979604,2.04E-05,1.57E-06,3.637708356,8.652060923
0.2,0.2,0.199978084,2.19E-05,1.91E-06,3.637722049,7.634613985
0.2,0.2,0.19998059,1.94E-05,-3.88E-06,3.637733771,8.866863538
0.2,0.2,0.199982269,1.77E-05,-2.80E-06,3.637744364,9.653717942
0.2,0.2,0.199982728,1.73E-05,-6.56E-07,3.637756191,9.744897006
0.2,0.2,0.199982213,1.78E-05,6.07E-07,3.637770014,9.264334625
0.2,0.2,0.199979931,2.01E-05,2.64E-06,3.637783381,7.805612277
0.2,0.2,0.199980757,1.92E-05,-1.16E-06,3.637794797,8.093481687
0.2,0.2,0.199983379,1.66E-05,-4.38E-06,3.637804637,9.396714436
0.2,0.2,0.199984318,1.57E-05,-1.48E-06,3.637814464,9.765235349
0.2,0.2,0.199984381,1.56E-05,-8.04E-08,3.637826105,9.616437177
0.2,0.2,0.199982837,1.72E-05,1.74E-06,3.637838672,8.557816943
0.2,0.2,0.199984584,1.54E-05,-2.74E-06,3.637848117,9.370781964
0.2,0.2,0.19998553,1.45E-05,-1.48E-06,3.637857213,9.742803771
0.2,0.2,0.199985612,1.44E-05,-1.06E-07,3.63786779,9.607729861
0.2,0.2,0.199984245,1.58E-05,1.56E-06,3.637879138,8.652084087
0.2,0.2,0.199982732,1.73E-05,1.90E-06,3.637889127,7.63463314
0.2,0.2,0.199985238,1.48E-05,-3.88E-06,3.637897847,8.866874878
0.2,0.2,0.199986915,1.31E-05,-2.79E-06,3.637905651,9.653723972
0.2,0.2,0.199987368,1.26E-05,-6.48E-07,3.63791423,9.744898012
0.2,0.2,0.199986842,1.32E-05,6.21E-07,3.637924122,9.264330125
0.2,0.2,0.199984541,1.55E-05,2.67E-06,3.637933501,7.805604706
0.2,0.2,0.19998535,1.47E-05,-1.13E-06,3.637941632,8.093469291
0.2,0.2,0.199987954,1.20E-05,-4.35E-06,3.637948725,9.396696611
0.2,0.2,0.199988872,1.11E-05,-1.45E-06,3.637955662,9.765213714
0.2,0.2,0.199988905,1.11E-05,-4.31E-08,3.637963759,9.616411303
0.2,0.2,0.199987324,1.27E-05,1.78E-06,3.637972325,8.557787433
0.2,0.2,0.199989042,1.10E-05,-2.70E-06,3.637978918,9.370748793
0.2,0.2,0.199989957,1.00E-05,-1.44E-06,3.637985182,9.742767593
0.2,0.2,0.199989999,1.00E-05,-5.39E-08,3.637992348,9.60769037
0.2,0.2,0.199988584,1.14E-05,1.62E-06,3.637999873,8.652041723
0.2,0.2,0.199987023,1.30E-05,1.96E-06,3.638006421,7.634588901
0.2,0.2,0.199989489,1.05E-05,-3.82E-06,3.638012382,8.866826969
0.2,0.2,0.199991128,8.87E-06,-2.73E-06,3.638017645,9.653673617
0.2,0.2,0.199991535,8.46E-06,-5.82E-07,3.638023293,9.744845402
0.2,0.2,0.19999095,9.05E-06,6.90E-07,3.638029676,9.264275113
0.2,0.2,0.199988589,1.14E-05,2.74E-06,3.638035535,7.805548518
0.2,0.2,0.199989345,1.07E-05,-1.06E-06,3.638040795,8.093411078
0.2,0.2,0.199991905,8.10E-06,-4.27E-06,3.638045507,9.396636057
0.2,0.2,0.199992775,7.23E-06,-1.37E-06,3.638049958,9.765151635
0.2,0.2,0.199992748,7.25E-06,3.43E-08,3.638055031,9.616347598
0.2,0.2,0.199991097,8.90E-06,1.86E-06,3.638060216,8.557722486
0.2,0.2,0.199992764,7.24E-06,-2.62E-06,3.638064421,9.37068248
0.2,0.2,0.199993627,6.37E-06,-1.35E-06,3.638068329,9.742700245
0.2,0.2,0.199993605,6.39E-06,2.82E-08,3.638072679,9.607621953
0.2,0.2,0.199992117,7.88E-06,1.70E-06,3.638077076,8.651972548
0.2,0.2,0.199990489,9.51E-06,2.04E-06,3.638080833,7.634519414
0.2,0.2,0.199992901,7.10E-06,-3.73E-06,3.638084573,8.866756222
0.2,0.2,0.199994489,5.51E-06,-2.65E-06,3.638087804,9.653602172
0.2,0.2,0.199994836,5.16E-06,-4.96E-07,3.638091121,9.744773445
0.2,0.2,0.199994179,5.82E-06,7.75E-07,3.638094736,9.264202712
0.2,0.2,0.199991743,8.26E-06,2.82E-06,3.63809784,7.805476291
0.2,0.2,0.199992438,7.56E-06,-9.73E-07,3.63810087,8.093338507
0.2,0.2,0.199994946,5.05E-06,-4.19E-06,3.638103746,9.396562901
0.2,0.2,0.199995761,4.24E-06,-1.29E-06,3.638106288,9.765078323
0.2,0.2,0.199995667,4.33E-06,1.20E-07,3.638109056,9.616274225
0.2,0.2,0.19999394,6.06E-06,1.95E-06,3.638111682,8.557649348
0.2,0.2,0.199995552,4.45E-06,-2.53E-06,3.638114092,9.370609291
0.2,0.2,0.199996361,3.64E-06,-1.27E-06,3.63811624,9.742627169
0.2,0.2,0.199996273,3.73E-06,1.13E-07,3.6381185,9.60754911
0.2,0.2,0.199994711,5.29E-06,1.78E-06,3.638120591,8.651900191
0.2,0.2,0.199993017,6.98E-06,2.13E-06,3.638122306,7.634447689
0.2,0.2,0.199995374,4.63E-06,-3.65E-06,3.638124431,8.866684527
0.2,0.2,0.199996913,3.09E-06,-2.56E-06,3.638126193,9.653530735
0.2,0.2,0.199997202,2.80E-06,-4.14E-07,3.638127834,9.744702453
0.2,0.2,0.199996476,3.52E-06,8.57E-07,3.638129472,9.264132348
0.2,0.2,0.19999397,6.03E-06,2.90E-06,3.638130624,7.805406865
0.2,0.2,0.199994608,5.39E-06,-8.93E-07,3.638132085,8.093269624
0.2,0.2,0.199997068,2.93E-06,-4.11E-06,3.638133674,9.396494332
0.2,0.2,0.199997834,2.17E-06,-1.21E-06,3.638134888,9.765010304
0.2,0.2,0.19999768,2.32E-06,1.98E-07,3.638136061,9.616206947
0.2,0.2,0.199995884,4.12E-06,2.02E-06,3.63813693,8.557583053
0.2,0.2,0.199997449,2.55E-06,-2.45E-06,3.638138117,9.370543594
0.2,0.2,0.19999821,1.79E-06,-1.19E-06,3.638139071,9.742562146
0.2,0.2,0.199998065,1.94E-06,1.87E-07,3.638139922,9.607484947
0.2,0.2,0.199996439,3.56E-06,1.86E-06,3.638140472,8.651837103
0.2,0.2,0.199994688,5.31E-06,2.20E-06,3.638140831,7.634385662
0.2,0.2,0.199997,3.00E-06,-3.58E-06,3.638141891,8.866623126
0.2,0.2,0.199998497,1.50E-06,-2.49E-06,3.63814269,9.65347002
0.2,0.2,0.199998738,1.26E-06,-3.46E-07,3.63814324,9.744642603
0.2,0.2,0.199997955,2.05E-06,9.24E-07,3.638143599,9.264073579
0.2,0.2,0.199995393,4.61E-06,2.97E-06,3.6381435,7.805349332
0.2,0.2,0.199995984,4.02E-06,-8.29E-07,3.638143962,8.093212993
0.2,0.2,0.199998406,1.59E-06,-4.04E-06,3.638144738,9.396438384
0.2,0.2,0.199999132,8.68E-07,-1.15E-06,3.638145118,9.764955179
0.2,0.2,0.19999893,1.07E-06,2.60E-07,3.638145296,9.616152856
0.2,0.2,0.199997081,2.92E-06,2.08E-06,3.638145079,8.557530195
0.2,0.2,0.199998607,1.39E-06,-2.39E-06,3.638145515,9.370491562
0.2,0.2,0.199999331,6.69E-07,-1.14E-06,3.638145743,9.74251097
0.2,0.2,0.199999143,8.57E-07,2.44E-07,3.638145743,9.607434821
0.2,0.2,0.199997468,2.53E-06,1.91E-06,3.63814537,8.651788202
0.2,0.2,0.199995673,4.33E-06,2.25E-06,3.638144926,7.634337904
0.2,0.2,0.199997951,2.05E-06,-3.53E-06,3.638145361,8.866576175
0.2,0.2,0.199999416,5.84E-07,-2.44E-06,3.638145598,9.653423861
0.2,0.2,0.199999623,3.77E-07,-2.95E-07,3.638145517,9.744597391
0.2,0.2,0.199998797,1.20E-06,9.74E-07,3.638145144,9.264029519
0.2,0.2,0.199996193,3.81E-06,3.02E-06,3.638144337,7.805306496
0.2,0.2,0.19999675,3.25E-06,-7.81E-07,3.63814424,8.093171101
0.2,0.2,0.199999145,8.55E-07,-4.00E-06,3.638144565,9.396397244
0.2,0.2,0.199999842,1.58E-07,-1.10E-06,3.638144487,9.764914872
0.2,0.2,0.199999605,3.95E-07,3.04E-07,3.638144124,9.616113577
0.2,0.2,0.199997718,2.28E-06,2.13E-06,3.638143325,8.557492099
0.2,0.2,0.199999887,1.13E-07,-4.12E-06,3.638143563,9.74148004
0.8,0.2,0.199999887,0.600000113,41231686042,3.638143563,100
0.8,0.2,0.199999887,0.600000113,0,3.638143563,100
0.8,0.2,0.200044671,0.599955329,-0.000271525,3.737101019,100
0.8,0.2,0.200177224,0.599822776,-0.000803678,3.836043832,100
0.8,0.2,0.20047616,0.59952384,-0.00140296,3.96382192,100
0.8,0.2,0.200991216,0.599008784,-0.002112863,4.109909761,100
0.8,0.2,0.201216729,0.598783271,-0.002616649,4.161525169,100
0.8,0.2,0.201216729,0.598783271,-0.002744264,4.161525169,100
0.8,0.8,0.202133168,0.597866832,-0.003127167,4.336873641,75.76267201
0.8,0.8,0.203230307,0.596769693,-0.003743776,4.5119259,69.30262667
0.8,0.8,0.205493166,0.594506834,-0.004446301,4.815082944,67.45740198
0.8,0.8,0.208830091,0.591169909,-0.005354068,5.184601298,67.25336251
0.8,0.8,0.214246313,0.585753687,-0.006447064,5.679043672,67.57425124
0.8,0.8,0.22159226,0.57840774,-0.007684,6.235614961,69.60169095
0.8,0.8,0.226598774,0.573401226,-0.008644217,6.569184963,67.83843597
0.8,0.8,0.231999728,0.568000272,-0.009325253,6.899739186,67.30066804
0.8,0.8,0.239842575,0.560157425,-0.010065365,7.339306305,67.33408517
0.8,0.8,0.250242631,0.549757369,-0.0109276,7.867542461,68.53621351
0.8,0.8,0.257455595,0.542544405,-0.011631936,8.206228559,67.45171194
0.8,0.8,0.264986007,0.535013993,-0.012143865,8.540341619,66.94466408
0.8,0.8,0.274951049,0.525048951,-0.012674238,8.957105225,66.92374587
0.8,0.8,0.287000305,0.512999695,-0.013248926,9.429174684,67.9014708
0.8,0.8,0.295596961,0.504403039,-0.013706536,9.748241607,66.79823986
0.8,0.8,0.304406038,0.495593962,-0.014045223,10.06184848,66.22199661
0.8,0.8,0.315598258,0.484401742,-0.014383816,10.44313997,66.11253473
0.8,0.8,0.328754789,0.471245211,-0.01473482,10.8698073,66.87156131
0.8,0.8,0.338325858,0.461674142,-0.015005107,11.16734855,65.8400108
0.8,0.8,0.34802242,0.45197758,-0.015201851,11.45874336,65.23185381
0.8,0.8,0.359946578,0.440053422,-0.015386599,11.80440192,65.06587511
0.8,0.8,0.373589042,0.426410958,-0.015561721,12.18421498,65.67031123
0.8,0.8,0.386093299,0.413906701,-0.015695982,12.5189448,66.33970629
0.8,0.8,0.396268022,0.403731978,-0.015773534,12.78265759,64.81364692
0.8,0.8,0.405763803,0.394236197,-0.015823648,13.02208986,63.76119974
0.8,0.8,0.416870434,0.383129566,-0.015855301,13.29436328,63.3502344
0.8,0.8,0.430338434,0.369661566,-0.015864841,13.61389417,63.43628459
0.8,0.8,0.444008217,0.355991783,-0.015844738,13.92691745,64.48431391
0.8,0.8,0.455266309,0.344733691,-0.015793442,14.17666799,63.82801254
0.8,0.8,0.464684928,0.335315072,-0.015731905,14.38023808,62.22917563
0.8,0.8,0.474611028,0.325388972,-0.015665062,14.58956201,61.5457057
0.8,0.8,0.486783147,0.313216853,-0.015569721,14.83918179,61.29990797
0.8,0.8,0.500495019,0.299504981,-0.015436451,15.11130749,61.91032469
0.8,0.8,0.510229144,0.289770856,-0.015290731,15.29887157,60.756443
0.8,0.8,0.519880787,0.280119213,-0.015161166,15.48026425,60.04991236
0.8,0.8,0.531494855,0.268505145,-0.015004974,15.6925775,59.77841489
0.8,0.8,0.54448543,0.25551457,-0.014806924,15.92243462,60.2772269
0.8,0.8,0.556130611,0.243869389,-0.014589419,16.12172897,60.888736
0.8,0.8,0.565416436,0.234583564,-0.014384468,16.27615577,59.30167531
0.8,0.8,0.573929284,0.226070716,-0.014206003,16.41417297,58.19122334
0.8,0.8,0.58372698,0.21627302,-0.014013667,16.56879767,57.72896961
0.8,0.8,0.595414629,0.204585371,-0.013774438,16.74733237,57.76089655
0.8,0.8,0.60708023,0.19291977,-0.013500669,16.91905501,58.77676829
0.8,0.8,0.616531282,0.183468718,-0.013234627,17.05343984,58.11706438
0.8,0.8,0.624317602,0.175682398,-0.013007917,17.1609255,56.48930651
0.8,0.8,0.632410276,0.167589724,-0.01279733,17.26945638,55.78896714
0.8,0.8,0.642205984,0.157794016,-0.012549479,17.39643475,55.53238659
0.8,0.8,0.653094682,0.146905318,-0.012251898,17.53181415,56.13647306
0.8,0.8,0.660723496,0.139276504,-0.011969842,17.62300422,54.99831336
0.8,0.8,0.668203732,0.131796268,-0.011736718,17.70937893,54.30375877
0.8,0.8,0.677087745,0.122912255,-0.011476386,17.80795165,54.05056102
0.8,0.8,0.686878153,0.113121847,-0.011169743,17.91137578,54.57299993
0.8,0.8,0.69553529,0.10446471,-0.010855601,17.99812363,55.20055375
0.8,0.8,0.702365584,0.097634416,-0.010577705,18.06336707,53.65095902
0.8,0.8,0.708571286,0.091428714,-0.010343531,18.12007595,52.57508029
0.8,0.8,0.715638166,0.084361834,-0.010100112,18.18156444,52.1510946
0.8,0.8,0.723958772,0.076041228,-0.009809132,18.24957732,52.2339975
0.8,0.8,0.732149534,0.067850466,-0.009488819,18.3116639,53.29638793
0.8,0.8,0.738708332,0.061291668,-0.009189113,18.35774325,52.68115698
0.8,0.8,0.744063724,0.055936276,-0.008940711,18.39284664,51.10677358
0.8,0.8,0.749580668,0.050419332,-0.008714663,18.42650418,50.45707502
0.8,0.8,0.75618294,0.04381706,-0.00845493,18.46328373,50.26422759
0.8,0.8,0.763422328,0.036577672,-0.008150984,18.49896618,50.94257988
0.8,0.8,0.768437492,0.031562508,-0.007869575,18.52067169,49.85868238
0.8,0.8,0.773307398,0.026692602,-0.007641642,18.53922696,49.22090437
0.8,0.8,0.779028549,0.020971451,-0.007391726,18.5576597,49.03890724
0.8,0.8,0.785254057,0.014745943,-0.00710298,18.57329445,49.643836
0.8,0.8,0.790687762,0.009312238,-0.006812767,18.58287719,50.35030082
0.8,0.8,0.794924325,0.005075675,-0.006559908,18.58751724,48.86635004
0.8,0.8,0.798734384,0.001265616,-0.006350504,18.58941401,47.85081169
0.8,0.8,0.803026967,-0.003026967,-0.006135909,18.58878887,47.49861604
0.8,0.8,0.808016529,-0.008016529,-0.005882889,18.58409008,47.66965639
0.8,0.8,0.81285818,-0.01285818,-0.00560869,18.57506596,48.82308286
0.8,0.8,0.816681009,-0.016681009,-0.00535502,18.56451538,48.28667029
0.8,0.8,0.819764519,-0.019764519,-0.005147387,18.55359452,46.77691278
0.8,0.8,0.822905196,-0.022905196,-0.004961549,18.54008346,46.1958434
0.8,0.8,0.82661388,-0.02661388,-0.004750096,18.52074095,46.0884048
0.8,0.8,0.830615551,-0.030615551,-0.004505742,18.49531241,46.86384512
0.8,0.8,0.833344154,-0.033344154,-0.004280963,18.47492384,45.85184846
0.8,0.8,0.835958612,-0.035958612,-0.00410188,18.4528321,45.28517159
0.8,0.8,0.838983011,-0.038983011,-0.003907556,18.42382016,45.18944786
0.8,0.8,0.842212847,-0.042212847,-0.0036856,18.38822944,45.89145604
0.8,0.8,0.844976016,-0.044976016,-0.003464823,18.35345539,46.68492229
0.8,0.8,0.847089975,-0.047089975,-0.00327304,18.32371997,45.27433498
0.8,0.8,0.848960453,-0.048960453,-0.00311713,18.29489782,44.32610766
0.8,0.8,0.851030725,-0.051030725,-0.002959045,18.25991227,44.05145973
0.8,0.8,0.853383469,-0.053383469,-0.002774155,18.2156247,44.31603294
0.8,0.8,0.855607001,-0.055607001,-0.002576145,18.16857923,45.56263689
0.8,0.8,0.857315464,-0.057315464,-0.002393316,18.12827034,45.1036447
0.8,0.8,0.858660477,-0.058660477,-0.002245012,18.09352609,43.66010134
0.8,0.8,0.859999503,-0.059999503,-0.002115061,18.05596068,43.14745649
0.8,0.8,0.861536043,-0.061536043,-0.001967947,18.00850657,43.12357981
0.8,0.8,0.863134262,-0.063134262,-0.001799717,17.95314083,43.99276037
0.8,0.8,0.864182494,-0.064182494,-0.001644568,17.91256235,43.04759538
0.8,0.8,0.865153636,-0.065153636,-0.001523623,17.8713399,42.54713374
0.8,0.8,0.866232207,-0.066232207,-0.001393558,17.82048911,42.53099796
0.8,0.8,0.867324536,-0.067324536,-0.001246509,17.76196244,43.3217961
0.8,0.8,0.868202857,-0.068202857,-0.001101356,17.7079175,44.19501774
0.8,0.8,0.868832229,-0.068832229,-0.000974423,17.66366047,42.84884265
0.8,0.8,0.869356802,-0.069356802,-0.000874167,17.62219573,41.95945688
0.8,0.8,0.869898167,-0.069898167,-0.000773779,17.57347768,41.75252795
0.8,0.8,0.870455408,-0.070455408,-0.00065707,17.51395628,42.09793992
0.8,0.8,0.870916062,-0.070916062,-0.000533716,17.45294213,43.4251775
0.8,0.8,0.871215135,-0.071215135,-0.000418952,17.40220971,43.03233223
0.8,0.8,0.871410886,-0.071410886,-0.000326725,17.35948239,41.64353501
0.8,0.8,0.87156845,-0.07156845,-0.000248877,17.31422008,41.18774923
0.8,0.8,0.871694074,-0.071694074,-0.000160898,17.25828816,41.23288399
0.8,0.8,0.871748725,-0.071748725,-6.15E-05,17.19459333,42.17889477
0.8,0.8,0.871728627,-0.071728627,3.15E-05,17.14886518,41.28819723
0.8,0.8,0.871664044,-0.071664044,0.000101322,17.10316361,40.84121609
0.8,0.8,0.871528191,-0.071528191,0.000175528,17.04774726,40.88884442
0.8,0.8,0.871301841,-0.071301841,0.000258305,16.98516342,41.75018406
0.8,0.8,0.871031151,-0.071031151,0.000339433,16.92840885,42.68601732
0.8,0.8,0.870764957,-0.070764957,0.000412127,16.88261523,41.39010633
0.8,0.8,0.870485118,-0.070485118,0.00046632,16.84023211,40.54646297
0.8,0.8,0.870121708,-0.070121708,0.000519421,16.79104267,40.3917787
0.8,0.8,0.86962913,-0.06962913,0.000580831,16.73178129,40.7990968
0.8,0.8,0.869073024,-0.069073024,0.000644321,16.67192416,42.18750835
0.8,0.8,0.868569675,-0.068569675,0.000705111,16.62279602,41.84428097
0.8,0.8,0.868118338,-0.068118338,0.000753302,16.58184781,40.49652723
0.8,0.8,0.867617809,-0.067617809,0.000790586,16.53887877,40.08308581
0.8,0.8,0.866967482,-0.066967482,0.000832929,16.48633678,40.17924591
0.8,0.8,0.86618635,-0.06618635,0.00087965,16.42721505,41.18164935
0.8,0.8,0.865596272,-0.065596272,0.000925744,16.38521509,40.3305034
0.8,0.8,0.864986169,-0.064986169,0.000957161,16.34359719,39.92219899
0.8,0.8,0.864220091,-0.064220091,0.000989814,16.29359564,40.01565574
0.8,0.8,0.863321713,-0.063321713,0.001025218,16.23771394,40.92735108
0.8,0.8,0.862476696,-0.062476696,0.001059614,16.18755483,41.90763398
0.8,0.8,0.861770668,-0.061770668,0.00109308,16.1474295,40.64697275
0.8,0.8,0.861102016,-0.061102016,0.001114222,16.1105611,39.8352567
0.8,0.8,0.860308864,-0.060308864,0.001133647,16.06808825,39.71686702
0.8,0.8,0.85932851,-0.05932851,0.001156006,16.01735844,40.16688686
0.8,0.8,0.858312133,-0.058312133,0.001177612,15.96659319,41.59725282
0.8,0.8,0.857454794,-0.057454794,0.001200992,15.92527447,41.28777244
0.8,0.8,0.856724483,-0.056724483,0.001218913,15.89106978,39.96764625
0.8,0.8,0.855946687,-0.055946687,0.001228522,15.85540284,39.58260744
0.8,0.8,0.854978555,-0.054978555,0.001239971,15.81209919,39.71277604
0.8,0.8,0.853867336,-0.053867336,0.001251378,15.76377296,40.75248287
0.8,0.8,0.853060225,-0.053060225,0.001266231,15.72969514,39.92731119
0.8,0.8,0.852249216,-0.052249216,0.001272346,15.69613256,39.54424288
0.8,0.8,0.851260234,-0.051260234,0.00127782,15.6560767,39.66739205
0.8,0.8,0.850136394,-0.050136394,0.00128252,15.61165254,40.61144875
0.8,0.8,0.849110106,-0.049110106,0.001286924,15.57208228,41.62004132
0.8,0.8,0.848273363,-0.048273363,0.001295449,15.54063338,40.38165721
0.8,0.8,0.847495768,-0.047495768,0.001295754,15.51189791,39.58999958
0.8,0.8,0.84659034,-0.04659034,0.001294121,15.47898476,39.49425211
0.8,0.8,0.845494421,-0.045494421,0.001292281,15.43993965,39.97068995
0.8,0.8,0.844382601,-0.044382601,0.001288202,15.4011573,41.42676539
0.8,0.8,0.843462521,-0.043462521,0.001288883,15.36980556,41.13776222
0.8,0.8,0.842690444,-0.042690444,0.001288617,15.3439972,39.83428872
0.8,0.8,0.841878948,-0.041878948,0.001281745,15.31722655,39.46624563
0.8,0.8,0.84088349,-0.04088349,0.00127497,15.28491824,39.6165898
0.8,0.8,0.839759492,-0.039759492,0.001265774,15.2491156,40.67820236
0.8,0.8,0.838954689,-0.038954689,0.001262607,15.22403001,39.8681237
0.8,0.8,0.838155189,-0.038155189,0.001254287,15.19945524,39.49960339
0.8,0.8,0.837192058,-0.037192058,0.001244421,15.17029845,39.63970926
0.8,0.8,0.836112486,-0.036112486,0.001232004,15.13818368,40.60204
0.8,0.8,0.835139637,-0.035139637,0.001219914,15.10977665,41.62643483
0.8,0.8,0.834354915,-0.034354915,0.001214908,15.08733499,40.40033761
0.8,0.8,0.833632353,-0.033632353,0.001204046,15.06693586,39.61963996
0.8,0.8,0.832798888,-0.032798888,0.001191263,15.04369751,39.53614074
0.8,0.8,0.831800915,-0.031800915,0.001176788,15.01630756,40.02668855
0.8,0.8,0.830800163,-0.030800163,0.001159515,14.98929671,41.49630077
0.8,0.8,0.829980128,-0.029980128,0.001148736,14.96760562,41.21792576
0.8,0.8,0.82929743,-0.02929743,0.001139438,14.9498487,39.92298153
0.8,0.8,0.828585484,-0.028585484,0.001124505,14.93152613,39.56354265
0.8,0.8,0.82771964,-0.02771964,0.001108962,14.90954685,39.7239551
0.8,0.8,0.826751685,-0.026751685,0.00109005,14.88536501,40.79630512
0.8,0.8,0.826064192,-0.026064192,0.001078566,14.86853361,39.99349845
0.8,0.8,0.825386159,-0.025386159,0.001063724,14.8521369,39.63188015
0.8,0.8,0.824575766,-0.024575766,0.001047074,14.83280409,39.77988822
0.8,0.8,0.823675591,-0.023675591,0.001027278,14.81166654,40.75054737
0.8,0.8,0.82287151,-0.02287151,0.001008286,14.79311065,41.78196982
0.8,0.8,0.822227028,-0.022227028,0.000997788,14.77854795,40.56121954
0.8,0.8,0.821637403,-0.021637403,0.000982525,14.76538713,39.78519354
0.8,0.8,0.820961908,-0.020961908,0.000965477,14.75048594,39.70679589
0.8,0.8,0.820159366,-0.020159366,0.000946341,14.73305176,40.20305045
0.8,0.8,0.819361526,-0.019361526,0.000924414,14.71600119,41.67794329
0.8,0.8,0.818712062,-0.018712062,0.000909793,14.70241493,41.40356894
0.8,0.8,0.818174251,-0.018174251,0.000897617,14.69136597,40.11173466
0.8,0.8,0.81761695,-0.01761695,0.000880245,14.68003681,39.75532676
0.8,0.8,0.816943767,-0.016943767,0.000862205,14.66654634,39.91913821
0.8,0.8,0.816197203,-0.016197203,0.000840735,14.65183527,40.99491309
0.8,0.8,0.815669897,-0.015669897,0.000827257,14.64168044,40.19429494
0.8,0.8,0.815152948,-0.015152948,0.000811009,14.63185791,39.83464066
0.8,0.8,0.814539148,-0.014539148,0.000793065,14.62036917,39.98474447
0.8,0.8,0.813862591,-0.013862591,0.000772086,14.60792853,40.95740655
0.8,0.8,0.813262704,-0.013262704,0.000752236,14.59711685,41.99032533
0.8,0.8,0.812783912,-0.012783912,0.000741266,14.58870709,40.77058083
0.8,0.8,0.812348355,-0.012348355,0.000725791,14.58116697,39.99531751
0.8,0.8,0.811852508,-0.011852508,0.00070871,14.57270199,39.91761026
0.8,0.8,0.811267551,-0.011267551,0.000689768,14.56290074,40.41442862
0.8,0.8,0.810690726,-0.010690726,0.000668336,14.55342908,41.88959785
0.8,0.8,0.810223564,-0.010223564,0.000654418,14.54596745,41.61524566
0.8,0.8,0.809838306,-0.009838306,0.000643003,14.53995867,40.3232914
0.8,0.8,0.809441666,-0.009441666,0.000626485,14.53385627,39.96661749
0.8,0.8,0.808965721,-0.008965721,0.000609584,14.52667175,40.12991701
0.8,0.8,0.808442105,-0.008442105,0.000589665,14.51894601,41.20487343
0.8,0.8,0.808073817,-0.008073817,0.000577783,14.51368366,40.40352471
0.8,0.8,0.807714953,-0.007714953,0.000563001,14.50865255,40.04302251
0.8,0.8,0.807291743,-0.007291743,0.000546811,14.50284666,40.1919475
0.8,0.8,0.806829031,-0.006829031,0.000528047,14.49666286,41.16308677
0.8,0.8,0.806421834,-0.006421834,0.000510609,14.4913833,42.19445613
0.8,0.8,0.806097685,-0.006097685,0.000501848,14.48734212,40.97335517
0.8,0.8,0.805804609,-0.005804609,0.00048837,14.48377167,40.19674825
0.8,0.8,0.805473355,-0.005473355,0.000473458,14.47982734,40.11737953
0.8,0.8,0.805085623,-0.005085623,0.000457205,14.4753521,40.61205581
0.8,0.8,0.804706847,-0.004706847,0.000438868,14.47113026,42.08490807
0.8,0.8,0.804401382,-0.004401382,0.000427906,14.46788244,41.80854687
0.8,0.8,0.804150321,-0.004150321,0.000419026,14.46532178,40.51484577
0.8,0.8,0.803893942,-0.003893942,0.000404945,14.46277607,40.15626574
0.8,0.8,0.803588737,-0.003588737,0.000390902,14.45985623,40.31713715
0.8,0.8,0.803256244,-0.003256244,0.000374434,14.45682009,41.38923513
0.8,0.8,0.803023095,-0.003023095,0.000365772,14.45482013,40.58577798
0.8,0.8,0.802797624,-0.002797624,0.000353727,14.45296581,40.22312208
0.8,0.8,0.802534004,-0.002534004,0.000340613,14.45090381,40.36937638
0.8,0.8,0.802248783,-0.002248783,0.000325495,14.44881106,41.33742433
0.8,0.8,0.802000126,-0.002000126,0.000311806,14.44712071,42.36592433
0.8,0.8,0.801802274,-0.001802274,0.000306313,14.44589468,41.14246714
0.8,0.8,0.801624833,-0.001624833,0.000295681,14.44486718,40.36364497
0.8,0.8,0.801426303,-0.001426303,0.000283757,14.44380066,40.2816655
0.8,0.8,0.801196409,-0.001196409,0.000271085,14.44269035,40.77314207
0.8,0.8,0.800974832,-0.000974832,0.00025673,14.44175711,42.24270295
0.8,0.8,0.800796756,-0.000796756,0.000249455,14.44112781,41.96359921
0.8,0.8,0.80065077,-0.00065077,0.000243653,14.44069532,40.6675845
0.8,0.8,0.800503591,-0.000503591,0.000232466,14.44033057,40.30654847
0.8,0.8,0.800330458,-0.000330458,0.000221747,14.44000607,40.46437943
0.8,0.8,0.80014469,-0.00014469,0.000209201,14.43979783,41.53300788
0.8,0.8,0.800014579,-1.46E-05,0.000204122,14.43974828,40.72705647
0.8,0.8,0.799890241,0.000109759,0.000195067,14.4397793,40.36190442
0.8,0.8,0.799746861,0.000253139,0.000185254,14.43992078,40.50512819
0.8,0.8,0.799594404,0.000405596,0.000173985,14.4402119,41.46974882
0.8,0.8,0.799463474,0.000536526,0.000164181,14.44059121,42.49513666
0.8,0.8,0.799358823,0.000641177,0.000162021,14.44097342,41.26916725
0.8,0.8,0.799266255,0.000733745,0.000154251,14.44138672,40.48801777
0.8,0.8,0.799164598,0.000835402,0.000145297,14.44193636,40.40333512
0.8,0.8,0.799049147,0.000950853,0.000136138,14.44269533,40.8915525
0.8,0.8,0.798940715,0.001059285,0.000125634,14.44356627,42.35781839
0.8,0.8,0.798853713,0.001146287,0.000121877,14.4443564,42.07600926
0.8,0.8,0.798782426,0.001217574,0.000118978,14.44506563,40.77773899
0.8,0.8,0.798712471,0.001287529,0.000110493,14.44585924,40.41433472
0.8,0.8,0.798632171,0.001367829,0.000102846,14.44689677,40.56926867
0.8,0.8,0.7985488,0.0014512,9.39E-05,14.44815089,41.63463582
0.8,0.8,0.798490125,0.001509875,9.21E-05,14.44909572,40.82636717
0.8,0.8,0.798435516,0.001564484,8.57E-05,14.45007614,40.45891833
0.8,0.8,0.798374534,0.001625466,7.88E-05,14.45131147,40.59938205
0.8,0.8,0.798312402,0.001687598,7.09E-05,14.45276531,41.56091729
0.8,0.8,0.798260978,0.001739022,6.45E-05,14.45413511,42.58353516
0.8,0.8,0.798218866,0.001781134,6.52E-05,14.45527374,41.35535031
0.8,0.8,0.798182934,0.001817066,5.99E-05,14.45635408,40.57216487
0.8,0.8,0.798145542,0.001854458,5.34E-05,14.45763907,40.48513662
0.8,0.8,0.798105477,0.001894523,4.72E-05,14.45923009,40.97055238
0.8,0.8,0.798070992,0.001929008,4.00E-05,14.46088338,42.43401451
0.8,0.8,0.798043073,0.001956927,3.91E-05,14.46227318,42.14992385
0.8,0.8,0.798019948,0.001980052,3.86E-05,14.46345361,40.84976524
0.8,0.8,0.797999487,0.002000513,3.23E-05,14.46471421,40.48439186
0.8,0.8,0.797978281,0.002021719,2.72E-05,14.46628521,40.6369354
0.8,0.8,0.797959556,0.002040444,2.11E-05,14.46809107,41.69963528
0.8,0.8,0.797945638,0.002054362,2.18E-05,14.46939716,40.88948633
0.8,0.8,0.797934431,0.002065569,1.76E-05,14.47071074,40.52018589
0.8,0.8,0.797924362,0.002075638,1.30E-05,14.47231406,40.65844026
0.8,0.8,0.797917555,0.002082445,7.77E-06,14.47413796,41.61752585
0.8,0.8,0.797914389,0.002085611,3.97E-06,14.47580327,42.63796234
0.8,0.8,0.797909933,0.002090067,6.90E-06,14.47715354,41.40804467
0.8,0.8,0.797907861,0.002092139,3.45E-06,14.47840906,40.62327625
0.8,0.8,0.797908602,0.002091398,-1.06E-06,14.47987308,40.53443534
0.8,0.8,0.797912862,0.002087138,-5.02E-06,14.48164609,41.01770154
0.8,0.8,0.797921403,0.002078597,-9.90E-06,14.48344691,42.47902937
0.8,0.8,0.79792752,0.00207248,-8.57E-06,14.48493126,42.19321427
0.8,0.8,0.797931904,0.002068096,-7.32E-06,14.48617264,40.89163678
0.8,0.8,0.797939483,0.002060517,-1.20E-05,14.48748005,40.52479202
0.8,0.8,0.797951432,0.002048568,-1.53E-05,14.48908486,40.67556058
0.8,0.8,0.797968551,0.002031449,-1.93E-05,14.4908985,41.73629451
0.8,0.8,0.797979169,0.002020831,-1.67E-05,14.49219098,40.92476891
0.8,0.8,0.797991528,0.002008472,-1.94E-05,14.49347563,40.55412041
0.8,0.8,0.798008796,0.001991204,-2.23E-05,14.49502409,40.69077618
0.8,0.8,0.798031296,0.001968704,-2.57E-05,14.49676104,41.64810204
0.8,0.8,0.798053327,0.001946673,-2.76E-05,14.4983255,42.66698295
0.8,0.8,0.798068279,0.001931721,-2.31E-05,14.49957971,41.43583727
0.8,0.8,0.798083456,0.001916544,-2.53E-05,14.50073499,40.64995313
0.8,0.8,0.798103378,0.001896622,-2.85E-05,14.50206939,40.5598419
0.8,0.8,0.798129583,0.001870417,-3.09E-05,14.50366782,41.04161183
0.8,0.8,0.798159034,0.001840966,-3.41E-05,14.50527246,42.50146518
0.8,0.8,0.798181397,0.001818603,-3.13E-05,14.50658132,42.21446701
0.8,0.8,0.798198702,0.001801298,-2.89E-05,14.50766669,40.91192171
0.8,0.8,0.798219247,0.001780753,-3.25E-05,14.50880104,40.54407888
0.8,0.8,0.798246237,0.001753763,-3.46E-05,14.51018148,40.69365105
0.8,0.8,0.798279232,0.001720768,-3.72E-05,14.51172619,41.75306983
0.8,0.8,0.798300464,0.001699536,-3.33E-05,14.51281722,40.9406297
0.8,0.8,0.798322803,0.001677197,-3.50E-05,14.51389386,40.56909092
0.8,0.8,0.798351364,0.001648636,-3.69E-05,14.5151815,40.70469787
0.8,0.8,0.798385592,0.001614408,-3.91E-05,14.51661305,41.66087812
0.8,0.8,0.798417356,0.001582644,-3.98E-05,14.51789103,42.6787544
0.8,0.8,0.798439558,0.001560442,-3.44E-05,14.51890774,41.44682116
0.8,0.8,0.798460979,0.001539021,-3.57E-05,14.51983831,40.66022584
0.8,0.8,0.798487601,0.001512399,-3.81E-05,14.5209062,40.5693101
0.8,0.8,0.798521117,0.001478883,-3.95E-05,14.52217563,41.05013981
0.8,0.8,0.798557135,0.001442865,-4.17E-05,14.52343945,42.50907478
0.8,0.8,0.798584289,0.001415711,-3.80E-05,14.52446238,42.22134578
0.8,0.8,0.798605185,0.001394815,-3.49E-05,14.52530525,40.91820685
0.8,0.8,0.798629112,0.001370888,-3.78E-05,14.52618116,40.54975591
0.8,0.8,0.798659708,0.001340292,-3.92E-05,14.52724014,40.69860483
0.8,0.8,0.798696076,0.001303924,-4.10E-05,14.52841615,41.75723611
0.8,0.8,0.798719274,0.001280726,-3.64E-05,14.52924083,40.94425322
0.8,0.8,0.798743211,0.001256789,-3.76E-05,14.53004998,40.57219009
0.8,0.8,0.798773237,0.001226763,-3.88E-05,14.53101165,40.70718461
0.8,0.8,0.798808523,0.001191477,-4.03E-05,14.53207301,41.66270284
0.8,0.8,0.798840723,0.001159277,-4.04E-05,14.5330135,42.68000487
0.8,0.8,0.798862925,0.001137075,-3.44E-05,14.53375674,41.4476258
0.8,0.8,0.798884075,0.001115925,-3.52E-05,14.53443331,40.66063135
0.8,0.8,0.798910064,0.001089936,-3.71E-05,14.53520538,40.56926824
0.8,0.8,0.798942378,0.001057622,-3.81E-05,14.53611702,41.04958105
0.8,0.8,0.798976708,0.001023292,-3.98E-05,14.53701796,42.50801768
0.8,0.8,0.799002129,0.000997871,-3.56E-05,14.53774197,42.21989709
0.8,0.8,0.799021347,0.000978653,-3.21E-05,14.53833499,40.9164435
0.8,0.8,0.799043289,0.000956711,-3.47E-05,14.53894804,40.54767364
0.8,0.8,0.799071153,0.000928847,-3.57E-05,14.53968469,40.69614801
0.8,0.8,0.799104052,0.000895948,-3.70E-05,14.54049684,41.75437776
0.8,0.8,0.799124536,0.000875464,-3.21E-05,14.54106233,40.94112225
0.8,0.8,0.799145582,0.000854418,-3.30E-05,14.54161407,40.56879919
0.8,0.8,0.799171873,0.000828127,-3.40E-05,14.54226575,40.70349469
0.8,0.8,0.799202651,0.000797349,-3.51E-05,14.54297975,41.65869571
0.8,0.8,0.799230507,0.000769493,-3.49E-05,14.54360766,42.67572811
0.8,0.8,0.799249033,0.000750967,-2.87E-05,14.54410031,41.44314356
0.8,0.8,0.799266651,0.000733349,-2.94E-05,14.54454623,40.65596826
0.8,0.8,0.799288387,0.000711613,-3.11E-05,14.54505211,40.56440621
0.8,0.8,0.799315363,0.000684637,-3.18E-05,14.54564516,41.04449453
0.8,0.8,0.799344072,0.000655928,-3.33E-05,14.5462266,42.50272081
0.8,0.8,0.799364714,0.000635286,-2.89E-05,14.54669007,42.21443957
0.8,0.8,0.799379836,0.000620164,-2.52E-05,14.54706706,40.91086016
0.8,0.8,0.799397371,0.000602629,-2.77E-05,14.54745453,40.54196602
0.8,0.8,0.7994197,0.0005803,-2.86E-05,14.54791688,40.69029904
0.8,0.8,0.799446182,0.000553818,-2.98E-05,14.54842237,41.74838343
0.8,0.8,0.799461987,0.000538013,-2.48E-05,14.54877127,40.93503334
0.8,0.8,0.799478301,0.000521699,-2.56E-05,14.54910942,40.56262356
0.8,0.8,0.799498781,0.000501219,-2.65E-05,14.54950583,40.697224
0.8,0.8,0.799522906,0.000477094,-2.75E-05,14.54993628,41.65233042
0.8,0.8,0.799544648,0.000455352,-2.73E-05,14.55031123,42.66928827
0.8,0.8,0.799558188,0.000441812,-2.10E-05,14.55060258,41.43665108
0.8,0.8,0.79957115,0.00042885,-2.16E-05,14.55086437,40.64943287
0.8,0.8,0.799587436,0.000412564,-2.33E-05,14.55115911,40.55782781
0.8,0.8,0.799594264,0.000405736,-2.18E-05,14.55128734,40.32261919
0.8,0.8,0.799617499,0.000382501,-2.35E-05,14.55167768,40.76435717
0.8,0.8,0.799633876,0.000366124,-2.22E-05,14.55195493,40.80203927
0.8,0.8,0.799649873,0.000350127,-2.17E-05,14.55222027,40.84252434
0.8,0.8,0.799667071,0.000332929,-2.18E-05,14.55249047,41.19770477
0.8,0.8,0.79968342,0.00031658,-2.13E-05,14.55274152,41.54237593
0.8,0.8,0.799696962,0.000303038,-1.93E-05,14.55296055,41.27326231
0.8,0.8,0.799709297,0.000290703,-1.84E-05,14.55316045,40.86577907
0.8,0.8,0.79972257,0.00027743,-1.88E-05,14.55336217,40.75852452
0.8,0.8,0.799737367,0.000262633,-1.91E-05,14.5535726,40.99091857
0.8,0.8,0.799752547,0.000247453,-1.91E-05,14.55377644,41.4876027
0.8,0.8,0.799765436,0.000234564,-1.76E-05,14.55395481,41.51815364
0.8,0.8,0.799775971,0.000224029,-1.57E-05,14.55410978,41.01796488
0.8,0.8,0.799786726,0.000213274,-1.59E-05,14.55425866,40.74033292
0.8,0.8,0.799798941,0.000201059,-1.63E-05,14.55441424,40.81648321
0.8,0.8,0.799812364,0.000187636,-1.67E-05,14.55457167,41.27904994
0.8,0.8,0.799824808,0.000175192,-1.61E-05,14.55471338,41.68847736
0.8,0.8,0.799834221,0.000165779,-1.36E-05,14.55483241,41.27309807
0.8,0.8,0.799842789,0.000157211,-1.30E-05,14.55493941,40.80058366
0.8,0.8,0.799852497,0.000147503,-1.37E-05,14.5550481,40.70992275
0.8,0.8,0.799863718,0.000136282,-1.42E-05,14.5551614,41.01419832
0.8,0.8,0.799875345,0.000124655,-1.45E-05,14.55526818,41.65070691
0.8,0.8,0.799884392,0.000115608,-1.25E-05,14.55535719,41.60162148
0.8,0.8,0.799891233,0.000108767,-1.04E-05,14.55543173,40.96433367
0.8,0.8,0.799898662,0.000101338,-1.11E-05,14.55550285,40.67955235
0.8,0.8,0.799907556,9.24E-05,-1.17E-05,14.55557706,40.79547481
0.8,0.8,0.799917687,8.23E-05,-1.23E-05,14.55565025,41.39067598
0.8,0.8,0.799926749,7.33E-05,-1.17E-05,14.55571246,41.86651796
0.8,0.8,0.799932574,6.74E-05,-8.62E-06,14.55576134,41.26310073
0.8,0.8,0.799938009,6.20E-05,-8.43E-06,14.55580374,40.73496231
0.8,0.8,0.799944709,5.53E-05,-9.40E-06,14.55584608,40.66538801
0.8,0.8,0.799952869,4.71E-05,-1.01E-05,14.55588859,41.05126075
0.8,0.8,0.799961538,3.85E-05,-1.06E-05,14.55592561,41.85830521
0.8,0.8,0.799967302,3.27E-05,-8.04E-06,14.55595303,41.68568422
0.8,0.8,0.79997111,2.89E-05,-5.96E-06,14.55597362,40.90667215
0.8,0.8,0.799975846,2.42E-05,-7.11E-06,14.5559918,40.62402073
0.8,0.8,0.799981971,1.80E-05,-7.94E-06,14.55600878,40.78057795
0.8,0.8,0.799989403,1.06E-05,-8.86E-06,14.55602247,41.53265013
0.8,0.8,0.799995707,4.29E-06,-8.16E-06,14.55603062,42.06970048
0.8,0.8,0.799998569,1.43E-06,-4.34E-06,14.55603388,41.24473595
0.8,0.8,0.800001551,-1.55E-06,-4.72E-06,14.55603444,40.67468521
0.8,0.8,0.800005835,-5.83E-06,-5.98E-06,14.55603231,40.62730778
0.8,0.8,0.800011504,-1.15E-05,-6.84E-06,14.55602625,41.10030701
0.8,0.8,0.800017871,-1.79E-05,-7.71E-06,14.55601656,42.10298607
0.8,0.8,0.800020949,-2.09E-05,-4.36E-06,14.55600489,41.7636503
0.8,0.8,0.800022407,-2.24E-05,-2.34E-06,14.55599224,40.85167142
0.8,0.8,0.800025071,-2.51E-05,-4.03E-06,14.555977,40.57738823
0.8,0.8,0.80002899,-2.90E-05,-4.99E-06,14.55595649,40.77154525
0.8,0.8,0.800034334,-3.43E-05,-6.24E-06,14.55593129,41.69554036
0.8,0.8,0.800038504,-3.85E-05,-5.41E-06,14.55590589,42.28157838
0.8,0.8,0.800039038,-3.90E-05,-8.29E-07,14.55588226,41.22265483
0.8,0.8,0.800040204,-4.02E-05,-1.88E-06,14.55585821,40.62466012
0.8,0.8,0.800042633,-4.26E-05,-3.37E-06,14.5558288,40.59703577
0.8,0.8,0.80004637,-4.64E-05,-4.41E-06,14.55579233,41.15500882
0.8,0.8,0.800051059,-5.11E-05,-5.62E-06,14.55575445,42.36205353
0.8,0.8,0.800052037,-5.20E-05,-1.40E-06,14.55572071,41.83033977
0.8,0.8,0.800051774,-5.18E-05,4.32E-07,14.55568993,40.80563337
0.8,0.8,0.800052921,-5.29E-05,-1.74E-06,14.55565592,40.54158319
0.8,0.8,0.800055162,-5.52E-05,-2.81E-06,14.55561354,40.76670679
0.8,0.8,0.800058982,-5.90E-05,-4.38E-06,14.55556594,41.85905196
0.8,0.8,0.80006159,-6.16E-05,-3.39E-06,14.5555225,42.47941929
0.8,0.8,0.800060391,-6.04E-05,1.90E-06,14.55548536,41.20280244
0.8,0.8,0.80006028,-6.03E-05,1.82E-07,14.55544898,40.58732102
0.8,0.8,0.800061354,-6.14E-05,-1.48E-06,14.55540528,40.5745881
0.8,0.8,0.80006367,-6.37E-05,-2.69E-06,14.55535269,41.20581754
0.8,0.8,0.800067215,-6.72E-05,-4.21E-06,14.55530071,42.60221977
0.8,0.8,0.800066641,-6.66E-05,8.35E-07,14.55525693,41.88404744
0.8,0.8,0.800065189,-6.52E-05,2.43E-06,14.55521836,40.7720205
0.8,0.8,0.80006528,-6.53E-05,-1.38E-07,14.55517599,40.5163946
0.8,0.8,0.800066317,-6.63E-05,-1.29E-06,14.55512362,40.76370499
0.8,0.8,0.800069089,-6.91E-05,-3.14E-06,14.55506614,41.99932767
0.8,0.8,0.800070625,-7.06E-05,-2.00E-06,14.55501566,42.64380387
0.8,0.8,0.800068218,-6.82E-05,3.88E-06,14.5549739,41.1894278
0.8,0.8,0.800067257,-6.73E-05,1.59E-06,14.55493344,40.56220432
0.8,0.8,0.800067402,-6.74E-05,-1.98E-07,14.55488479,40.55885287
0.8,0.8,0.800068739,-6.87E-05,-1.53E-06,14.5548267,41.24446176
0.8,0.8,0.800071558,-7.16E-05,-3.33E-06,14.55477066,42.79512878
0.8,0.8,0.800069923,-6.99E-05,2.40E-06,14.55472476,41.92624384
0.8,0.8,0.800067698,-6.77E-05,3.78E-06,14.55468501,40.75072918
0.8,0.8,0.8000671,-6.71E-05,9.15E-07,14.55464135,40.49999402
0.8,0.8,0.800067336,-6.73E-05,-2.91E-07,14.55458739,40.76066101
0.8,0.8,0.800069438,-6.94E-05,-2.36E-06,14.55452887,42.1012306
0.8,0.8,0.800067046,-6.70E-05,3.90E-06,14.55448796,40.93258165
0.8,0.8,0.800065943,-6.59E-05,1.80E-06,14.55444751,40.49180424
0.8,0.8,0.800065725,-6.57E-05,2.82E-07,14.55439708,40.60563244
0.8,0.8,0.800067138,-6.71E-05,-1.56E-06,14.55433889,41.69016199
0.8,0.8,0.800065267,-6.53E-05,2.94E-06,14.55429761,40.8951437
0.8,0.8,0.800064152,-6.42E-05,1.75E-06,14.55425678,40.53141522
0.8,0.8,0.800063823,-6.38E-05,4.22E-07,14.55420762,40.67605331
0.8,0.8,0.800064918,-6.49E-05,-1.24E-06,14.55415291,41.67160714
0.8,0.8,0.800066087,-6.61E-05,-1.47E-06,14.554104,42.69172022
0.8,0.8,0.800063166,-6.32E-05,4.55E-06,14.5540641,41.4003406
0.8,0.8,0.800061189,-6.12E-05,3.30E-06,14.55402743,40.61759026
0.8,0.8,0.800060364,-6.04E-05,1.18E-06,14.5539852,40.53368225
0.8,0.8,0.800060426,-6.04E-05,-7.20E-08,14.55393481,41.03299768
0.8,0.8,0.800062264,-6.23E-05,-2.13E-06,14.55388487,42.53365041
0.8,0.8,0.800060886,-6.09E-05,1.94E-06,14.55384372,42.18828171
0.8,0.8,0.800057851,-5.79E-05,5.09E-06,14.55380919,40.871352
0.8,0.8,0.800056502,-5.65E-05,2.13E-06,14.55377336,40.51094955
0.8,0.8,0.80005591,-5.59E-05,7.55E-07,14.55372988,40.6678712
0.8,0.8,0.800056879,-5.69E-05,-1.09E-06,14.55368171,41.76030107
0.8,0.8,0.800054601,-5.46E-05,3.59E-06,14.55364728,40.91056579
0.8,0.8,0.800053168,-5.32E-05,2.26E-06,14.55361351,40.53090521
0.8,0.8,0.800052494,-5.25E-05,8.71E-07,14.55357317,40.6644781
0.8,0.8,0.800053214,-5.32E-05,-8.19E-07,14.55352852,41.64215728
0.8,0.8,0.800054198,-5.42E-05,-1.23E-06,14.55348883,42.71674775
0.8,0.8,0.800051081,-5.11E-05,4.84E-06,14.55345656,41.43264974
0.8,0.8,0.800048881,-4.89E-05,3.69E-06,14.55342728,40.62349911
0.8,0.8,0.800047851,-4.79E-05,1.48E-06,14.55339392,40.52897553
0.8,0.8,0.800047675,-4.77E-05,2.07E-07,14.55335436,41.00966716
0.8,0.8,0.800049336,-4.93E-05,-1.92E-06,14.55331535,42.51522665
0.8,0.8,0.800047939,-4.79E-05,1.95E-06,14.55328327,42.23388942
0.8,0.8,0.800044755,-4.48E-05,5.33E-06,14.55325651,40.88844287
0.8,0.8,0.800043289,-4.33E-05,2.33E-06,14.55322915,40.51128441
0.8,0.8,0.800042585,-4.26E-05,9.01E-07,14.55319622,40.65609944
0.8,0.8,0.800043425,-4.34E-05,-9.42E-07,14.5531599,41.72427387
0.8,0.8,0.800041158,-4.12E-05,3.56E-06,14.5531339,40.90797138
0.8,0.8,0.8000397,-3.97E-05,2.29E-06,14.55310857,40.53588466
0.8,0.8,0.800039001,-3.90E-05,9.03E-07,14.55307868,40.67206733
0.8,0.8,0.800039687,-3.97E-05,-7.82E-07,14.55304603,41.63681486
0.8,0.8,0.80004059,-4.06E-05,-1.13E-06,14.55301722,42.6638388
0.8,0.8,0.800037549,-3.75E-05,4.71E-06,14.55299364,41.41503639
0.8,0.8,0.800035401,-3.54E-05,3.58E-06,14.55297233,40.62517255
0.8,0.8,0.800034408,-3.44E-05,1.42E-06,14.55294832,40.53449361
0.8,0.8,0.800034291,-3.43E-05,1.38E-07,14.55292021,41.01772357
0.8,0.8,0.800035963,-3.60E-05,-1.94E-06,14.55289286,42.48991919
0.8,0.8,0.800034609,-3.46E-05,1.90E-06,14.55287031,42.19504784
0.8,0.8,0.800031547,-3.15E-05,5.12E-06,14.55285141,40.88306488
0.8,0.8,0.800030165,-3.02E-05,2.18E-06,14.55283229,40.51431405
0.8,0.8,0.800029566,-2.96E-05,7.66E-07,14.55280954,40.66362659
0.8,0.8,0.800030524,-3.05E-05,-1.08E-06,14.55278483,41.72859982
0.8,0.8,0.800028347,-2.83E-05,3.42E-06,14.55276702,40.90991052
0.8,0.8,0.800026987,-2.70E-05,2.14E-06,14.55274983,40.53679228
0.8,0.8,0.800026413,-2.64E-05,7.41E-07,14.55272975,40.67185048
0.8,0.8,0.800027244,-2.72E-05,-9.47E-07,14.55270808,41.63216466
0.8,0.8,0.800028292,-2.83E-05,-1.31E-06,14.55268912,42.65924946
0.8,0.8,0.800025385,-2.54E-05,4.50E-06,14.55267342,41.41697641
0.8,0.8,0.800023353,-2.34E-05,3.39E-06,14.55265937,40.62646753
0.8,0.8,0.800022501,-2.25E-05,1.22E-06,14.55264375,40.53490577
0.8,0.8,0.800022556,-2.26E-05,-6.52E-08,14.55262568,41.01596618
0.8,0.8,0.800024404,-2.44E-05,-2.14E-06,14.55260838,42.48363754
0.8,0.8,0.800023219,-2.32E-05,1.66E-06,14.55259401,42.19549093
0.8,0.8,0.800020292,-2.03E-05,4.89E-06,14.55258189,40.88481934
0.8,0.8,0.800019052,-1.91E-05,1.96E-06,14.55256984,40.51504078
0.8,0.8,0.800018632,-1.86E-05,5.38E-07,14.5525557,40.66337156
0.8,0.8,0.800019791,-1.98E-05,-1.30E-06,14.55254062,41.72448945
0.8,0.8,0.800017773,-1.78E-05,3.17E-06,14.55252959,40.91005491
0.8,0.8,0.800016567,-1.66E-05,1.89E-06,14.55251908,40.53784046
0.8,0.8,0.800016182,-1.62E-05,4.98E-07,14.552507,40.67308186
0.8,0.8,0.800017223,-1.72E-05,-1.19E-06,14.55249422,41.63085289
0.8,0.8,0.800018456,-1.85E-05,-1.55E-06,14.55248318,42.6513629
0.8,0.8,0.800015719,-1.57E-05,4.24E-06,14.55247377,41.41502101
0.8,0.8,0.800013841,-1.38E-05,3.13E-06,14.55246545,40.62710751
0.8,0.8,0.800013163,-1.32E-05,9.68E-07,14.55245642,40.53594525
0.8,0.8,0.800013431,-1.34E-05,-3.16E-07,14.55244619,41.0169908
0.8,0.8,0.800015487,-1.55E-05,-2.38E-06,14.55243668,42.47921328
0.8,0.8,0.800014479,-1.45E-05,1.41E-06,14.55242861,42.19031048
0.8,0.8,0.800011711,-1.17E-05,4.62E-06,14.55242167,40.88453576
0.8,0.8,0.80001063,-1.06E-05,1.71E-06,14.552415,40.51577089
0.8,0.8,0.800010406,-1.04E-05,2.87E-07,14.55240736,40.66457225
0.8,0.8,0.800011784,-1.18E-05,-1.55E-06,14.5523995,41.72455121
0.8,0.8,0.800009925,-9.92E-06,2.92E-06,14.55239352,40.91051787
0.8,0.8,0.800008876,-8.88E-06,1.65E-06,14.55238796,40.53831281
0.8,0.8,0.80000868,-8.68E-06,2.53E-07,14.55238175,40.67342326
0.8,0.8,0.800009933,-9.93E-06,-1.43E-06,14.55237546,41.63012047
0.8,0.8,0.800011357,-1.14E-05,-1.79E-06,14.55237015,42.64949313
0.8,0.8,0.800008779,-8.78E-06,3.99E-06,14.55236527,41.41510518
0.8,0.8,0.800007044,-7.04E-06,2.89E-06,14.55236108,40.62755109
0.8,0.8,0.800006532,-6.53E-06,7.32E-07,14.55235675,40.53633015
0.8,0.8,0.800006998,-7.00E-06,-5.49E-07,14.55235205,41.01706083
0.8,0.8,0.80000925,-9.25E-06,-2.61E-06,14.55234802,42.47768896
0.8,0.8,0.800008407,-8.41E-06,1.18E-06,14.55234433,42.18960602
0.8,0.8,0.800005777,-5.78E-06,4.39E-06,14.55234099,40.88487023
0.8,0.8,0.800004838,-4.84E-06,1.48E-06,14.55233803,40.51613354
0.8,0.8,0.800004787,-4.79E-06,6.56E-08,14.55233485,40.66487378
0.8,0.8,0.800006358,-6.36E-06,-1.77E-06,14.55233189,41.72410073
0.8,0.8,0.800004637,-4.64E-06,2.70E-06,14.55232932,40.91074206
0.8,0.8,0.800003725,-3.72E-06,1.43E-06,14.55232709,40.53866573
0.8,0.8,0.800003691,-3.69E-06,4.29E-08,14.55232481,40.67377648
0.8,0.8,0.800005124,-5.12E-06,-1.64E-06,14.5523228,41.62991902
0.8,0.8,0.800006708,-6.71E-06,-1.99E-06,14.55232127,42.64815328
0.8,0.8,0.800004262,-4.26E-06,3.79E-06,14.55231935,41.41494995
0.8,0.8,0.800002646,-2.65E-06,2.69E-06,14.55231783,40.6278274
0.8,0.8,0.80000227,-2.27E-06,5.37E-07,14.55231653,40.53665084
0.8,0.8,0.800002898,-2.90E-06,-7.40E-07,14.55231538,41.01732054
0.8,0.8,0.80000531,-5.31E-06,-2.79E-06,14.55231481,42.47688737
0.8,0.8,0.800004598,-4.60E-06,9.97E-07,14.55231389,42.18883904
0.8,0.8,0.800002077,-2.08E-06,4.21E-06,14.5523128,40.88498259
0.8,0.8,0.800001251,-1.25E-06,1.30E-06,14.55231214,40.51639353
0.8,0.8,0.800001336,-1.34E-06,-1.09E-07,14.55231171,40.66518753
0.8,0.8,0.800003058,-3.06E-06,-1.94E-06,14.55231175,41.72411501
0.8,0.8,0.800001444,-1.44E-06,2.53E-06,14.55231125,40.91093155
0.8,0.8,0.800000636,-6.36E-07,1.27E-06,14.55231102,40.53887745
0.8,0.8,0.800000727,-7.27E-07,-1.18E-07,14.55231108,40.67396706
0.8,0.8,0.800002297,-2.30E-06,-1.79E-06,14.55231161,41.62985495
0.8,0.8,0.800004002,-4.00E-06,-2.14E-06,14.55231228,42.64772217
0.8,0.8,0.800001653,-1.65E-06,3.64E-06,14.55231208,41.41500617
0.8,0.8,0.800000126,-1.26E-07,2.55E-06,14.5523121,40.62800994
0.8,0.8,0.799999851,1.49E-07,3.94E-07,14.55231252,40.53683081
0.8,0.8,0.800000597,-5.97E-07,-8.80E-07,14.55231338,41.01744215
0.8,0.8,0.800003126,-3.13E-06,-2.93E-06,14.55231474,42.47659011
0.8,0.8,0.800002509,-2.51E-06,8.64E-07,14.55231535,42.18866302
0.8,0.8,0.800000067,-6.69E-08,4.08E-06,14.55231548,40.8851097
0.8,0.8,0.799999322,6.78E-07,1.18E-06,14.55231607,40.51654921
0.8,0.8,0.799999504,4.96E-07,-2.33E-07,14.55231711,40.66534191
0.8,0.8,0.800001333,-1.33E-06,-2.06E-06,14.55231873,41.72410619
0.8,0.8,0.799999793,2.07E-07,2.42E-06,14.55231931,40.9110488
0.8,0.8,0.799999058,9.42E-07,1.15E-06,14.5523201,40.53901548
0.8,0.8,0.799999235,7.65E-07,-2.29E-07,14.55232135,40.67409945
0.8,0.8,0.8000009,-9.00E-07,-1.90E-06,14.55232315,41.62986053
0.8,0.8,0.800002688,-2.69E-06,-2.24E-06,14.5523249,42.64749775
0.8,0.8,0.800000405,-4.05E-07,3.53E-06,14.55232553,41.41503638
0.8,0.8,0.799998938,1.06E-06,2.45E-06,14.55232628,40.62812302
0.8,0.8,0.79999873,1.27E-06,2.97E-07,14.55232751,40.53694823
0.8,0.8,0.799999556,4.44E-07,-9.74E-07,14.55232928,41.01753858
0.8,0.8,0.800002162,-2.16E-06,-3.02E-06,14.55233151,42.47645828
0.8,0.8,0.800001607,-1.61E-06,7.77E-07,14.55233278,42.18855626
0.8,0.8,0.799999216,7.84E-07,3.99E-06,14.55233344,40.88518152
0.8,0.8,0.799998524,1.48E-06,1.09E-06,14.55233455,40.51664599
0.8,0.8,0.799998768,1.23E-06,-3.13E-07,14.55233619,40.66544463
0.8,0.8,0.800000665,-6.65E-07,-2.14E-06,14.55233843,41.72413526
0.8,0.8,0.799999173,8.27E-07,2.34E-06,14.55233942,40.91112428
0.8,0.8,0.799998484,1.52E-06,1.08E-06,14.55234059,40.53909671
0.8,0.8,0.799998715,1.28E-06,-2.99E-07,14.55234227,40.67417529
0.8,0.8,0.800000438,-4.38E-07,-1.97E-06,14.5523445,41.62987583
0.8,0.8,0.800002278,-2.28E-06,-2.31E-06,14.55234659,42.64741817
0.8,0.8,0.800000035,-3.54E-08,3.47E-06,14.55234747,41.41507093
0.8,0.8,0.799998604,1.40E-06,2.39E-06,14.55234843,40.6281895
0.8,0.8,0.799998436,1.56E-06,2.39E-07,14.55234988,40.53701405
0.8,0.8,0.79999931,6.90E-07,-1.03E-06,14.55235188,41.01759105
0.8,0.8,0.800001962,-1.96E-06,-3.07E-06,14.5523543,42.47640884
0.8,0.8,0.800001444,-1.44E-06,7.26E-07,14.5523557,42.18852766
0.8,0.8,0.799999082,9.18E-07,3.94E-06,14.55235645,40.88522737
0.8,0.8,0.79999842,1.58E-06,1.05E-06,14.55235764,40.51669954
0.8,0.8,0.7999987,1.30E-06,-3.59E-07,14.55235934,40.66549806
0.8,0.8,0.800000635,-6.35E-07,-2.18E-06,14.55236163,41.7241511
0.8,0.8,0.79999917,8.30E-07,2.30E-06,14.55236263,40.91116569
0.8,0.8,0.799998506,1.49E-06,1.04E-06,14.5523638,40.53914139
0.8,0.8,0.799998767,1.23E-06,-3.37E-07,14.55236544,40.67421734
0.8,0.8,0.800000521,-5.21E-07,-2.00E-06,14.55236761,41.62988798
0.8,0.8,0.800002388,-2.39E-06,-2.34E-06,14.55236963,42.64737965
0.8,0.8,0.800000167,-1.67E-07,3.44E-06,14.55237043,41.41508858
0.8,0.8,0.799998754,1.25E-06,2.35E-06,14.55237131,40.62822414
0.8,0.8,0.799998607,1.39E-06,2.09E-07,14.55237265,40.53704853
0.8,0.8,0.799999504,4.96E-07,-1.06E-06,14.55237449,41.01761938
0.8,0.8,0.800002179,-2.18E-06,-3.10E-06,14.55237674,42.47638557
0.8,0.8,0.800001679,-1.68E-06,7.01E-07,14.55237797,42.1885111
0.8,0.8,0.799999332,6.68E-07,3.92E-06,14.55237858,40.88524918
0.8,0.8,0.799998683,1.32E-06,1.02E-06,14.5523796,40.51672583
0.8,0.8,0.79999898,1.02E-06,-3.80E-07,14.55238109,40.66552459
0.8,0.8,0.800000933,-9.33E-07,-2.20E-06,14.55238312,41.72415974
0.8,0.8,0.799999479,5.21E-07,2.28E-06,14.55238393,40.91118512
0.8,0.8,0.799998827,1.17E-06,1.02E-06,14.5523849,40.53916181
0.8,0.8,0.7999991,9.00E-07,-3.53E-07,14.55238629,40.67423604
0.8,0.8,0.800000868,-8.68E-07,-2.02E-06,14.55238816,41.62989214
0.8,0.8,0.800002746,-2.75E-06,-2.35E-06,14.5523899,42.64736073
0.8,0.8,0.800000532,-5.32E-07,3.43E-06,14.55239046,41.41509568
0.8,0.8,0.799999127,8.73E-07,2.34E-06,14.55239112,40.62823853
0.8,0.8,0.799998988,1.01E-06,1.98E-07,14.5523922,40.53706246
0.8,0.8,0.799999894,1.06E-07,-1.07E-06,14.55239371,41.0176299
0.8,0.8,0.800002576,-2.58E-06,-3.11E-06,14.55239562,42.47637189
0.8,0.8,0.800002082,-2.08E-06,6.93E-07,14.55239657,42.18850132
0.8,0.8,0.799999739,2.61E-07,3.91E-06,14.55239693,40.88525667
0.8,0.8,0.799999094,9.06E-07,1.02E-06,14.5523977,40.51673497
0.8,0.8,0.799999395,6.05E-07,-3.86E-07,14.55239887,40.66553348
0.8,0.8,0.800001353,-1.35E-06,-2.20E-06,14.55240052,41.72415975
0.8,0.8,0.799999902,9.83E-08,2.28E-06,14.55240106,40.91119052
0.8,0.8,0.799999251,7.49E-07,1.02E-06,14.55240176,40.53916766
0.8,0.8,0.799999527,4.73E-07,-3.56E-07,14.55240282,40.67424098
0.8,0.8,0.800001297,-1.30E-06,-2.02E-06,14.55240432,41.62988998
0.8,0.8,0.800003175,-3.18E-06,-2.36E-06,14.55240571,42.647347
0.8,0.8,0.800000963,-9.63E-07,3.43E-06,14.552406,41.41509449
0.8,0.8,0.799999557,4.43E-07,2.34E-06,14.5524064,40.62824095
0.8,0.8,0.799999418,5.82E-07,1.98E-07,14.55240717,40.53706463
0.8,0.8,0.800000323,-3.23E-07,-1.07E-06,14.55240833,41.01763043
0.8,0.8,0.800003005,-3.00E-06,-3.11E-06,14.55240986,42.47636057
0.8,0.8,0.800002509,-2.51E-06,6.95E-07,14.55241051,42.18849154
0.8,0.8,0.800000164,-1.64E-07,3.91E-06,14.55241061,40.88525539
0.8,0.8,0.799999519,4.81E-07,1.02E-06,14.55241111,40.51673455
0.8,0.8,0.799999817,1.83E-07,-3.83E-07,14.55241195,40.66553296
0.8,0.8,0.800001771,-1.77E-06,-2.20E-06,14.55241323,41.724155
0.8,0.8,0.800000318,-3.18E-07,2.28E-06,14.5524135,40.91118821
0.8,0.8,0.799999665,3.35E-07,1.02E-06,14.55241394,40.53916553
0.8,0.8,0.799999937,6.30E-08,-3.52E-07,14.55241468,40.67423839
0.8,0.8,0.800001702,-1.70E-06,-2.01E-06,14.55241582,41.62988399
0.8,0.8,0.800003577,-3.58E-06,-2.35E-06,14.5524169,42.6473356
0.8,0.8,0.800001361,-1.36E-06,3.43E-06,14.55241693,41.41508903
0.8,0.8,0.799999952,4.82E-08,2.35E-06,14.55241708,40.62823717
0.8,0.8,0.799999809,1.91E-07,2.04E-07,14.55241759,40.53706073
0.8,0.8,0.800000709,-7.09E-07,-1.06E-06,14.55241841,41.01762573
0.8,0.8,0.800003385,-3.38E-06,-3.10E-06,14.55241961,42.4763503
0.8,0.8,0.800002884,-2.88E-06,7.01E-07,14.55241999,42.18848211
0.8,0.8,0.800000536,-5.36E-07,3.92E-06,14.55241987,40.88524996
0.8,0.8,0.799999886,1.14E-07,1.03E-06,14.55242014,40.51672952
0.8,0.8,0.800000179,-1.79E-07,-3.76E-07,14.55242069,40.6655279
0.8,0.8,0.800002127,-2.13E-06,-2.19E-06,14.55242165,41.72414794
0.8,0.8,0.800000668,-6.68E-07,2.29E-06,14.5524217,40.91118238
0.8,0.8,0.800000011,-1.06E-08,1.03E-06,14.55242191,40.53915983
0.8,0.8,0.800000277,-2.77E-07,-3.44E-07,14.55242239,40.67423252
0.8,0.8,0.800002036,-2.04E-06,-2.01E-06,14.55242324,41.62987655
0.8,0.8,0.800003904,-3.90E-06,-2.34E-06,14.55242405,42.64732558
0.8,0.8,0.800001683,-1.68E-06,3.44E-06,14.55242387,41.41508192
0.8,0.8,0.800000269,-2.69E-07,2.36E-06,14.55242383,40.62823092
0.8,0.8,0.800000121,-1.21E-07,2.12E-07,14.55242411,40.53705447
0.8,0.8,0.800001014,-1.01E-06,-1.05E-06,14.55242468,41.01761917
0.8,0.8,0.800003683,-3.68E-06,-3.09E-06,14.55242562,42.47634111
0.8,0.8,0.800003177,-3.18E-06,7.09E-07,14.55242579,42.18847335
0.8,0.8,0.800000824,-8.24E-07,3.93E-06,14.55242549,40.88524319
0.8,0.8,0.800000168,-1.68E-07,1.03E-06,14.55242558,40.516723
0.8,0.8,0.800000455,-4.55E-07,-3.68E-07,14.55242591,40.66552144
0.8,0.8,0.800002396,-2.40E-06,-2.19E-06,14.55242663,41.72414061
0.8,0.8,0.800000933,-9.33E-07,2.30E-06,14.55242651,40.91117569
0.8,0.8,0.80000027,-2.70E-07,1.04E-06,14.55242656,40.53915325
0.8,0.8,0.80000053,-5.30E-07,-3.36E-07,14.55242684,40.67422592
0.8,0.8,0.800002282,-2.28E-06,-2.00E-06,14.55242746,41.62986928
0.8,0.8,0.800004144,-4.14E-06,-2.33E-06,14.55242808,42.64731717
0.8,0.8,0.800001918,-1.92E-06,3.45E-06,14.55242774,41.41507495
0.8,0.8,0.8000005,-5.00E-07,2.36E-06,14.55242757,40.6282244
0.8,0.8,0.800000346,-3.46E-07,2.20E-07,14.55242769,40.53704802
0.8,0.8,0.800001233,-1.23E-06,-1.05E-06,14.55242807,41.01761264
0.8,0.8,0.800003895,-3.90E-06,-3.08E-06,14.55242882,42.47633342
0.8,0.8,0.800003384,-3.38E-06,7.17E-07,14.55242884,42.18846594
0.8,0.8,0.800001026,-1.03E-06,3.93E-06,14.55242842,40.88523677
0.8,0.8,0.800000366,-3.66E-07,1.04E-06,14.55242838,40.51671676
0.8,0.8,0.800000648,-6.48E-07,-3.60E-07,14.55242856,40.6655153
0.8,0.8,0.800002582,-2.58E-06,-2.18E-06,14.55242912,41.72413412
0.8,0.8,0.800001114,-1.11E-06,2.30E-06,14.55242888,40.91116957
0.8,0.8,0.800000447,-4.47E-07,1.05E-06,14.55242881,40.53914724
0.8,0.8,0.800000702,-7.02E-07,-3.29E-07,14.55242896,40.67421998
0.8,0.8,0.800002448,-2.45E-06,-1.99E-06,14.55242943,41.62986309
0.8,0.8,0.800004304,-4.30E-06,-2.33E-06,14.55242992,42.6473105
0.8,0.8,0.800002074,-2.07E-06,3.45E-06,14.55242948,41.41506903
0.8,0.8,0.800000652,-6.52E-07,2.37E-06,14.55242922,40.62821876
0.8,0.8,0.800000494,-4.94E-07,2.26E-07,14.55242924,40.53704246
0.8,0.8,0.800001375,-1.37E-06,-1.04E-06,14.55242949,41.01760713
0.8,0.8,0.800004032,-4.03E-06,-3.08E-06,14.55243012,42.47632741
0.8,0.8,0.800003516,-3.52E-06,7.23E-07,14.55243004,42.18846013
0.8,0.8,0.800001155,-1.15E-06,3.94E-06,14.55242955,40.88523149
0.8,0.8,0.800000491,-4.91E-07,1.05E-06,14.55242943,40.51671162
0.8,0.8,0.800000768,-7.68E-07,-3.54E-07,14.55242951,40.66551027
0.8,0.8,0.800002697,-2.70E-06,-2.17E-06,14.55242996,41.724129
0.8,0.8,0.800000472,-4.72E-07,4.58E-06,14.55242948,40.4964313
